dataset,noise_rate,seed,rem_thresh,rel_thresh,gain
PubMed,0.1,0,0.1,0.0,-0.017000019550323486
PubMed,0.1,0,0.1,0.1,-0.017000019550323486
PubMed,0.1,0,0.1,0.2,-0.013000011444091797
PubMed,0.1,0,0.1,0.3,-0.018999993801116943
PubMed,0.1,0,0.1,0.4,-0.018999993801116943
PubMed,0.1,0,0.1,0.5,-0.018999993801116943
PubMed,0.1,0,0.1,0.6,-0.03600001335144043
PubMed,0.1,0,0.1,0.7,-0.03700000047683716
PubMed,0.1,0,0.1,0.8,-0.03100001811981201
PubMed,0.1,0,0.1,0.9,-0.03100001811981201
PubMed,0.1,0,0.1,1.0,-0.03299999237060547
PubMed,0.1,0,0.2,0.0,-0.003000020980834961
PubMed,0.1,0,0.2,0.1,-0.009999990463256836
PubMed,0.1,0,0.2,0.2,-0.0009999871253967285
PubMed,0.1,0,0.2,0.3,-0.018000006675720215
PubMed,0.1,0,0.2,0.4,-0.018000006675720215
PubMed,0.1,0,0.2,0.5,-0.018999993801116943
PubMed,0.1,0,0.2,0.6,-0.02899998426437378
PubMed,0.1,0,0.2,0.7,-0.029999971389770508
PubMed,0.1,0,0.2,0.8,-0.03299999237060547
PubMed,0.1,0,0.2,0.9,-0.03299999237060547
PubMed,0.1,0,0.2,1.0,-0.03799998760223389
PubMed,0.1,0,0.3,0.0,-0.003000020980834961
PubMed,0.1,0,0.3,0.1,-0.009999990463256836
PubMed,0.1,0,0.3,0.2,-0.0009999871253967285
PubMed,0.1,0,0.3,0.3,-0.018000006675720215
PubMed,0.1,0,0.3,0.4,-0.018000006675720215
PubMed,0.1,0,0.3,0.5,-0.018999993801116943
PubMed,0.1,0,0.3,0.6,-0.02899998426437378
PubMed,0.1,0,0.3,0.7,-0.029999971389770508
PubMed,0.1,0,0.3,0.8,-0.03299999237060547
PubMed,0.1,0,0.3,0.9,-0.03299999237060547
PubMed,0.1,0,0.3,1.0,-0.03799998760223389
PubMed,0.1,0,0.4,0.0,-0.003000020980834961
PubMed,0.1,0,0.4,0.1,-0.009999990463256836
PubMed,0.1,0,0.4,0.2,-0.0009999871253967285
PubMed,0.1,0,0.4,0.3,-0.018000006675720215
PubMed,0.1,0,0.4,0.4,-0.018000006675720215
PubMed,0.1,0,0.4,0.5,-0.018999993801116943
PubMed,0.1,0,0.4,0.6,-0.02899998426437378
PubMed,0.1,0,0.4,0.7,-0.029999971389770508
PubMed,0.1,0,0.4,0.8,-0.03299999237060547
PubMed,0.1,0,0.4,0.9,-0.03299999237060547
PubMed,0.1,0,0.4,1.0,-0.03799998760223389
PubMed,0.1,0,0.5,0.0,-0.003000020980834961
PubMed,0.1,0,0.5,0.1,-0.009999990463256836
PubMed,0.1,0,0.5,0.2,-0.0009999871253967285
PubMed,0.1,0,0.5,0.3,-0.018000006675720215
PubMed,0.1,0,0.5,0.4,-0.018000006675720215
PubMed,0.1,0,0.5,0.5,-0.018999993801116943
PubMed,0.1,0,0.5,0.6,-0.02899998426437378
PubMed,0.1,0,0.5,0.7,-0.029999971389770508
PubMed,0.1,0,0.5,0.8,-0.03299999237060547
PubMed,0.1,0,0.5,0.9,-0.03299999237060547
PubMed,0.1,0,0.5,1.0,-0.03799998760223389
PubMed,0.1,0,0.6,0.0,-0.003000020980834961
PubMed,0.1,0,0.6,0.1,-0.009999990463256836
PubMed,0.1,0,0.6,0.2,-0.0009999871253967285
PubMed,0.1,0,0.6,0.3,-0.018000006675720215
PubMed,0.1,0,0.6,0.4,-0.018000006675720215
PubMed,0.1,0,0.6,0.5,-0.018999993801116943
PubMed,0.1,0,0.6,0.6,-0.02899998426437378
PubMed,0.1,0,0.6,0.7,-0.029999971389770508
PubMed,0.1,0,0.6,0.8,-0.03299999237060547
PubMed,0.1,0,0.6,0.9,-0.03299999237060547
PubMed,0.1,0,0.6,1.0,-0.03799998760223389
PubMed,0.1,0,0.7,0.0,-0.003000020980834961
PubMed,0.1,0,0.7,0.1,-0.009999990463256836
PubMed,0.1,0,0.7,0.2,-0.0009999871253967285
PubMed,0.1,0,0.7,0.3,-0.018000006675720215
PubMed,0.1,0,0.7,0.4,-0.018000006675720215
PubMed,0.1,0,0.7,0.5,-0.018999993801116943
PubMed,0.1,0,0.7,0.6,-0.02899998426437378
PubMed,0.1,0,0.7,0.7,-0.029999971389770508
PubMed,0.1,0,0.7,0.8,-0.03299999237060547
PubMed,0.1,0,0.7,0.9,-0.03299999237060547
PubMed,0.1,0,0.7,1.0,-0.03799998760223389
PubMed,0.1,0,0.8,0.0,-0.003000020980834961
PubMed,0.1,0,0.8,0.1,-0.009999990463256836
PubMed,0.1,0,0.8,0.2,-0.0009999871253967285
PubMed,0.1,0,0.8,0.3,-0.018000006675720215
PubMed,0.1,0,0.8,0.4,-0.018000006675720215
PubMed,0.1,0,0.8,0.5,-0.018999993801116943
PubMed,0.1,0,0.8,0.6,-0.02899998426437378
PubMed,0.1,0,0.8,0.7,-0.029999971389770508
PubMed,0.1,0,0.8,0.8,-0.03299999237060547
PubMed,0.1,0,0.8,0.9,-0.03299999237060547
PubMed,0.1,0,0.8,1.0,-0.03799998760223389
PubMed,0.1,0,0.9,0.0,-0.003000020980834961
PubMed,0.1,0,0.9,0.1,-0.009999990463256836
PubMed,0.1,0,0.9,0.2,-0.0009999871253967285
PubMed,0.1,0,0.9,0.3,-0.018000006675720215
PubMed,0.1,0,0.9,0.4,-0.018000006675720215
PubMed,0.1,0,0.9,0.5,-0.018999993801116943
PubMed,0.1,0,0.9,0.6,-0.02899998426437378
PubMed,0.1,0,0.9,0.7,-0.029999971389770508
PubMed,0.1,0,0.9,0.8,-0.03299999237060547
PubMed,0.1,0,0.9,0.9,-0.03299999237060547
PubMed,0.1,0,0.9,1.0,-0.03799998760223389
PubMed,0.1,0,1.0,0.0,-0.003000020980834961
PubMed,0.1,0,1.0,0.1,-0.009999990463256836
PubMed,0.1,0,1.0,0.2,-0.0009999871253967285
PubMed,0.1,0,1.0,0.3,-0.018000006675720215
PubMed,0.1,0,1.0,0.4,-0.018000006675720215
PubMed,0.1,0,1.0,0.5,-0.018999993801116943
PubMed,0.1,0,1.0,0.6,-0.02899998426437378
PubMed,0.1,0,1.0,0.7,-0.029999971389770508
PubMed,0.1,0,1.0,0.8,-0.03299999237060547
PubMed,0.1,0,1.0,0.9,-0.03299999237060547
PubMed,0.1,0,1.0,1.0,-0.03799998760223389
PubMed,0.1,1,0.1,0.0,0.003000020980834961
PubMed,0.1,1,0.1,0.1,0.003000020980834961
PubMed,0.1,1,0.1,0.2,-0.009999990463256836
PubMed,0.1,1,0.1,0.3,-0.013999998569488525
PubMed,0.1,1,0.1,0.4,-0.01799994707107544
PubMed,0.1,1,0.1,0.5,-0.01799994707107544
PubMed,0.1,1,0.1,0.6,-0.015999972820281982
PubMed,0.1,1,0.1,0.7,-0.023000001907348633
PubMed,0.1,1,0.1,0.8,-0.030999958515167236
PubMed,0.1,1,0.1,0.9,-0.0339999794960022
PubMed,0.1,1,0.1,1.0,-0.03700000047683716
PubMed,0.1,1,0.2,0.0,0.025000035762786865
PubMed,0.1,1,0.2,0.1,0.025000035762786865
PubMed,0.1,1,0.2,0.2,0.009000003337860107
PubMed,0.1,1,0.2,0.3,0.0020000338554382324
PubMed,0.1,1,0.2,0.4,-0.008999943733215332
PubMed,0.1,1,0.2,0.5,-0.008999943733215332
PubMed,0.1,1,0.2,0.6,-0.011999964714050293
PubMed,0.1,1,0.2,0.7,-0.023000001907348633
PubMed,0.1,1,0.2,0.8,-0.02499997615814209
PubMed,0.1,1,0.2,0.9,-0.02199995517730713
PubMed,0.1,1,0.2,1.0,-0.02599996328353882
PubMed,0.1,1,0.3,0.0,0.025000035762786865
PubMed,0.1,1,0.3,0.1,0.025000035762786865
PubMed,0.1,1,0.3,0.2,0.009000003337860107
PubMed,0.1,1,0.3,0.3,0.0020000338554382324
PubMed,0.1,1,0.3,0.4,-0.008999943733215332
PubMed,0.1,1,0.3,0.5,-0.008999943733215332
PubMed,0.1,1,0.3,0.6,-0.011999964714050293
PubMed,0.1,1,0.3,0.7,-0.023000001907348633
PubMed,0.1,1,0.3,0.8,-0.02499997615814209
PubMed,0.1,1,0.3,0.9,-0.02199995517730713
PubMed,0.1,1,0.3,1.0,-0.02599996328353882
PubMed,0.1,1,0.4,0.0,0.025000035762786865
PubMed,0.1,1,0.4,0.1,0.025000035762786865
PubMed,0.1,1,0.4,0.2,0.009000003337860107
PubMed,0.1,1,0.4,0.3,0.0020000338554382324
PubMed,0.1,1,0.4,0.4,-0.008999943733215332
PubMed,0.1,1,0.4,0.5,-0.008999943733215332
PubMed,0.1,1,0.4,0.6,-0.011999964714050293
PubMed,0.1,1,0.4,0.7,-0.023000001907348633
PubMed,0.1,1,0.4,0.8,-0.02499997615814209
PubMed,0.1,1,0.4,0.9,-0.02199995517730713
PubMed,0.1,1,0.4,1.0,-0.02599996328353882
PubMed,0.1,1,0.5,0.0,0.025000035762786865
PubMed,0.1,1,0.5,0.1,0.025000035762786865
PubMed,0.1,1,0.5,0.2,0.009000003337860107
PubMed,0.1,1,0.5,0.3,0.0020000338554382324
PubMed,0.1,1,0.5,0.4,-0.008999943733215332
PubMed,0.1,1,0.5,0.5,-0.008999943733215332
PubMed,0.1,1,0.5,0.6,-0.011999964714050293
PubMed,0.1,1,0.5,0.7,-0.023000001907348633
PubMed,0.1,1,0.5,0.8,-0.02499997615814209
PubMed,0.1,1,0.5,0.9,-0.02199995517730713
PubMed,0.1,1,0.5,1.0,-0.02599996328353882
PubMed,0.1,1,0.6,0.0,0.025000035762786865
PubMed,0.1,1,0.6,0.1,0.025000035762786865
PubMed,0.1,1,0.6,0.2,0.009000003337860107
PubMed,0.1,1,0.6,0.3,0.0020000338554382324
PubMed,0.1,1,0.6,0.4,-0.008999943733215332
PubMed,0.1,1,0.6,0.5,-0.008999943733215332
PubMed,0.1,1,0.6,0.6,-0.011999964714050293
PubMed,0.1,1,0.6,0.7,-0.023000001907348633
PubMed,0.1,1,0.6,0.8,-0.02499997615814209
PubMed,0.1,1,0.6,0.9,-0.02199995517730713
PubMed,0.1,1,0.6,1.0,-0.02599996328353882
PubMed,0.1,1,0.7,0.0,0.025000035762786865
PubMed,0.1,1,0.7,0.1,0.025000035762786865
PubMed,0.1,1,0.7,0.2,0.009000003337860107
PubMed,0.1,1,0.7,0.3,0.0020000338554382324
PubMed,0.1,1,0.7,0.4,-0.008999943733215332
PubMed,0.1,1,0.7,0.5,-0.008999943733215332
PubMed,0.1,1,0.7,0.6,-0.011999964714050293
PubMed,0.1,1,0.7,0.7,-0.023000001907348633
PubMed,0.1,1,0.7,0.8,-0.02499997615814209
PubMed,0.1,1,0.7,0.9,-0.02199995517730713
PubMed,0.1,1,0.7,1.0,-0.02599996328353882
PubMed,0.1,1,0.8,0.0,0.025000035762786865
PubMed,0.1,1,0.8,0.1,0.025000035762786865
PubMed,0.1,1,0.8,0.2,0.009000003337860107
PubMed,0.1,1,0.8,0.3,0.0020000338554382324
PubMed,0.1,1,0.8,0.4,-0.008999943733215332
PubMed,0.1,1,0.8,0.5,-0.008999943733215332
PubMed,0.1,1,0.8,0.6,-0.011999964714050293
PubMed,0.1,1,0.8,0.7,-0.023000001907348633
PubMed,0.1,1,0.8,0.8,-0.02499997615814209
PubMed,0.1,1,0.8,0.9,-0.02199995517730713
PubMed,0.1,1,0.8,1.0,-0.02599996328353882
PubMed,0.1,1,0.9,0.0,0.025000035762786865
PubMed,0.1,1,0.9,0.1,0.025000035762786865
PubMed,0.1,1,0.9,0.2,0.009000003337860107
PubMed,0.1,1,0.9,0.3,0.0020000338554382324
PubMed,0.1,1,0.9,0.4,-0.008999943733215332
PubMed,0.1,1,0.9,0.5,-0.008999943733215332
PubMed,0.1,1,0.9,0.6,-0.011999964714050293
PubMed,0.1,1,0.9,0.7,-0.023000001907348633
PubMed,0.1,1,0.9,0.8,-0.02499997615814209
PubMed,0.1,1,0.9,0.9,-0.02199995517730713
PubMed,0.1,1,0.9,1.0,-0.02599996328353882
PubMed,0.1,1,1.0,0.0,0.025000035762786865
PubMed,0.1,1,1.0,0.1,0.025000035762786865
PubMed,0.1,1,1.0,0.2,0.009000003337860107
PubMed,0.1,1,1.0,0.3,0.0020000338554382324
PubMed,0.1,1,1.0,0.4,-0.008999943733215332
PubMed,0.1,1,1.0,0.5,-0.008999943733215332
PubMed,0.1,1,1.0,0.6,-0.011999964714050293
PubMed,0.1,1,1.0,0.7,-0.023000001907348633
PubMed,0.1,1,1.0,0.8,-0.02499997615814209
PubMed,0.1,1,1.0,0.9,-0.02199995517730713
PubMed,0.1,1,1.0,1.0,-0.02599996328353882
PubMed,0.1,2,0.1,0.0,0.009000003337860107
PubMed,0.1,2,0.1,0.1,0.009000003337860107
PubMed,0.1,2,0.1,0.2,0.0059999823570251465
PubMed,0.1,2,0.1,0.3,0.004999995231628418
PubMed,0.1,2,0.1,0.4,0.006999969482421875
PubMed,0.1,2,0.1,0.5,0.006999969482421875
PubMed,0.1,2,0.1,0.6,0.0
PubMed,0.1,2,0.1,0.7,-0.003000020980834961
PubMed,0.1,2,0.1,0.8,-0.021000027656555176
PubMed,0.1,2,0.1,0.9,-0.021000027656555176
PubMed,0.1,2,0.1,1.0,-0.021000027656555176
PubMed,0.1,2,0.2,0.0,0.009000003337860107
PubMed,0.1,2,0.2,0.1,0.009000003337860107
PubMed,0.1,2,0.2,0.2,0.0059999823570251465
PubMed,0.1,2,0.2,0.3,0.004999995231628418
PubMed,0.1,2,0.2,0.4,0.006999969482421875
PubMed,0.1,2,0.2,0.5,0.006999969482421875
PubMed,0.1,2,0.2,0.6,0.0
PubMed,0.1,2,0.2,0.7,-0.003000020980834961
PubMed,0.1,2,0.2,0.8,-0.021000027656555176
PubMed,0.1,2,0.2,0.9,-0.021000027656555176
PubMed,0.1,2,0.2,1.0,-0.021000027656555176
PubMed,0.1,2,0.3,0.0,0.015999972820281982
PubMed,0.1,2,0.3,0.1,0.015999972820281982
PubMed,0.1,2,0.3,0.2,0.014999985694885254
PubMed,0.1,2,0.3,0.3,0.018999993801116943
PubMed,0.1,2,0.3,0.4,0.013000011444091797
PubMed,0.1,2,0.3,0.5,0.013000011444091797
PubMed,0.1,2,0.3,0.6,0.009999990463256836
PubMed,0.1,2,0.3,0.7,0.0009999871253967285
PubMed,0.1,2,0.3,0.8,-0.009999990463256836
PubMed,0.1,2,0.3,0.9,-0.012000024318695068
PubMed,0.1,2,0.3,1.0,-0.012000024318695068
PubMed,0.1,2,0.4,0.0,0.015999972820281982
PubMed,0.1,2,0.4,0.1,0.015999972820281982
PubMed,0.1,2,0.4,0.2,0.014999985694885254
PubMed,0.1,2,0.4,0.3,0.018999993801116943
PubMed,0.1,2,0.4,0.4,0.013000011444091797
PubMed,0.1,2,0.4,0.5,0.013000011444091797
PubMed,0.1,2,0.4,0.6,0.009999990463256836
PubMed,0.1,2,0.4,0.7,0.0009999871253967285
PubMed,0.1,2,0.4,0.8,-0.009999990463256836
PubMed,0.1,2,0.4,0.9,-0.012000024318695068
PubMed,0.1,2,0.4,1.0,-0.012000024318695068
PubMed,0.1,2,0.5,0.0,0.015999972820281982
PubMed,0.1,2,0.5,0.1,0.015999972820281982
PubMed,0.1,2,0.5,0.2,0.014999985694885254
PubMed,0.1,2,0.5,0.3,0.018999993801116943
PubMed,0.1,2,0.5,0.4,0.013000011444091797
PubMed,0.1,2,0.5,0.5,0.013000011444091797
PubMed,0.1,2,0.5,0.6,0.009999990463256836
PubMed,0.1,2,0.5,0.7,0.0009999871253967285
PubMed,0.1,2,0.5,0.8,-0.009999990463256836
PubMed,0.1,2,0.5,0.9,-0.012000024318695068
PubMed,0.1,2,0.5,1.0,-0.012000024318695068
PubMed,0.1,2,0.6,0.0,0.015999972820281982
PubMed,0.1,2,0.6,0.1,0.015999972820281982
PubMed,0.1,2,0.6,0.2,0.014999985694885254
PubMed,0.1,2,0.6,0.3,0.018999993801116943
PubMed,0.1,2,0.6,0.4,0.013000011444091797
PubMed,0.1,2,0.6,0.5,0.013000011444091797
PubMed,0.1,2,0.6,0.6,0.009999990463256836
PubMed,0.1,2,0.6,0.7,0.0009999871253967285
PubMed,0.1,2,0.6,0.8,-0.009999990463256836
PubMed,0.1,2,0.6,0.9,-0.012000024318695068
PubMed,0.1,2,0.6,1.0,-0.012000024318695068
PubMed,0.1,2,0.7,0.0,0.015999972820281982
PubMed,0.1,2,0.7,0.1,0.015999972820281982
PubMed,0.1,2,0.7,0.2,0.014999985694885254
PubMed,0.1,2,0.7,0.3,0.018999993801116943
PubMed,0.1,2,0.7,0.4,0.013000011444091797
PubMed,0.1,2,0.7,0.5,0.013000011444091797
PubMed,0.1,2,0.7,0.6,0.009999990463256836
PubMed,0.1,2,0.7,0.7,0.0009999871253967285
PubMed,0.1,2,0.7,0.8,-0.009999990463256836
PubMed,0.1,2,0.7,0.9,-0.012000024318695068
PubMed,0.1,2,0.7,1.0,-0.012000024318695068
PubMed,0.1,2,0.8,0.0,0.015999972820281982
PubMed,0.1,2,0.8,0.1,0.015999972820281982
PubMed,0.1,2,0.8,0.2,0.014999985694885254
PubMed,0.1,2,0.8,0.3,0.018999993801116943
PubMed,0.1,2,0.8,0.4,0.013000011444091797
PubMed,0.1,2,0.8,0.5,0.013000011444091797
PubMed,0.1,2,0.8,0.6,0.009999990463256836
PubMed,0.1,2,0.8,0.7,0.0009999871253967285
PubMed,0.1,2,0.8,0.8,-0.009999990463256836
PubMed,0.1,2,0.8,0.9,-0.012000024318695068
PubMed,0.1,2,0.8,1.0,-0.012000024318695068
PubMed,0.1,2,0.9,0.0,0.015999972820281982
PubMed,0.1,2,0.9,0.1,0.015999972820281982
PubMed,0.1,2,0.9,0.2,0.014999985694885254
PubMed,0.1,2,0.9,0.3,0.018999993801116943
PubMed,0.1,2,0.9,0.4,0.013000011444091797
PubMed,0.1,2,0.9,0.5,0.013000011444091797
PubMed,0.1,2,0.9,0.6,0.009999990463256836
PubMed,0.1,2,0.9,0.7,0.0009999871253967285
PubMed,0.1,2,0.9,0.8,-0.009999990463256836
PubMed,0.1,2,0.9,0.9,-0.012000024318695068
PubMed,0.1,2,0.9,1.0,-0.012000024318695068
PubMed,0.1,2,1.0,0.0,0.015999972820281982
PubMed,0.1,2,1.0,0.1,0.015999972820281982
PubMed,0.1,2,1.0,0.2,0.014999985694885254
PubMed,0.1,2,1.0,0.3,0.018999993801116943
PubMed,0.1,2,1.0,0.4,0.013000011444091797
PubMed,0.1,2,1.0,0.5,0.013000011444091797
PubMed,0.1,2,1.0,0.6,0.009999990463256836
PubMed,0.1,2,1.0,0.7,0.0009999871253967285
PubMed,0.1,2,1.0,0.8,-0.009999990463256836
PubMed,0.1,2,1.0,0.9,-0.012000024318695068
PubMed,0.1,2,1.0,1.0,-0.012000024318695068
PubMed,0.1,3,0.1,0.0,0.018000006675720215
PubMed,0.1,3,0.1,0.1,0.018000006675720215
PubMed,0.1,3,0.1,0.2,0.013000011444091797
PubMed,0.1,3,0.1,0.3,0.01100003719329834
PubMed,0.1,3,0.1,0.4,0.009000003337860107
PubMed,0.1,3,0.1,0.5,0.009000003337860107
PubMed,0.1,3,0.1,0.6,0.01100003719329834
PubMed,0.1,3,0.1,0.7,0.008000016212463379
PubMed,0.1,3,0.1,0.8,0.008000016212463379
PubMed,0.1,3,0.1,0.9,0.004999995231628418
PubMed,0.1,3,0.1,1.0,0.003000020980834961
PubMed,0.1,3,0.2,0.0,0.018000006675720215
PubMed,0.1,3,0.2,0.1,0.018000006675720215
PubMed,0.1,3,0.2,0.2,0.013000011444091797
PubMed,0.1,3,0.2,0.3,0.01100003719329834
PubMed,0.1,3,0.2,0.4,0.009000003337860107
PubMed,0.1,3,0.2,0.5,0.009000003337860107
PubMed,0.1,3,0.2,0.6,0.01100003719329834
PubMed,0.1,3,0.2,0.7,0.008000016212463379
PubMed,0.1,3,0.2,0.8,0.008000016212463379
PubMed,0.1,3,0.2,0.9,0.004999995231628418
PubMed,0.1,3,0.2,1.0,0.003000020980834961
PubMed,0.1,3,0.3,0.0,0.018000006675720215
PubMed,0.1,3,0.3,0.1,0.018000006675720215
PubMed,0.1,3,0.3,0.2,0.013000011444091797
PubMed,0.1,3,0.3,0.3,0.01100003719329834
PubMed,0.1,3,0.3,0.4,0.009000003337860107
PubMed,0.1,3,0.3,0.5,0.009000003337860107
PubMed,0.1,3,0.3,0.6,0.01100003719329834
PubMed,0.1,3,0.3,0.7,0.008000016212463379
PubMed,0.1,3,0.3,0.8,0.008000016212463379
PubMed,0.1,3,0.3,0.9,0.004999995231628418
PubMed,0.1,3,0.3,1.0,0.003000020980834961
PubMed,0.1,3,0.4,0.0,0.018000006675720215
PubMed,0.1,3,0.4,0.1,0.018000006675720215
PubMed,0.1,3,0.4,0.2,0.013000011444091797
PubMed,0.1,3,0.4,0.3,0.01100003719329834
PubMed,0.1,3,0.4,0.4,0.009000003337860107
PubMed,0.1,3,0.4,0.5,0.009000003337860107
PubMed,0.1,3,0.4,0.6,0.01100003719329834
PubMed,0.1,3,0.4,0.7,0.008000016212463379
PubMed,0.1,3,0.4,0.8,0.008000016212463379
PubMed,0.1,3,0.4,0.9,0.004999995231628418
PubMed,0.1,3,0.4,1.0,0.003000020980834961
PubMed,0.1,3,0.5,0.0,0.018000006675720215
PubMed,0.1,3,0.5,0.1,0.018000006675720215
PubMed,0.1,3,0.5,0.2,0.013000011444091797
PubMed,0.1,3,0.5,0.3,0.01100003719329834
PubMed,0.1,3,0.5,0.4,0.009000003337860107
PubMed,0.1,3,0.5,0.5,0.009000003337860107
PubMed,0.1,3,0.5,0.6,0.01100003719329834
PubMed,0.1,3,0.5,0.7,0.008000016212463379
PubMed,0.1,3,0.5,0.8,0.008000016212463379
PubMed,0.1,3,0.5,0.9,0.004999995231628418
PubMed,0.1,3,0.5,1.0,0.003000020980834961
PubMed,0.1,3,0.6,0.0,0.018000006675720215
PubMed,0.1,3,0.6,0.1,0.018000006675720215
PubMed,0.1,3,0.6,0.2,0.013000011444091797
PubMed,0.1,3,0.6,0.3,0.01100003719329834
PubMed,0.1,3,0.6,0.4,0.009000003337860107
PubMed,0.1,3,0.6,0.5,0.009000003337860107
PubMed,0.1,3,0.6,0.6,0.01100003719329834
PubMed,0.1,3,0.6,0.7,0.008000016212463379
PubMed,0.1,3,0.6,0.8,0.008000016212463379
PubMed,0.1,3,0.6,0.9,0.004999995231628418
PubMed,0.1,3,0.6,1.0,0.003000020980834961
PubMed,0.1,3,0.7,0.0,0.018000006675720215
PubMed,0.1,3,0.7,0.1,0.018000006675720215
PubMed,0.1,3,0.7,0.2,0.013000011444091797
PubMed,0.1,3,0.7,0.3,0.01100003719329834
PubMed,0.1,3,0.7,0.4,0.009000003337860107
PubMed,0.1,3,0.7,0.5,0.009000003337860107
PubMed,0.1,3,0.7,0.6,0.01100003719329834
PubMed,0.1,3,0.7,0.7,0.008000016212463379
PubMed,0.1,3,0.7,0.8,0.008000016212463379
PubMed,0.1,3,0.7,0.9,0.004999995231628418
PubMed,0.1,3,0.7,1.0,0.003000020980834961
PubMed,0.1,3,0.8,0.0,0.018000006675720215
PubMed,0.1,3,0.8,0.1,0.018000006675720215
PubMed,0.1,3,0.8,0.2,0.013000011444091797
PubMed,0.1,3,0.8,0.3,0.01100003719329834
PubMed,0.1,3,0.8,0.4,0.009000003337860107
PubMed,0.1,3,0.8,0.5,0.009000003337860107
PubMed,0.1,3,0.8,0.6,0.01100003719329834
PubMed,0.1,3,0.8,0.7,0.008000016212463379
PubMed,0.1,3,0.8,0.8,0.008000016212463379
PubMed,0.1,3,0.8,0.9,0.004999995231628418
PubMed,0.1,3,0.8,1.0,0.003000020980834961
PubMed,0.1,3,0.9,0.0,0.018000006675720215
PubMed,0.1,3,0.9,0.1,0.018000006675720215
PubMed,0.1,3,0.9,0.2,0.013000011444091797
PubMed,0.1,3,0.9,0.3,0.01100003719329834
PubMed,0.1,3,0.9,0.4,0.009000003337860107
PubMed,0.1,3,0.9,0.5,0.009000003337860107
PubMed,0.1,3,0.9,0.6,0.01100003719329834
PubMed,0.1,3,0.9,0.7,0.008000016212463379
PubMed,0.1,3,0.9,0.8,0.008000016212463379
PubMed,0.1,3,0.9,0.9,0.004999995231628418
PubMed,0.1,3,0.9,1.0,0.003000020980834961
PubMed,0.1,3,1.0,0.0,0.018000006675720215
PubMed,0.1,3,1.0,0.1,0.018000006675720215
PubMed,0.1,3,1.0,0.2,0.013000011444091797
PubMed,0.1,3,1.0,0.3,0.01100003719329834
PubMed,0.1,3,1.0,0.4,0.009000003337860107
PubMed,0.1,3,1.0,0.5,0.009000003337860107
PubMed,0.1,3,1.0,0.6,0.01100003719329834
PubMed,0.1,3,1.0,0.7,0.008000016212463379
PubMed,0.1,3,1.0,0.8,0.008000016212463379
PubMed,0.1,3,1.0,0.9,0.004999995231628418
PubMed,0.1,3,1.0,1.0,0.003000020980834961
PubMed,0.1,4,0.1,0.0,0.014999985694885254
PubMed,0.1,4,0.1,0.1,0.013000011444091797
PubMed,0.1,4,0.1,0.2,0.017000019550323486
PubMed,0.1,4,0.1,0.3,0.017000019550323486
PubMed,0.1,4,0.1,0.4,0.017000019550323486
PubMed,0.1,4,0.1,0.5,0.017000019550323486
PubMed,0.1,4,0.1,0.6,0.017000019550323486
PubMed,0.1,4,0.1,0.7,0.008000016212463379
PubMed,0.1,4,0.1,0.8,0.02499997615814209
PubMed,0.1,4,0.1,0.9,0.022000014781951904
PubMed,0.1,4,0.1,1.0,0.018000006675720215
PubMed,0.1,4,0.2,0.0,0.02399998903274536
PubMed,0.1,4,0.2,0.1,0.015999972820281982
PubMed,0.1,4,0.2,0.2,0.018000006675720215
PubMed,0.1,4,0.2,0.3,0.018000006675720215
PubMed,0.1,4,0.2,0.4,0.017000019550323486
PubMed,0.1,4,0.2,0.5,0.017000019550323486
PubMed,0.1,4,0.2,0.6,0.017000019550323486
PubMed,0.1,4,0.2,0.7,0.023000001907348633
PubMed,0.1,4,0.2,0.8,0.018999993801116943
PubMed,0.1,4,0.2,0.9,0.026000022888183594
PubMed,0.1,4,0.2,1.0,0.023000001907348633
PubMed,0.1,4,0.3,0.0,0.03200000524520874
PubMed,0.1,4,0.3,0.1,0.02499997615814209
PubMed,0.1,4,0.3,0.2,0.023000001907348633
PubMed,0.1,4,0.3,0.3,0.023000001907348633
PubMed,0.1,4,0.3,0.4,0.026000022888183594
PubMed,0.1,4,0.3,0.5,0.026000022888183594
PubMed,0.1,4,0.3,0.6,0.026000022888183594
PubMed,0.1,4,0.3,0.7,0.0209999680519104
PubMed,0.1,4,0.3,0.8,0.02899998426437378
PubMed,0.1,4,0.3,0.9,0.026000022888183594
PubMed,0.1,4,0.3,1.0,0.026000022888183594
PubMed,0.1,4,0.4,0.0,0.03200000524520874
PubMed,0.1,4,0.4,0.1,0.02499997615814209
PubMed,0.1,4,0.4,0.2,0.023000001907348633
PubMed,0.1,4,0.4,0.3,0.023000001907348633
PubMed,0.1,4,0.4,0.4,0.026000022888183594
PubMed,0.1,4,0.4,0.5,0.026000022888183594
PubMed,0.1,4,0.4,0.6,0.026000022888183594
PubMed,0.1,4,0.4,0.7,0.0209999680519104
PubMed,0.1,4,0.4,0.8,0.02899998426437378
PubMed,0.1,4,0.4,0.9,0.026000022888183594
PubMed,0.1,4,0.4,1.0,0.026000022888183594
PubMed,0.1,4,0.5,0.0,0.03200000524520874
PubMed,0.1,4,0.5,0.1,0.02499997615814209
PubMed,0.1,4,0.5,0.2,0.023000001907348633
PubMed,0.1,4,0.5,0.3,0.023000001907348633
PubMed,0.1,4,0.5,0.4,0.026000022888183594
PubMed,0.1,4,0.5,0.5,0.026000022888183594
PubMed,0.1,4,0.5,0.6,0.026000022888183594
PubMed,0.1,4,0.5,0.7,0.0209999680519104
PubMed,0.1,4,0.5,0.8,0.02899998426437378
PubMed,0.1,4,0.5,0.9,0.026000022888183594
PubMed,0.1,4,0.5,1.0,0.026000022888183594
PubMed,0.1,4,0.6,0.0,0.03200000524520874
PubMed,0.1,4,0.6,0.1,0.02499997615814209
PubMed,0.1,4,0.6,0.2,0.023000001907348633
PubMed,0.1,4,0.6,0.3,0.023000001907348633
PubMed,0.1,4,0.6,0.4,0.026000022888183594
PubMed,0.1,4,0.6,0.5,0.026000022888183594
PubMed,0.1,4,0.6,0.6,0.026000022888183594
PubMed,0.1,4,0.6,0.7,0.0209999680519104
PubMed,0.1,4,0.6,0.8,0.02899998426437378
PubMed,0.1,4,0.6,0.9,0.026000022888183594
PubMed,0.1,4,0.6,1.0,0.026000022888183594
PubMed,0.1,4,0.7,0.0,0.03200000524520874
PubMed,0.1,4,0.7,0.1,0.02499997615814209
PubMed,0.1,4,0.7,0.2,0.023000001907348633
PubMed,0.1,4,0.7,0.3,0.023000001907348633
PubMed,0.1,4,0.7,0.4,0.026000022888183594
PubMed,0.1,4,0.7,0.5,0.026000022888183594
PubMed,0.1,4,0.7,0.6,0.026000022888183594
PubMed,0.1,4,0.7,0.7,0.0209999680519104
PubMed,0.1,4,0.7,0.8,0.02899998426437378
PubMed,0.1,4,0.7,0.9,0.026000022888183594
PubMed,0.1,4,0.7,1.0,0.026000022888183594
PubMed,0.1,4,0.8,0.0,0.03200000524520874
PubMed,0.1,4,0.8,0.1,0.02499997615814209
PubMed,0.1,4,0.8,0.2,0.023000001907348633
PubMed,0.1,4,0.8,0.3,0.023000001907348633
PubMed,0.1,4,0.8,0.4,0.026000022888183594
PubMed,0.1,4,0.8,0.5,0.026000022888183594
PubMed,0.1,4,0.8,0.6,0.026000022888183594
PubMed,0.1,4,0.8,0.7,0.0209999680519104
PubMed,0.1,4,0.8,0.8,0.02899998426437378
PubMed,0.1,4,0.8,0.9,0.026000022888183594
PubMed,0.1,4,0.8,1.0,0.026000022888183594
PubMed,0.1,4,0.9,0.0,0.03200000524520874
PubMed,0.1,4,0.9,0.1,0.02499997615814209
PubMed,0.1,4,0.9,0.2,0.023000001907348633
PubMed,0.1,4,0.9,0.3,0.023000001907348633
PubMed,0.1,4,0.9,0.4,0.026000022888183594
PubMed,0.1,4,0.9,0.5,0.026000022888183594
PubMed,0.1,4,0.9,0.6,0.026000022888183594
PubMed,0.1,4,0.9,0.7,0.0209999680519104
PubMed,0.1,4,0.9,0.8,0.02899998426437378
PubMed,0.1,4,0.9,0.9,0.026000022888183594
PubMed,0.1,4,0.9,1.0,0.026000022888183594
PubMed,0.1,4,1.0,0.0,0.03200000524520874
PubMed,0.1,4,1.0,0.1,0.02499997615814209
PubMed,0.1,4,1.0,0.2,0.023000001907348633
PubMed,0.1,4,1.0,0.3,0.023000001907348633
PubMed,0.1,4,1.0,0.4,0.026000022888183594
PubMed,0.1,4,1.0,0.5,0.026000022888183594
PubMed,0.1,4,1.0,0.6,0.026000022888183594
PubMed,0.1,4,1.0,0.7,0.0209999680519104
PubMed,0.1,4,1.0,0.8,0.02899998426437378
PubMed,0.1,4,1.0,0.9,0.026000022888183594
PubMed,0.1,4,1.0,1.0,0.026000022888183594
PubMed,0.1,5,0.1,0.0,0.013000011444091797
PubMed,0.1,5,0.1,0.1,0.013000011444091797
PubMed,0.1,5,0.1,0.2,0.013000011444091797
PubMed,0.1,5,0.1,0.3,0.003000020980834961
PubMed,0.1,5,0.1,0.4,-0.01699995994567871
PubMed,0.1,5,0.1,0.5,-0.014999985694885254
PubMed,0.1,5,0.1,0.6,-0.014999985694885254
PubMed,0.1,5,0.1,0.7,-0.014999985694885254
PubMed,0.1,5,0.1,0.8,-0.0209999680519104
PubMed,0.1,5,0.1,0.9,-0.0209999680519104
PubMed,0.1,5,0.1,1.0,-0.01699995994567871
PubMed,0.1,5,0.2,0.0,0.013000011444091797
PubMed,0.1,5,0.2,0.1,0.013000011444091797
PubMed,0.1,5,0.2,0.2,0.013000011444091797
PubMed,0.1,5,0.2,0.3,0.003000020980834961
PubMed,0.1,5,0.2,0.4,-0.01699995994567871
PubMed,0.1,5,0.2,0.5,-0.014999985694885254
PubMed,0.1,5,0.2,0.6,-0.014999985694885254
PubMed,0.1,5,0.2,0.7,-0.014999985694885254
PubMed,0.1,5,0.2,0.8,-0.0209999680519104
PubMed,0.1,5,0.2,0.9,-0.0209999680519104
PubMed,0.1,5,0.2,1.0,-0.01699995994567871
PubMed,0.1,5,0.3,0.0,0.013000011444091797
PubMed,0.1,5,0.3,0.1,0.013000011444091797
PubMed,0.1,5,0.3,0.2,0.013000011444091797
PubMed,0.1,5,0.3,0.3,0.003000020980834961
PubMed,0.1,5,0.3,0.4,-0.01699995994567871
PubMed,0.1,5,0.3,0.5,-0.014999985694885254
PubMed,0.1,5,0.3,0.6,-0.014999985694885254
PubMed,0.1,5,0.3,0.7,-0.014999985694885254
PubMed,0.1,5,0.3,0.8,-0.0209999680519104
PubMed,0.1,5,0.3,0.9,-0.0209999680519104
PubMed,0.1,5,0.3,1.0,-0.01699995994567871
PubMed,0.1,5,0.4,0.0,0.013000011444091797
PubMed,0.1,5,0.4,0.1,0.013000011444091797
PubMed,0.1,5,0.4,0.2,0.013000011444091797
PubMed,0.1,5,0.4,0.3,0.003000020980834961
PubMed,0.1,5,0.4,0.4,-0.01699995994567871
PubMed,0.1,5,0.4,0.5,-0.014999985694885254
PubMed,0.1,5,0.4,0.6,-0.014999985694885254
PubMed,0.1,5,0.4,0.7,-0.014999985694885254
PubMed,0.1,5,0.4,0.8,-0.0209999680519104
PubMed,0.1,5,0.4,0.9,-0.0209999680519104
PubMed,0.1,5,0.4,1.0,-0.01699995994567871
PubMed,0.1,5,0.5,0.0,0.013000011444091797
PubMed,0.1,5,0.5,0.1,0.013000011444091797
PubMed,0.1,5,0.5,0.2,0.013000011444091797
PubMed,0.1,5,0.5,0.3,0.003000020980834961
PubMed,0.1,5,0.5,0.4,-0.01699995994567871
PubMed,0.1,5,0.5,0.5,-0.014999985694885254
PubMed,0.1,5,0.5,0.6,-0.014999985694885254
PubMed,0.1,5,0.5,0.7,-0.014999985694885254
PubMed,0.1,5,0.5,0.8,-0.0209999680519104
PubMed,0.1,5,0.5,0.9,-0.0209999680519104
PubMed,0.1,5,0.5,1.0,-0.01699995994567871
PubMed,0.1,5,0.6,0.0,0.013000011444091797
PubMed,0.1,5,0.6,0.1,0.013000011444091797
PubMed,0.1,5,0.6,0.2,0.013000011444091797
PubMed,0.1,5,0.6,0.3,0.003000020980834961
PubMed,0.1,5,0.6,0.4,-0.01699995994567871
PubMed,0.1,5,0.6,0.5,-0.014999985694885254
PubMed,0.1,5,0.6,0.6,-0.014999985694885254
PubMed,0.1,5,0.6,0.7,-0.014999985694885254
PubMed,0.1,5,0.6,0.8,-0.0209999680519104
PubMed,0.1,5,0.6,0.9,-0.0209999680519104
PubMed,0.1,5,0.6,1.0,-0.01699995994567871
PubMed,0.1,5,0.7,0.0,0.013000011444091797
PubMed,0.1,5,0.7,0.1,0.013000011444091797
PubMed,0.1,5,0.7,0.2,0.013000011444091797
PubMed,0.1,5,0.7,0.3,0.003000020980834961
PubMed,0.1,5,0.7,0.4,-0.01699995994567871
PubMed,0.1,5,0.7,0.5,-0.014999985694885254
PubMed,0.1,5,0.7,0.6,-0.014999985694885254
PubMed,0.1,5,0.7,0.7,-0.014999985694885254
PubMed,0.1,5,0.7,0.8,-0.0209999680519104
PubMed,0.1,5,0.7,0.9,-0.0209999680519104
PubMed,0.1,5,0.7,1.0,-0.01699995994567871
PubMed,0.1,5,0.8,0.0,0.013000011444091797
PubMed,0.1,5,0.8,0.1,0.013000011444091797
PubMed,0.1,5,0.8,0.2,0.013000011444091797
PubMed,0.1,5,0.8,0.3,0.003000020980834961
PubMed,0.1,5,0.8,0.4,-0.01699995994567871
PubMed,0.1,5,0.8,0.5,-0.014999985694885254
PubMed,0.1,5,0.8,0.6,-0.014999985694885254
PubMed,0.1,5,0.8,0.7,-0.014999985694885254
PubMed,0.1,5,0.8,0.8,-0.0209999680519104
PubMed,0.1,5,0.8,0.9,-0.0209999680519104
PubMed,0.1,5,0.8,1.0,-0.01699995994567871
PubMed,0.1,5,0.9,0.0,0.013000011444091797
PubMed,0.1,5,0.9,0.1,0.013000011444091797
PubMed,0.1,5,0.9,0.2,0.013000011444091797
PubMed,0.1,5,0.9,0.3,0.003000020980834961
PubMed,0.1,5,0.9,0.4,-0.01699995994567871
PubMed,0.1,5,0.9,0.5,-0.014999985694885254
PubMed,0.1,5,0.9,0.6,-0.014999985694885254
PubMed,0.1,5,0.9,0.7,-0.014999985694885254
PubMed,0.1,5,0.9,0.8,-0.0209999680519104
PubMed,0.1,5,0.9,0.9,-0.0209999680519104
PubMed,0.1,5,0.9,1.0,-0.01699995994567871
PubMed,0.1,5,1.0,0.0,0.013000011444091797
PubMed,0.1,5,1.0,0.1,0.013000011444091797
PubMed,0.1,5,1.0,0.2,0.013000011444091797
PubMed,0.1,5,1.0,0.3,0.003000020980834961
PubMed,0.1,5,1.0,0.4,-0.01699995994567871
PubMed,0.1,5,1.0,0.5,-0.014999985694885254
PubMed,0.1,5,1.0,0.6,-0.014999985694885254
PubMed,0.1,5,1.0,0.7,-0.014999985694885254
PubMed,0.1,5,1.0,0.8,-0.0209999680519104
PubMed,0.1,5,1.0,0.9,-0.0209999680519104
PubMed,0.1,5,1.0,1.0,-0.01699995994567871
PubMed,0.1,6,0.1,0.0,-0.058000028133392334
PubMed,0.1,6,0.1,0.1,-0.058000028133392334
PubMed,0.1,6,0.1,0.2,-0.058000028133392334
PubMed,0.1,6,0.1,0.3,-0.057000041007995605
PubMed,0.1,6,0.1,0.4,-0.057000041007995605
PubMed,0.1,6,0.1,0.5,-0.061000049114227295
PubMed,0.1,6,0.1,0.6,-0.061000049114227295
PubMed,0.1,6,0.1,0.7,-0.061000049114227295
PubMed,0.1,6,0.1,0.8,-0.06800001859664917
PubMed,0.1,6,0.1,0.9,-0.06800001859664917
PubMed,0.1,6,0.1,1.0,-0.06800001859664917
PubMed,0.1,6,0.2,0.0,-0.050999999046325684
PubMed,0.1,6,0.2,0.1,-0.050999999046325684
PubMed,0.1,6,0.2,0.2,-0.04900002479553223
PubMed,0.1,6,0.2,0.3,-0.046000003814697266
PubMed,0.1,6,0.2,0.4,-0.04200005531311035
PubMed,0.1,6,0.2,0.5,-0.04700005054473877
PubMed,0.1,6,0.2,0.6,-0.04700005054473877
PubMed,0.1,6,0.2,0.7,-0.04700005054473877
PubMed,0.1,6,0.2,0.8,-0.05900001525878906
PubMed,0.1,6,0.2,0.9,-0.05900001525878906
PubMed,0.1,6,0.2,1.0,-0.05900001525878906
PubMed,0.1,6,0.3,0.0,-0.050999999046325684
PubMed,0.1,6,0.3,0.1,-0.050999999046325684
PubMed,0.1,6,0.3,0.2,-0.04900002479553223
PubMed,0.1,6,0.3,0.3,-0.046000003814697266
PubMed,0.1,6,0.3,0.4,-0.04200005531311035
PubMed,0.1,6,0.3,0.5,-0.04700005054473877
PubMed,0.1,6,0.3,0.6,-0.04700005054473877
PubMed,0.1,6,0.3,0.7,-0.04700005054473877
PubMed,0.1,6,0.3,0.8,-0.05900001525878906
PubMed,0.1,6,0.3,0.9,-0.05900001525878906
PubMed,0.1,6,0.3,1.0,-0.05900001525878906
PubMed,0.1,6,0.4,0.0,-0.03700000047683716
PubMed,0.1,6,0.4,0.1,-0.03700000047683716
PubMed,0.1,6,0.4,0.2,-0.03600001335144043
PubMed,0.1,6,0.4,0.3,-0.03100001811981201
PubMed,0.1,6,0.4,0.4,-0.03900003433227539
PubMed,0.1,6,0.4,0.5,-0.0350000262260437
PubMed,0.1,6,0.4,0.6,-0.0350000262260437
PubMed,0.1,6,0.4,0.7,-0.0350000262260437
PubMed,0.1,6,0.4,0.8,-0.04000002145767212
PubMed,0.1,6,0.4,0.9,-0.04000002145767212
PubMed,0.1,6,0.4,1.0,-0.04000002145767212
PubMed,0.1,6,0.5,0.0,-0.03200000524520874
PubMed,0.1,6,0.5,0.1,-0.03200000524520874
PubMed,0.1,6,0.5,0.2,-0.03700000047683716
PubMed,0.1,6,0.5,0.3,-0.03700000047683716
PubMed,0.1,6,0.5,0.4,-0.046000003814697266
PubMed,0.1,6,0.5,0.5,-0.04400002956390381
PubMed,0.1,6,0.5,0.6,-0.04400002956390381
PubMed,0.1,6,0.5,0.7,-0.04400002956390381
PubMed,0.1,6,0.5,0.8,-0.04000002145767212
PubMed,0.1,6,0.5,0.9,-0.04000002145767212
PubMed,0.1,6,0.5,1.0,-0.04000002145767212
PubMed,0.1,6,0.6,0.0,-0.03200000524520874
PubMed,0.1,6,0.6,0.1,-0.03200000524520874
PubMed,0.1,6,0.6,0.2,-0.03700000047683716
PubMed,0.1,6,0.6,0.3,-0.03700000047683716
PubMed,0.1,6,0.6,0.4,-0.046000003814697266
PubMed,0.1,6,0.6,0.5,-0.04400002956390381
PubMed,0.1,6,0.6,0.6,-0.04400002956390381
PubMed,0.1,6,0.6,0.7,-0.04400002956390381
PubMed,0.1,6,0.6,0.8,-0.04000002145767212
PubMed,0.1,6,0.6,0.9,-0.04000002145767212
PubMed,0.1,6,0.6,1.0,-0.04000002145767212
PubMed,0.1,6,0.7,0.0,-0.03200000524520874
PubMed,0.1,6,0.7,0.1,-0.03200000524520874
PubMed,0.1,6,0.7,0.2,-0.03700000047683716
PubMed,0.1,6,0.7,0.3,-0.03700000047683716
PubMed,0.1,6,0.7,0.4,-0.046000003814697266
PubMed,0.1,6,0.7,0.5,-0.04400002956390381
PubMed,0.1,6,0.7,0.6,-0.04400002956390381
PubMed,0.1,6,0.7,0.7,-0.04400002956390381
PubMed,0.1,6,0.7,0.8,-0.04000002145767212
PubMed,0.1,6,0.7,0.9,-0.04000002145767212
PubMed,0.1,6,0.7,1.0,-0.04000002145767212
PubMed,0.1,6,0.8,0.0,-0.03200000524520874
PubMed,0.1,6,0.8,0.1,-0.03200000524520874
PubMed,0.1,6,0.8,0.2,-0.03700000047683716
PubMed,0.1,6,0.8,0.3,-0.03700000047683716
PubMed,0.1,6,0.8,0.4,-0.046000003814697266
PubMed,0.1,6,0.8,0.5,-0.04400002956390381
PubMed,0.1,6,0.8,0.6,-0.04400002956390381
PubMed,0.1,6,0.8,0.7,-0.04400002956390381
PubMed,0.1,6,0.8,0.8,-0.04000002145767212
PubMed,0.1,6,0.8,0.9,-0.04000002145767212
PubMed,0.1,6,0.8,1.0,-0.04000002145767212
PubMed,0.1,6,0.9,0.0,-0.03200000524520874
PubMed,0.1,6,0.9,0.1,-0.03200000524520874
PubMed,0.1,6,0.9,0.2,-0.03700000047683716
PubMed,0.1,6,0.9,0.3,-0.03700000047683716
PubMed,0.1,6,0.9,0.4,-0.046000003814697266
PubMed,0.1,6,0.9,0.5,-0.04400002956390381
PubMed,0.1,6,0.9,0.6,-0.04400002956390381
PubMed,0.1,6,0.9,0.7,-0.04400002956390381
PubMed,0.1,6,0.9,0.8,-0.04000002145767212
PubMed,0.1,6,0.9,0.9,-0.04000002145767212
PubMed,0.1,6,0.9,1.0,-0.04000002145767212
PubMed,0.1,6,1.0,0.0,-0.03200000524520874
PubMed,0.1,6,1.0,0.1,-0.03200000524520874
PubMed,0.1,6,1.0,0.2,-0.03700000047683716
PubMed,0.1,6,1.0,0.3,-0.03700000047683716
PubMed,0.1,6,1.0,0.4,-0.046000003814697266
PubMed,0.1,6,1.0,0.5,-0.04400002956390381
PubMed,0.1,6,1.0,0.6,-0.04400002956390381
PubMed,0.1,6,1.0,0.7,-0.04400002956390381
PubMed,0.1,6,1.0,0.8,-0.04000002145767212
PubMed,0.1,6,1.0,0.9,-0.04000002145767212
PubMed,0.1,6,1.0,1.0,-0.04000002145767212
PubMed,0.1,7,0.1,0.0,0.0009999871253967285
PubMed,0.1,7,0.1,0.1,0.0009999871253967285
PubMed,0.1,7,0.1,0.2,-0.0040000081062316895
PubMed,0.1,7,0.1,0.3,-0.006000041961669922
PubMed,0.1,7,0.1,0.4,-0.010000050067901611
PubMed,0.1,7,0.1,0.5,-0.010000050067901611
PubMed,0.1,7,0.1,0.6,-0.010000050067901611
PubMed,0.1,7,0.1,0.7,-0.01100003719329834
PubMed,0.1,7,0.1,0.8,-0.00700002908706665
PubMed,0.1,7,0.1,0.9,-0.00700002908706665
PubMed,0.1,7,0.1,1.0,-0.016000032424926758
PubMed,0.1,7,0.2,0.0,0.007999956607818604
PubMed,0.1,7,0.2,0.1,0.007999956607818604
PubMed,0.1,7,0.2,0.2,0.011999964714050293
PubMed,0.1,7,0.2,0.3,0.004999995231628418
PubMed,0.1,7,0.2,0.4,0.0
PubMed,0.1,7,0.2,0.5,0.0
PubMed,0.1,7,0.2,0.6,0.0
PubMed,0.1,7,0.2,0.7,-0.00700002908706665
PubMed,0.1,7,0.2,0.8,-0.005000054836273193
PubMed,0.1,7,0.2,0.9,-0.005000054836273193
PubMed,0.1,7,0.2,1.0,-0.008000016212463379
PubMed,0.1,7,0.3,0.0,0.007999956607818604
PubMed,0.1,7,0.3,0.1,0.007999956607818604
PubMed,0.1,7,0.3,0.2,0.011999964714050293
PubMed,0.1,7,0.3,0.3,0.004999995231628418
PubMed,0.1,7,0.3,0.4,0.0
PubMed,0.1,7,0.3,0.5,0.0
PubMed,0.1,7,0.3,0.6,0.0
PubMed,0.1,7,0.3,0.7,-0.00700002908706665
PubMed,0.1,7,0.3,0.8,-0.005000054836273193
PubMed,0.1,7,0.3,0.9,-0.005000054836273193
PubMed,0.1,7,0.3,1.0,-0.008000016212463379
PubMed,0.1,7,0.4,0.0,0.007999956607818604
PubMed,0.1,7,0.4,0.1,0.007999956607818604
PubMed,0.1,7,0.4,0.2,0.011999964714050293
PubMed,0.1,7,0.4,0.3,0.004999995231628418
PubMed,0.1,7,0.4,0.4,0.0
PubMed,0.1,7,0.4,0.5,0.0
PubMed,0.1,7,0.4,0.6,0.0
PubMed,0.1,7,0.4,0.7,-0.00700002908706665
PubMed,0.1,7,0.4,0.8,-0.005000054836273193
PubMed,0.1,7,0.4,0.9,-0.005000054836273193
PubMed,0.1,7,0.4,1.0,-0.008000016212463379
PubMed,0.1,7,0.5,0.0,0.007999956607818604
PubMed,0.1,7,0.5,0.1,0.007999956607818604
PubMed,0.1,7,0.5,0.2,0.011999964714050293
PubMed,0.1,7,0.5,0.3,0.004999995231628418
PubMed,0.1,7,0.5,0.4,0.0
PubMed,0.1,7,0.5,0.5,0.0
PubMed,0.1,7,0.5,0.6,0.0
PubMed,0.1,7,0.5,0.7,-0.00700002908706665
PubMed,0.1,7,0.5,0.8,-0.005000054836273193
PubMed,0.1,7,0.5,0.9,-0.005000054836273193
PubMed,0.1,7,0.5,1.0,-0.008000016212463379
PubMed,0.1,7,0.6,0.0,0.007999956607818604
PubMed,0.1,7,0.6,0.1,0.007999956607818604
PubMed,0.1,7,0.6,0.2,0.011999964714050293
PubMed,0.1,7,0.6,0.3,0.004999995231628418
PubMed,0.1,7,0.6,0.4,0.0
PubMed,0.1,7,0.6,0.5,0.0
PubMed,0.1,7,0.6,0.6,0.0
PubMed,0.1,7,0.6,0.7,-0.00700002908706665
PubMed,0.1,7,0.6,0.8,-0.005000054836273193
PubMed,0.1,7,0.6,0.9,-0.005000054836273193
PubMed,0.1,7,0.6,1.0,-0.008000016212463379
PubMed,0.1,7,0.7,0.0,0.007999956607818604
PubMed,0.1,7,0.7,0.1,0.007999956607818604
PubMed,0.1,7,0.7,0.2,0.011999964714050293
PubMed,0.1,7,0.7,0.3,0.004999995231628418
PubMed,0.1,7,0.7,0.4,0.0
PubMed,0.1,7,0.7,0.5,0.0
PubMed,0.1,7,0.7,0.6,0.0
PubMed,0.1,7,0.7,0.7,-0.00700002908706665
PubMed,0.1,7,0.7,0.8,-0.005000054836273193
PubMed,0.1,7,0.7,0.9,-0.005000054836273193
PubMed,0.1,7,0.7,1.0,-0.008000016212463379
PubMed,0.1,7,0.8,0.0,0.007999956607818604
PubMed,0.1,7,0.8,0.1,0.007999956607818604
PubMed,0.1,7,0.8,0.2,0.011999964714050293
PubMed,0.1,7,0.8,0.3,0.004999995231628418
PubMed,0.1,7,0.8,0.4,0.0
PubMed,0.1,7,0.8,0.5,0.0
PubMed,0.1,7,0.8,0.6,0.0
PubMed,0.1,7,0.8,0.7,-0.00700002908706665
PubMed,0.1,7,0.8,0.8,-0.005000054836273193
PubMed,0.1,7,0.8,0.9,-0.005000054836273193
PubMed,0.1,7,0.8,1.0,-0.008000016212463379
PubMed,0.1,7,0.9,0.0,0.007999956607818604
PubMed,0.1,7,0.9,0.1,0.007999956607818604
PubMed,0.1,7,0.9,0.2,0.011999964714050293
PubMed,0.1,7,0.9,0.3,0.004999995231628418
PubMed,0.1,7,0.9,0.4,0.0
PubMed,0.1,7,0.9,0.5,0.0
PubMed,0.1,7,0.9,0.6,0.0
PubMed,0.1,7,0.9,0.7,-0.00700002908706665
PubMed,0.1,7,0.9,0.8,-0.005000054836273193
PubMed,0.1,7,0.9,0.9,-0.005000054836273193
PubMed,0.1,7,0.9,1.0,-0.008000016212463379
PubMed,0.1,7,1.0,0.0,0.007999956607818604
PubMed,0.1,7,1.0,0.1,0.007999956607818604
PubMed,0.1,7,1.0,0.2,0.011999964714050293
PubMed,0.1,7,1.0,0.3,0.004999995231628418
PubMed,0.1,7,1.0,0.4,0.0
PubMed,0.1,7,1.0,0.5,0.0
PubMed,0.1,7,1.0,0.6,0.0
PubMed,0.1,7,1.0,0.7,-0.00700002908706665
PubMed,0.1,7,1.0,0.8,-0.005000054836273193
PubMed,0.1,7,1.0,0.9,-0.005000054836273193
PubMed,0.1,7,1.0,1.0,-0.008000016212463379
PubMed,0.1,8,0.1,0.0,0.007999956607818604
PubMed,0.1,8,0.1,0.1,0.009999990463256836
PubMed,0.1,8,0.1,0.2,0.006999969482421875
PubMed,0.1,8,0.1,0.3,0.006999969482421875
PubMed,0.1,8,0.1,0.4,-0.008000016212463379
PubMed,0.1,8,0.1,0.5,-0.008000016212463379
PubMed,0.1,8,0.1,0.6,-0.009000003337860107
PubMed,0.1,8,0.1,0.7,-0.012000024318695068
PubMed,0.1,8,0.1,0.8,-0.012000024318695068
PubMed,0.1,8,0.1,0.9,-0.012000024318695068
PubMed,0.1,8,0.1,1.0,-0.012000024318695068
PubMed,0.1,8,0.2,0.0,0.02199995517730713
PubMed,0.1,8,0.2,0.1,0.02199995517730713
PubMed,0.1,8,0.2,0.2,0.019999980926513672
PubMed,0.1,8,0.2,0.3,0.019999980926513672
PubMed,0.1,8,0.2,0.4,0.008999943733215332
PubMed,0.1,8,0.2,0.5,0.008999943733215332
PubMed,0.1,8,0.2,0.6,0.001999974250793457
PubMed,0.1,8,0.2,0.7,0.0059999823570251465
PubMed,0.1,8,0.2,0.8,0.0059999823570251465
PubMed,0.1,8,0.2,0.9,0.0059999823570251465
PubMed,0.1,8,0.2,1.0,0.0059999823570251465
PubMed,0.1,8,0.3,0.0,0.02199995517730713
PubMed,0.1,8,0.3,0.1,0.02199995517730713
PubMed,0.1,8,0.3,0.2,0.019999980926513672
PubMed,0.1,8,0.3,0.3,0.019999980926513672
PubMed,0.1,8,0.3,0.4,0.008999943733215332
PubMed,0.1,8,0.3,0.5,0.008999943733215332
PubMed,0.1,8,0.3,0.6,0.001999974250793457
PubMed,0.1,8,0.3,0.7,0.0059999823570251465
PubMed,0.1,8,0.3,0.8,0.0059999823570251465
PubMed,0.1,8,0.3,0.9,0.0059999823570251465
PubMed,0.1,8,0.3,1.0,0.0059999823570251465
PubMed,0.1,8,0.4,0.0,0.02199995517730713
PubMed,0.1,8,0.4,0.1,0.02199995517730713
PubMed,0.1,8,0.4,0.2,0.019999980926513672
PubMed,0.1,8,0.4,0.3,0.019999980926513672
PubMed,0.1,8,0.4,0.4,0.008999943733215332
PubMed,0.1,8,0.4,0.5,0.008999943733215332
PubMed,0.1,8,0.4,0.6,0.001999974250793457
PubMed,0.1,8,0.4,0.7,0.0059999823570251465
PubMed,0.1,8,0.4,0.8,0.0059999823570251465
PubMed,0.1,8,0.4,0.9,0.0059999823570251465
PubMed,0.1,8,0.4,1.0,0.0059999823570251465
PubMed,0.1,8,0.5,0.0,0.02199995517730713
PubMed,0.1,8,0.5,0.1,0.02199995517730713
PubMed,0.1,8,0.5,0.2,0.019999980926513672
PubMed,0.1,8,0.5,0.3,0.019999980926513672
PubMed,0.1,8,0.5,0.4,0.008999943733215332
PubMed,0.1,8,0.5,0.5,0.008999943733215332
PubMed,0.1,8,0.5,0.6,0.001999974250793457
PubMed,0.1,8,0.5,0.7,0.0059999823570251465
PubMed,0.1,8,0.5,0.8,0.0059999823570251465
PubMed,0.1,8,0.5,0.9,0.0059999823570251465
PubMed,0.1,8,0.5,1.0,0.0059999823570251465
PubMed,0.1,8,0.6,0.0,0.02199995517730713
PubMed,0.1,8,0.6,0.1,0.02199995517730713
PubMed,0.1,8,0.6,0.2,0.019999980926513672
PubMed,0.1,8,0.6,0.3,0.019999980926513672
PubMed,0.1,8,0.6,0.4,0.008999943733215332
PubMed,0.1,8,0.6,0.5,0.008999943733215332
PubMed,0.1,8,0.6,0.6,0.001999974250793457
PubMed,0.1,8,0.6,0.7,0.0059999823570251465
PubMed,0.1,8,0.6,0.8,0.0059999823570251465
PubMed,0.1,8,0.6,0.9,0.0059999823570251465
PubMed,0.1,8,0.6,1.0,0.0059999823570251465
PubMed,0.1,8,0.7,0.0,0.02199995517730713
PubMed,0.1,8,0.7,0.1,0.02199995517730713
PubMed,0.1,8,0.7,0.2,0.019999980926513672
PubMed,0.1,8,0.7,0.3,0.019999980926513672
PubMed,0.1,8,0.7,0.4,0.008999943733215332
PubMed,0.1,8,0.7,0.5,0.008999943733215332
PubMed,0.1,8,0.7,0.6,0.001999974250793457
PubMed,0.1,8,0.7,0.7,0.0059999823570251465
PubMed,0.1,8,0.7,0.8,0.0059999823570251465
PubMed,0.1,8,0.7,0.9,0.0059999823570251465
PubMed,0.1,8,0.7,1.0,0.0059999823570251465
PubMed,0.1,8,0.8,0.0,0.02199995517730713
PubMed,0.1,8,0.8,0.1,0.02199995517730713
PubMed,0.1,8,0.8,0.2,0.019999980926513672
PubMed,0.1,8,0.8,0.3,0.019999980926513672
PubMed,0.1,8,0.8,0.4,0.008999943733215332
PubMed,0.1,8,0.8,0.5,0.008999943733215332
PubMed,0.1,8,0.8,0.6,0.001999974250793457
PubMed,0.1,8,0.8,0.7,0.0059999823570251465
PubMed,0.1,8,0.8,0.8,0.0059999823570251465
PubMed,0.1,8,0.8,0.9,0.0059999823570251465
PubMed,0.1,8,0.8,1.0,0.0059999823570251465
PubMed,0.1,8,0.9,0.0,0.02199995517730713
PubMed,0.1,8,0.9,0.1,0.02199995517730713
PubMed,0.1,8,0.9,0.2,0.019999980926513672
PubMed,0.1,8,0.9,0.3,0.019999980926513672
PubMed,0.1,8,0.9,0.4,0.008999943733215332
PubMed,0.1,8,0.9,0.5,0.008999943733215332
PubMed,0.1,8,0.9,0.6,0.001999974250793457
PubMed,0.1,8,0.9,0.7,0.0059999823570251465
PubMed,0.1,8,0.9,0.8,0.0059999823570251465
PubMed,0.1,8,0.9,0.9,0.0059999823570251465
PubMed,0.1,8,0.9,1.0,0.0059999823570251465
PubMed,0.1,8,1.0,0.0,0.02199995517730713
PubMed,0.1,8,1.0,0.1,0.02199995517730713
PubMed,0.1,8,1.0,0.2,0.019999980926513672
PubMed,0.1,8,1.0,0.3,0.019999980926513672
PubMed,0.1,8,1.0,0.4,0.008999943733215332
PubMed,0.1,8,1.0,0.5,0.008999943733215332
PubMed,0.1,8,1.0,0.6,0.001999974250793457
PubMed,0.1,8,1.0,0.7,0.0059999823570251465
PubMed,0.1,8,1.0,0.8,0.0059999823570251465
PubMed,0.1,8,1.0,0.9,0.0059999823570251465
PubMed,0.1,8,1.0,1.0,0.0059999823570251465
PubMed,0.1,9,0.1,0.0,0.05399996042251587
PubMed,0.1,9,0.1,0.1,0.05399996042251587
PubMed,0.1,9,0.1,0.2,0.046999990940093994
PubMed,0.1,9,0.1,0.3,0.046999990940093994
PubMed,0.1,9,0.1,0.4,0.05399996042251587
PubMed,0.1,9,0.1,0.5,0.04799997806549072
PubMed,0.1,9,0.1,0.6,0.04799997806549072
PubMed,0.1,9,0.1,0.7,0.046000003814697266
PubMed,0.1,9,0.1,0.8,0.046000003814697266
PubMed,0.1,9,0.1,0.9,0.02899998426437378
PubMed,0.1,9,0.1,1.0,0.02899998426437378
PubMed,0.1,9,0.2,0.0,0.046000003814697266
PubMed,0.1,9,0.2,0.1,0.046000003814697266
PubMed,0.1,9,0.2,0.2,0.04099994897842407
PubMed,0.1,9,0.2,0.3,0.04099994897842407
PubMed,0.1,9,0.2,0.4,0.041999995708465576
PubMed,0.1,9,0.2,0.5,0.03799998760223389
PubMed,0.1,9,0.2,0.6,0.03200000524520874
PubMed,0.1,9,0.2,0.7,0.02499997615814209
PubMed,0.1,9,0.2,0.8,0.02499997615814209
PubMed,0.1,9,0.2,0.9,0.02599996328353882
PubMed,0.1,9,0.2,1.0,0.02599996328353882
PubMed,0.1,9,0.3,0.0,0.05299997329711914
PubMed,0.1,9,0.3,0.1,0.05299997329711914
PubMed,0.1,9,0.3,0.2,0.05199998617172241
PubMed,0.1,9,0.3,0.3,0.05199998617172241
PubMed,0.1,9,0.3,0.4,0.04899996519088745
PubMed,0.1,9,0.3,0.5,0.041999995708465576
PubMed,0.1,9,0.3,0.6,0.04399996995925903
PubMed,0.1,9,0.3,0.7,0.035999953746795654
PubMed,0.1,9,0.3,0.8,0.035999953746795654
PubMed,0.1,9,0.3,0.9,0.03299999237060547
PubMed,0.1,9,0.3,1.0,0.03299999237060547
PubMed,0.1,9,0.4,0.0,0.05299997329711914
PubMed,0.1,9,0.4,0.1,0.05299997329711914
PubMed,0.1,9,0.4,0.2,0.05199998617172241
PubMed,0.1,9,0.4,0.3,0.05199998617172241
PubMed,0.1,9,0.4,0.4,0.04899996519088745
PubMed,0.1,9,0.4,0.5,0.041999995708465576
PubMed,0.1,9,0.4,0.6,0.04399996995925903
PubMed,0.1,9,0.4,0.7,0.035999953746795654
PubMed,0.1,9,0.4,0.8,0.035999953746795654
PubMed,0.1,9,0.4,0.9,0.03299999237060547
PubMed,0.1,9,0.4,1.0,0.03299999237060547
PubMed,0.1,9,0.5,0.0,0.05299997329711914
PubMed,0.1,9,0.5,0.1,0.05299997329711914
PubMed,0.1,9,0.5,0.2,0.05199998617172241
PubMed,0.1,9,0.5,0.3,0.05199998617172241
PubMed,0.1,9,0.5,0.4,0.04899996519088745
PubMed,0.1,9,0.5,0.5,0.041999995708465576
PubMed,0.1,9,0.5,0.6,0.04399996995925903
PubMed,0.1,9,0.5,0.7,0.035999953746795654
PubMed,0.1,9,0.5,0.8,0.035999953746795654
PubMed,0.1,9,0.5,0.9,0.03299999237060547
PubMed,0.1,9,0.5,1.0,0.03299999237060547
PubMed,0.1,9,0.6,0.0,0.05299997329711914
PubMed,0.1,9,0.6,0.1,0.05299997329711914
PubMed,0.1,9,0.6,0.2,0.05199998617172241
PubMed,0.1,9,0.6,0.3,0.05199998617172241
PubMed,0.1,9,0.6,0.4,0.04899996519088745
PubMed,0.1,9,0.6,0.5,0.041999995708465576
PubMed,0.1,9,0.6,0.6,0.04399996995925903
PubMed,0.1,9,0.6,0.7,0.035999953746795654
PubMed,0.1,9,0.6,0.8,0.035999953746795654
PubMed,0.1,9,0.6,0.9,0.03299999237060547
PubMed,0.1,9,0.6,1.0,0.03299999237060547
PubMed,0.1,9,0.7,0.0,0.05299997329711914
PubMed,0.1,9,0.7,0.1,0.05299997329711914
PubMed,0.1,9,0.7,0.2,0.05199998617172241
PubMed,0.1,9,0.7,0.3,0.05199998617172241
PubMed,0.1,9,0.7,0.4,0.04899996519088745
PubMed,0.1,9,0.7,0.5,0.041999995708465576
PubMed,0.1,9,0.7,0.6,0.04399996995925903
PubMed,0.1,9,0.7,0.7,0.035999953746795654
PubMed,0.1,9,0.7,0.8,0.035999953746795654
PubMed,0.1,9,0.7,0.9,0.03299999237060547
PubMed,0.1,9,0.7,1.0,0.03299999237060547
PubMed,0.1,9,0.8,0.0,0.05299997329711914
PubMed,0.1,9,0.8,0.1,0.05299997329711914
PubMed,0.1,9,0.8,0.2,0.05199998617172241
PubMed,0.1,9,0.8,0.3,0.05199998617172241
PubMed,0.1,9,0.8,0.4,0.04899996519088745
PubMed,0.1,9,0.8,0.5,0.041999995708465576
PubMed,0.1,9,0.8,0.6,0.04399996995925903
PubMed,0.1,9,0.8,0.7,0.035999953746795654
PubMed,0.1,9,0.8,0.8,0.035999953746795654
PubMed,0.1,9,0.8,0.9,0.03299999237060547
PubMed,0.1,9,0.8,1.0,0.03299999237060547
PubMed,0.1,9,0.9,0.0,0.05299997329711914
PubMed,0.1,9,0.9,0.1,0.05299997329711914
PubMed,0.1,9,0.9,0.2,0.05199998617172241
PubMed,0.1,9,0.9,0.3,0.05199998617172241
PubMed,0.1,9,0.9,0.4,0.04899996519088745
PubMed,0.1,9,0.9,0.5,0.041999995708465576
PubMed,0.1,9,0.9,0.6,0.04399996995925903
PubMed,0.1,9,0.9,0.7,0.035999953746795654
PubMed,0.1,9,0.9,0.8,0.035999953746795654
PubMed,0.1,9,0.9,0.9,0.03299999237060547
PubMed,0.1,9,0.9,1.0,0.03299999237060547
PubMed,0.1,9,1.0,0.0,0.05299997329711914
PubMed,0.1,9,1.0,0.1,0.05299997329711914
PubMed,0.1,9,1.0,0.2,0.05199998617172241
PubMed,0.1,9,1.0,0.3,0.05199998617172241
PubMed,0.1,9,1.0,0.4,0.04899996519088745
PubMed,0.1,9,1.0,0.5,0.041999995708465576
PubMed,0.1,9,1.0,0.6,0.04399996995925903
PubMed,0.1,9,1.0,0.7,0.035999953746795654
PubMed,0.1,9,1.0,0.8,0.035999953746795654
PubMed,0.1,9,1.0,0.9,0.03299999237060547
PubMed,0.1,9,1.0,1.0,0.03299999237060547
PubMed,0.2,0,0.1,0.0,0.0209999680519104
PubMed,0.2,0,0.1,0.1,0.018000006675720215
PubMed,0.2,0,0.1,0.2,0.0209999680519104
PubMed,0.2,0,0.1,0.3,0.015999972820281982
PubMed,0.2,0,0.1,0.4,0.013999998569488525
PubMed,0.2,0,0.1,0.5,0.014999985694885254
PubMed,0.2,0,0.1,0.6,0.01699995994567871
PubMed,0.2,0,0.1,0.7,0.007999956607818604
PubMed,0.2,0,0.1,0.8,0.007999956607818604
PubMed,0.2,0,0.1,0.9,0.007999956607818604
PubMed,0.2,0,0.1,1.0,0.007999956607818604
PubMed,0.2,0,0.2,0.0,0.018000006675720215
PubMed,0.2,0,0.2,0.1,0.013999998569488525
PubMed,0.2,0,0.2,0.2,0.013000011444091797
PubMed,0.2,0,0.2,0.3,0.006999969482421875
PubMed,0.2,0,0.2,0.4,0.007999956607818604
PubMed,0.2,0,0.2,0.5,0.013999998569488525
PubMed,0.2,0,0.2,0.6,0.011999964714050293
PubMed,0.2,0,0.2,0.7,-0.004999995231628418
PubMed,0.2,0,0.2,0.8,-0.004999995231628418
PubMed,0.2,0,0.2,0.9,-0.004999995231628418
PubMed,0.2,0,0.2,1.0,-0.004999995231628418
PubMed,0.2,0,0.3,0.0,0.018000006675720215
PubMed,0.2,0,0.3,0.1,0.013999998569488525
PubMed,0.2,0,0.3,0.2,0.013000011444091797
PubMed,0.2,0,0.3,0.3,0.006999969482421875
PubMed,0.2,0,0.3,0.4,0.007999956607818604
PubMed,0.2,0,0.3,0.5,0.013999998569488525
PubMed,0.2,0,0.3,0.6,0.011999964714050293
PubMed,0.2,0,0.3,0.7,-0.004999995231628418
PubMed,0.2,0,0.3,0.8,-0.004999995231628418
PubMed,0.2,0,0.3,0.9,-0.004999995231628418
PubMed,0.2,0,0.3,1.0,-0.004999995231628418
PubMed,0.2,0,0.4,0.0,0.009000003337860107
PubMed,0.2,0,0.4,0.1,0.006999969482421875
PubMed,0.2,0,0.4,0.2,0.009000003337860107
PubMed,0.2,0,0.4,0.3,0.001999974250793457
PubMed,0.2,0,0.4,0.4,0.0059999823570251465
PubMed,0.2,0,0.4,0.5,0.0059999823570251465
PubMed,0.2,0,0.4,0.6,0.0059999823570251465
PubMed,0.2,0,0.4,0.7,0.014999985694885254
PubMed,0.2,0,0.4,0.8,0.014999985694885254
PubMed,0.2,0,0.4,0.9,0.014999985694885254
PubMed,0.2,0,0.4,1.0,0.014999985694885254
PubMed,0.2,0,0.5,0.0,0.009000003337860107
PubMed,0.2,0,0.5,0.1,0.006999969482421875
PubMed,0.2,0,0.5,0.2,0.009000003337860107
PubMed,0.2,0,0.5,0.3,0.001999974250793457
PubMed,0.2,0,0.5,0.4,0.0059999823570251465
PubMed,0.2,0,0.5,0.5,0.0059999823570251465
PubMed,0.2,0,0.5,0.6,0.0059999823570251465
PubMed,0.2,0,0.5,0.7,0.014999985694885254
PubMed,0.2,0,0.5,0.8,0.014999985694885254
PubMed,0.2,0,0.5,0.9,0.014999985694885254
PubMed,0.2,0,0.5,1.0,0.014999985694885254
PubMed,0.2,0,0.6,0.0,0.009000003337860107
PubMed,0.2,0,0.6,0.1,0.006999969482421875
PubMed,0.2,0,0.6,0.2,0.009000003337860107
PubMed,0.2,0,0.6,0.3,0.001999974250793457
PubMed,0.2,0,0.6,0.4,0.0059999823570251465
PubMed,0.2,0,0.6,0.5,0.0059999823570251465
PubMed,0.2,0,0.6,0.6,0.0059999823570251465
PubMed,0.2,0,0.6,0.7,0.014999985694885254
PubMed,0.2,0,0.6,0.8,0.014999985694885254
PubMed,0.2,0,0.6,0.9,0.014999985694885254
PubMed,0.2,0,0.6,1.0,0.014999985694885254
PubMed,0.2,0,0.7,0.0,0.009000003337860107
PubMed,0.2,0,0.7,0.1,0.006999969482421875
PubMed,0.2,0,0.7,0.2,0.009000003337860107
PubMed,0.2,0,0.7,0.3,0.001999974250793457
PubMed,0.2,0,0.7,0.4,0.0059999823570251465
PubMed,0.2,0,0.7,0.5,0.0059999823570251465
PubMed,0.2,0,0.7,0.6,0.0059999823570251465
PubMed,0.2,0,0.7,0.7,0.014999985694885254
PubMed,0.2,0,0.7,0.8,0.014999985694885254
PubMed,0.2,0,0.7,0.9,0.014999985694885254
PubMed,0.2,0,0.7,1.0,0.014999985694885254
PubMed,0.2,0,0.8,0.0,0.009000003337860107
PubMed,0.2,0,0.8,0.1,0.006999969482421875
PubMed,0.2,0,0.8,0.2,0.009000003337860107
PubMed,0.2,0,0.8,0.3,0.001999974250793457
PubMed,0.2,0,0.8,0.4,0.0059999823570251465
PubMed,0.2,0,0.8,0.5,0.0059999823570251465
PubMed,0.2,0,0.8,0.6,0.0059999823570251465
PubMed,0.2,0,0.8,0.7,0.014999985694885254
PubMed,0.2,0,0.8,0.8,0.014999985694885254
PubMed,0.2,0,0.8,0.9,0.014999985694885254
PubMed,0.2,0,0.8,1.0,0.014999985694885254
PubMed,0.2,0,0.9,0.0,0.009000003337860107
PubMed,0.2,0,0.9,0.1,0.006999969482421875
PubMed,0.2,0,0.9,0.2,0.009000003337860107
PubMed,0.2,0,0.9,0.3,0.001999974250793457
PubMed,0.2,0,0.9,0.4,0.0059999823570251465
PubMed,0.2,0,0.9,0.5,0.0059999823570251465
PubMed,0.2,0,0.9,0.6,0.0059999823570251465
PubMed,0.2,0,0.9,0.7,0.014999985694885254
PubMed,0.2,0,0.9,0.8,0.014999985694885254
PubMed,0.2,0,0.9,0.9,0.014999985694885254
PubMed,0.2,0,0.9,1.0,0.014999985694885254
PubMed,0.2,0,1.0,0.0,0.009000003337860107
PubMed,0.2,0,1.0,0.1,0.006999969482421875
PubMed,0.2,0,1.0,0.2,0.009000003337860107
PubMed,0.2,0,1.0,0.3,0.001999974250793457
PubMed,0.2,0,1.0,0.4,0.0059999823570251465
PubMed,0.2,0,1.0,0.5,0.0059999823570251465
PubMed,0.2,0,1.0,0.6,0.0059999823570251465
PubMed,0.2,0,1.0,0.7,0.014999985694885254
PubMed,0.2,0,1.0,0.8,0.014999985694885254
PubMed,0.2,0,1.0,0.9,0.014999985694885254
PubMed,0.2,0,1.0,1.0,0.014999985694885254
PubMed,0.2,1,0.1,0.0,0.030000030994415283
PubMed,0.2,1,0.1,0.1,0.02799999713897705
PubMed,0.2,1,0.1,0.2,0.026000022888183594
PubMed,0.2,1,0.1,0.3,0.026000022888183594
PubMed,0.2,1,0.1,0.4,0.018999993801116943
PubMed,0.2,1,0.1,0.5,0.018999993801116943
PubMed,0.2,1,0.1,0.6,0.001000046730041504
PubMed,0.2,1,0.1,0.7,0.001000046730041504
PubMed,0.2,1,0.1,0.8,0.016000032424926758
PubMed,0.2,1,0.1,0.9,0.022000014781951904
PubMed,0.2,1,0.1,1.0,0.027000010013580322
PubMed,0.2,1,0.2,0.0,0.024000048637390137
PubMed,0.2,1,0.2,0.1,0.022000014781951904
PubMed,0.2,1,0.2,0.2,0.018000006675720215
PubMed,0.2,1,0.2,0.3,0.018000006675720215
PubMed,0.2,1,0.2,0.4,0.01100003719329834
PubMed,0.2,1,0.2,0.5,0.01100003719329834
PubMed,0.2,1,0.2,0.6,0.0020000338554382324
PubMed,0.2,1,0.2,0.7,0.0020000338554382324
PubMed,0.2,1,0.2,0.8,0.020000040531158447
PubMed,0.2,1,0.2,0.9,0.013000011444091797
PubMed,0.2,1,0.2,1.0,0.018000006675720215
PubMed,0.2,1,0.3,0.0,0.024000048637390137
PubMed,0.2,1,0.3,0.1,0.022000014781951904
PubMed,0.2,1,0.3,0.2,0.018000006675720215
PubMed,0.2,1,0.3,0.3,0.018000006675720215
PubMed,0.2,1,0.3,0.4,0.01100003719329834
PubMed,0.2,1,0.3,0.5,0.01100003719329834
PubMed,0.2,1,0.3,0.6,0.0020000338554382324
PubMed,0.2,1,0.3,0.7,0.0020000338554382324
PubMed,0.2,1,0.3,0.8,0.020000040531158447
PubMed,0.2,1,0.3,0.9,0.013000011444091797
PubMed,0.2,1,0.3,1.0,0.018000006675720215
PubMed,0.2,1,0.4,0.0,0.024000048637390137
PubMed,0.2,1,0.4,0.1,0.022000014781951904
PubMed,0.2,1,0.4,0.2,0.018000006675720215
PubMed,0.2,1,0.4,0.3,0.018000006675720215
PubMed,0.2,1,0.4,0.4,0.01100003719329834
PubMed,0.2,1,0.4,0.5,0.01100003719329834
PubMed,0.2,1,0.4,0.6,0.0020000338554382324
PubMed,0.2,1,0.4,0.7,0.0020000338554382324
PubMed,0.2,1,0.4,0.8,0.020000040531158447
PubMed,0.2,1,0.4,0.9,0.013000011444091797
PubMed,0.2,1,0.4,1.0,0.018000006675720215
PubMed,0.2,1,0.5,0.0,0.024000048637390137
PubMed,0.2,1,0.5,0.1,0.022000014781951904
PubMed,0.2,1,0.5,0.2,0.018000006675720215
PubMed,0.2,1,0.5,0.3,0.018000006675720215
PubMed,0.2,1,0.5,0.4,0.01100003719329834
PubMed,0.2,1,0.5,0.5,0.01100003719329834
PubMed,0.2,1,0.5,0.6,0.0020000338554382324
PubMed,0.2,1,0.5,0.7,0.0020000338554382324
PubMed,0.2,1,0.5,0.8,0.020000040531158447
PubMed,0.2,1,0.5,0.9,0.013000011444091797
PubMed,0.2,1,0.5,1.0,0.018000006675720215
PubMed,0.2,1,0.6,0.0,0.024000048637390137
PubMed,0.2,1,0.6,0.1,0.022000014781951904
PubMed,0.2,1,0.6,0.2,0.018000006675720215
PubMed,0.2,1,0.6,0.3,0.018000006675720215
PubMed,0.2,1,0.6,0.4,0.01100003719329834
PubMed,0.2,1,0.6,0.5,0.01100003719329834
PubMed,0.2,1,0.6,0.6,0.0020000338554382324
PubMed,0.2,1,0.6,0.7,0.0020000338554382324
PubMed,0.2,1,0.6,0.8,0.020000040531158447
PubMed,0.2,1,0.6,0.9,0.013000011444091797
PubMed,0.2,1,0.6,1.0,0.018000006675720215
PubMed,0.2,1,0.7,0.0,0.024000048637390137
PubMed,0.2,1,0.7,0.1,0.022000014781951904
PubMed,0.2,1,0.7,0.2,0.018000006675720215
PubMed,0.2,1,0.7,0.3,0.018000006675720215
PubMed,0.2,1,0.7,0.4,0.01100003719329834
PubMed,0.2,1,0.7,0.5,0.01100003719329834
PubMed,0.2,1,0.7,0.6,0.0020000338554382324
PubMed,0.2,1,0.7,0.7,0.0020000338554382324
PubMed,0.2,1,0.7,0.8,0.020000040531158447
PubMed,0.2,1,0.7,0.9,0.013000011444091797
PubMed,0.2,1,0.7,1.0,0.018000006675720215
PubMed,0.2,1,0.8,0.0,0.024000048637390137
PubMed,0.2,1,0.8,0.1,0.022000014781951904
PubMed,0.2,1,0.8,0.2,0.018000006675720215
PubMed,0.2,1,0.8,0.3,0.018000006675720215
PubMed,0.2,1,0.8,0.4,0.01100003719329834
PubMed,0.2,1,0.8,0.5,0.01100003719329834
PubMed,0.2,1,0.8,0.6,0.0020000338554382324
PubMed,0.2,1,0.8,0.7,0.0020000338554382324
PubMed,0.2,1,0.8,0.8,0.020000040531158447
PubMed,0.2,1,0.8,0.9,0.013000011444091797
PubMed,0.2,1,0.8,1.0,0.018000006675720215
PubMed,0.2,1,0.9,0.0,0.024000048637390137
PubMed,0.2,1,0.9,0.1,0.022000014781951904
PubMed,0.2,1,0.9,0.2,0.018000006675720215
PubMed,0.2,1,0.9,0.3,0.018000006675720215
PubMed,0.2,1,0.9,0.4,0.01100003719329834
PubMed,0.2,1,0.9,0.5,0.01100003719329834
PubMed,0.2,1,0.9,0.6,0.0020000338554382324
PubMed,0.2,1,0.9,0.7,0.0020000338554382324
PubMed,0.2,1,0.9,0.8,0.020000040531158447
PubMed,0.2,1,0.9,0.9,0.013000011444091797
PubMed,0.2,1,0.9,1.0,0.018000006675720215
PubMed,0.2,1,1.0,0.0,0.024000048637390137
PubMed,0.2,1,1.0,0.1,0.022000014781951904
PubMed,0.2,1,1.0,0.2,0.018000006675720215
PubMed,0.2,1,1.0,0.3,0.018000006675720215
PubMed,0.2,1,1.0,0.4,0.01100003719329834
PubMed,0.2,1,1.0,0.5,0.01100003719329834
PubMed,0.2,1,1.0,0.6,0.0020000338554382324
PubMed,0.2,1,1.0,0.7,0.0020000338554382324
PubMed,0.2,1,1.0,0.8,0.020000040531158447
PubMed,0.2,1,1.0,0.9,0.013000011444091797
PubMed,0.2,1,1.0,1.0,0.018000006675720215
PubMed,0.2,2,0.1,0.0,0.05500000715255737
PubMed,0.2,2,0.1,0.1,0.05200004577636719
PubMed,0.2,2,0.1,0.2,0.05200004577636719
PubMed,0.2,2,0.1,0.3,0.054000020027160645
PubMed,0.2,2,0.1,0.4,0.04300004243850708
PubMed,0.2,2,0.1,0.5,0.04300004243850708
PubMed,0.2,2,0.1,0.6,0.04300004243850708
PubMed,0.2,2,0.1,0.7,0.0350000262260437
PubMed,0.2,2,0.1,0.8,0.046000003814697266
PubMed,0.2,2,0.1,0.9,0.046000003814697266
PubMed,0.2,2,0.1,1.0,0.0350000262260437
PubMed,0.2,2,0.2,0.0,0.057000041007995605
PubMed,0.2,2,0.2,0.1,0.05600005388259888
PubMed,0.2,2,0.2,0.2,0.058000028133392334
PubMed,0.2,2,0.2,0.3,0.06000000238418579
PubMed,0.2,2,0.2,0.4,0.04300004243850708
PubMed,0.2,2,0.2,0.5,0.04300004243850708
PubMed,0.2,2,0.2,0.6,0.04300004243850708
PubMed,0.2,2,0.2,0.7,0.03400003910064697
PubMed,0.2,2,0.2,0.8,0.0480000376701355
PubMed,0.2,2,0.2,0.9,0.0480000376701355
PubMed,0.2,2,0.2,1.0,0.04500001668930054
PubMed,0.2,2,0.3,0.0,0.057000041007995605
PubMed,0.2,2,0.3,0.1,0.06800001859664917
PubMed,0.2,2,0.3,0.2,0.05600005388259888
PubMed,0.2,2,0.3,0.3,0.0700000524520874
PubMed,0.2,2,0.3,0.4,0.053000032901763916
PubMed,0.2,2,0.3,0.5,0.053000032901763916
PubMed,0.2,2,0.3,0.6,0.053000032901763916
PubMed,0.2,2,0.3,0.7,0.054000020027160645
PubMed,0.2,2,0.3,0.8,0.04300004243850708
PubMed,0.2,2,0.3,0.9,0.04300004243850708
PubMed,0.2,2,0.3,1.0,0.06000000238418579
PubMed,0.2,2,0.4,0.0,0.06400001049041748
PubMed,0.2,2,0.4,0.1,0.06400001049041748
PubMed,0.2,2,0.4,0.2,0.058000028133392334
PubMed,0.2,2,0.4,0.3,0.05100005865097046
PubMed,0.2,2,0.4,0.4,0.05600005388259888
PubMed,0.2,2,0.4,0.5,0.05600005388259888
PubMed,0.2,2,0.4,0.6,0.05600005388259888
PubMed,0.2,2,0.4,0.7,0.054000020027160645
PubMed,0.2,2,0.4,0.8,0.03700000047683716
PubMed,0.2,2,0.4,0.9,0.03700000047683716
PubMed,0.2,2,0.4,1.0,0.04700005054473877
PubMed,0.2,2,0.5,0.0,0.06400001049041748
PubMed,0.2,2,0.5,0.1,0.06400001049041748
PubMed,0.2,2,0.5,0.2,0.058000028133392334
PubMed,0.2,2,0.5,0.3,0.05100005865097046
PubMed,0.2,2,0.5,0.4,0.05600005388259888
PubMed,0.2,2,0.5,0.5,0.05600005388259888
PubMed,0.2,2,0.5,0.6,0.05600005388259888
PubMed,0.2,2,0.5,0.7,0.054000020027160645
PubMed,0.2,2,0.5,0.8,0.03700000047683716
PubMed,0.2,2,0.5,0.9,0.03700000047683716
PubMed,0.2,2,0.5,1.0,0.04700005054473877
PubMed,0.2,2,0.6,0.0,0.06400001049041748
PubMed,0.2,2,0.6,0.1,0.06400001049041748
PubMed,0.2,2,0.6,0.2,0.058000028133392334
PubMed,0.2,2,0.6,0.3,0.05100005865097046
PubMed,0.2,2,0.6,0.4,0.05600005388259888
PubMed,0.2,2,0.6,0.5,0.05600005388259888
PubMed,0.2,2,0.6,0.6,0.05600005388259888
PubMed,0.2,2,0.6,0.7,0.054000020027160645
PubMed,0.2,2,0.6,0.8,0.03700000047683716
PubMed,0.2,2,0.6,0.9,0.03700000047683716
PubMed,0.2,2,0.6,1.0,0.04700005054473877
PubMed,0.2,2,0.7,0.0,0.06400001049041748
PubMed,0.2,2,0.7,0.1,0.06400001049041748
PubMed,0.2,2,0.7,0.2,0.058000028133392334
PubMed,0.2,2,0.7,0.3,0.05100005865097046
PubMed,0.2,2,0.7,0.4,0.05600005388259888
PubMed,0.2,2,0.7,0.5,0.05600005388259888
PubMed,0.2,2,0.7,0.6,0.05600005388259888
PubMed,0.2,2,0.7,0.7,0.054000020027160645
PubMed,0.2,2,0.7,0.8,0.03700000047683716
PubMed,0.2,2,0.7,0.9,0.03700000047683716
PubMed,0.2,2,0.7,1.0,0.04700005054473877
PubMed,0.2,2,0.8,0.0,0.06400001049041748
PubMed,0.2,2,0.8,0.1,0.06400001049041748
PubMed,0.2,2,0.8,0.2,0.058000028133392334
PubMed,0.2,2,0.8,0.3,0.05100005865097046
PubMed,0.2,2,0.8,0.4,0.05600005388259888
PubMed,0.2,2,0.8,0.5,0.05600005388259888
PubMed,0.2,2,0.8,0.6,0.05600005388259888
PubMed,0.2,2,0.8,0.7,0.054000020027160645
PubMed,0.2,2,0.8,0.8,0.03700000047683716
PubMed,0.2,2,0.8,0.9,0.03700000047683716
PubMed,0.2,2,0.8,1.0,0.04700005054473877
PubMed,0.2,2,0.9,0.0,0.06400001049041748
PubMed,0.2,2,0.9,0.1,0.06400001049041748
PubMed,0.2,2,0.9,0.2,0.058000028133392334
PubMed,0.2,2,0.9,0.3,0.05100005865097046
PubMed,0.2,2,0.9,0.4,0.05600005388259888
PubMed,0.2,2,0.9,0.5,0.05600005388259888
PubMed,0.2,2,0.9,0.6,0.05600005388259888
PubMed,0.2,2,0.9,0.7,0.054000020027160645
PubMed,0.2,2,0.9,0.8,0.03700000047683716
PubMed,0.2,2,0.9,0.9,0.03700000047683716
PubMed,0.2,2,0.9,1.0,0.04700005054473877
PubMed,0.2,2,1.0,0.0,0.06400001049041748
PubMed,0.2,2,1.0,0.1,0.06400001049041748
PubMed,0.2,2,1.0,0.2,0.058000028133392334
PubMed,0.2,2,1.0,0.3,0.05100005865097046
PubMed,0.2,2,1.0,0.4,0.05600005388259888
PubMed,0.2,2,1.0,0.5,0.05600005388259888
PubMed,0.2,2,1.0,0.6,0.05600005388259888
PubMed,0.2,2,1.0,0.7,0.054000020027160645
PubMed,0.2,2,1.0,0.8,0.03700000047683716
PubMed,0.2,2,1.0,0.9,0.03700000047683716
PubMed,0.2,2,1.0,1.0,0.04700005054473877
PubMed,0.2,3,0.1,0.0,0.018999993801116943
PubMed,0.2,3,0.1,0.1,0.018999993801116943
PubMed,0.2,3,0.1,0.2,0.018999993801116943
PubMed,0.2,3,0.1,0.3,0.018999993801116943
PubMed,0.2,3,0.1,0.4,0.018999993801116943
PubMed,0.2,3,0.1,0.5,0.020000040531158447
PubMed,0.2,3,0.1,0.6,0.025000035762786865
PubMed,0.2,3,0.1,0.7,0.023000001907348633
PubMed,0.2,3,0.1,0.8,0.013999998569488525
PubMed,0.2,3,0.1,0.9,0.013999998569488525
PubMed,0.2,3,0.1,1.0,0.013000011444091797
PubMed,0.2,3,0.2,0.0,0.016000032424926758
PubMed,0.2,3,0.2,0.1,0.013999998569488525
PubMed,0.2,3,0.2,0.2,0.022000014781951904
PubMed,0.2,3,0.2,0.3,0.022000014781951904
PubMed,0.2,3,0.2,0.4,0.022000014781951904
PubMed,0.2,3,0.2,0.5,0.02399998903274536
PubMed,0.2,3,0.2,0.6,0.029000043869018555
PubMed,0.2,3,0.2,0.7,0.02399998903274536
PubMed,0.2,3,0.2,0.8,0.016000032424926758
PubMed,0.2,3,0.2,0.9,0.016000032424926758
PubMed,0.2,3,0.2,1.0,0.01500004529953003
PubMed,0.2,3,0.3,0.0,0.016000032424926758
PubMed,0.2,3,0.3,0.1,0.013999998569488525
PubMed,0.2,3,0.3,0.2,0.022000014781951904
PubMed,0.2,3,0.3,0.3,0.022000014781951904
PubMed,0.2,3,0.3,0.4,0.022000014781951904
PubMed,0.2,3,0.3,0.5,0.02399998903274536
PubMed,0.2,3,0.3,0.6,0.029000043869018555
PubMed,0.2,3,0.3,0.7,0.02399998903274536
PubMed,0.2,3,0.3,0.8,0.016000032424926758
PubMed,0.2,3,0.3,0.9,0.016000032424926758
PubMed,0.2,3,0.3,1.0,0.01500004529953003
PubMed,0.2,3,0.4,0.0,0.016000032424926758
PubMed,0.2,3,0.4,0.1,0.013999998569488525
PubMed,0.2,3,0.4,0.2,0.022000014781951904
PubMed,0.2,3,0.4,0.3,0.022000014781951904
PubMed,0.2,3,0.4,0.4,0.022000014781951904
PubMed,0.2,3,0.4,0.5,0.02399998903274536
PubMed,0.2,3,0.4,0.6,0.029000043869018555
PubMed,0.2,3,0.4,0.7,0.02399998903274536
PubMed,0.2,3,0.4,0.8,0.016000032424926758
PubMed,0.2,3,0.4,0.9,0.016000032424926758
PubMed,0.2,3,0.4,1.0,0.01500004529953003
PubMed,0.2,3,0.5,0.0,0.016000032424926758
PubMed,0.2,3,0.5,0.1,0.013999998569488525
PubMed,0.2,3,0.5,0.2,0.022000014781951904
PubMed,0.2,3,0.5,0.3,0.022000014781951904
PubMed,0.2,3,0.5,0.4,0.022000014781951904
PubMed,0.2,3,0.5,0.5,0.02399998903274536
PubMed,0.2,3,0.5,0.6,0.029000043869018555
PubMed,0.2,3,0.5,0.7,0.02399998903274536
PubMed,0.2,3,0.5,0.8,0.016000032424926758
PubMed,0.2,3,0.5,0.9,0.016000032424926758
PubMed,0.2,3,0.5,1.0,0.01500004529953003
PubMed,0.2,3,0.6,0.0,0.016000032424926758
PubMed,0.2,3,0.6,0.1,0.013999998569488525
PubMed,0.2,3,0.6,0.2,0.022000014781951904
PubMed,0.2,3,0.6,0.3,0.022000014781951904
PubMed,0.2,3,0.6,0.4,0.022000014781951904
PubMed,0.2,3,0.6,0.5,0.02399998903274536
PubMed,0.2,3,0.6,0.6,0.029000043869018555
PubMed,0.2,3,0.6,0.7,0.02399998903274536
PubMed,0.2,3,0.6,0.8,0.016000032424926758
PubMed,0.2,3,0.6,0.9,0.016000032424926758
PubMed,0.2,3,0.6,1.0,0.01500004529953003
PubMed,0.2,3,0.7,0.0,0.016000032424926758
PubMed,0.2,3,0.7,0.1,0.013999998569488525
PubMed,0.2,3,0.7,0.2,0.022000014781951904
PubMed,0.2,3,0.7,0.3,0.022000014781951904
PubMed,0.2,3,0.7,0.4,0.022000014781951904
PubMed,0.2,3,0.7,0.5,0.02399998903274536
PubMed,0.2,3,0.7,0.6,0.029000043869018555
PubMed,0.2,3,0.7,0.7,0.02399998903274536
PubMed,0.2,3,0.7,0.8,0.016000032424926758
PubMed,0.2,3,0.7,0.9,0.016000032424926758
PubMed,0.2,3,0.7,1.0,0.01500004529953003
PubMed,0.2,3,0.8,0.0,0.016000032424926758
PubMed,0.2,3,0.8,0.1,0.013999998569488525
PubMed,0.2,3,0.8,0.2,0.022000014781951904
PubMed,0.2,3,0.8,0.3,0.022000014781951904
PubMed,0.2,3,0.8,0.4,0.022000014781951904
PubMed,0.2,3,0.8,0.5,0.02399998903274536
PubMed,0.2,3,0.8,0.6,0.029000043869018555
PubMed,0.2,3,0.8,0.7,0.02399998903274536
PubMed,0.2,3,0.8,0.8,0.016000032424926758
PubMed,0.2,3,0.8,0.9,0.016000032424926758
PubMed,0.2,3,0.8,1.0,0.01500004529953003
PubMed,0.2,3,0.9,0.0,0.016000032424926758
PubMed,0.2,3,0.9,0.1,0.013999998569488525
PubMed,0.2,3,0.9,0.2,0.022000014781951904
PubMed,0.2,3,0.9,0.3,0.022000014781951904
PubMed,0.2,3,0.9,0.4,0.022000014781951904
PubMed,0.2,3,0.9,0.5,0.02399998903274536
PubMed,0.2,3,0.9,0.6,0.029000043869018555
PubMed,0.2,3,0.9,0.7,0.02399998903274536
PubMed,0.2,3,0.9,0.8,0.016000032424926758
PubMed,0.2,3,0.9,0.9,0.016000032424926758
PubMed,0.2,3,0.9,1.0,0.01500004529953003
PubMed,0.2,3,1.0,0.0,0.016000032424926758
PubMed,0.2,3,1.0,0.1,0.013999998569488525
PubMed,0.2,3,1.0,0.2,0.022000014781951904
PubMed,0.2,3,1.0,0.3,0.022000014781951904
PubMed,0.2,3,1.0,0.4,0.022000014781951904
PubMed,0.2,3,1.0,0.5,0.02399998903274536
PubMed,0.2,3,1.0,0.6,0.029000043869018555
PubMed,0.2,3,1.0,0.7,0.02399998903274536
PubMed,0.2,3,1.0,0.8,0.016000032424926758
PubMed,0.2,3,1.0,0.9,0.016000032424926758
PubMed,0.2,3,1.0,1.0,0.01500004529953003
PubMed,0.2,4,0.1,0.0,0.07300001382827759
PubMed,0.2,4,0.1,0.1,0.07300001382827759
PubMed,0.2,4,0.1,0.2,0.07599997520446777
PubMed,0.2,4,0.1,0.3,0.07499998807907104
PubMed,0.2,4,0.1,0.4,0.07499998807907104
PubMed,0.2,4,0.1,0.5,0.07499998807907104
PubMed,0.2,4,0.1,0.6,0.07999998331069946
PubMed,0.2,4,0.1,0.7,0.07499998807907104
PubMed,0.2,4,0.1,0.8,0.07499998807907104
PubMed,0.2,4,0.1,0.9,0.07499998807907104
PubMed,0.2,4,0.1,1.0,0.07499998807907104
PubMed,0.2,4,0.2,0.0,0.07400000095367432
PubMed,0.2,4,0.2,0.1,0.07400000095367432
PubMed,0.2,4,0.2,0.2,0.07700002193450928
PubMed,0.2,4,0.2,0.3,0.0690000057220459
PubMed,0.2,4,0.2,0.4,0.0690000057220459
PubMed,0.2,4,0.2,0.5,0.0690000057220459
PubMed,0.2,4,0.2,0.6,0.078000009059906
PubMed,0.2,4,0.2,0.7,0.08600002527236938
PubMed,0.2,4,0.2,0.8,0.08600002527236938
PubMed,0.2,4,0.2,0.9,0.08600002527236938
PubMed,0.2,4,0.2,1.0,0.08600002527236938
PubMed,0.2,4,0.3,0.0,0.07400000095367432
PubMed,0.2,4,0.3,0.1,0.07400000095367432
PubMed,0.2,4,0.3,0.2,0.07700002193450928
PubMed,0.2,4,0.3,0.3,0.0690000057220459
PubMed,0.2,4,0.3,0.4,0.0690000057220459
PubMed,0.2,4,0.3,0.5,0.0690000057220459
PubMed,0.2,4,0.3,0.6,0.078000009059906
PubMed,0.2,4,0.3,0.7,0.08600002527236938
PubMed,0.2,4,0.3,0.8,0.08600002527236938
PubMed,0.2,4,0.3,0.9,0.08600002527236938
PubMed,0.2,4,0.3,1.0,0.08600002527236938
PubMed,0.2,4,0.4,0.0,0.07400000095367432
PubMed,0.2,4,0.4,0.1,0.07400000095367432
PubMed,0.2,4,0.4,0.2,0.07700002193450928
PubMed,0.2,4,0.4,0.3,0.0690000057220459
PubMed,0.2,4,0.4,0.4,0.0690000057220459
PubMed,0.2,4,0.4,0.5,0.0690000057220459
PubMed,0.2,4,0.4,0.6,0.078000009059906
PubMed,0.2,4,0.4,0.7,0.08600002527236938
PubMed,0.2,4,0.4,0.8,0.08600002527236938
PubMed,0.2,4,0.4,0.9,0.08600002527236938
PubMed,0.2,4,0.4,1.0,0.08600002527236938
PubMed,0.2,4,0.5,0.0,0.07400000095367432
PubMed,0.2,4,0.5,0.1,0.07400000095367432
PubMed,0.2,4,0.5,0.2,0.07700002193450928
PubMed,0.2,4,0.5,0.3,0.0690000057220459
PubMed,0.2,4,0.5,0.4,0.0690000057220459
PubMed,0.2,4,0.5,0.5,0.0690000057220459
PubMed,0.2,4,0.5,0.6,0.078000009059906
PubMed,0.2,4,0.5,0.7,0.08600002527236938
PubMed,0.2,4,0.5,0.8,0.08600002527236938
PubMed,0.2,4,0.5,0.9,0.08600002527236938
PubMed,0.2,4,0.5,1.0,0.08600002527236938
PubMed,0.2,4,0.6,0.0,0.07400000095367432
PubMed,0.2,4,0.6,0.1,0.07400000095367432
PubMed,0.2,4,0.6,0.2,0.07700002193450928
PubMed,0.2,4,0.6,0.3,0.0690000057220459
PubMed,0.2,4,0.6,0.4,0.0690000057220459
PubMed,0.2,4,0.6,0.5,0.0690000057220459
PubMed,0.2,4,0.6,0.6,0.078000009059906
PubMed,0.2,4,0.6,0.7,0.08600002527236938
PubMed,0.2,4,0.6,0.8,0.08600002527236938
PubMed,0.2,4,0.6,0.9,0.08600002527236938
PubMed,0.2,4,0.6,1.0,0.08600002527236938
PubMed,0.2,4,0.7,0.0,0.07400000095367432
PubMed,0.2,4,0.7,0.1,0.07400000095367432
PubMed,0.2,4,0.7,0.2,0.07700002193450928
PubMed,0.2,4,0.7,0.3,0.0690000057220459
PubMed,0.2,4,0.7,0.4,0.0690000057220459
PubMed,0.2,4,0.7,0.5,0.0690000057220459
PubMed,0.2,4,0.7,0.6,0.078000009059906
PubMed,0.2,4,0.7,0.7,0.08600002527236938
PubMed,0.2,4,0.7,0.8,0.08600002527236938
PubMed,0.2,4,0.7,0.9,0.08600002527236938
PubMed,0.2,4,0.7,1.0,0.08600002527236938
PubMed,0.2,4,0.8,0.0,0.07400000095367432
PubMed,0.2,4,0.8,0.1,0.07400000095367432
PubMed,0.2,4,0.8,0.2,0.07700002193450928
PubMed,0.2,4,0.8,0.3,0.0690000057220459
PubMed,0.2,4,0.8,0.4,0.0690000057220459
PubMed,0.2,4,0.8,0.5,0.0690000057220459
PubMed,0.2,4,0.8,0.6,0.078000009059906
PubMed,0.2,4,0.8,0.7,0.08600002527236938
PubMed,0.2,4,0.8,0.8,0.08600002527236938
PubMed,0.2,4,0.8,0.9,0.08600002527236938
PubMed,0.2,4,0.8,1.0,0.08600002527236938
PubMed,0.2,4,0.9,0.0,0.07400000095367432
PubMed,0.2,4,0.9,0.1,0.07400000095367432
PubMed,0.2,4,0.9,0.2,0.07700002193450928
PubMed,0.2,4,0.9,0.3,0.0690000057220459
PubMed,0.2,4,0.9,0.4,0.0690000057220459
PubMed,0.2,4,0.9,0.5,0.0690000057220459
PubMed,0.2,4,0.9,0.6,0.078000009059906
PubMed,0.2,4,0.9,0.7,0.08600002527236938
PubMed,0.2,4,0.9,0.8,0.08600002527236938
PubMed,0.2,4,0.9,0.9,0.08600002527236938
PubMed,0.2,4,0.9,1.0,0.08600002527236938
PubMed,0.2,4,1.0,0.0,0.07400000095367432
PubMed,0.2,4,1.0,0.1,0.07400000095367432
PubMed,0.2,4,1.0,0.2,0.07700002193450928
PubMed,0.2,4,1.0,0.3,0.0690000057220459
PubMed,0.2,4,1.0,0.4,0.0690000057220459
PubMed,0.2,4,1.0,0.5,0.0690000057220459
PubMed,0.2,4,1.0,0.6,0.078000009059906
PubMed,0.2,4,1.0,0.7,0.08600002527236938
PubMed,0.2,4,1.0,0.8,0.08600002527236938
PubMed,0.2,4,1.0,0.9,0.08600002527236938
PubMed,0.2,4,1.0,1.0,0.08600002527236938
PubMed,0.2,5,0.1,0.0,0.013000011444091797
PubMed,0.2,5,0.1,0.1,0.010999977588653564
PubMed,0.2,5,0.1,0.2,0.014999985694885254
PubMed,0.2,5,0.1,0.3,0.0059999823570251465
PubMed,0.2,5,0.1,0.4,0.003000020980834961
PubMed,0.2,5,0.1,0.5,0.003000020980834961
PubMed,0.2,5,0.1,0.6,0.0009999871253967285
PubMed,0.2,5,0.1,0.7,0.0009999871253967285
PubMed,0.2,5,0.1,0.8,0.001999974250793457
PubMed,0.2,5,0.1,0.9,-0.0009999871253967285
PubMed,0.2,5,0.1,1.0,-0.0040000081062316895
PubMed,0.2,5,0.2,0.0,0.009999990463256836
PubMed,0.2,5,0.2,0.1,0.003000020980834961
PubMed,0.2,5,0.2,0.2,0.009000003337860107
PubMed,0.2,5,0.2,0.3,0.001999974250793457
PubMed,0.2,5,0.2,0.4,0.001999974250793457
PubMed,0.2,5,0.2,0.5,0.001999974250793457
PubMed,0.2,5,0.2,0.6,0.001999974250793457
PubMed,0.2,5,0.2,0.7,0.001999974250793457
PubMed,0.2,5,0.2,0.8,0.0009999871253967285
PubMed,0.2,5,0.2,0.9,0.004999995231628418
PubMed,0.2,5,0.2,1.0,0.001999974250793457
PubMed,0.2,5,0.3,0.0,0.009999990463256836
PubMed,0.2,5,0.3,0.1,0.003000020980834961
PubMed,0.2,5,0.3,0.2,0.009000003337860107
PubMed,0.2,5,0.3,0.3,0.001999974250793457
PubMed,0.2,5,0.3,0.4,0.001999974250793457
PubMed,0.2,5,0.3,0.5,0.001999974250793457
PubMed,0.2,5,0.3,0.6,0.001999974250793457
PubMed,0.2,5,0.3,0.7,0.001999974250793457
PubMed,0.2,5,0.3,0.8,0.0009999871253967285
PubMed,0.2,5,0.3,0.9,0.004999995231628418
PubMed,0.2,5,0.3,1.0,0.001999974250793457
PubMed,0.2,5,0.4,0.0,0.009999990463256836
PubMed,0.2,5,0.4,0.1,0.003000020980834961
PubMed,0.2,5,0.4,0.2,0.009000003337860107
PubMed,0.2,5,0.4,0.3,0.001999974250793457
PubMed,0.2,5,0.4,0.4,0.001999974250793457
PubMed,0.2,5,0.4,0.5,0.001999974250793457
PubMed,0.2,5,0.4,0.6,0.001999974250793457
PubMed,0.2,5,0.4,0.7,0.001999974250793457
PubMed,0.2,5,0.4,0.8,0.0009999871253967285
PubMed,0.2,5,0.4,0.9,0.004999995231628418
PubMed,0.2,5,0.4,1.0,0.001999974250793457
PubMed,0.2,5,0.5,0.0,0.009999990463256836
PubMed,0.2,5,0.5,0.1,0.003000020980834961
PubMed,0.2,5,0.5,0.2,0.009000003337860107
PubMed,0.2,5,0.5,0.3,0.001999974250793457
PubMed,0.2,5,0.5,0.4,0.001999974250793457
PubMed,0.2,5,0.5,0.5,0.001999974250793457
PubMed,0.2,5,0.5,0.6,0.001999974250793457
PubMed,0.2,5,0.5,0.7,0.001999974250793457
PubMed,0.2,5,0.5,0.8,0.0009999871253967285
PubMed,0.2,5,0.5,0.9,0.004999995231628418
PubMed,0.2,5,0.5,1.0,0.001999974250793457
PubMed,0.2,5,0.6,0.0,0.009999990463256836
PubMed,0.2,5,0.6,0.1,0.003000020980834961
PubMed,0.2,5,0.6,0.2,0.009000003337860107
PubMed,0.2,5,0.6,0.3,0.001999974250793457
PubMed,0.2,5,0.6,0.4,0.001999974250793457
PubMed,0.2,5,0.6,0.5,0.001999974250793457
PubMed,0.2,5,0.6,0.6,0.001999974250793457
PubMed,0.2,5,0.6,0.7,0.001999974250793457
PubMed,0.2,5,0.6,0.8,0.0009999871253967285
PubMed,0.2,5,0.6,0.9,0.004999995231628418
PubMed,0.2,5,0.6,1.0,0.001999974250793457
PubMed,0.2,5,0.7,0.0,0.009999990463256836
PubMed,0.2,5,0.7,0.1,0.003000020980834961
PubMed,0.2,5,0.7,0.2,0.009000003337860107
PubMed,0.2,5,0.7,0.3,0.001999974250793457
PubMed,0.2,5,0.7,0.4,0.001999974250793457
PubMed,0.2,5,0.7,0.5,0.001999974250793457
PubMed,0.2,5,0.7,0.6,0.001999974250793457
PubMed,0.2,5,0.7,0.7,0.001999974250793457
PubMed,0.2,5,0.7,0.8,0.0009999871253967285
PubMed,0.2,5,0.7,0.9,0.004999995231628418
PubMed,0.2,5,0.7,1.0,0.001999974250793457
PubMed,0.2,5,0.8,0.0,0.009999990463256836
PubMed,0.2,5,0.8,0.1,0.003000020980834961
PubMed,0.2,5,0.8,0.2,0.009000003337860107
PubMed,0.2,5,0.8,0.3,0.001999974250793457
PubMed,0.2,5,0.8,0.4,0.001999974250793457
PubMed,0.2,5,0.8,0.5,0.001999974250793457
PubMed,0.2,5,0.8,0.6,0.001999974250793457
PubMed,0.2,5,0.8,0.7,0.001999974250793457
PubMed,0.2,5,0.8,0.8,0.0009999871253967285
PubMed,0.2,5,0.8,0.9,0.004999995231628418
PubMed,0.2,5,0.8,1.0,0.001999974250793457
PubMed,0.2,5,0.9,0.0,0.009999990463256836
PubMed,0.2,5,0.9,0.1,0.003000020980834961
PubMed,0.2,5,0.9,0.2,0.009000003337860107
PubMed,0.2,5,0.9,0.3,0.001999974250793457
PubMed,0.2,5,0.9,0.4,0.001999974250793457
PubMed,0.2,5,0.9,0.5,0.001999974250793457
PubMed,0.2,5,0.9,0.6,0.001999974250793457
PubMed,0.2,5,0.9,0.7,0.001999974250793457
PubMed,0.2,5,0.9,0.8,0.0009999871253967285
PubMed,0.2,5,0.9,0.9,0.004999995231628418
PubMed,0.2,5,0.9,1.0,0.001999974250793457
PubMed,0.2,5,1.0,0.0,0.009999990463256836
PubMed,0.2,5,1.0,0.1,0.003000020980834961
PubMed,0.2,5,1.0,0.2,0.009000003337860107
PubMed,0.2,5,1.0,0.3,0.001999974250793457
PubMed,0.2,5,1.0,0.4,0.001999974250793457
PubMed,0.2,5,1.0,0.5,0.001999974250793457
PubMed,0.2,5,1.0,0.6,0.001999974250793457
PubMed,0.2,5,1.0,0.7,0.001999974250793457
PubMed,0.2,5,1.0,0.8,0.0009999871253967285
PubMed,0.2,5,1.0,0.9,0.004999995231628418
PubMed,0.2,5,1.0,1.0,0.001999974250793457
PubMed,0.2,6,0.1,0.0,-0.03100001811981201
PubMed,0.2,6,0.1,0.1,-0.0350000262260437
PubMed,0.2,6,0.1,0.2,-0.0339999794960022
PubMed,0.2,6,0.1,0.3,-0.0339999794960022
PubMed,0.2,6,0.1,0.4,-0.018000006675720215
PubMed,0.2,6,0.1,0.5,-0.013000011444091797
PubMed,0.2,6,0.1,0.6,-0.026000022888183594
PubMed,0.2,6,0.1,0.7,-0.015999972820281982
PubMed,0.2,6,0.1,0.8,-0.015999972820281982
PubMed,0.2,6,0.1,0.9,-0.015999972820281982
PubMed,0.2,6,0.1,1.0,-0.015999972820281982
PubMed,0.2,6,0.2,0.0,-0.03100001811981201
PubMed,0.2,6,0.2,0.1,-0.0350000262260437
PubMed,0.2,6,0.2,0.2,-0.0339999794960022
PubMed,0.2,6,0.2,0.3,-0.0339999794960022
PubMed,0.2,6,0.2,0.4,-0.018000006675720215
PubMed,0.2,6,0.2,0.5,-0.013000011444091797
PubMed,0.2,6,0.2,0.6,-0.026000022888183594
PubMed,0.2,6,0.2,0.7,-0.015999972820281982
PubMed,0.2,6,0.2,0.8,-0.015999972820281982
PubMed,0.2,6,0.2,0.9,-0.015999972820281982
PubMed,0.2,6,0.2,1.0,-0.015999972820281982
PubMed,0.2,6,0.3,0.0,-0.03100001811981201
PubMed,0.2,6,0.3,0.1,-0.0350000262260437
PubMed,0.2,6,0.3,0.2,-0.0339999794960022
PubMed,0.2,6,0.3,0.3,-0.0339999794960022
PubMed,0.2,6,0.3,0.4,-0.018000006675720215
PubMed,0.2,6,0.3,0.5,-0.013000011444091797
PubMed,0.2,6,0.3,0.6,-0.026000022888183594
PubMed,0.2,6,0.3,0.7,-0.015999972820281982
PubMed,0.2,6,0.3,0.8,-0.015999972820281982
PubMed,0.2,6,0.3,0.9,-0.015999972820281982
PubMed,0.2,6,0.3,1.0,-0.015999972820281982
PubMed,0.2,6,0.4,0.0,-0.03100001811981201
PubMed,0.2,6,0.4,0.1,-0.0350000262260437
PubMed,0.2,6,0.4,0.2,-0.0339999794960022
PubMed,0.2,6,0.4,0.3,-0.0339999794960022
PubMed,0.2,6,0.4,0.4,-0.018000006675720215
PubMed,0.2,6,0.4,0.5,-0.013000011444091797
PubMed,0.2,6,0.4,0.6,-0.026000022888183594
PubMed,0.2,6,0.4,0.7,-0.015999972820281982
PubMed,0.2,6,0.4,0.8,-0.015999972820281982
PubMed,0.2,6,0.4,0.9,-0.015999972820281982
PubMed,0.2,6,0.4,1.0,-0.015999972820281982
PubMed,0.2,6,0.5,0.0,-0.03100001811981201
PubMed,0.2,6,0.5,0.1,-0.0350000262260437
PubMed,0.2,6,0.5,0.2,-0.0339999794960022
PubMed,0.2,6,0.5,0.3,-0.0339999794960022
PubMed,0.2,6,0.5,0.4,-0.018000006675720215
PubMed,0.2,6,0.5,0.5,-0.013000011444091797
PubMed,0.2,6,0.5,0.6,-0.026000022888183594
PubMed,0.2,6,0.5,0.7,-0.015999972820281982
PubMed,0.2,6,0.5,0.8,-0.015999972820281982
PubMed,0.2,6,0.5,0.9,-0.015999972820281982
PubMed,0.2,6,0.5,1.0,-0.015999972820281982
PubMed,0.2,6,0.6,0.0,-0.03100001811981201
PubMed,0.2,6,0.6,0.1,-0.0350000262260437
PubMed,0.2,6,0.6,0.2,-0.0339999794960022
PubMed,0.2,6,0.6,0.3,-0.0339999794960022
PubMed,0.2,6,0.6,0.4,-0.018000006675720215
PubMed,0.2,6,0.6,0.5,-0.013000011444091797
PubMed,0.2,6,0.6,0.6,-0.026000022888183594
PubMed,0.2,6,0.6,0.7,-0.015999972820281982
PubMed,0.2,6,0.6,0.8,-0.015999972820281982
PubMed,0.2,6,0.6,0.9,-0.015999972820281982
PubMed,0.2,6,0.6,1.0,-0.015999972820281982
PubMed,0.2,6,0.7,0.0,-0.03100001811981201
PubMed,0.2,6,0.7,0.1,-0.0350000262260437
PubMed,0.2,6,0.7,0.2,-0.0339999794960022
PubMed,0.2,6,0.7,0.3,-0.0339999794960022
PubMed,0.2,6,0.7,0.4,-0.018000006675720215
PubMed,0.2,6,0.7,0.5,-0.013000011444091797
PubMed,0.2,6,0.7,0.6,-0.026000022888183594
PubMed,0.2,6,0.7,0.7,-0.015999972820281982
PubMed,0.2,6,0.7,0.8,-0.015999972820281982
PubMed,0.2,6,0.7,0.9,-0.015999972820281982
PubMed,0.2,6,0.7,1.0,-0.015999972820281982
PubMed,0.2,6,0.8,0.0,-0.03100001811981201
PubMed,0.2,6,0.8,0.1,-0.0350000262260437
PubMed,0.2,6,0.8,0.2,-0.0339999794960022
PubMed,0.2,6,0.8,0.3,-0.0339999794960022
PubMed,0.2,6,0.8,0.4,-0.018000006675720215
PubMed,0.2,6,0.8,0.5,-0.013000011444091797
PubMed,0.2,6,0.8,0.6,-0.026000022888183594
PubMed,0.2,6,0.8,0.7,-0.015999972820281982
PubMed,0.2,6,0.8,0.8,-0.015999972820281982
PubMed,0.2,6,0.8,0.9,-0.015999972820281982
PubMed,0.2,6,0.8,1.0,-0.015999972820281982
PubMed,0.2,6,0.9,0.0,-0.03100001811981201
PubMed,0.2,6,0.9,0.1,-0.0350000262260437
PubMed,0.2,6,0.9,0.2,-0.0339999794960022
PubMed,0.2,6,0.9,0.3,-0.0339999794960022
PubMed,0.2,6,0.9,0.4,-0.018000006675720215
PubMed,0.2,6,0.9,0.5,-0.013000011444091797
PubMed,0.2,6,0.9,0.6,-0.026000022888183594
PubMed,0.2,6,0.9,0.7,-0.015999972820281982
PubMed,0.2,6,0.9,0.8,-0.015999972820281982
PubMed,0.2,6,0.9,0.9,-0.015999972820281982
PubMed,0.2,6,0.9,1.0,-0.015999972820281982
PubMed,0.2,6,1.0,0.0,-0.03100001811981201
PubMed,0.2,6,1.0,0.1,-0.0350000262260437
PubMed,0.2,6,1.0,0.2,-0.0339999794960022
PubMed,0.2,6,1.0,0.3,-0.0339999794960022
PubMed,0.2,6,1.0,0.4,-0.018000006675720215
PubMed,0.2,6,1.0,0.5,-0.013000011444091797
PubMed,0.2,6,1.0,0.6,-0.026000022888183594
PubMed,0.2,6,1.0,0.7,-0.015999972820281982
PubMed,0.2,6,1.0,0.8,-0.015999972820281982
PubMed,0.2,6,1.0,0.9,-0.015999972820281982
PubMed,0.2,6,1.0,1.0,-0.015999972820281982
PubMed,0.2,7,0.1,0.0,0.021000027656555176
PubMed,0.2,7,0.1,0.1,0.021000027656555176
PubMed,0.2,7,0.1,0.2,0.018000006675720215
PubMed,0.2,7,0.1,0.3,0.013000011444091797
PubMed,0.2,7,0.1,0.4,0.004999995231628418
PubMed,0.2,7,0.1,0.5,0.004999995231628418
PubMed,0.2,7,0.1,0.6,0.001000046730041504
PubMed,0.2,7,0.1,0.7,-0.006999969482421875
PubMed,0.2,7,0.1,0.8,-0.007999956607818604
PubMed,0.2,7,0.1,0.9,-0.006999969482421875
PubMed,0.2,7,0.1,1.0,-0.013999998569488525
PubMed,0.2,7,0.2,0.0,-0.0040000081062316895
PubMed,0.2,7,0.2,0.1,-0.0040000081062316895
PubMed,0.2,7,0.2,0.2,0.009000003337860107
PubMed,0.2,7,0.2,0.3,0.004999995231628418
PubMed,0.2,7,0.2,0.4,-0.004999995231628418
PubMed,0.2,7,0.2,0.5,-0.004999995231628418
PubMed,0.2,7,0.2,0.6,-0.02399998903274536
PubMed,0.2,7,0.2,0.7,-0.023000001907348633
PubMed,0.2,7,0.2,0.8,-0.023000001907348633
PubMed,0.2,7,0.2,0.9,-0.02499997615814209
PubMed,0.2,7,0.2,1.0,-0.018999993801116943
PubMed,0.2,7,0.3,0.0,-0.0040000081062316895
PubMed,0.2,7,0.3,0.1,-0.0040000081062316895
PubMed,0.2,7,0.3,0.2,0.009000003337860107
PubMed,0.2,7,0.3,0.3,0.004999995231628418
PubMed,0.2,7,0.3,0.4,-0.004999995231628418
PubMed,0.2,7,0.3,0.5,-0.004999995231628418
PubMed,0.2,7,0.3,0.6,-0.02399998903274536
PubMed,0.2,7,0.3,0.7,-0.023000001907348633
PubMed,0.2,7,0.3,0.8,-0.023000001907348633
PubMed,0.2,7,0.3,0.9,-0.02499997615814209
PubMed,0.2,7,0.3,1.0,-0.018999993801116943
PubMed,0.2,7,0.4,0.0,-0.0040000081062316895
PubMed,0.2,7,0.4,0.1,-0.0040000081062316895
PubMed,0.2,7,0.4,0.2,0.009000003337860107
PubMed,0.2,7,0.4,0.3,0.004999995231628418
PubMed,0.2,7,0.4,0.4,-0.004999995231628418
PubMed,0.2,7,0.4,0.5,-0.004999995231628418
PubMed,0.2,7,0.4,0.6,-0.02399998903274536
PubMed,0.2,7,0.4,0.7,-0.023000001907348633
PubMed,0.2,7,0.4,0.8,-0.023000001907348633
PubMed,0.2,7,0.4,0.9,-0.02499997615814209
PubMed,0.2,7,0.4,1.0,-0.018999993801116943
PubMed,0.2,7,0.5,0.0,-0.0040000081062316895
PubMed,0.2,7,0.5,0.1,-0.0040000081062316895
PubMed,0.2,7,0.5,0.2,0.009000003337860107
PubMed,0.2,7,0.5,0.3,0.004999995231628418
PubMed,0.2,7,0.5,0.4,-0.004999995231628418
PubMed,0.2,7,0.5,0.5,-0.004999995231628418
PubMed,0.2,7,0.5,0.6,-0.02399998903274536
PubMed,0.2,7,0.5,0.7,-0.023000001907348633
PubMed,0.2,7,0.5,0.8,-0.023000001907348633
PubMed,0.2,7,0.5,0.9,-0.02499997615814209
PubMed,0.2,7,0.5,1.0,-0.018999993801116943
PubMed,0.2,7,0.6,0.0,-0.0040000081062316895
PubMed,0.2,7,0.6,0.1,-0.0040000081062316895
PubMed,0.2,7,0.6,0.2,0.009000003337860107
PubMed,0.2,7,0.6,0.3,0.004999995231628418
PubMed,0.2,7,0.6,0.4,-0.004999995231628418
PubMed,0.2,7,0.6,0.5,-0.004999995231628418
PubMed,0.2,7,0.6,0.6,-0.02399998903274536
PubMed,0.2,7,0.6,0.7,-0.023000001907348633
PubMed,0.2,7,0.6,0.8,-0.023000001907348633
PubMed,0.2,7,0.6,0.9,-0.02499997615814209
PubMed,0.2,7,0.6,1.0,-0.018999993801116943
PubMed,0.2,7,0.7,0.0,-0.0040000081062316895
PubMed,0.2,7,0.7,0.1,-0.0040000081062316895
PubMed,0.2,7,0.7,0.2,0.009000003337860107
PubMed,0.2,7,0.7,0.3,0.004999995231628418
PubMed,0.2,7,0.7,0.4,-0.004999995231628418
PubMed,0.2,7,0.7,0.5,-0.004999995231628418
PubMed,0.2,7,0.7,0.6,-0.02399998903274536
PubMed,0.2,7,0.7,0.7,-0.023000001907348633
PubMed,0.2,7,0.7,0.8,-0.023000001907348633
PubMed,0.2,7,0.7,0.9,-0.02499997615814209
PubMed,0.2,7,0.7,1.0,-0.018999993801116943
PubMed,0.2,7,0.8,0.0,-0.0040000081062316895
PubMed,0.2,7,0.8,0.1,-0.0040000081062316895
PubMed,0.2,7,0.8,0.2,0.009000003337860107
PubMed,0.2,7,0.8,0.3,0.004999995231628418
PubMed,0.2,7,0.8,0.4,-0.004999995231628418
PubMed,0.2,7,0.8,0.5,-0.004999995231628418
PubMed,0.2,7,0.8,0.6,-0.02399998903274536
PubMed,0.2,7,0.8,0.7,-0.023000001907348633
PubMed,0.2,7,0.8,0.8,-0.023000001907348633
PubMed,0.2,7,0.8,0.9,-0.02499997615814209
PubMed,0.2,7,0.8,1.0,-0.018999993801116943
PubMed,0.2,7,0.9,0.0,-0.0040000081062316895
PubMed,0.2,7,0.9,0.1,-0.0040000081062316895
PubMed,0.2,7,0.9,0.2,0.009000003337860107
PubMed,0.2,7,0.9,0.3,0.004999995231628418
PubMed,0.2,7,0.9,0.4,-0.004999995231628418
PubMed,0.2,7,0.9,0.5,-0.004999995231628418
PubMed,0.2,7,0.9,0.6,-0.02399998903274536
PubMed,0.2,7,0.9,0.7,-0.023000001907348633
PubMed,0.2,7,0.9,0.8,-0.023000001907348633
PubMed,0.2,7,0.9,0.9,-0.02499997615814209
PubMed,0.2,7,0.9,1.0,-0.018999993801116943
PubMed,0.2,7,1.0,0.0,-0.0040000081062316895
PubMed,0.2,7,1.0,0.1,-0.0040000081062316895
PubMed,0.2,7,1.0,0.2,0.009000003337860107
PubMed,0.2,7,1.0,0.3,0.004999995231628418
PubMed,0.2,7,1.0,0.4,-0.004999995231628418
PubMed,0.2,7,1.0,0.5,-0.004999995231628418
PubMed,0.2,7,1.0,0.6,-0.02399998903274536
PubMed,0.2,7,1.0,0.7,-0.023000001907348633
PubMed,0.2,7,1.0,0.8,-0.023000001907348633
PubMed,0.2,7,1.0,0.9,-0.02499997615814209
PubMed,0.2,7,1.0,1.0,-0.018999993801116943
PubMed,0.2,8,0.1,0.0,0.020000040531158447
PubMed,0.2,8,0.1,0.1,0.020000040531158447
PubMed,0.2,8,0.1,0.2,0.01500004529953003
PubMed,0.2,8,0.1,0.3,0.01100003719329834
PubMed,0.2,8,0.1,0.4,0.009999990463256836
PubMed,0.2,8,0.1,0.5,0.009999990463256836
PubMed,0.2,8,0.1,0.6,0.008000016212463379
PubMed,0.2,8,0.1,0.7,0.008000016212463379
PubMed,0.2,8,0.1,0.8,0.01100003719329834
PubMed,0.2,8,0.1,0.9,0.004999995231628418
PubMed,0.2,8,0.1,1.0,0.006000041961669922
PubMed,0.2,8,0.2,0.0,-0.038999974727630615
PubMed,0.2,8,0.2,0.1,-0.038999974727630615
PubMed,0.2,8,0.2,0.2,-0.030999958515167236
PubMed,0.2,8,0.2,0.3,-0.034999966621398926
PubMed,0.2,8,0.2,0.4,-0.03799998760223389
PubMed,0.2,8,0.2,0.5,-0.03799998760223389
PubMed,0.2,8,0.2,0.6,-0.034999966621398926
PubMed,0.2,8,0.2,0.7,-0.0339999794960022
PubMed,0.2,8,0.2,0.8,-0.03299999237060547
PubMed,0.2,8,0.2,0.9,-0.03299999237060547
PubMed,0.2,8,0.2,1.0,-0.03200000524520874
PubMed,0.2,8,0.3,0.0,-0.038999974727630615
PubMed,0.2,8,0.3,0.1,-0.038999974727630615
PubMed,0.2,8,0.3,0.2,-0.030999958515167236
PubMed,0.2,8,0.3,0.3,-0.034999966621398926
PubMed,0.2,8,0.3,0.4,-0.03799998760223389
PubMed,0.2,8,0.3,0.5,-0.03799998760223389
PubMed,0.2,8,0.3,0.6,-0.034999966621398926
PubMed,0.2,8,0.3,0.7,-0.0339999794960022
PubMed,0.2,8,0.3,0.8,-0.03299999237060547
PubMed,0.2,8,0.3,0.9,-0.03299999237060547
PubMed,0.2,8,0.3,1.0,-0.03200000524520874
PubMed,0.2,8,0.4,0.0,-0.038999974727630615
PubMed,0.2,8,0.4,0.1,-0.038999974727630615
PubMed,0.2,8,0.4,0.2,-0.030999958515167236
PubMed,0.2,8,0.4,0.3,-0.034999966621398926
PubMed,0.2,8,0.4,0.4,-0.03799998760223389
PubMed,0.2,8,0.4,0.5,-0.03799998760223389
PubMed,0.2,8,0.4,0.6,-0.034999966621398926
PubMed,0.2,8,0.4,0.7,-0.0339999794960022
PubMed,0.2,8,0.4,0.8,-0.03299999237060547
PubMed,0.2,8,0.4,0.9,-0.03299999237060547
PubMed,0.2,8,0.4,1.0,-0.03200000524520874
PubMed,0.2,8,0.5,0.0,-0.038999974727630615
PubMed,0.2,8,0.5,0.1,-0.038999974727630615
PubMed,0.2,8,0.5,0.2,-0.030999958515167236
PubMed,0.2,8,0.5,0.3,-0.034999966621398926
PubMed,0.2,8,0.5,0.4,-0.03799998760223389
PubMed,0.2,8,0.5,0.5,-0.03799998760223389
PubMed,0.2,8,0.5,0.6,-0.034999966621398926
PubMed,0.2,8,0.5,0.7,-0.0339999794960022
PubMed,0.2,8,0.5,0.8,-0.03299999237060547
PubMed,0.2,8,0.5,0.9,-0.03299999237060547
PubMed,0.2,8,0.5,1.0,-0.03200000524520874
PubMed,0.2,8,0.6,0.0,-0.038999974727630615
PubMed,0.2,8,0.6,0.1,-0.038999974727630615
PubMed,0.2,8,0.6,0.2,-0.030999958515167236
PubMed,0.2,8,0.6,0.3,-0.034999966621398926
PubMed,0.2,8,0.6,0.4,-0.03799998760223389
PubMed,0.2,8,0.6,0.5,-0.03799998760223389
PubMed,0.2,8,0.6,0.6,-0.034999966621398926
PubMed,0.2,8,0.6,0.7,-0.0339999794960022
PubMed,0.2,8,0.6,0.8,-0.03299999237060547
PubMed,0.2,8,0.6,0.9,-0.03299999237060547
PubMed,0.2,8,0.6,1.0,-0.03200000524520874
PubMed,0.2,8,0.7,0.0,-0.038999974727630615
PubMed,0.2,8,0.7,0.1,-0.038999974727630615
PubMed,0.2,8,0.7,0.2,-0.030999958515167236
PubMed,0.2,8,0.7,0.3,-0.034999966621398926
PubMed,0.2,8,0.7,0.4,-0.03799998760223389
PubMed,0.2,8,0.7,0.5,-0.03799998760223389
PubMed,0.2,8,0.7,0.6,-0.034999966621398926
PubMed,0.2,8,0.7,0.7,-0.0339999794960022
PubMed,0.2,8,0.7,0.8,-0.03299999237060547
PubMed,0.2,8,0.7,0.9,-0.03299999237060547
PubMed,0.2,8,0.7,1.0,-0.03200000524520874
PubMed,0.2,8,0.8,0.0,-0.038999974727630615
PubMed,0.2,8,0.8,0.1,-0.038999974727630615
PubMed,0.2,8,0.8,0.2,-0.030999958515167236
PubMed,0.2,8,0.8,0.3,-0.034999966621398926
PubMed,0.2,8,0.8,0.4,-0.03799998760223389
PubMed,0.2,8,0.8,0.5,-0.03799998760223389
PubMed,0.2,8,0.8,0.6,-0.034999966621398926
PubMed,0.2,8,0.8,0.7,-0.0339999794960022
PubMed,0.2,8,0.8,0.8,-0.03299999237060547
PubMed,0.2,8,0.8,0.9,-0.03299999237060547
PubMed,0.2,8,0.8,1.0,-0.03200000524520874
PubMed,0.2,8,0.9,0.0,-0.038999974727630615
PubMed,0.2,8,0.9,0.1,-0.038999974727630615
PubMed,0.2,8,0.9,0.2,-0.030999958515167236
PubMed,0.2,8,0.9,0.3,-0.034999966621398926
PubMed,0.2,8,0.9,0.4,-0.03799998760223389
PubMed,0.2,8,0.9,0.5,-0.03799998760223389
PubMed,0.2,8,0.9,0.6,-0.034999966621398926
PubMed,0.2,8,0.9,0.7,-0.0339999794960022
PubMed,0.2,8,0.9,0.8,-0.03299999237060547
PubMed,0.2,8,0.9,0.9,-0.03299999237060547
PubMed,0.2,8,0.9,1.0,-0.03200000524520874
PubMed,0.2,8,1.0,0.0,-0.038999974727630615
PubMed,0.2,8,1.0,0.1,-0.038999974727630615
PubMed,0.2,8,1.0,0.2,-0.030999958515167236
PubMed,0.2,8,1.0,0.3,-0.034999966621398926
PubMed,0.2,8,1.0,0.4,-0.03799998760223389
PubMed,0.2,8,1.0,0.5,-0.03799998760223389
PubMed,0.2,8,1.0,0.6,-0.034999966621398926
PubMed,0.2,8,1.0,0.7,-0.0339999794960022
PubMed,0.2,8,1.0,0.8,-0.03299999237060547
PubMed,0.2,8,1.0,0.9,-0.03299999237060547
PubMed,0.2,8,1.0,1.0,-0.03200000524520874
PubMed,0.2,9,0.1,0.0,0.09400004148483276
PubMed,0.2,9,0.1,0.1,0.09900003671646118
PubMed,0.2,9,0.1,0.2,0.09900003671646118
PubMed,0.2,9,0.1,0.3,0.09900003671646118
PubMed,0.2,9,0.1,0.4,0.10800004005432129
PubMed,0.2,9,0.1,0.5,0.10800004005432129
PubMed,0.2,9,0.1,0.6,0.10800004005432129
PubMed,0.2,9,0.1,0.7,0.10800004005432129
PubMed,0.2,9,0.1,0.8,0.10300004482269287
PubMed,0.2,9,0.1,0.9,0.10700005292892456
PubMed,0.2,9,0.1,1.0,0.10100001096725464
PubMed,0.2,9,0.2,0.0,0.06300002336502075
PubMed,0.2,9,0.2,0.1,0.054000020027160645
PubMed,0.2,9,0.2,0.2,0.054000020027160645
PubMed,0.2,9,0.2,0.3,0.054000020027160645
PubMed,0.2,9,0.2,0.4,0.07200002670288086
PubMed,0.2,9,0.2,0.5,0.07200002670288086
PubMed,0.2,9,0.2,0.6,0.07200002670288086
PubMed,0.2,9,0.2,0.7,0.07200002670288086
PubMed,0.2,9,0.2,0.8,0.06800001859664917
PubMed,0.2,9,0.2,0.9,0.06400001049041748
PubMed,0.2,9,0.2,1.0,0.06700003147125244
PubMed,0.2,9,0.3,0.0,0.05600005388259888
PubMed,0.2,9,0.3,0.1,0.054000020027160645
PubMed,0.2,9,0.3,0.2,0.054000020027160645
PubMed,0.2,9,0.3,0.3,0.054000020027160645
PubMed,0.2,9,0.3,0.4,0.05500000715255737
PubMed,0.2,9,0.3,0.5,0.05500000715255737
PubMed,0.2,9,0.3,0.6,0.05500000715255737
PubMed,0.2,9,0.3,0.7,0.05500000715255737
PubMed,0.2,9,0.3,0.8,0.033000051975250244
PubMed,0.2,9,0.3,0.9,0.03700000047683716
PubMed,0.2,9,0.3,1.0,0.03200000524520874
PubMed,0.2,9,0.4,0.0,0.024000048637390137
PubMed,0.2,9,0.4,0.1,0.017000019550323486
PubMed,0.2,9,0.4,0.2,0.017000019550323486
PubMed,0.2,9,0.4,0.3,0.017000019550323486
PubMed,0.2,9,0.4,0.4,0.016000032424926758
PubMed,0.2,9,0.4,0.5,0.016000032424926758
PubMed,0.2,9,0.4,0.6,0.016000032424926758
PubMed,0.2,9,0.4,0.7,0.016000032424926758
PubMed,0.2,9,0.4,0.8,0.013999998569488525
PubMed,0.2,9,0.4,0.9,0.01500004529953003
PubMed,0.2,9,0.4,1.0,0.023000001907348633
PubMed,0.2,9,0.5,0.0,0.024000048637390137
PubMed,0.2,9,0.5,0.1,0.017000019550323486
PubMed,0.2,9,0.5,0.2,0.017000019550323486
PubMed,0.2,9,0.5,0.3,0.017000019550323486
PubMed,0.2,9,0.5,0.4,0.016000032424926758
PubMed,0.2,9,0.5,0.5,0.016000032424926758
PubMed,0.2,9,0.5,0.6,0.016000032424926758
PubMed,0.2,9,0.5,0.7,0.016000032424926758
PubMed,0.2,9,0.5,0.8,0.013999998569488525
PubMed,0.2,9,0.5,0.9,0.01500004529953003
PubMed,0.2,9,0.5,1.0,0.023000001907348633
PubMed,0.2,9,0.6,0.0,0.024000048637390137
PubMed,0.2,9,0.6,0.1,0.017000019550323486
PubMed,0.2,9,0.6,0.2,0.017000019550323486
PubMed,0.2,9,0.6,0.3,0.017000019550323486
PubMed,0.2,9,0.6,0.4,0.016000032424926758
PubMed,0.2,9,0.6,0.5,0.016000032424926758
PubMed,0.2,9,0.6,0.6,0.016000032424926758
PubMed,0.2,9,0.6,0.7,0.016000032424926758
PubMed,0.2,9,0.6,0.8,0.013999998569488525
PubMed,0.2,9,0.6,0.9,0.01500004529953003
PubMed,0.2,9,0.6,1.0,0.023000001907348633
PubMed,0.2,9,0.7,0.0,0.024000048637390137
PubMed,0.2,9,0.7,0.1,0.017000019550323486
PubMed,0.2,9,0.7,0.2,0.017000019550323486
PubMed,0.2,9,0.7,0.3,0.017000019550323486
PubMed,0.2,9,0.7,0.4,0.016000032424926758
PubMed,0.2,9,0.7,0.5,0.016000032424926758
PubMed,0.2,9,0.7,0.6,0.016000032424926758
PubMed,0.2,9,0.7,0.7,0.016000032424926758
PubMed,0.2,9,0.7,0.8,0.013999998569488525
PubMed,0.2,9,0.7,0.9,0.01500004529953003
PubMed,0.2,9,0.7,1.0,0.023000001907348633
PubMed,0.2,9,0.8,0.0,0.024000048637390137
PubMed,0.2,9,0.8,0.1,0.017000019550323486
PubMed,0.2,9,0.8,0.2,0.017000019550323486
PubMed,0.2,9,0.8,0.3,0.017000019550323486
PubMed,0.2,9,0.8,0.4,0.016000032424926758
PubMed,0.2,9,0.8,0.5,0.016000032424926758
PubMed,0.2,9,0.8,0.6,0.016000032424926758
PubMed,0.2,9,0.8,0.7,0.016000032424926758
PubMed,0.2,9,0.8,0.8,0.013999998569488525
PubMed,0.2,9,0.8,0.9,0.01500004529953003
PubMed,0.2,9,0.8,1.0,0.023000001907348633
PubMed,0.2,9,0.9,0.0,0.024000048637390137
PubMed,0.2,9,0.9,0.1,0.017000019550323486
PubMed,0.2,9,0.9,0.2,0.017000019550323486
PubMed,0.2,9,0.9,0.3,0.017000019550323486
PubMed,0.2,9,0.9,0.4,0.016000032424926758
PubMed,0.2,9,0.9,0.5,0.016000032424926758
PubMed,0.2,9,0.9,0.6,0.016000032424926758
PubMed,0.2,9,0.9,0.7,0.016000032424926758
PubMed,0.2,9,0.9,0.8,0.013999998569488525
PubMed,0.2,9,0.9,0.9,0.01500004529953003
PubMed,0.2,9,0.9,1.0,0.023000001907348633
PubMed,0.2,9,1.0,0.0,0.024000048637390137
PubMed,0.2,9,1.0,0.1,0.017000019550323486
PubMed,0.2,9,1.0,0.2,0.017000019550323486
PubMed,0.2,9,1.0,0.3,0.017000019550323486
PubMed,0.2,9,1.0,0.4,0.016000032424926758
PubMed,0.2,9,1.0,0.5,0.016000032424926758
PubMed,0.2,9,1.0,0.6,0.016000032424926758
PubMed,0.2,9,1.0,0.7,0.016000032424926758
PubMed,0.2,9,1.0,0.8,0.013999998569488525
PubMed,0.2,9,1.0,0.9,0.01500004529953003
PubMed,0.2,9,1.0,1.0,0.023000001907348633
PubMed,0.3,0,0.1,0.0,-0.026000022888183594
PubMed,0.3,0,0.1,0.1,0.0059999823570251465
PubMed,0.3,0,0.1,0.2,0.009000003337860107
PubMed,0.3,0,0.1,0.3,0.02199995517730713
PubMed,0.3,0,0.1,0.4,0.02799999713897705
PubMed,0.3,0,0.1,0.5,0.02799999713897705
PubMed,0.3,0,0.1,0.6,0.030999958515167236
PubMed,0.3,0,0.1,0.7,0.02599996328353882
PubMed,0.3,0,0.1,0.8,0.02599996328353882
PubMed,0.3,0,0.1,0.9,0.02599996328353882
PubMed,0.3,0,0.1,1.0,0.02599996328353882
PubMed,0.3,0,0.2,0.0,0.018999993801116943
PubMed,0.3,0,0.2,0.1,0.0339999794960022
PubMed,0.3,0,0.2,0.2,0.0339999794960022
PubMed,0.3,0,0.2,0.3,0.050999999046325684
PubMed,0.3,0,0.2,0.4,0.05699998140335083
PubMed,0.3,0,0.2,0.5,0.05699998140335083
PubMed,0.3,0,0.2,0.6,0.05199998617172241
PubMed,0.3,0,0.2,0.7,0.019999980926513672
PubMed,0.3,0,0.2,0.8,0.019999980926513672
PubMed,0.3,0,0.2,0.9,0.019999980926513672
PubMed,0.3,0,0.2,1.0,0.019999980926513672
PubMed,0.3,0,0.3,0.0,0.018999993801116943
PubMed,0.3,0,0.3,0.1,0.0339999794960022
PubMed,0.3,0,0.3,0.2,0.0339999794960022
PubMed,0.3,0,0.3,0.3,0.050999999046325684
PubMed,0.3,0,0.3,0.4,0.05699998140335083
PubMed,0.3,0,0.3,0.5,0.05699998140335083
PubMed,0.3,0,0.3,0.6,0.05199998617172241
PubMed,0.3,0,0.3,0.7,0.019999980926513672
PubMed,0.3,0,0.3,0.8,0.019999980926513672
PubMed,0.3,0,0.3,0.9,0.019999980926513672
PubMed,0.3,0,0.3,1.0,0.019999980926513672
PubMed,0.3,0,0.4,0.0,0.018999993801116943
PubMed,0.3,0,0.4,0.1,0.0339999794960022
PubMed,0.3,0,0.4,0.2,0.0339999794960022
PubMed,0.3,0,0.4,0.3,0.050999999046325684
PubMed,0.3,0,0.4,0.4,0.05699998140335083
PubMed,0.3,0,0.4,0.5,0.05699998140335083
PubMed,0.3,0,0.4,0.6,0.05199998617172241
PubMed,0.3,0,0.4,0.7,0.019999980926513672
PubMed,0.3,0,0.4,0.8,0.019999980926513672
PubMed,0.3,0,0.4,0.9,0.019999980926513672
PubMed,0.3,0,0.4,1.0,0.019999980926513672
PubMed,0.3,0,0.5,0.0,0.018999993801116943
PubMed,0.3,0,0.5,0.1,0.0339999794960022
PubMed,0.3,0,0.5,0.2,0.0339999794960022
PubMed,0.3,0,0.5,0.3,0.050999999046325684
PubMed,0.3,0,0.5,0.4,0.05699998140335083
PubMed,0.3,0,0.5,0.5,0.05699998140335083
PubMed,0.3,0,0.5,0.6,0.05199998617172241
PubMed,0.3,0,0.5,0.7,0.019999980926513672
PubMed,0.3,0,0.5,0.8,0.019999980926513672
PubMed,0.3,0,0.5,0.9,0.019999980926513672
PubMed,0.3,0,0.5,1.0,0.019999980926513672
PubMed,0.3,0,0.6,0.0,0.018999993801116943
PubMed,0.3,0,0.6,0.1,0.0339999794960022
PubMed,0.3,0,0.6,0.2,0.0339999794960022
PubMed,0.3,0,0.6,0.3,0.050999999046325684
PubMed,0.3,0,0.6,0.4,0.05699998140335083
PubMed,0.3,0,0.6,0.5,0.05699998140335083
PubMed,0.3,0,0.6,0.6,0.05199998617172241
PubMed,0.3,0,0.6,0.7,0.019999980926513672
PubMed,0.3,0,0.6,0.8,0.019999980926513672
PubMed,0.3,0,0.6,0.9,0.019999980926513672
PubMed,0.3,0,0.6,1.0,0.019999980926513672
PubMed,0.3,0,0.7,0.0,0.018999993801116943
PubMed,0.3,0,0.7,0.1,0.0339999794960022
PubMed,0.3,0,0.7,0.2,0.0339999794960022
PubMed,0.3,0,0.7,0.3,0.050999999046325684
PubMed,0.3,0,0.7,0.4,0.05699998140335083
PubMed,0.3,0,0.7,0.5,0.05699998140335083
PubMed,0.3,0,0.7,0.6,0.05199998617172241
PubMed,0.3,0,0.7,0.7,0.019999980926513672
PubMed,0.3,0,0.7,0.8,0.019999980926513672
PubMed,0.3,0,0.7,0.9,0.019999980926513672
PubMed,0.3,0,0.7,1.0,0.019999980926513672
PubMed,0.3,0,0.8,0.0,0.018999993801116943
PubMed,0.3,0,0.8,0.1,0.0339999794960022
PubMed,0.3,0,0.8,0.2,0.0339999794960022
PubMed,0.3,0,0.8,0.3,0.050999999046325684
PubMed,0.3,0,0.8,0.4,0.05699998140335083
PubMed,0.3,0,0.8,0.5,0.05699998140335083
PubMed,0.3,0,0.8,0.6,0.05199998617172241
PubMed,0.3,0,0.8,0.7,0.019999980926513672
PubMed,0.3,0,0.8,0.8,0.019999980926513672
PubMed,0.3,0,0.8,0.9,0.019999980926513672
PubMed,0.3,0,0.8,1.0,0.019999980926513672
PubMed,0.3,0,0.9,0.0,0.018999993801116943
PubMed,0.3,0,0.9,0.1,0.0339999794960022
PubMed,0.3,0,0.9,0.2,0.0339999794960022
PubMed,0.3,0,0.9,0.3,0.050999999046325684
PubMed,0.3,0,0.9,0.4,0.05699998140335083
PubMed,0.3,0,0.9,0.5,0.05699998140335083
PubMed,0.3,0,0.9,0.6,0.05199998617172241
PubMed,0.3,0,0.9,0.7,0.019999980926513672
PubMed,0.3,0,0.9,0.8,0.019999980926513672
PubMed,0.3,0,0.9,0.9,0.019999980926513672
PubMed,0.3,0,0.9,1.0,0.019999980926513672
PubMed,0.3,0,1.0,0.0,0.018999993801116943
PubMed,0.3,0,1.0,0.1,0.0339999794960022
PubMed,0.3,0,1.0,0.2,0.0339999794960022
PubMed,0.3,0,1.0,0.3,0.050999999046325684
PubMed,0.3,0,1.0,0.4,0.05699998140335083
PubMed,0.3,0,1.0,0.5,0.05699998140335083
PubMed,0.3,0,1.0,0.6,0.05199998617172241
PubMed,0.3,0,1.0,0.7,0.019999980926513672
PubMed,0.3,0,1.0,0.8,0.019999980926513672
PubMed,0.3,0,1.0,0.9,0.019999980926513672
PubMed,0.3,0,1.0,1.0,0.019999980926513672
PubMed,0.3,1,0.1,0.0,0.03800004720687866
PubMed,0.3,1,0.1,0.1,0.03800004720687866
PubMed,0.3,1,0.1,0.2,0.03600001335144043
PubMed,0.3,1,0.1,0.3,0.03600001335144043
PubMed,0.3,1,0.1,0.4,0.03800004720687866
PubMed,0.3,1,0.1,0.5,0.04300004243850708
PubMed,0.3,1,0.1,0.6,0.04300004243850708
PubMed,0.3,1,0.1,0.7,0.03900003433227539
PubMed,0.3,1,0.1,0.8,0.033000051975250244
PubMed,0.3,1,0.1,0.9,0.041999995708465576
PubMed,0.3,1,0.1,1.0,0.041999995708465576
PubMed,0.3,1,0.2,0.0,0.009000003337860107
PubMed,0.3,1,0.2,0.1,0.009000003337860107
PubMed,0.3,1,0.2,0.2,0.012000024318695068
PubMed,0.3,1,0.2,0.3,0.012000024318695068
PubMed,0.3,1,0.2,0.4,0.017000019550323486
PubMed,0.3,1,0.2,0.5,0.017000019550323486
PubMed,0.3,1,0.2,0.6,0.017000019550323486
PubMed,0.3,1,0.2,0.7,0.016000032424926758
PubMed,0.3,1,0.2,0.8,0.01100003719329834
PubMed,0.3,1,0.2,0.9,0.009000003337860107
PubMed,0.3,1,0.2,1.0,0.009000003337860107
PubMed,0.3,1,0.3,0.0,0.009000003337860107
PubMed,0.3,1,0.3,0.1,0.009000003337860107
PubMed,0.3,1,0.3,0.2,0.012000024318695068
PubMed,0.3,1,0.3,0.3,0.012000024318695068
PubMed,0.3,1,0.3,0.4,0.017000019550323486
PubMed,0.3,1,0.3,0.5,0.017000019550323486
PubMed,0.3,1,0.3,0.6,0.017000019550323486
PubMed,0.3,1,0.3,0.7,0.016000032424926758
PubMed,0.3,1,0.3,0.8,0.01100003719329834
PubMed,0.3,1,0.3,0.9,0.009000003337860107
PubMed,0.3,1,0.3,1.0,0.009000003337860107
PubMed,0.3,1,0.4,0.0,0.009000003337860107
PubMed,0.3,1,0.4,0.1,0.009000003337860107
PubMed,0.3,1,0.4,0.2,0.012000024318695068
PubMed,0.3,1,0.4,0.3,0.012000024318695068
PubMed,0.3,1,0.4,0.4,0.017000019550323486
PubMed,0.3,1,0.4,0.5,0.017000019550323486
PubMed,0.3,1,0.4,0.6,0.017000019550323486
PubMed,0.3,1,0.4,0.7,0.016000032424926758
PubMed,0.3,1,0.4,0.8,0.01100003719329834
PubMed,0.3,1,0.4,0.9,0.009000003337860107
PubMed,0.3,1,0.4,1.0,0.009000003337860107
PubMed,0.3,1,0.5,0.0,0.009000003337860107
PubMed,0.3,1,0.5,0.1,0.009000003337860107
PubMed,0.3,1,0.5,0.2,0.012000024318695068
PubMed,0.3,1,0.5,0.3,0.012000024318695068
PubMed,0.3,1,0.5,0.4,0.017000019550323486
PubMed,0.3,1,0.5,0.5,0.017000019550323486
PubMed,0.3,1,0.5,0.6,0.017000019550323486
PubMed,0.3,1,0.5,0.7,0.016000032424926758
PubMed,0.3,1,0.5,0.8,0.01100003719329834
PubMed,0.3,1,0.5,0.9,0.009000003337860107
PubMed,0.3,1,0.5,1.0,0.009000003337860107
PubMed,0.3,1,0.6,0.0,0.009000003337860107
PubMed,0.3,1,0.6,0.1,0.009000003337860107
PubMed,0.3,1,0.6,0.2,0.012000024318695068
PubMed,0.3,1,0.6,0.3,0.012000024318695068
PubMed,0.3,1,0.6,0.4,0.017000019550323486
PubMed,0.3,1,0.6,0.5,0.017000019550323486
PubMed,0.3,1,0.6,0.6,0.017000019550323486
PubMed,0.3,1,0.6,0.7,0.016000032424926758
PubMed,0.3,1,0.6,0.8,0.01100003719329834
PubMed,0.3,1,0.6,0.9,0.009000003337860107
PubMed,0.3,1,0.6,1.0,0.009000003337860107
PubMed,0.3,1,0.7,0.0,0.009000003337860107
PubMed,0.3,1,0.7,0.1,0.009000003337860107
PubMed,0.3,1,0.7,0.2,0.012000024318695068
PubMed,0.3,1,0.7,0.3,0.012000024318695068
PubMed,0.3,1,0.7,0.4,0.017000019550323486
PubMed,0.3,1,0.7,0.5,0.017000019550323486
PubMed,0.3,1,0.7,0.6,0.017000019550323486
PubMed,0.3,1,0.7,0.7,0.016000032424926758
PubMed,0.3,1,0.7,0.8,0.01100003719329834
PubMed,0.3,1,0.7,0.9,0.009000003337860107
PubMed,0.3,1,0.7,1.0,0.009000003337860107
PubMed,0.3,1,0.8,0.0,0.009000003337860107
PubMed,0.3,1,0.8,0.1,0.009000003337860107
PubMed,0.3,1,0.8,0.2,0.012000024318695068
PubMed,0.3,1,0.8,0.3,0.012000024318695068
PubMed,0.3,1,0.8,0.4,0.017000019550323486
PubMed,0.3,1,0.8,0.5,0.017000019550323486
PubMed,0.3,1,0.8,0.6,0.017000019550323486
PubMed,0.3,1,0.8,0.7,0.016000032424926758
PubMed,0.3,1,0.8,0.8,0.01100003719329834
PubMed,0.3,1,0.8,0.9,0.009000003337860107
PubMed,0.3,1,0.8,1.0,0.009000003337860107
PubMed,0.3,1,0.9,0.0,0.009000003337860107
PubMed,0.3,1,0.9,0.1,0.009000003337860107
PubMed,0.3,1,0.9,0.2,0.012000024318695068
PubMed,0.3,1,0.9,0.3,0.012000024318695068
PubMed,0.3,1,0.9,0.4,0.017000019550323486
PubMed,0.3,1,0.9,0.5,0.017000019550323486
PubMed,0.3,1,0.9,0.6,0.017000019550323486
PubMed,0.3,1,0.9,0.7,0.016000032424926758
PubMed,0.3,1,0.9,0.8,0.01100003719329834
PubMed,0.3,1,0.9,0.9,0.009000003337860107
PubMed,0.3,1,0.9,1.0,0.009000003337860107
PubMed,0.3,1,1.0,0.0,0.009000003337860107
PubMed,0.3,1,1.0,0.1,0.009000003337860107
PubMed,0.3,1,1.0,0.2,0.012000024318695068
PubMed,0.3,1,1.0,0.3,0.012000024318695068
PubMed,0.3,1,1.0,0.4,0.017000019550323486
PubMed,0.3,1,1.0,0.5,0.017000019550323486
PubMed,0.3,1,1.0,0.6,0.017000019550323486
PubMed,0.3,1,1.0,0.7,0.016000032424926758
PubMed,0.3,1,1.0,0.8,0.01100003719329834
PubMed,0.3,1,1.0,0.9,0.009000003337860107
PubMed,0.3,1,1.0,1.0,0.009000003337860107
PubMed,0.3,2,0.1,0.0,0.10600000619888306
PubMed,0.3,2,0.1,0.1,0.10300004482269287
PubMed,0.3,2,0.1,0.2,0.10699999332427979
PubMed,0.3,2,0.1,0.3,0.09600001573562622
PubMed,0.3,2,0.1,0.4,0.10699999332427979
PubMed,0.3,2,0.1,0.5,0.10600000619888306
PubMed,0.3,2,0.1,0.6,0.09400004148483276
PubMed,0.3,2,0.1,0.7,0.09400004148483276
PubMed,0.3,2,0.1,0.8,0.09200000762939453
PubMed,0.3,2,0.1,0.9,0.09200000762939453
PubMed,0.3,2,0.1,1.0,0.08600002527236938
PubMed,0.3,2,0.2,0.0,0.09200000762939453
PubMed,0.3,2,0.2,0.1,0.07700002193450928
PubMed,0.3,2,0.2,0.2,0.07700002193450928
PubMed,0.3,2,0.2,0.3,0.07400000095367432
PubMed,0.3,2,0.2,0.4,0.0820000171661377
PubMed,0.3,2,0.2,0.5,0.09799998998641968
PubMed,0.3,2,0.2,0.6,0.07899999618530273
PubMed,0.3,2,0.2,0.7,0.07899999618530273
PubMed,0.3,2,0.2,0.8,0.07600003480911255
PubMed,0.3,2,0.2,0.9,0.08500003814697266
PubMed,0.3,2,0.2,1.0,0.078000009059906
PubMed,0.3,2,0.3,0.0,0.09200000762939453
PubMed,0.3,2,0.3,0.1,0.07700002193450928
PubMed,0.3,2,0.3,0.2,0.07700002193450928
PubMed,0.3,2,0.3,0.3,0.07400000095367432
PubMed,0.3,2,0.3,0.4,0.0820000171661377
PubMed,0.3,2,0.3,0.5,0.09799998998641968
PubMed,0.3,2,0.3,0.6,0.07899999618530273
PubMed,0.3,2,0.3,0.7,0.07899999618530273
PubMed,0.3,2,0.3,0.8,0.07600003480911255
PubMed,0.3,2,0.3,0.9,0.08500003814697266
PubMed,0.3,2,0.3,1.0,0.078000009059906
PubMed,0.3,2,0.4,0.0,0.07600003480911255
PubMed,0.3,2,0.4,0.1,0.08000004291534424
PubMed,0.3,2,0.4,0.2,0.078000009059906
PubMed,0.3,2,0.4,0.3,0.08100003004074097
PubMed,0.3,2,0.4,0.4,0.08700001239776611
PubMed,0.3,2,0.4,0.5,0.08500003814697266
PubMed,0.3,2,0.4,0.6,0.08300000429153442
PubMed,0.3,2,0.4,0.7,0.08300000429153442
PubMed,0.3,2,0.4,0.8,0.08600002527236938
PubMed,0.3,2,0.4,0.9,0.08900004625320435
PubMed,0.3,2,0.4,1.0,0.07600003480911255
PubMed,0.3,2,0.5,0.0,0.07600003480911255
PubMed,0.3,2,0.5,0.1,0.08000004291534424
PubMed,0.3,2,0.5,0.2,0.078000009059906
PubMed,0.3,2,0.5,0.3,0.08100003004074097
PubMed,0.3,2,0.5,0.4,0.08700001239776611
PubMed,0.3,2,0.5,0.5,0.08500003814697266
PubMed,0.3,2,0.5,0.6,0.08300000429153442
PubMed,0.3,2,0.5,0.7,0.08300000429153442
PubMed,0.3,2,0.5,0.8,0.08600002527236938
PubMed,0.3,2,0.5,0.9,0.08900004625320435
PubMed,0.3,2,0.5,1.0,0.07600003480911255
PubMed,0.3,2,0.6,0.0,0.07600003480911255
PubMed,0.3,2,0.6,0.1,0.08000004291534424
PubMed,0.3,2,0.6,0.2,0.078000009059906
PubMed,0.3,2,0.6,0.3,0.08100003004074097
PubMed,0.3,2,0.6,0.4,0.08700001239776611
PubMed,0.3,2,0.6,0.5,0.08500003814697266
PubMed,0.3,2,0.6,0.6,0.08300000429153442
PubMed,0.3,2,0.6,0.7,0.08300000429153442
PubMed,0.3,2,0.6,0.8,0.08600002527236938
PubMed,0.3,2,0.6,0.9,0.08900004625320435
PubMed,0.3,2,0.6,1.0,0.07600003480911255
PubMed,0.3,2,0.7,0.0,0.07600003480911255
PubMed,0.3,2,0.7,0.1,0.08000004291534424
PubMed,0.3,2,0.7,0.2,0.078000009059906
PubMed,0.3,2,0.7,0.3,0.08100003004074097
PubMed,0.3,2,0.7,0.4,0.08700001239776611
PubMed,0.3,2,0.7,0.5,0.08500003814697266
PubMed,0.3,2,0.7,0.6,0.08300000429153442
PubMed,0.3,2,0.7,0.7,0.08300000429153442
PubMed,0.3,2,0.7,0.8,0.08600002527236938
PubMed,0.3,2,0.7,0.9,0.08900004625320435
PubMed,0.3,2,0.7,1.0,0.07600003480911255
PubMed,0.3,2,0.8,0.0,0.07600003480911255
PubMed,0.3,2,0.8,0.1,0.08000004291534424
PubMed,0.3,2,0.8,0.2,0.078000009059906
PubMed,0.3,2,0.8,0.3,0.08100003004074097
PubMed,0.3,2,0.8,0.4,0.08700001239776611
PubMed,0.3,2,0.8,0.5,0.08500003814697266
PubMed,0.3,2,0.8,0.6,0.08300000429153442
PubMed,0.3,2,0.8,0.7,0.08300000429153442
PubMed,0.3,2,0.8,0.8,0.08600002527236938
PubMed,0.3,2,0.8,0.9,0.08900004625320435
PubMed,0.3,2,0.8,1.0,0.07600003480911255
PubMed,0.3,2,0.9,0.0,0.07600003480911255
PubMed,0.3,2,0.9,0.1,0.08000004291534424
PubMed,0.3,2,0.9,0.2,0.078000009059906
PubMed,0.3,2,0.9,0.3,0.08100003004074097
PubMed,0.3,2,0.9,0.4,0.08700001239776611
PubMed,0.3,2,0.9,0.5,0.08500003814697266
PubMed,0.3,2,0.9,0.6,0.08300000429153442
PubMed,0.3,2,0.9,0.7,0.08300000429153442
PubMed,0.3,2,0.9,0.8,0.08600002527236938
PubMed,0.3,2,0.9,0.9,0.08900004625320435
PubMed,0.3,2,0.9,1.0,0.07600003480911255
PubMed,0.3,2,1.0,0.0,0.07600003480911255
PubMed,0.3,2,1.0,0.1,0.08000004291534424
PubMed,0.3,2,1.0,0.2,0.078000009059906
PubMed,0.3,2,1.0,0.3,0.08100003004074097
PubMed,0.3,2,1.0,0.4,0.08700001239776611
PubMed,0.3,2,1.0,0.5,0.08500003814697266
PubMed,0.3,2,1.0,0.6,0.08300000429153442
PubMed,0.3,2,1.0,0.7,0.08300000429153442
PubMed,0.3,2,1.0,0.8,0.08600002527236938
PubMed,0.3,2,1.0,0.9,0.08900004625320435
PubMed,0.3,2,1.0,1.0,0.07600003480911255
PubMed,0.3,3,0.1,0.0,0.12000000476837158
PubMed,0.3,3,0.1,0.1,0.12000000476837158
PubMed,0.3,3,0.1,0.2,0.11100000143051147
PubMed,0.3,3,0.1,0.3,0.11100000143051147
PubMed,0.3,3,0.1,0.4,0.12000000476837158
PubMed,0.3,3,0.1,0.5,0.12000000476837158
PubMed,0.3,3,0.1,0.6,0.11300003528594971
PubMed,0.3,3,0.1,0.7,0.11300003528594971
PubMed,0.3,3,0.1,0.8,0.11300003528594971
PubMed,0.3,3,0.1,0.9,0.11300003528594971
PubMed,0.3,3,0.1,1.0,0.11000001430511475
PubMed,0.3,3,0.2,0.0,0.08799999952316284
PubMed,0.3,3,0.2,0.1,0.08799999952316284
PubMed,0.3,3,0.2,0.2,0.07400000095367432
PubMed,0.3,3,0.2,0.3,0.07400000095367432
PubMed,0.3,3,0.2,0.4,0.09200000762939453
PubMed,0.3,3,0.2,0.5,0.09200000762939453
PubMed,0.3,3,0.2,0.6,0.09700000286102295
PubMed,0.3,3,0.2,0.7,0.09700000286102295
PubMed,0.3,3,0.2,0.8,0.09700000286102295
PubMed,0.3,3,0.2,0.9,0.09700000286102295
PubMed,0.3,3,0.2,1.0,0.09299999475479126
PubMed,0.3,3,0.3,0.0,0.078000009059906
PubMed,0.3,3,0.3,0.1,0.078000009059906
PubMed,0.3,3,0.3,0.2,0.07499998807907104
PubMed,0.3,3,0.3,0.3,0.07499998807907104
PubMed,0.3,3,0.3,0.4,0.09299999475479126
PubMed,0.3,3,0.3,0.5,0.09299999475479126
PubMed,0.3,3,0.3,0.6,0.08500003814697266
PubMed,0.3,3,0.3,0.7,0.08500003814697266
PubMed,0.3,3,0.3,0.8,0.08500003814697266
PubMed,0.3,3,0.3,0.9,0.08500003814697266
PubMed,0.3,3,0.3,1.0,0.08600002527236938
PubMed,0.3,3,0.4,0.0,0.078000009059906
PubMed,0.3,3,0.4,0.1,0.078000009059906
PubMed,0.3,3,0.4,0.2,0.07499998807907104
PubMed,0.3,3,0.4,0.3,0.07499998807907104
PubMed,0.3,3,0.4,0.4,0.09299999475479126
PubMed,0.3,3,0.4,0.5,0.09299999475479126
PubMed,0.3,3,0.4,0.6,0.08500003814697266
PubMed,0.3,3,0.4,0.7,0.08500003814697266
PubMed,0.3,3,0.4,0.8,0.08500003814697266
PubMed,0.3,3,0.4,0.9,0.08500003814697266
PubMed,0.3,3,0.4,1.0,0.08600002527236938
PubMed,0.3,3,0.5,0.0,0.078000009059906
PubMed,0.3,3,0.5,0.1,0.078000009059906
PubMed,0.3,3,0.5,0.2,0.07499998807907104
PubMed,0.3,3,0.5,0.3,0.07499998807907104
PubMed,0.3,3,0.5,0.4,0.09299999475479126
PubMed,0.3,3,0.5,0.5,0.09299999475479126
PubMed,0.3,3,0.5,0.6,0.08500003814697266
PubMed,0.3,3,0.5,0.7,0.08500003814697266
PubMed,0.3,3,0.5,0.8,0.08500003814697266
PubMed,0.3,3,0.5,0.9,0.08500003814697266
PubMed,0.3,3,0.5,1.0,0.08600002527236938
PubMed,0.3,3,0.6,0.0,0.078000009059906
PubMed,0.3,3,0.6,0.1,0.078000009059906
PubMed,0.3,3,0.6,0.2,0.07499998807907104
PubMed,0.3,3,0.6,0.3,0.07499998807907104
PubMed,0.3,3,0.6,0.4,0.09299999475479126
PubMed,0.3,3,0.6,0.5,0.09299999475479126
PubMed,0.3,3,0.6,0.6,0.08500003814697266
PubMed,0.3,3,0.6,0.7,0.08500003814697266
PubMed,0.3,3,0.6,0.8,0.08500003814697266
PubMed,0.3,3,0.6,0.9,0.08500003814697266
PubMed,0.3,3,0.6,1.0,0.08600002527236938
PubMed,0.3,3,0.7,0.0,0.078000009059906
PubMed,0.3,3,0.7,0.1,0.078000009059906
PubMed,0.3,3,0.7,0.2,0.07499998807907104
PubMed,0.3,3,0.7,0.3,0.07499998807907104
PubMed,0.3,3,0.7,0.4,0.09299999475479126
PubMed,0.3,3,0.7,0.5,0.09299999475479126
PubMed,0.3,3,0.7,0.6,0.08500003814697266
PubMed,0.3,3,0.7,0.7,0.08500003814697266
PubMed,0.3,3,0.7,0.8,0.08500003814697266
PubMed,0.3,3,0.7,0.9,0.08500003814697266
PubMed,0.3,3,0.7,1.0,0.08600002527236938
PubMed,0.3,3,0.8,0.0,0.078000009059906
PubMed,0.3,3,0.8,0.1,0.078000009059906
PubMed,0.3,3,0.8,0.2,0.07499998807907104
PubMed,0.3,3,0.8,0.3,0.07499998807907104
PubMed,0.3,3,0.8,0.4,0.09299999475479126
PubMed,0.3,3,0.8,0.5,0.09299999475479126
PubMed,0.3,3,0.8,0.6,0.08500003814697266
PubMed,0.3,3,0.8,0.7,0.08500003814697266
PubMed,0.3,3,0.8,0.8,0.08500003814697266
PubMed,0.3,3,0.8,0.9,0.08500003814697266
PubMed,0.3,3,0.8,1.0,0.08600002527236938
PubMed,0.3,3,0.9,0.0,0.078000009059906
PubMed,0.3,3,0.9,0.1,0.078000009059906
PubMed,0.3,3,0.9,0.2,0.07499998807907104
PubMed,0.3,3,0.9,0.3,0.07499998807907104
PubMed,0.3,3,0.9,0.4,0.09299999475479126
PubMed,0.3,3,0.9,0.5,0.09299999475479126
PubMed,0.3,3,0.9,0.6,0.08500003814697266
PubMed,0.3,3,0.9,0.7,0.08500003814697266
PubMed,0.3,3,0.9,0.8,0.08500003814697266
PubMed,0.3,3,0.9,0.9,0.08500003814697266
PubMed,0.3,3,0.9,1.0,0.08600002527236938
PubMed,0.3,3,1.0,0.0,0.078000009059906
PubMed,0.3,3,1.0,0.1,0.078000009059906
PubMed,0.3,3,1.0,0.2,0.07499998807907104
PubMed,0.3,3,1.0,0.3,0.07499998807907104
PubMed,0.3,3,1.0,0.4,0.09299999475479126
PubMed,0.3,3,1.0,0.5,0.09299999475479126
PubMed,0.3,3,1.0,0.6,0.08500003814697266
PubMed,0.3,3,1.0,0.7,0.08500003814697266
PubMed,0.3,3,1.0,0.8,0.08500003814697266
PubMed,0.3,3,1.0,0.9,0.08500003814697266
PubMed,0.3,3,1.0,1.0,0.08600002527236938
PubMed,0.3,4,0.1,0.0,0.02399998903274536
PubMed,0.3,4,0.1,0.1,0.02399998903274536
PubMed,0.3,4,0.1,0.2,0.02399998903274536
PubMed,0.3,4,0.1,0.3,0.022000014781951904
PubMed,0.3,4,0.1,0.4,0.018000006675720215
PubMed,0.3,4,0.1,0.5,0.04799997806549072
PubMed,0.3,4,0.1,0.6,0.050000011920928955
PubMed,0.3,4,0.1,0.7,0.050000011920928955
PubMed,0.3,4,0.1,0.8,0.050000011920928955
PubMed,0.3,4,0.1,0.9,0.04399996995925903
PubMed,0.3,4,0.1,1.0,0.04399996995925903
PubMed,0.3,4,0.2,0.0,0.02399998903274536
PubMed,0.3,4,0.2,0.1,0.02399998903274536
PubMed,0.3,4,0.2,0.2,0.02399998903274536
PubMed,0.3,4,0.2,0.3,0.022000014781951904
PubMed,0.3,4,0.2,0.4,0.018000006675720215
PubMed,0.3,4,0.2,0.5,0.04799997806549072
PubMed,0.3,4,0.2,0.6,0.050000011920928955
PubMed,0.3,4,0.2,0.7,0.050000011920928955
PubMed,0.3,4,0.2,0.8,0.050000011920928955
PubMed,0.3,4,0.2,0.9,0.04399996995925903
PubMed,0.3,4,0.2,1.0,0.04399996995925903
PubMed,0.3,4,0.3,0.0,0.03600001335144043
PubMed,0.3,4,0.3,0.1,0.03600001335144043
PubMed,0.3,4,0.3,0.2,0.03600001335144043
PubMed,0.3,4,0.3,0.3,0.039999961853027344
PubMed,0.3,4,0.3,0.4,0.03600001335144043
PubMed,0.3,4,0.3,0.5,0.04799997806549072
PubMed,0.3,4,0.3,0.6,0.050999999046325684
PubMed,0.3,4,0.3,0.7,0.050999999046325684
PubMed,0.3,4,0.3,0.8,0.050999999046325684
PubMed,0.3,4,0.3,0.9,0.046000003814697266
PubMed,0.3,4,0.3,1.0,0.046000003814697266
PubMed,0.3,4,0.4,0.0,0.03600001335144043
PubMed,0.3,4,0.4,0.1,0.03600001335144043
PubMed,0.3,4,0.4,0.2,0.03600001335144043
PubMed,0.3,4,0.4,0.3,0.039999961853027344
PubMed,0.3,4,0.4,0.4,0.03600001335144043
PubMed,0.3,4,0.4,0.5,0.04799997806549072
PubMed,0.3,4,0.4,0.6,0.050999999046325684
PubMed,0.3,4,0.4,0.7,0.050999999046325684
PubMed,0.3,4,0.4,0.8,0.050999999046325684
PubMed,0.3,4,0.4,0.9,0.046000003814697266
PubMed,0.3,4,0.4,1.0,0.046000003814697266
PubMed,0.3,4,0.5,0.0,0.03600001335144043
PubMed,0.3,4,0.5,0.1,0.03600001335144043
PubMed,0.3,4,0.5,0.2,0.03600001335144043
PubMed,0.3,4,0.5,0.3,0.039999961853027344
PubMed,0.3,4,0.5,0.4,0.03600001335144043
PubMed,0.3,4,0.5,0.5,0.04799997806549072
PubMed,0.3,4,0.5,0.6,0.050999999046325684
PubMed,0.3,4,0.5,0.7,0.050999999046325684
PubMed,0.3,4,0.5,0.8,0.050999999046325684
PubMed,0.3,4,0.5,0.9,0.046000003814697266
PubMed,0.3,4,0.5,1.0,0.046000003814697266
PubMed,0.3,4,0.6,0.0,0.03600001335144043
PubMed,0.3,4,0.6,0.1,0.03600001335144043
PubMed,0.3,4,0.6,0.2,0.03600001335144043
PubMed,0.3,4,0.6,0.3,0.039999961853027344
PubMed,0.3,4,0.6,0.4,0.03600001335144043
PubMed,0.3,4,0.6,0.5,0.04799997806549072
PubMed,0.3,4,0.6,0.6,0.050999999046325684
PubMed,0.3,4,0.6,0.7,0.050999999046325684
PubMed,0.3,4,0.6,0.8,0.050999999046325684
PubMed,0.3,4,0.6,0.9,0.046000003814697266
PubMed,0.3,4,0.6,1.0,0.046000003814697266
PubMed,0.3,4,0.7,0.0,0.03600001335144043
PubMed,0.3,4,0.7,0.1,0.03600001335144043
PubMed,0.3,4,0.7,0.2,0.03600001335144043
PubMed,0.3,4,0.7,0.3,0.039999961853027344
PubMed,0.3,4,0.7,0.4,0.03600001335144043
PubMed,0.3,4,0.7,0.5,0.04799997806549072
PubMed,0.3,4,0.7,0.6,0.050999999046325684
PubMed,0.3,4,0.7,0.7,0.050999999046325684
PubMed,0.3,4,0.7,0.8,0.050999999046325684
PubMed,0.3,4,0.7,0.9,0.046000003814697266
PubMed,0.3,4,0.7,1.0,0.046000003814697266
PubMed,0.3,4,0.8,0.0,0.03600001335144043
PubMed,0.3,4,0.8,0.1,0.03600001335144043
PubMed,0.3,4,0.8,0.2,0.03600001335144043
PubMed,0.3,4,0.8,0.3,0.039999961853027344
PubMed,0.3,4,0.8,0.4,0.03600001335144043
PubMed,0.3,4,0.8,0.5,0.04799997806549072
PubMed,0.3,4,0.8,0.6,0.050999999046325684
PubMed,0.3,4,0.8,0.7,0.050999999046325684
PubMed,0.3,4,0.8,0.8,0.050999999046325684
PubMed,0.3,4,0.8,0.9,0.046000003814697266
PubMed,0.3,4,0.8,1.0,0.046000003814697266
PubMed,0.3,4,0.9,0.0,0.03600001335144043
PubMed,0.3,4,0.9,0.1,0.03600001335144043
PubMed,0.3,4,0.9,0.2,0.03600001335144043
PubMed,0.3,4,0.9,0.3,0.039999961853027344
PubMed,0.3,4,0.9,0.4,0.03600001335144043
PubMed,0.3,4,0.9,0.5,0.04799997806549072
PubMed,0.3,4,0.9,0.6,0.050999999046325684
PubMed,0.3,4,0.9,0.7,0.050999999046325684
PubMed,0.3,4,0.9,0.8,0.050999999046325684
PubMed,0.3,4,0.9,0.9,0.046000003814697266
PubMed,0.3,4,0.9,1.0,0.046000003814697266
PubMed,0.3,4,1.0,0.0,0.03600001335144043
PubMed,0.3,4,1.0,0.1,0.03600001335144043
PubMed,0.3,4,1.0,0.2,0.03600001335144043
PubMed,0.3,4,1.0,0.3,0.039999961853027344
PubMed,0.3,4,1.0,0.4,0.03600001335144043
PubMed,0.3,4,1.0,0.5,0.04799997806549072
PubMed,0.3,4,1.0,0.6,0.050999999046325684
PubMed,0.3,4,1.0,0.7,0.050999999046325684
PubMed,0.3,4,1.0,0.8,0.050999999046325684
PubMed,0.3,4,1.0,0.9,0.046000003814697266
PubMed,0.3,4,1.0,1.0,0.046000003814697266
PubMed,0.3,5,0.1,0.0,0.058000028133392334
PubMed,0.3,5,0.1,0.1,0.05500000715255737
PubMed,0.3,5,0.1,0.2,0.05500000715255737
PubMed,0.3,5,0.1,0.3,0.06300002336502075
PubMed,0.3,5,0.1,0.4,0.0559999942779541
PubMed,0.3,5,0.1,0.5,0.061000049114227295
PubMed,0.3,5,0.1,0.6,0.057000041007995605
PubMed,0.3,5,0.1,0.7,0.057000041007995605
PubMed,0.3,5,0.1,0.8,0.057000041007995605
PubMed,0.3,5,0.1,0.9,0.057000041007995605
PubMed,0.3,5,0.1,1.0,0.057000041007995605
PubMed,0.3,5,0.2,0.0,0.058000028133392334
PubMed,0.3,5,0.2,0.1,0.05500000715255737
PubMed,0.3,5,0.2,0.2,0.05500000715255737
PubMed,0.3,5,0.2,0.3,0.06300002336502075
PubMed,0.3,5,0.2,0.4,0.0559999942779541
PubMed,0.3,5,0.2,0.5,0.061000049114227295
PubMed,0.3,5,0.2,0.6,0.057000041007995605
PubMed,0.3,5,0.2,0.7,0.057000041007995605
PubMed,0.3,5,0.2,0.8,0.057000041007995605
PubMed,0.3,5,0.2,0.9,0.057000041007995605
PubMed,0.3,5,0.2,1.0,0.057000041007995605
PubMed,0.3,5,0.3,0.0,0.058000028133392334
PubMed,0.3,5,0.3,0.1,0.05500000715255737
PubMed,0.3,5,0.3,0.2,0.05500000715255737
PubMed,0.3,5,0.3,0.3,0.06300002336502075
PubMed,0.3,5,0.3,0.4,0.0559999942779541
PubMed,0.3,5,0.3,0.5,0.061000049114227295
PubMed,0.3,5,0.3,0.6,0.057000041007995605
PubMed,0.3,5,0.3,0.7,0.057000041007995605
PubMed,0.3,5,0.3,0.8,0.057000041007995605
PubMed,0.3,5,0.3,0.9,0.057000041007995605
PubMed,0.3,5,0.3,1.0,0.057000041007995605
PubMed,0.3,5,0.4,0.0,0.058000028133392334
PubMed,0.3,5,0.4,0.1,0.05500000715255737
PubMed,0.3,5,0.4,0.2,0.05500000715255737
PubMed,0.3,5,0.4,0.3,0.06300002336502075
PubMed,0.3,5,0.4,0.4,0.0559999942779541
PubMed,0.3,5,0.4,0.5,0.061000049114227295
PubMed,0.3,5,0.4,0.6,0.057000041007995605
PubMed,0.3,5,0.4,0.7,0.057000041007995605
PubMed,0.3,5,0.4,0.8,0.057000041007995605
PubMed,0.3,5,0.4,0.9,0.057000041007995605
PubMed,0.3,5,0.4,1.0,0.057000041007995605
PubMed,0.3,5,0.5,0.0,0.058000028133392334
PubMed,0.3,5,0.5,0.1,0.05500000715255737
PubMed,0.3,5,0.5,0.2,0.05500000715255737
PubMed,0.3,5,0.5,0.3,0.06300002336502075
PubMed,0.3,5,0.5,0.4,0.0559999942779541
PubMed,0.3,5,0.5,0.5,0.061000049114227295
PubMed,0.3,5,0.5,0.6,0.057000041007995605
PubMed,0.3,5,0.5,0.7,0.057000041007995605
PubMed,0.3,5,0.5,0.8,0.057000041007995605
PubMed,0.3,5,0.5,0.9,0.057000041007995605
PubMed,0.3,5,0.5,1.0,0.057000041007995605
PubMed,0.3,5,0.6,0.0,0.058000028133392334
PubMed,0.3,5,0.6,0.1,0.05500000715255737
PubMed,0.3,5,0.6,0.2,0.05500000715255737
PubMed,0.3,5,0.6,0.3,0.06300002336502075
PubMed,0.3,5,0.6,0.4,0.0559999942779541
PubMed,0.3,5,0.6,0.5,0.061000049114227295
PubMed,0.3,5,0.6,0.6,0.057000041007995605
PubMed,0.3,5,0.6,0.7,0.057000041007995605
PubMed,0.3,5,0.6,0.8,0.057000041007995605
PubMed,0.3,5,0.6,0.9,0.057000041007995605
PubMed,0.3,5,0.6,1.0,0.057000041007995605
PubMed,0.3,5,0.7,0.0,0.058000028133392334
PubMed,0.3,5,0.7,0.1,0.05500000715255737
PubMed,0.3,5,0.7,0.2,0.05500000715255737
PubMed,0.3,5,0.7,0.3,0.06300002336502075
PubMed,0.3,5,0.7,0.4,0.0559999942779541
PubMed,0.3,5,0.7,0.5,0.061000049114227295
PubMed,0.3,5,0.7,0.6,0.057000041007995605
PubMed,0.3,5,0.7,0.7,0.057000041007995605
PubMed,0.3,5,0.7,0.8,0.057000041007995605
PubMed,0.3,5,0.7,0.9,0.057000041007995605
PubMed,0.3,5,0.7,1.0,0.057000041007995605
PubMed,0.3,5,0.8,0.0,0.058000028133392334
PubMed,0.3,5,0.8,0.1,0.05500000715255737
PubMed,0.3,5,0.8,0.2,0.05500000715255737
PubMed,0.3,5,0.8,0.3,0.06300002336502075
PubMed,0.3,5,0.8,0.4,0.0559999942779541
PubMed,0.3,5,0.8,0.5,0.061000049114227295
PubMed,0.3,5,0.8,0.6,0.057000041007995605
PubMed,0.3,5,0.8,0.7,0.057000041007995605
PubMed,0.3,5,0.8,0.8,0.057000041007995605
PubMed,0.3,5,0.8,0.9,0.057000041007995605
PubMed,0.3,5,0.8,1.0,0.057000041007995605
PubMed,0.3,5,0.9,0.0,0.058000028133392334
PubMed,0.3,5,0.9,0.1,0.05500000715255737
PubMed,0.3,5,0.9,0.2,0.05500000715255737
PubMed,0.3,5,0.9,0.3,0.06300002336502075
PubMed,0.3,5,0.9,0.4,0.0559999942779541
PubMed,0.3,5,0.9,0.5,0.061000049114227295
PubMed,0.3,5,0.9,0.6,0.057000041007995605
PubMed,0.3,5,0.9,0.7,0.057000041007995605
PubMed,0.3,5,0.9,0.8,0.057000041007995605
PubMed,0.3,5,0.9,0.9,0.057000041007995605
PubMed,0.3,5,0.9,1.0,0.057000041007995605
PubMed,0.3,5,1.0,0.0,0.058000028133392334
PubMed,0.3,5,1.0,0.1,0.05500000715255737
PubMed,0.3,5,1.0,0.2,0.05500000715255737
PubMed,0.3,5,1.0,0.3,0.06300002336502075
PubMed,0.3,5,1.0,0.4,0.0559999942779541
PubMed,0.3,5,1.0,0.5,0.061000049114227295
PubMed,0.3,5,1.0,0.6,0.057000041007995605
PubMed,0.3,5,1.0,0.7,0.057000041007995605
PubMed,0.3,5,1.0,0.8,0.057000041007995605
PubMed,0.3,5,1.0,0.9,0.057000041007995605
PubMed,0.3,5,1.0,1.0,0.057000041007995605
PubMed,0.3,6,0.1,0.0,0.018999993801116943
PubMed,0.3,6,0.1,0.1,0.018999993801116943
PubMed,0.3,6,0.1,0.2,0.02399998903274536
PubMed,0.3,6,0.1,0.3,-0.009999990463256836
PubMed,0.3,6,0.1,0.4,-0.009999990463256836
PubMed,0.3,6,0.1,0.5,-0.009999990463256836
PubMed,0.3,6,0.1,0.6,-0.009999990463256836
PubMed,0.3,6,0.1,0.7,-0.004999995231628418
PubMed,0.3,6,0.1,0.8,-0.004999995231628418
PubMed,0.3,6,0.1,0.9,-0.004999995231628418
PubMed,0.3,6,0.1,1.0,-0.008000016212463379
PubMed,0.3,6,0.2,0.0,-0.03700000047683716
PubMed,0.3,6,0.2,0.1,-0.03700000047683716
PubMed,0.3,6,0.2,0.2,-0.03400003910064697
PubMed,0.3,6,0.2,0.3,-0.04400002956390381
PubMed,0.3,6,0.2,0.4,-0.04400002956390381
PubMed,0.3,6,0.2,0.5,-0.04400002956390381
PubMed,0.3,6,0.2,0.6,-0.04400002956390381
PubMed,0.3,6,0.2,0.7,0.023000001907348633
PubMed,0.3,6,0.2,0.8,0.023000001907348633
PubMed,0.3,6,0.2,0.9,0.023000001907348633
PubMed,0.3,6,0.2,1.0,0.01699995994567871
PubMed,0.3,6,0.3,0.0,-0.04300004243850708
PubMed,0.3,6,0.3,0.1,-0.04300004243850708
PubMed,0.3,6,0.3,0.2,-0.03799998760223389
PubMed,0.3,6,0.3,0.3,0.004999995231628418
PubMed,0.3,6,0.3,0.4,0.004999995231628418
PubMed,0.3,6,0.3,0.5,0.004999995231628418
PubMed,0.3,6,0.3,0.6,0.004999995231628418
PubMed,0.3,6,0.3,0.7,-0.0040000081062316895
PubMed,0.3,6,0.3,0.8,-0.0040000081062316895
PubMed,0.3,6,0.3,0.9,-0.0040000081062316895
PubMed,0.3,6,0.3,1.0,-0.013999998569488525
PubMed,0.3,6,0.4,0.0,-0.04300004243850708
PubMed,0.3,6,0.4,0.1,-0.04300004243850708
PubMed,0.3,6,0.4,0.2,-0.03799998760223389
PubMed,0.3,6,0.4,0.3,0.004999995231628418
PubMed,0.3,6,0.4,0.4,0.004999995231628418
PubMed,0.3,6,0.4,0.5,0.004999995231628418
PubMed,0.3,6,0.4,0.6,0.004999995231628418
PubMed,0.3,6,0.4,0.7,-0.0040000081062316895
PubMed,0.3,6,0.4,0.8,-0.0040000081062316895
PubMed,0.3,6,0.4,0.9,-0.0040000081062316895
PubMed,0.3,6,0.4,1.0,-0.013999998569488525
PubMed,0.3,6,0.5,0.0,-0.04300004243850708
PubMed,0.3,6,0.5,0.1,-0.04300004243850708
PubMed,0.3,6,0.5,0.2,-0.03799998760223389
PubMed,0.3,6,0.5,0.3,0.004999995231628418
PubMed,0.3,6,0.5,0.4,0.004999995231628418
PubMed,0.3,6,0.5,0.5,0.004999995231628418
PubMed,0.3,6,0.5,0.6,0.004999995231628418
PubMed,0.3,6,0.5,0.7,-0.0040000081062316895
PubMed,0.3,6,0.5,0.8,-0.0040000081062316895
PubMed,0.3,6,0.5,0.9,-0.0040000081062316895
PubMed,0.3,6,0.5,1.0,-0.013999998569488525
PubMed,0.3,6,0.6,0.0,-0.04300004243850708
PubMed,0.3,6,0.6,0.1,-0.04300004243850708
PubMed,0.3,6,0.6,0.2,-0.03799998760223389
PubMed,0.3,6,0.6,0.3,0.004999995231628418
PubMed,0.3,6,0.6,0.4,0.004999995231628418
PubMed,0.3,6,0.6,0.5,0.004999995231628418
PubMed,0.3,6,0.6,0.6,0.004999995231628418
PubMed,0.3,6,0.6,0.7,-0.0040000081062316895
PubMed,0.3,6,0.6,0.8,-0.0040000081062316895
PubMed,0.3,6,0.6,0.9,-0.0040000081062316895
PubMed,0.3,6,0.6,1.0,-0.013999998569488525
PubMed,0.3,6,0.7,0.0,-0.04300004243850708
PubMed,0.3,6,0.7,0.1,-0.04300004243850708
PubMed,0.3,6,0.7,0.2,-0.03799998760223389
PubMed,0.3,6,0.7,0.3,0.004999995231628418
PubMed,0.3,6,0.7,0.4,0.004999995231628418
PubMed,0.3,6,0.7,0.5,0.004999995231628418
PubMed,0.3,6,0.7,0.6,0.004999995231628418
PubMed,0.3,6,0.7,0.7,-0.0040000081062316895
PubMed,0.3,6,0.7,0.8,-0.0040000081062316895
PubMed,0.3,6,0.7,0.9,-0.0040000081062316895
PubMed,0.3,6,0.7,1.0,-0.013999998569488525
PubMed,0.3,6,0.8,0.0,-0.04300004243850708
PubMed,0.3,6,0.8,0.1,-0.04300004243850708
PubMed,0.3,6,0.8,0.2,-0.03799998760223389
PubMed,0.3,6,0.8,0.3,0.004999995231628418
PubMed,0.3,6,0.8,0.4,0.004999995231628418
PubMed,0.3,6,0.8,0.5,0.004999995231628418
PubMed,0.3,6,0.8,0.6,0.004999995231628418
PubMed,0.3,6,0.8,0.7,-0.0040000081062316895
PubMed,0.3,6,0.8,0.8,-0.0040000081062316895
PubMed,0.3,6,0.8,0.9,-0.0040000081062316895
PubMed,0.3,6,0.8,1.0,-0.013999998569488525
PubMed,0.3,6,0.9,0.0,-0.04300004243850708
PubMed,0.3,6,0.9,0.1,-0.04300004243850708
PubMed,0.3,6,0.9,0.2,-0.03799998760223389
PubMed,0.3,6,0.9,0.3,0.004999995231628418
PubMed,0.3,6,0.9,0.4,0.004999995231628418
PubMed,0.3,6,0.9,0.5,0.004999995231628418
PubMed,0.3,6,0.9,0.6,0.004999995231628418
PubMed,0.3,6,0.9,0.7,-0.0040000081062316895
PubMed,0.3,6,0.9,0.8,-0.0040000081062316895
PubMed,0.3,6,0.9,0.9,-0.0040000081062316895
PubMed,0.3,6,0.9,1.0,-0.013999998569488525
PubMed,0.3,6,1.0,0.0,-0.04300004243850708
PubMed,0.3,6,1.0,0.1,-0.04300004243850708
PubMed,0.3,6,1.0,0.2,-0.03799998760223389
PubMed,0.3,6,1.0,0.3,0.004999995231628418
PubMed,0.3,6,1.0,0.4,0.004999995231628418
PubMed,0.3,6,1.0,0.5,0.004999995231628418
PubMed,0.3,6,1.0,0.6,0.004999995231628418
PubMed,0.3,6,1.0,0.7,-0.0040000081062316895
PubMed,0.3,6,1.0,0.8,-0.0040000081062316895
PubMed,0.3,6,1.0,0.9,-0.0040000081062316895
PubMed,0.3,6,1.0,1.0,-0.013999998569488525
PubMed,0.3,7,0.1,0.0,0.016000032424926758
PubMed,0.3,7,0.1,0.1,0.016000032424926758
PubMed,0.3,7,0.1,0.2,0.013999998569488525
PubMed,0.3,7,0.1,0.3,0.013999998569488525
PubMed,0.3,7,0.1,0.4,0.008000016212463379
PubMed,0.3,7,0.1,0.5,-0.03200000524520874
PubMed,0.3,7,0.1,0.6,-0.03200000524520874
PubMed,0.3,7,0.1,0.7,-0.02399998903274536
PubMed,0.3,7,0.1,0.8,-0.004999995231628418
PubMed,0.3,7,0.1,0.9,-0.004999995231628418
PubMed,0.3,7,0.1,1.0,-0.02899998426437378
PubMed,0.3,7,0.2,0.0,-0.007999956607818604
PubMed,0.3,7,0.2,0.1,-0.007999956607818604
PubMed,0.3,7,0.2,0.2,-0.007999956607818604
PubMed,0.3,7,0.2,0.3,-0.001999974250793457
PubMed,0.3,7,0.2,0.4,-0.009999990463256836
PubMed,0.3,7,0.2,0.5,-0.03299999237060547
PubMed,0.3,7,0.2,0.6,-0.03299999237060547
PubMed,0.3,7,0.2,0.7,-0.026999950408935547
PubMed,0.3,7,0.2,0.8,-0.030999958515167236
PubMed,0.3,7,0.2,0.9,-0.03200000524520874
PubMed,0.3,7,0.2,1.0,-0.029999971389770508
PubMed,0.3,7,0.3,0.0,-0.007999956607818604
PubMed,0.3,7,0.3,0.1,-0.007999956607818604
PubMed,0.3,7,0.3,0.2,-0.007999956607818604
PubMed,0.3,7,0.3,0.3,-0.001999974250793457
PubMed,0.3,7,0.3,0.4,-0.009999990463256836
PubMed,0.3,7,0.3,0.5,-0.03299999237060547
PubMed,0.3,7,0.3,0.6,-0.03299999237060547
PubMed,0.3,7,0.3,0.7,-0.026999950408935547
PubMed,0.3,7,0.3,0.8,-0.030999958515167236
PubMed,0.3,7,0.3,0.9,-0.03200000524520874
PubMed,0.3,7,0.3,1.0,-0.029999971389770508
PubMed,0.3,7,0.4,0.0,-0.007999956607818604
PubMed,0.3,7,0.4,0.1,-0.007999956607818604
PubMed,0.3,7,0.4,0.2,-0.007999956607818604
PubMed,0.3,7,0.4,0.3,-0.001999974250793457
PubMed,0.3,7,0.4,0.4,-0.009999990463256836
PubMed,0.3,7,0.4,0.5,-0.03299999237060547
PubMed,0.3,7,0.4,0.6,-0.03299999237060547
PubMed,0.3,7,0.4,0.7,-0.026999950408935547
PubMed,0.3,7,0.4,0.8,-0.030999958515167236
PubMed,0.3,7,0.4,0.9,-0.03200000524520874
PubMed,0.3,7,0.4,1.0,-0.029999971389770508
PubMed,0.3,7,0.5,0.0,-0.007999956607818604
PubMed,0.3,7,0.5,0.1,-0.007999956607818604
PubMed,0.3,7,0.5,0.2,-0.007999956607818604
PubMed,0.3,7,0.5,0.3,-0.001999974250793457
PubMed,0.3,7,0.5,0.4,-0.009999990463256836
PubMed,0.3,7,0.5,0.5,-0.03299999237060547
PubMed,0.3,7,0.5,0.6,-0.03299999237060547
PubMed,0.3,7,0.5,0.7,-0.026999950408935547
PubMed,0.3,7,0.5,0.8,-0.030999958515167236
PubMed,0.3,7,0.5,0.9,-0.03200000524520874
PubMed,0.3,7,0.5,1.0,-0.029999971389770508
PubMed,0.3,7,0.6,0.0,-0.007999956607818604
PubMed,0.3,7,0.6,0.1,-0.007999956607818604
PubMed,0.3,7,0.6,0.2,-0.007999956607818604
PubMed,0.3,7,0.6,0.3,-0.001999974250793457
PubMed,0.3,7,0.6,0.4,-0.009999990463256836
PubMed,0.3,7,0.6,0.5,-0.03299999237060547
PubMed,0.3,7,0.6,0.6,-0.03299999237060547
PubMed,0.3,7,0.6,0.7,-0.026999950408935547
PubMed,0.3,7,0.6,0.8,-0.030999958515167236
PubMed,0.3,7,0.6,0.9,-0.03200000524520874
PubMed,0.3,7,0.6,1.0,-0.029999971389770508
PubMed,0.3,7,0.7,0.0,-0.007999956607818604
PubMed,0.3,7,0.7,0.1,-0.007999956607818604
PubMed,0.3,7,0.7,0.2,-0.007999956607818604
PubMed,0.3,7,0.7,0.3,-0.001999974250793457
PubMed,0.3,7,0.7,0.4,-0.009999990463256836
PubMed,0.3,7,0.7,0.5,-0.03299999237060547
PubMed,0.3,7,0.7,0.6,-0.03299999237060547
PubMed,0.3,7,0.7,0.7,-0.026999950408935547
PubMed,0.3,7,0.7,0.8,-0.030999958515167236
PubMed,0.3,7,0.7,0.9,-0.03200000524520874
PubMed,0.3,7,0.7,1.0,-0.029999971389770508
PubMed,0.3,7,0.8,0.0,-0.007999956607818604
PubMed,0.3,7,0.8,0.1,-0.007999956607818604
PubMed,0.3,7,0.8,0.2,-0.007999956607818604
PubMed,0.3,7,0.8,0.3,-0.001999974250793457
PubMed,0.3,7,0.8,0.4,-0.009999990463256836
PubMed,0.3,7,0.8,0.5,-0.03299999237060547
PubMed,0.3,7,0.8,0.6,-0.03299999237060547
PubMed,0.3,7,0.8,0.7,-0.026999950408935547
PubMed,0.3,7,0.8,0.8,-0.030999958515167236
PubMed,0.3,7,0.8,0.9,-0.03200000524520874
PubMed,0.3,7,0.8,1.0,-0.029999971389770508
PubMed,0.3,7,0.9,0.0,-0.007999956607818604
PubMed,0.3,7,0.9,0.1,-0.007999956607818604
PubMed,0.3,7,0.9,0.2,-0.007999956607818604
PubMed,0.3,7,0.9,0.3,-0.001999974250793457
PubMed,0.3,7,0.9,0.4,-0.009999990463256836
PubMed,0.3,7,0.9,0.5,-0.03299999237060547
PubMed,0.3,7,0.9,0.6,-0.03299999237060547
PubMed,0.3,7,0.9,0.7,-0.026999950408935547
PubMed,0.3,7,0.9,0.8,-0.030999958515167236
PubMed,0.3,7,0.9,0.9,-0.03200000524520874
PubMed,0.3,7,0.9,1.0,-0.029999971389770508
PubMed,0.3,7,1.0,0.0,-0.007999956607818604
PubMed,0.3,7,1.0,0.1,-0.007999956607818604
PubMed,0.3,7,1.0,0.2,-0.007999956607818604
PubMed,0.3,7,1.0,0.3,-0.001999974250793457
PubMed,0.3,7,1.0,0.4,-0.009999990463256836
PubMed,0.3,7,1.0,0.5,-0.03299999237060547
PubMed,0.3,7,1.0,0.6,-0.03299999237060547
PubMed,0.3,7,1.0,0.7,-0.026999950408935547
PubMed,0.3,7,1.0,0.8,-0.030999958515167236
PubMed,0.3,7,1.0,0.9,-0.03200000524520874
PubMed,0.3,7,1.0,1.0,-0.029999971389770508
PubMed,0.3,8,0.1,0.0,-0.001000046730041504
PubMed,0.3,8,0.1,0.1,0.018999993801116943
PubMed,0.3,8,0.1,0.2,-0.010000050067901611
PubMed,0.3,8,0.1,0.3,0.0040000081062316895
PubMed,0.3,8,0.1,0.4,-0.01100003719329834
PubMed,0.3,8,0.1,0.5,-0.01100003719329834
PubMed,0.3,8,0.1,0.6,-0.008000016212463379
PubMed,0.3,8,0.1,0.7,-0.012000024318695068
PubMed,0.3,8,0.1,0.8,-0.010000050067901611
PubMed,0.3,8,0.1,0.9,-0.013000011444091797
PubMed,0.3,8,0.1,1.0,-0.013000011444091797
PubMed,0.3,8,0.2,0.0,-0.03600001335144043
PubMed,0.3,8,0.2,0.1,0.018999993801116943
PubMed,0.3,8,0.2,0.2,-0.00700002908706665
PubMed,0.3,8,0.2,0.3,0.010999977588653564
PubMed,0.3,8,0.2,0.4,-0.001000046730041504
PubMed,0.3,8,0.2,0.5,-0.001000046730041504
PubMed,0.3,8,0.2,0.6,-0.001000046730041504
PubMed,0.3,8,0.2,0.7,0.0
PubMed,0.3,8,0.2,0.8,0.0
PubMed,0.3,8,0.2,0.9,-0.009000003337860107
PubMed,0.3,8,0.2,1.0,-0.009000003337860107
PubMed,0.3,8,0.3,0.0,-0.03600001335144043
PubMed,0.3,8,0.3,0.1,0.018999993801116943
PubMed,0.3,8,0.3,0.2,-0.00700002908706665
PubMed,0.3,8,0.3,0.3,0.010999977588653564
PubMed,0.3,8,0.3,0.4,-0.001000046730041504
PubMed,0.3,8,0.3,0.5,-0.001000046730041504
PubMed,0.3,8,0.3,0.6,-0.001000046730041504
PubMed,0.3,8,0.3,0.7,0.0
PubMed,0.3,8,0.3,0.8,0.0
PubMed,0.3,8,0.3,0.9,-0.009000003337860107
PubMed,0.3,8,0.3,1.0,-0.009000003337860107
PubMed,0.3,8,0.4,0.0,-0.03600001335144043
PubMed,0.3,8,0.4,0.1,0.018999993801116943
PubMed,0.3,8,0.4,0.2,-0.00700002908706665
PubMed,0.3,8,0.4,0.3,0.010999977588653564
PubMed,0.3,8,0.4,0.4,-0.001000046730041504
PubMed,0.3,8,0.4,0.5,-0.001000046730041504
PubMed,0.3,8,0.4,0.6,-0.001000046730041504
PubMed,0.3,8,0.4,0.7,0.0
PubMed,0.3,8,0.4,0.8,0.0
PubMed,0.3,8,0.4,0.9,-0.009000003337860107
PubMed,0.3,8,0.4,1.0,-0.009000003337860107
PubMed,0.3,8,0.5,0.0,-0.03600001335144043
PubMed,0.3,8,0.5,0.1,0.018999993801116943
PubMed,0.3,8,0.5,0.2,-0.00700002908706665
PubMed,0.3,8,0.5,0.3,0.010999977588653564
PubMed,0.3,8,0.5,0.4,-0.001000046730041504
PubMed,0.3,8,0.5,0.5,-0.001000046730041504
PubMed,0.3,8,0.5,0.6,-0.001000046730041504
PubMed,0.3,8,0.5,0.7,0.0
PubMed,0.3,8,0.5,0.8,0.0
PubMed,0.3,8,0.5,0.9,-0.009000003337860107
PubMed,0.3,8,0.5,1.0,-0.009000003337860107
PubMed,0.3,8,0.6,0.0,-0.03600001335144043
PubMed,0.3,8,0.6,0.1,0.018999993801116943
PubMed,0.3,8,0.6,0.2,-0.00700002908706665
PubMed,0.3,8,0.6,0.3,0.010999977588653564
PubMed,0.3,8,0.6,0.4,-0.001000046730041504
PubMed,0.3,8,0.6,0.5,-0.001000046730041504
PubMed,0.3,8,0.6,0.6,-0.001000046730041504
PubMed,0.3,8,0.6,0.7,0.0
PubMed,0.3,8,0.6,0.8,0.0
PubMed,0.3,8,0.6,0.9,-0.009000003337860107
PubMed,0.3,8,0.6,1.0,-0.009000003337860107
PubMed,0.3,8,0.7,0.0,-0.03600001335144043
PubMed,0.3,8,0.7,0.1,0.018999993801116943
PubMed,0.3,8,0.7,0.2,-0.00700002908706665
PubMed,0.3,8,0.7,0.3,0.010999977588653564
PubMed,0.3,8,0.7,0.4,-0.001000046730041504
PubMed,0.3,8,0.7,0.5,-0.001000046730041504
PubMed,0.3,8,0.7,0.6,-0.001000046730041504
PubMed,0.3,8,0.7,0.7,0.0
PubMed,0.3,8,0.7,0.8,0.0
PubMed,0.3,8,0.7,0.9,-0.009000003337860107
PubMed,0.3,8,0.7,1.0,-0.009000003337860107
PubMed,0.3,8,0.8,0.0,-0.03600001335144043
PubMed,0.3,8,0.8,0.1,0.018999993801116943
PubMed,0.3,8,0.8,0.2,-0.00700002908706665
PubMed,0.3,8,0.8,0.3,0.010999977588653564
PubMed,0.3,8,0.8,0.4,-0.001000046730041504
PubMed,0.3,8,0.8,0.5,-0.001000046730041504
PubMed,0.3,8,0.8,0.6,-0.001000046730041504
PubMed,0.3,8,0.8,0.7,0.0
PubMed,0.3,8,0.8,0.8,0.0
PubMed,0.3,8,0.8,0.9,-0.009000003337860107
PubMed,0.3,8,0.8,1.0,-0.009000003337860107
PubMed,0.3,8,0.9,0.0,-0.03600001335144043
PubMed,0.3,8,0.9,0.1,0.018999993801116943
PubMed,0.3,8,0.9,0.2,-0.00700002908706665
PubMed,0.3,8,0.9,0.3,0.010999977588653564
PubMed,0.3,8,0.9,0.4,-0.001000046730041504
PubMed,0.3,8,0.9,0.5,-0.001000046730041504
PubMed,0.3,8,0.9,0.6,-0.001000046730041504
PubMed,0.3,8,0.9,0.7,0.0
PubMed,0.3,8,0.9,0.8,0.0
PubMed,0.3,8,0.9,0.9,-0.009000003337860107
PubMed,0.3,8,0.9,1.0,-0.009000003337860107
PubMed,0.3,8,1.0,0.0,-0.03600001335144043
PubMed,0.3,8,1.0,0.1,0.018999993801116943
PubMed,0.3,8,1.0,0.2,-0.00700002908706665
PubMed,0.3,8,1.0,0.3,0.010999977588653564
PubMed,0.3,8,1.0,0.4,-0.001000046730041504
PubMed,0.3,8,1.0,0.5,-0.001000046730041504
PubMed,0.3,8,1.0,0.6,-0.001000046730041504
PubMed,0.3,8,1.0,0.7,0.0
PubMed,0.3,8,1.0,0.8,0.0
PubMed,0.3,8,1.0,0.9,-0.009000003337860107
PubMed,0.3,8,1.0,1.0,-0.009000003337860107
PubMed,0.3,9,0.1,0.0,0.12100005149841309
PubMed,0.3,9,0.1,0.1,0.11900001764297485
PubMed,0.3,9,0.1,0.2,0.11500000953674316
PubMed,0.3,9,0.1,0.3,0.09800004959106445
PubMed,0.3,9,0.1,0.4,0.1040000319480896
PubMed,0.3,9,0.1,0.5,0.09800004959106445
PubMed,0.3,9,0.1,0.6,0.09800004959106445
PubMed,0.3,9,0.1,0.7,0.09400004148483276
PubMed,0.3,9,0.1,0.8,0.09400004148483276
PubMed,0.3,9,0.1,0.9,0.08799999952316284
PubMed,0.3,9,0.1,1.0,0.08799999952316284
PubMed,0.3,9,0.2,0.0,0.06200003623962402
PubMed,0.3,9,0.2,0.1,0.06400001049041748
PubMed,0.3,9,0.2,0.2,0.06200003623962402
PubMed,0.3,9,0.2,0.3,0.05600005388259888
PubMed,0.3,9,0.2,0.4,0.06200003623962402
PubMed,0.3,9,0.2,0.5,0.06200003623962402
PubMed,0.3,9,0.2,0.6,0.06200003623962402
PubMed,0.3,9,0.2,0.7,0.061000049114227295
PubMed,0.3,9,0.2,0.8,0.061000049114227295
PubMed,0.3,9,0.2,0.9,0.054000020027160645
PubMed,0.3,9,0.2,1.0,0.054000020027160645
PubMed,0.3,9,0.3,0.0,0.06200003623962402
PubMed,0.3,9,0.3,0.1,0.06400001049041748
PubMed,0.3,9,0.3,0.2,0.06200003623962402
PubMed,0.3,9,0.3,0.3,0.05600005388259888
PubMed,0.3,9,0.3,0.4,0.06200003623962402
PubMed,0.3,9,0.3,0.5,0.06200003623962402
PubMed,0.3,9,0.3,0.6,0.06200003623962402
PubMed,0.3,9,0.3,0.7,0.061000049114227295
PubMed,0.3,9,0.3,0.8,0.061000049114227295
PubMed,0.3,9,0.3,0.9,0.054000020027160645
PubMed,0.3,9,0.3,1.0,0.054000020027160645
PubMed,0.3,9,0.4,0.0,0.06200003623962402
PubMed,0.3,9,0.4,0.1,0.06400001049041748
PubMed,0.3,9,0.4,0.2,0.06200003623962402
PubMed,0.3,9,0.4,0.3,0.05600005388259888
PubMed,0.3,9,0.4,0.4,0.06200003623962402
PubMed,0.3,9,0.4,0.5,0.06200003623962402
PubMed,0.3,9,0.4,0.6,0.06200003623962402
PubMed,0.3,9,0.4,0.7,0.061000049114227295
PubMed,0.3,9,0.4,0.8,0.061000049114227295
PubMed,0.3,9,0.4,0.9,0.054000020027160645
PubMed,0.3,9,0.4,1.0,0.054000020027160645
PubMed,0.3,9,0.5,0.0,0.06200003623962402
PubMed,0.3,9,0.5,0.1,0.06400001049041748
PubMed,0.3,9,0.5,0.2,0.06200003623962402
PubMed,0.3,9,0.5,0.3,0.05600005388259888
PubMed,0.3,9,0.5,0.4,0.06200003623962402
PubMed,0.3,9,0.5,0.5,0.06200003623962402
PubMed,0.3,9,0.5,0.6,0.06200003623962402
PubMed,0.3,9,0.5,0.7,0.061000049114227295
PubMed,0.3,9,0.5,0.8,0.061000049114227295
PubMed,0.3,9,0.5,0.9,0.054000020027160645
PubMed,0.3,9,0.5,1.0,0.054000020027160645
PubMed,0.3,9,0.6,0.0,0.06200003623962402
PubMed,0.3,9,0.6,0.1,0.06400001049041748
PubMed,0.3,9,0.6,0.2,0.06200003623962402
PubMed,0.3,9,0.6,0.3,0.05600005388259888
PubMed,0.3,9,0.6,0.4,0.06200003623962402
PubMed,0.3,9,0.6,0.5,0.06200003623962402
PubMed,0.3,9,0.6,0.6,0.06200003623962402
PubMed,0.3,9,0.6,0.7,0.061000049114227295
PubMed,0.3,9,0.6,0.8,0.061000049114227295
PubMed,0.3,9,0.6,0.9,0.054000020027160645
PubMed,0.3,9,0.6,1.0,0.054000020027160645
PubMed,0.3,9,0.7,0.0,0.06200003623962402
PubMed,0.3,9,0.7,0.1,0.06400001049041748
PubMed,0.3,9,0.7,0.2,0.06200003623962402
PubMed,0.3,9,0.7,0.3,0.05600005388259888
PubMed,0.3,9,0.7,0.4,0.06200003623962402
PubMed,0.3,9,0.7,0.5,0.06200003623962402
PubMed,0.3,9,0.7,0.6,0.06200003623962402
PubMed,0.3,9,0.7,0.7,0.061000049114227295
PubMed,0.3,9,0.7,0.8,0.061000049114227295
PubMed,0.3,9,0.7,0.9,0.054000020027160645
PubMed,0.3,9,0.7,1.0,0.054000020027160645
PubMed,0.3,9,0.8,0.0,0.06200003623962402
PubMed,0.3,9,0.8,0.1,0.06400001049041748
PubMed,0.3,9,0.8,0.2,0.06200003623962402
PubMed,0.3,9,0.8,0.3,0.05600005388259888
PubMed,0.3,9,0.8,0.4,0.06200003623962402
PubMed,0.3,9,0.8,0.5,0.06200003623962402
PubMed,0.3,9,0.8,0.6,0.06200003623962402
PubMed,0.3,9,0.8,0.7,0.061000049114227295
PubMed,0.3,9,0.8,0.8,0.061000049114227295
PubMed,0.3,9,0.8,0.9,0.054000020027160645
PubMed,0.3,9,0.8,1.0,0.054000020027160645
PubMed,0.3,9,0.9,0.0,0.06200003623962402
PubMed,0.3,9,0.9,0.1,0.06400001049041748
PubMed,0.3,9,0.9,0.2,0.06200003623962402
PubMed,0.3,9,0.9,0.3,0.05600005388259888
PubMed,0.3,9,0.9,0.4,0.06200003623962402
PubMed,0.3,9,0.9,0.5,0.06200003623962402
PubMed,0.3,9,0.9,0.6,0.06200003623962402
PubMed,0.3,9,0.9,0.7,0.061000049114227295
PubMed,0.3,9,0.9,0.8,0.061000049114227295
PubMed,0.3,9,0.9,0.9,0.054000020027160645
PubMed,0.3,9,0.9,1.0,0.054000020027160645
PubMed,0.3,9,1.0,0.0,0.06200003623962402
PubMed,0.3,9,1.0,0.1,0.06400001049041748
PubMed,0.3,9,1.0,0.2,0.06200003623962402
PubMed,0.3,9,1.0,0.3,0.05600005388259888
PubMed,0.3,9,1.0,0.4,0.06200003623962402
PubMed,0.3,9,1.0,0.5,0.06200003623962402
PubMed,0.3,9,1.0,0.6,0.06200003623962402
PubMed,0.3,9,1.0,0.7,0.061000049114227295
PubMed,0.3,9,1.0,0.8,0.061000049114227295
PubMed,0.3,9,1.0,0.9,0.054000020027160645
PubMed,0.3,9,1.0,1.0,0.054000020027160645
PubMed,0.4,0,0.1,0.0,0.023000001907348633
PubMed,0.4,0,0.1,0.1,0.029999971389770508
PubMed,0.4,0,0.1,0.2,0.01699995994567871
PubMed,0.4,0,0.1,0.3,0.010999977588653564
PubMed,0.4,0,0.1,0.4,0.007999956607818604
PubMed,0.4,0,0.1,0.5,0.007999956607818604
PubMed,0.4,0,0.1,0.6,0.0059999823570251465
PubMed,0.4,0,0.1,0.7,0.0059999823570251465
PubMed,0.4,0,0.1,0.8,0.0059999823570251465
PubMed,0.4,0,0.1,0.9,0.0059999823570251465
PubMed,0.4,0,0.1,1.0,0.010999977588653564
PubMed,0.4,0,0.2,0.0,0.023000001907348633
PubMed,0.4,0,0.2,0.1,0.029999971389770508
PubMed,0.4,0,0.2,0.2,0.01699995994567871
PubMed,0.4,0,0.2,0.3,0.010999977588653564
PubMed,0.4,0,0.2,0.4,0.007999956607818604
PubMed,0.4,0,0.2,0.5,0.007999956607818604
PubMed,0.4,0,0.2,0.6,0.0059999823570251465
PubMed,0.4,0,0.2,0.7,0.0059999823570251465
PubMed,0.4,0,0.2,0.8,0.0059999823570251465
PubMed,0.4,0,0.2,0.9,0.0059999823570251465
PubMed,0.4,0,0.2,1.0,0.010999977588653564
PubMed,0.4,0,0.3,0.0,0.023000001907348633
PubMed,0.4,0,0.3,0.1,0.029999971389770508
PubMed,0.4,0,0.3,0.2,0.01699995994567871
PubMed,0.4,0,0.3,0.3,0.010999977588653564
PubMed,0.4,0,0.3,0.4,0.007999956607818604
PubMed,0.4,0,0.3,0.5,0.007999956607818604
PubMed,0.4,0,0.3,0.6,0.0059999823570251465
PubMed,0.4,0,0.3,0.7,0.0059999823570251465
PubMed,0.4,0,0.3,0.8,0.0059999823570251465
PubMed,0.4,0,0.3,0.9,0.0059999823570251465
PubMed,0.4,0,0.3,1.0,0.010999977588653564
PubMed,0.4,0,0.4,0.0,0.023000001907348633
PubMed,0.4,0,0.4,0.1,0.029999971389770508
PubMed,0.4,0,0.4,0.2,0.01699995994567871
PubMed,0.4,0,0.4,0.3,0.010999977588653564
PubMed,0.4,0,0.4,0.4,0.007999956607818604
PubMed,0.4,0,0.4,0.5,0.007999956607818604
PubMed,0.4,0,0.4,0.6,0.0059999823570251465
PubMed,0.4,0,0.4,0.7,0.0059999823570251465
PubMed,0.4,0,0.4,0.8,0.0059999823570251465
PubMed,0.4,0,0.4,0.9,0.0059999823570251465
PubMed,0.4,0,0.4,1.0,0.010999977588653564
PubMed,0.4,0,0.5,0.0,0.023000001907348633
PubMed,0.4,0,0.5,0.1,0.029999971389770508
PubMed,0.4,0,0.5,0.2,0.01699995994567871
PubMed,0.4,0,0.5,0.3,0.010999977588653564
PubMed,0.4,0,0.5,0.4,0.007999956607818604
PubMed,0.4,0,0.5,0.5,0.007999956607818604
PubMed,0.4,0,0.5,0.6,0.0059999823570251465
PubMed,0.4,0,0.5,0.7,0.0059999823570251465
PubMed,0.4,0,0.5,0.8,0.0059999823570251465
PubMed,0.4,0,0.5,0.9,0.0059999823570251465
PubMed,0.4,0,0.5,1.0,0.010999977588653564
PubMed,0.4,0,0.6,0.0,0.023000001907348633
PubMed,0.4,0,0.6,0.1,0.029999971389770508
PubMed,0.4,0,0.6,0.2,0.01699995994567871
PubMed,0.4,0,0.6,0.3,0.010999977588653564
PubMed,0.4,0,0.6,0.4,0.007999956607818604
PubMed,0.4,0,0.6,0.5,0.007999956607818604
PubMed,0.4,0,0.6,0.6,0.0059999823570251465
PubMed,0.4,0,0.6,0.7,0.0059999823570251465
PubMed,0.4,0,0.6,0.8,0.0059999823570251465
PubMed,0.4,0,0.6,0.9,0.0059999823570251465
PubMed,0.4,0,0.6,1.0,0.010999977588653564
PubMed,0.4,0,0.7,0.0,0.023000001907348633
PubMed,0.4,0,0.7,0.1,0.029999971389770508
PubMed,0.4,0,0.7,0.2,0.01699995994567871
PubMed,0.4,0,0.7,0.3,0.010999977588653564
PubMed,0.4,0,0.7,0.4,0.007999956607818604
PubMed,0.4,0,0.7,0.5,0.007999956607818604
PubMed,0.4,0,0.7,0.6,0.0059999823570251465
PubMed,0.4,0,0.7,0.7,0.0059999823570251465
PubMed,0.4,0,0.7,0.8,0.0059999823570251465
PubMed,0.4,0,0.7,0.9,0.0059999823570251465
PubMed,0.4,0,0.7,1.0,0.010999977588653564
PubMed,0.4,0,0.8,0.0,0.023000001907348633
PubMed,0.4,0,0.8,0.1,0.029999971389770508
PubMed,0.4,0,0.8,0.2,0.01699995994567871
PubMed,0.4,0,0.8,0.3,0.010999977588653564
PubMed,0.4,0,0.8,0.4,0.007999956607818604
PubMed,0.4,0,0.8,0.5,0.007999956607818604
PubMed,0.4,0,0.8,0.6,0.0059999823570251465
PubMed,0.4,0,0.8,0.7,0.0059999823570251465
PubMed,0.4,0,0.8,0.8,0.0059999823570251465
PubMed,0.4,0,0.8,0.9,0.0059999823570251465
PubMed,0.4,0,0.8,1.0,0.010999977588653564
PubMed,0.4,0,0.9,0.0,0.023000001907348633
PubMed,0.4,0,0.9,0.1,0.029999971389770508
PubMed,0.4,0,0.9,0.2,0.01699995994567871
PubMed,0.4,0,0.9,0.3,0.010999977588653564
PubMed,0.4,0,0.9,0.4,0.007999956607818604
PubMed,0.4,0,0.9,0.5,0.007999956607818604
PubMed,0.4,0,0.9,0.6,0.0059999823570251465
PubMed,0.4,0,0.9,0.7,0.0059999823570251465
PubMed,0.4,0,0.9,0.8,0.0059999823570251465
PubMed,0.4,0,0.9,0.9,0.0059999823570251465
PubMed,0.4,0,0.9,1.0,0.010999977588653564
PubMed,0.4,0,1.0,0.0,0.023000001907348633
PubMed,0.4,0,1.0,0.1,0.029999971389770508
PubMed,0.4,0,1.0,0.2,0.01699995994567871
PubMed,0.4,0,1.0,0.3,0.010999977588653564
PubMed,0.4,0,1.0,0.4,0.007999956607818604
PubMed,0.4,0,1.0,0.5,0.007999956607818604
PubMed,0.4,0,1.0,0.6,0.0059999823570251465
PubMed,0.4,0,1.0,0.7,0.0059999823570251465
PubMed,0.4,0,1.0,0.8,0.0059999823570251465
PubMed,0.4,0,1.0,0.9,0.0059999823570251465
PubMed,0.4,0,1.0,1.0,0.010999977588653564
PubMed,0.4,1,0.1,0.0,0.03799998760223389
PubMed,0.4,1,0.1,0.1,0.03799998760223389
PubMed,0.4,1,0.1,0.2,0.0350000262260437
PubMed,0.4,1,0.1,0.3,0.03100001811981201
PubMed,0.4,1,0.1,0.4,0.0339999794960022
PubMed,0.4,1,0.1,0.5,0.02499997615814209
PubMed,0.4,1,0.1,0.6,0.02899998426437378
PubMed,0.4,1,0.1,0.7,0.02899998426437378
PubMed,0.4,1,0.1,0.8,0.03100001811981201
PubMed,0.4,1,0.1,0.9,0.0350000262260437
PubMed,0.4,1,0.1,1.0,0.04399996995925903
PubMed,0.4,1,0.2,0.0,0.03799998760223389
PubMed,0.4,1,0.2,0.1,0.03799998760223389
PubMed,0.4,1,0.2,0.2,0.0350000262260437
PubMed,0.4,1,0.2,0.3,0.03100001811981201
PubMed,0.4,1,0.2,0.4,0.0339999794960022
PubMed,0.4,1,0.2,0.5,0.02499997615814209
PubMed,0.4,1,0.2,0.6,0.02899998426437378
PubMed,0.4,1,0.2,0.7,0.02899998426437378
PubMed,0.4,1,0.2,0.8,0.03100001811981201
PubMed,0.4,1,0.2,0.9,0.0350000262260437
PubMed,0.4,1,0.2,1.0,0.04399996995925903
PubMed,0.4,1,0.3,0.0,0.03799998760223389
PubMed,0.4,1,0.3,0.1,0.03799998760223389
PubMed,0.4,1,0.3,0.2,0.027000010013580322
PubMed,0.4,1,0.3,0.3,0.03100001811981201
PubMed,0.4,1,0.3,0.4,0.02899998426437378
PubMed,0.4,1,0.3,0.5,0.018999993801116943
PubMed,0.4,1,0.3,0.6,0.03200000524520874
PubMed,0.4,1,0.3,0.7,0.03200000524520874
PubMed,0.4,1,0.3,0.8,0.0209999680519104
PubMed,0.4,1,0.3,0.9,0.02499997615814209
PubMed,0.4,1,0.3,1.0,0.0339999794960022
PubMed,0.4,1,0.4,0.0,0.03799998760223389
PubMed,0.4,1,0.4,0.1,0.03799998760223389
PubMed,0.4,1,0.4,0.2,0.027000010013580322
PubMed,0.4,1,0.4,0.3,0.03100001811981201
PubMed,0.4,1,0.4,0.4,0.02899998426437378
PubMed,0.4,1,0.4,0.5,0.018999993801116943
PubMed,0.4,1,0.4,0.6,0.03200000524520874
PubMed,0.4,1,0.4,0.7,0.03200000524520874
PubMed,0.4,1,0.4,0.8,0.0209999680519104
PubMed,0.4,1,0.4,0.9,0.02499997615814209
PubMed,0.4,1,0.4,1.0,0.0339999794960022
PubMed,0.4,1,0.5,0.0,0.03799998760223389
PubMed,0.4,1,0.5,0.1,0.03799998760223389
PubMed,0.4,1,0.5,0.2,0.027000010013580322
PubMed,0.4,1,0.5,0.3,0.03100001811981201
PubMed,0.4,1,0.5,0.4,0.02899998426437378
PubMed,0.4,1,0.5,0.5,0.018999993801116943
PubMed,0.4,1,0.5,0.6,0.03200000524520874
PubMed,0.4,1,0.5,0.7,0.03200000524520874
PubMed,0.4,1,0.5,0.8,0.0209999680519104
PubMed,0.4,1,0.5,0.9,0.02499997615814209
PubMed,0.4,1,0.5,1.0,0.0339999794960022
PubMed,0.4,1,0.6,0.0,0.03799998760223389
PubMed,0.4,1,0.6,0.1,0.03799998760223389
PubMed,0.4,1,0.6,0.2,0.027000010013580322
PubMed,0.4,1,0.6,0.3,0.03100001811981201
PubMed,0.4,1,0.6,0.4,0.02899998426437378
PubMed,0.4,1,0.6,0.5,0.018999993801116943
PubMed,0.4,1,0.6,0.6,0.03200000524520874
PubMed,0.4,1,0.6,0.7,0.03200000524520874
PubMed,0.4,1,0.6,0.8,0.0209999680519104
PubMed,0.4,1,0.6,0.9,0.02499997615814209
PubMed,0.4,1,0.6,1.0,0.0339999794960022
PubMed,0.4,1,0.7,0.0,0.03799998760223389
PubMed,0.4,1,0.7,0.1,0.03799998760223389
PubMed,0.4,1,0.7,0.2,0.027000010013580322
PubMed,0.4,1,0.7,0.3,0.03100001811981201
PubMed,0.4,1,0.7,0.4,0.02899998426437378
PubMed,0.4,1,0.7,0.5,0.018999993801116943
PubMed,0.4,1,0.7,0.6,0.03200000524520874
PubMed,0.4,1,0.7,0.7,0.03200000524520874
PubMed,0.4,1,0.7,0.8,0.0209999680519104
PubMed,0.4,1,0.7,0.9,0.02499997615814209
PubMed,0.4,1,0.7,1.0,0.0339999794960022
PubMed,0.4,1,0.8,0.0,0.03799998760223389
PubMed,0.4,1,0.8,0.1,0.03799998760223389
PubMed,0.4,1,0.8,0.2,0.027000010013580322
PubMed,0.4,1,0.8,0.3,0.03100001811981201
PubMed,0.4,1,0.8,0.4,0.02899998426437378
PubMed,0.4,1,0.8,0.5,0.018999993801116943
PubMed,0.4,1,0.8,0.6,0.03200000524520874
PubMed,0.4,1,0.8,0.7,0.03200000524520874
PubMed,0.4,1,0.8,0.8,0.0209999680519104
PubMed,0.4,1,0.8,0.9,0.02499997615814209
PubMed,0.4,1,0.8,1.0,0.0339999794960022
PubMed,0.4,1,0.9,0.0,0.03799998760223389
PubMed,0.4,1,0.9,0.1,0.03799998760223389
PubMed,0.4,1,0.9,0.2,0.027000010013580322
PubMed,0.4,1,0.9,0.3,0.03100001811981201
PubMed,0.4,1,0.9,0.4,0.02899998426437378
PubMed,0.4,1,0.9,0.5,0.018999993801116943
PubMed,0.4,1,0.9,0.6,0.03200000524520874
PubMed,0.4,1,0.9,0.7,0.03200000524520874
PubMed,0.4,1,0.9,0.8,0.0209999680519104
PubMed,0.4,1,0.9,0.9,0.02499997615814209
PubMed,0.4,1,0.9,1.0,0.0339999794960022
PubMed,0.4,1,1.0,0.0,0.03799998760223389
PubMed,0.4,1,1.0,0.1,0.03799998760223389
PubMed,0.4,1,1.0,0.2,0.027000010013580322
PubMed,0.4,1,1.0,0.3,0.03100001811981201
PubMed,0.4,1,1.0,0.4,0.02899998426437378
PubMed,0.4,1,1.0,0.5,0.018999993801116943
PubMed,0.4,1,1.0,0.6,0.03200000524520874
PubMed,0.4,1,1.0,0.7,0.03200000524520874
PubMed,0.4,1,1.0,0.8,0.0209999680519104
PubMed,0.4,1,1.0,0.9,0.02499997615814209
PubMed,0.4,1,1.0,1.0,0.0339999794960022
PubMed,0.4,2,0.1,0.0,0.06499999761581421
PubMed,0.4,2,0.1,0.1,0.06200003623962402
PubMed,0.4,2,0.1,0.2,0.06200003623962402
PubMed,0.4,2,0.1,0.3,0.06200003623962402
PubMed,0.4,2,0.1,0.4,0.05900001525878906
PubMed,0.4,2,0.1,0.5,0.05900001525878906
PubMed,0.4,2,0.1,0.6,0.07500004768371582
PubMed,0.4,2,0.1,0.7,0.07500004768371582
PubMed,0.4,2,0.1,0.8,0.07500004768371582
PubMed,0.4,2,0.1,0.9,0.10100001096725464
PubMed,0.4,2,0.1,1.0,0.08100003004074097
PubMed,0.4,2,0.2,0.0,0.061000049114227295
PubMed,0.4,2,0.2,0.1,0.05900001525878906
PubMed,0.4,2,0.2,0.2,0.05900001525878906
PubMed,0.4,2,0.2,0.3,0.05900001525878906
PubMed,0.4,2,0.2,0.4,0.058000028133392334
PubMed,0.4,2,0.2,0.5,0.058000028133392334
PubMed,0.4,2,0.2,0.6,0.07200002670288086
PubMed,0.4,2,0.2,0.7,0.06200003623962402
PubMed,0.4,2,0.2,0.8,0.06200003623962402
PubMed,0.4,2,0.2,0.9,0.07600003480911255
PubMed,0.4,2,0.2,1.0,0.06800001859664917
PubMed,0.4,2,0.3,0.0,0.03600001335144043
PubMed,0.4,2,0.3,0.1,0.04500001668930054
PubMed,0.4,2,0.3,0.2,0.04500001668930054
PubMed,0.4,2,0.3,0.3,0.04500001668930054
PubMed,0.4,2,0.3,0.4,0.0480000376701355
PubMed,0.4,2,0.3,0.5,0.0480000376701355
PubMed,0.4,2,0.3,0.6,0.0559999942779541
PubMed,0.4,2,0.3,0.7,0.06400001049041748
PubMed,0.4,2,0.3,0.8,0.06400001049041748
PubMed,0.4,2,0.3,0.9,0.07200002670288086
PubMed,0.4,2,0.3,1.0,0.0690000057220459
PubMed,0.4,2,0.4,0.0,0.013999998569488525
PubMed,0.4,2,0.4,0.1,0.026000022888183594
PubMed,0.4,2,0.4,0.2,0.026000022888183594
PubMed,0.4,2,0.4,0.3,0.026000022888183594
PubMed,0.4,2,0.4,0.4,0.030000030994415283
PubMed,0.4,2,0.4,0.5,0.030000030994415283
PubMed,0.4,2,0.4,0.6,0.03800004720687866
PubMed,0.4,2,0.4,0.7,0.046999990940093994
PubMed,0.4,2,0.4,0.8,0.046999990940093994
PubMed,0.4,2,0.4,0.9,0.046000003814697266
PubMed,0.4,2,0.4,1.0,0.04100000858306885
PubMed,0.4,2,0.5,0.0,0.013999998569488525
PubMed,0.4,2,0.5,0.1,0.026000022888183594
PubMed,0.4,2,0.5,0.2,0.026000022888183594
PubMed,0.4,2,0.5,0.3,0.026000022888183594
PubMed,0.4,2,0.5,0.4,0.030000030994415283
PubMed,0.4,2,0.5,0.5,0.030000030994415283
PubMed,0.4,2,0.5,0.6,0.03800004720687866
PubMed,0.4,2,0.5,0.7,0.046999990940093994
PubMed,0.4,2,0.5,0.8,0.046999990940093994
PubMed,0.4,2,0.5,0.9,0.046000003814697266
PubMed,0.4,2,0.5,1.0,0.04100000858306885
PubMed,0.4,2,0.6,0.0,0.013999998569488525
PubMed,0.4,2,0.6,0.1,0.026000022888183594
PubMed,0.4,2,0.6,0.2,0.026000022888183594
PubMed,0.4,2,0.6,0.3,0.026000022888183594
PubMed,0.4,2,0.6,0.4,0.030000030994415283
PubMed,0.4,2,0.6,0.5,0.030000030994415283
PubMed,0.4,2,0.6,0.6,0.03800004720687866
PubMed,0.4,2,0.6,0.7,0.046999990940093994
PubMed,0.4,2,0.6,0.8,0.046999990940093994
PubMed,0.4,2,0.6,0.9,0.046000003814697266
PubMed,0.4,2,0.6,1.0,0.04100000858306885
PubMed,0.4,2,0.7,0.0,0.013999998569488525
PubMed,0.4,2,0.7,0.1,0.026000022888183594
PubMed,0.4,2,0.7,0.2,0.026000022888183594
PubMed,0.4,2,0.7,0.3,0.026000022888183594
PubMed,0.4,2,0.7,0.4,0.030000030994415283
PubMed,0.4,2,0.7,0.5,0.030000030994415283
PubMed,0.4,2,0.7,0.6,0.03800004720687866
PubMed,0.4,2,0.7,0.7,0.046999990940093994
PubMed,0.4,2,0.7,0.8,0.046999990940093994
PubMed,0.4,2,0.7,0.9,0.046000003814697266
PubMed,0.4,2,0.7,1.0,0.04100000858306885
PubMed,0.4,2,0.8,0.0,0.013999998569488525
PubMed,0.4,2,0.8,0.1,0.026000022888183594
PubMed,0.4,2,0.8,0.2,0.026000022888183594
PubMed,0.4,2,0.8,0.3,0.026000022888183594
PubMed,0.4,2,0.8,0.4,0.030000030994415283
PubMed,0.4,2,0.8,0.5,0.030000030994415283
PubMed,0.4,2,0.8,0.6,0.03800004720687866
PubMed,0.4,2,0.8,0.7,0.046999990940093994
PubMed,0.4,2,0.8,0.8,0.046999990940093994
PubMed,0.4,2,0.8,0.9,0.046000003814697266
PubMed,0.4,2,0.8,1.0,0.04100000858306885
PubMed,0.4,2,0.9,0.0,0.013999998569488525
PubMed,0.4,2,0.9,0.1,0.026000022888183594
PubMed,0.4,2,0.9,0.2,0.026000022888183594
PubMed,0.4,2,0.9,0.3,0.026000022888183594
PubMed,0.4,2,0.9,0.4,0.030000030994415283
PubMed,0.4,2,0.9,0.5,0.030000030994415283
PubMed,0.4,2,0.9,0.6,0.03800004720687866
PubMed,0.4,2,0.9,0.7,0.046999990940093994
PubMed,0.4,2,0.9,0.8,0.046999990940093994
PubMed,0.4,2,0.9,0.9,0.046000003814697266
PubMed,0.4,2,0.9,1.0,0.04100000858306885
PubMed,0.4,2,1.0,0.0,0.013999998569488525
PubMed,0.4,2,1.0,0.1,0.026000022888183594
PubMed,0.4,2,1.0,0.2,0.026000022888183594
PubMed,0.4,2,1.0,0.3,0.026000022888183594
PubMed,0.4,2,1.0,0.4,0.030000030994415283
PubMed,0.4,2,1.0,0.5,0.030000030994415283
PubMed,0.4,2,1.0,0.6,0.03800004720687866
PubMed,0.4,2,1.0,0.7,0.046999990940093994
PubMed,0.4,2,1.0,0.8,0.046999990940093994
PubMed,0.4,2,1.0,0.9,0.046000003814697266
PubMed,0.4,2,1.0,1.0,0.04100000858306885
PubMed,0.4,3,0.1,0.0,0.13300001621246338
PubMed,0.4,3,0.1,0.1,0.13300001621246338
PubMed,0.4,3,0.1,0.2,0.15799999237060547
PubMed,0.4,3,0.1,0.3,0.1510000228881836
PubMed,0.4,3,0.1,0.4,0.1499999761581421
PubMed,0.4,3,0.1,0.5,0.1470000147819519
PubMed,0.4,3,0.1,0.6,0.14600002765655518
PubMed,0.4,3,0.1,0.7,0.156000018119812
PubMed,0.4,3,0.1,0.8,0.14399999380111694
PubMed,0.4,3,0.1,0.9,0.14399999380111694
PubMed,0.4,3,0.1,1.0,0.14499998092651367
PubMed,0.4,3,0.2,0.0,0.08099997043609619
PubMed,0.4,3,0.2,0.1,0.08099997043609619
PubMed,0.4,3,0.2,0.2,0.11799997091293335
PubMed,0.4,3,0.2,0.3,0.12099999189376831
PubMed,0.4,3,0.2,0.4,0.12300002574920654
PubMed,0.4,3,0.2,0.5,0.12000000476837158
PubMed,0.4,3,0.2,0.6,0.12099999189376831
PubMed,0.4,3,0.2,0.7,0.12300002574920654
PubMed,0.4,3,0.2,0.8,0.10900002717971802
PubMed,0.4,3,0.2,0.9,0.10900002717971802
PubMed,0.4,3,0.2,1.0,0.1119999885559082
PubMed,0.4,3,0.3,0.0,0.08099997043609619
PubMed,0.4,3,0.3,0.1,0.08099997043609619
PubMed,0.4,3,0.3,0.2,0.11799997091293335
PubMed,0.4,3,0.3,0.3,0.12099999189376831
PubMed,0.4,3,0.3,0.4,0.12300002574920654
PubMed,0.4,3,0.3,0.5,0.12000000476837158
PubMed,0.4,3,0.3,0.6,0.12099999189376831
PubMed,0.4,3,0.3,0.7,0.12300002574920654
PubMed,0.4,3,0.3,0.8,0.10900002717971802
PubMed,0.4,3,0.3,0.9,0.10900002717971802
PubMed,0.4,3,0.3,1.0,0.1119999885559082
PubMed,0.4,3,0.4,0.0,0.08099997043609619
PubMed,0.4,3,0.4,0.1,0.08099997043609619
PubMed,0.4,3,0.4,0.2,0.11799997091293335
PubMed,0.4,3,0.4,0.3,0.12099999189376831
PubMed,0.4,3,0.4,0.4,0.12300002574920654
PubMed,0.4,3,0.4,0.5,0.12000000476837158
PubMed,0.4,3,0.4,0.6,0.12099999189376831
PubMed,0.4,3,0.4,0.7,0.12300002574920654
PubMed,0.4,3,0.4,0.8,0.10900002717971802
PubMed,0.4,3,0.4,0.9,0.10900002717971802
PubMed,0.4,3,0.4,1.0,0.1119999885559082
PubMed,0.4,3,0.5,0.0,0.08099997043609619
PubMed,0.4,3,0.5,0.1,0.08099997043609619
PubMed,0.4,3,0.5,0.2,0.11799997091293335
PubMed,0.4,3,0.5,0.3,0.12099999189376831
PubMed,0.4,3,0.5,0.4,0.12300002574920654
PubMed,0.4,3,0.5,0.5,0.12000000476837158
PubMed,0.4,3,0.5,0.6,0.12099999189376831
PubMed,0.4,3,0.5,0.7,0.12300002574920654
PubMed,0.4,3,0.5,0.8,0.10900002717971802
PubMed,0.4,3,0.5,0.9,0.10900002717971802
PubMed,0.4,3,0.5,1.0,0.1119999885559082
PubMed,0.4,3,0.6,0.0,0.08099997043609619
PubMed,0.4,3,0.6,0.1,0.08099997043609619
PubMed,0.4,3,0.6,0.2,0.11799997091293335
PubMed,0.4,3,0.6,0.3,0.12099999189376831
PubMed,0.4,3,0.6,0.4,0.12300002574920654
PubMed,0.4,3,0.6,0.5,0.12000000476837158
PubMed,0.4,3,0.6,0.6,0.12099999189376831
PubMed,0.4,3,0.6,0.7,0.12300002574920654
PubMed,0.4,3,0.6,0.8,0.10900002717971802
PubMed,0.4,3,0.6,0.9,0.10900002717971802
PubMed,0.4,3,0.6,1.0,0.1119999885559082
PubMed,0.4,3,0.7,0.0,0.08099997043609619
PubMed,0.4,3,0.7,0.1,0.08099997043609619
PubMed,0.4,3,0.7,0.2,0.11799997091293335
PubMed,0.4,3,0.7,0.3,0.12099999189376831
PubMed,0.4,3,0.7,0.4,0.12300002574920654
PubMed,0.4,3,0.7,0.5,0.12000000476837158
PubMed,0.4,3,0.7,0.6,0.12099999189376831
PubMed,0.4,3,0.7,0.7,0.12300002574920654
PubMed,0.4,3,0.7,0.8,0.10900002717971802
PubMed,0.4,3,0.7,0.9,0.10900002717971802
PubMed,0.4,3,0.7,1.0,0.1119999885559082
PubMed,0.4,3,0.8,0.0,0.08099997043609619
PubMed,0.4,3,0.8,0.1,0.08099997043609619
PubMed,0.4,3,0.8,0.2,0.11799997091293335
PubMed,0.4,3,0.8,0.3,0.12099999189376831
PubMed,0.4,3,0.8,0.4,0.12300002574920654
PubMed,0.4,3,0.8,0.5,0.12000000476837158
PubMed,0.4,3,0.8,0.6,0.12099999189376831
PubMed,0.4,3,0.8,0.7,0.12300002574920654
PubMed,0.4,3,0.8,0.8,0.10900002717971802
PubMed,0.4,3,0.8,0.9,0.10900002717971802
PubMed,0.4,3,0.8,1.0,0.1119999885559082
PubMed,0.4,3,0.9,0.0,0.08099997043609619
PubMed,0.4,3,0.9,0.1,0.08099997043609619
PubMed,0.4,3,0.9,0.2,0.11799997091293335
PubMed,0.4,3,0.9,0.3,0.12099999189376831
PubMed,0.4,3,0.9,0.4,0.12300002574920654
PubMed,0.4,3,0.9,0.5,0.12000000476837158
PubMed,0.4,3,0.9,0.6,0.12099999189376831
PubMed,0.4,3,0.9,0.7,0.12300002574920654
PubMed,0.4,3,0.9,0.8,0.10900002717971802
PubMed,0.4,3,0.9,0.9,0.10900002717971802
PubMed,0.4,3,0.9,1.0,0.1119999885559082
PubMed,0.4,3,1.0,0.0,0.08099997043609619
PubMed,0.4,3,1.0,0.1,0.08099997043609619
PubMed,0.4,3,1.0,0.2,0.11799997091293335
PubMed,0.4,3,1.0,0.3,0.12099999189376831
PubMed,0.4,3,1.0,0.4,0.12300002574920654
PubMed,0.4,3,1.0,0.5,0.12000000476837158
PubMed,0.4,3,1.0,0.6,0.12099999189376831
PubMed,0.4,3,1.0,0.7,0.12300002574920654
PubMed,0.4,3,1.0,0.8,0.10900002717971802
PubMed,0.4,3,1.0,0.9,0.10900002717971802
PubMed,0.4,3,1.0,1.0,0.1119999885559082
PubMed,0.4,4,0.1,0.0,0.033000051975250244
PubMed,0.4,4,0.1,0.1,0.033000051975250244
PubMed,0.4,4,0.1,0.2,0.033000051975250244
PubMed,0.4,4,0.1,0.3,0.033000051975250244
PubMed,0.4,4,0.1,0.4,0.033000051975250244
PubMed,0.4,4,0.1,0.5,0.033000051975250244
PubMed,0.4,4,0.1,0.6,0.04200005531311035
PubMed,0.4,4,0.1,0.7,0.04200005531311035
PubMed,0.4,4,0.1,0.8,0.04200005531311035
PubMed,0.4,4,0.1,0.9,0.04200005531311035
PubMed,0.4,4,0.1,1.0,0.04200005531311035
PubMed,0.4,4,0.2,0.0,0.013999998569488525
PubMed,0.4,4,0.2,0.1,0.013999998569488525
PubMed,0.4,4,0.2,0.2,0.013999998569488525
PubMed,0.4,4,0.2,0.3,0.013999998569488525
PubMed,0.4,4,0.2,0.4,0.013999998569488525
PubMed,0.4,4,0.2,0.5,0.013999998569488525
PubMed,0.4,4,0.2,0.6,0.0480000376701355
PubMed,0.4,4,0.2,0.7,0.0480000376701355
PubMed,0.4,4,0.2,0.8,0.0480000376701355
PubMed,0.4,4,0.2,0.9,0.0480000376701355
PubMed,0.4,4,0.2,1.0,0.0480000376701355
PubMed,0.4,4,0.3,0.0,0.013999998569488525
PubMed,0.4,4,0.3,0.1,0.013999998569488525
PubMed,0.4,4,0.3,0.2,0.013999998569488525
PubMed,0.4,4,0.3,0.3,0.013999998569488525
PubMed,0.4,4,0.3,0.4,0.013999998569488525
PubMed,0.4,4,0.3,0.5,0.013999998569488525
PubMed,0.4,4,0.3,0.6,0.0480000376701355
PubMed,0.4,4,0.3,0.7,0.0480000376701355
PubMed,0.4,4,0.3,0.8,0.0480000376701355
PubMed,0.4,4,0.3,0.9,0.0480000376701355
PubMed,0.4,4,0.3,1.0,0.0480000376701355
PubMed,0.4,4,0.4,0.0,0.013999998569488525
PubMed,0.4,4,0.4,0.1,0.013999998569488525
PubMed,0.4,4,0.4,0.2,0.013999998569488525
PubMed,0.4,4,0.4,0.3,0.013999998569488525
PubMed,0.4,4,0.4,0.4,0.013999998569488525
PubMed,0.4,4,0.4,0.5,0.013999998569488525
PubMed,0.4,4,0.4,0.6,0.0480000376701355
PubMed,0.4,4,0.4,0.7,0.0480000376701355
PubMed,0.4,4,0.4,0.8,0.0480000376701355
PubMed,0.4,4,0.4,0.9,0.0480000376701355
PubMed,0.4,4,0.4,1.0,0.0480000376701355
PubMed,0.4,4,0.5,0.0,0.013999998569488525
PubMed,0.4,4,0.5,0.1,0.013999998569488525
PubMed,0.4,4,0.5,0.2,0.013999998569488525
PubMed,0.4,4,0.5,0.3,0.013999998569488525
PubMed,0.4,4,0.5,0.4,0.013999998569488525
PubMed,0.4,4,0.5,0.5,0.013999998569488525
PubMed,0.4,4,0.5,0.6,0.0480000376701355
PubMed,0.4,4,0.5,0.7,0.0480000376701355
PubMed,0.4,4,0.5,0.8,0.0480000376701355
PubMed,0.4,4,0.5,0.9,0.0480000376701355
PubMed,0.4,4,0.5,1.0,0.0480000376701355
PubMed,0.4,4,0.6,0.0,0.013999998569488525
PubMed,0.4,4,0.6,0.1,0.013999998569488525
PubMed,0.4,4,0.6,0.2,0.013999998569488525
PubMed,0.4,4,0.6,0.3,0.013999998569488525
PubMed,0.4,4,0.6,0.4,0.013999998569488525
PubMed,0.4,4,0.6,0.5,0.013999998569488525
PubMed,0.4,4,0.6,0.6,0.0480000376701355
PubMed,0.4,4,0.6,0.7,0.0480000376701355
PubMed,0.4,4,0.6,0.8,0.0480000376701355
PubMed,0.4,4,0.6,0.9,0.0480000376701355
PubMed,0.4,4,0.6,1.0,0.0480000376701355
PubMed,0.4,4,0.7,0.0,0.013999998569488525
PubMed,0.4,4,0.7,0.1,0.013999998569488525
PubMed,0.4,4,0.7,0.2,0.013999998569488525
PubMed,0.4,4,0.7,0.3,0.013999998569488525
PubMed,0.4,4,0.7,0.4,0.013999998569488525
PubMed,0.4,4,0.7,0.5,0.013999998569488525
PubMed,0.4,4,0.7,0.6,0.0480000376701355
PubMed,0.4,4,0.7,0.7,0.0480000376701355
PubMed,0.4,4,0.7,0.8,0.0480000376701355
PubMed,0.4,4,0.7,0.9,0.0480000376701355
PubMed,0.4,4,0.7,1.0,0.0480000376701355
PubMed,0.4,4,0.8,0.0,0.013999998569488525
PubMed,0.4,4,0.8,0.1,0.013999998569488525
PubMed,0.4,4,0.8,0.2,0.013999998569488525
PubMed,0.4,4,0.8,0.3,0.013999998569488525
PubMed,0.4,4,0.8,0.4,0.013999998569488525
PubMed,0.4,4,0.8,0.5,0.013999998569488525
PubMed,0.4,4,0.8,0.6,0.0480000376701355
PubMed,0.4,4,0.8,0.7,0.0480000376701355
PubMed,0.4,4,0.8,0.8,0.0480000376701355
PubMed,0.4,4,0.8,0.9,0.0480000376701355
PubMed,0.4,4,0.8,1.0,0.0480000376701355
PubMed,0.4,4,0.9,0.0,0.013999998569488525
PubMed,0.4,4,0.9,0.1,0.013999998569488525
PubMed,0.4,4,0.9,0.2,0.013999998569488525
PubMed,0.4,4,0.9,0.3,0.013999998569488525
PubMed,0.4,4,0.9,0.4,0.013999998569488525
PubMed,0.4,4,0.9,0.5,0.013999998569488525
PubMed,0.4,4,0.9,0.6,0.0480000376701355
PubMed,0.4,4,0.9,0.7,0.0480000376701355
PubMed,0.4,4,0.9,0.8,0.0480000376701355
PubMed,0.4,4,0.9,0.9,0.0480000376701355
PubMed,0.4,4,0.9,1.0,0.0480000376701355
PubMed,0.4,4,1.0,0.0,0.013999998569488525
PubMed,0.4,4,1.0,0.1,0.013999998569488525
PubMed,0.4,4,1.0,0.2,0.013999998569488525
PubMed,0.4,4,1.0,0.3,0.013999998569488525
PubMed,0.4,4,1.0,0.4,0.013999998569488525
PubMed,0.4,4,1.0,0.5,0.013999998569488525
PubMed,0.4,4,1.0,0.6,0.0480000376701355
PubMed,0.4,4,1.0,0.7,0.0480000376701355
PubMed,0.4,4,1.0,0.8,0.0480000376701355
PubMed,0.4,4,1.0,0.9,0.0480000376701355
PubMed,0.4,4,1.0,1.0,0.0480000376701355
PubMed,0.4,5,0.1,0.0,0.10600000619888306
PubMed,0.4,5,0.1,0.1,0.10600000619888306
PubMed,0.4,5,0.1,0.2,0.1040000319480896
PubMed,0.4,5,0.1,0.3,0.10100001096725464
PubMed,0.4,5,0.1,0.4,0.1040000319480896
PubMed,0.4,5,0.1,0.5,0.1040000319480896
PubMed,0.4,5,0.1,0.6,0.10100001096725464
PubMed,0.4,5,0.1,0.7,0.10100001096725464
PubMed,0.4,5,0.1,0.8,0.10800004005432129
PubMed,0.4,5,0.1,0.9,0.09799998998641968
PubMed,0.4,5,0.1,1.0,0.09799998998641968
PubMed,0.4,5,0.2,0.0,0.08300000429153442
PubMed,0.4,5,0.2,0.1,0.08300000429153442
PubMed,0.4,5,0.2,0.2,0.07499998807907104
PubMed,0.4,5,0.2,0.3,0.08700001239776611
PubMed,0.4,5,0.2,0.4,0.08700001239776611
PubMed,0.4,5,0.2,0.5,0.08300000429153442
PubMed,0.4,5,0.2,0.6,0.08399999141693115
PubMed,0.4,5,0.2,0.7,0.08399999141693115
PubMed,0.4,5,0.2,0.8,0.10300004482269287
PubMed,0.4,5,0.2,0.9,0.10500001907348633
PubMed,0.4,5,0.2,1.0,0.10500001907348633
PubMed,0.4,5,0.3,0.0,0.06800001859664917
PubMed,0.4,5,0.3,0.1,0.06800001859664917
PubMed,0.4,5,0.3,0.2,0.05500000715255737
PubMed,0.4,5,0.3,0.3,0.07400000095367432
PubMed,0.4,5,0.3,0.4,0.08000004291534424
PubMed,0.4,5,0.3,0.5,0.06800001859664917
PubMed,0.4,5,0.3,0.6,0.07200002670288086
PubMed,0.4,5,0.3,0.7,0.07200002670288086
PubMed,0.4,5,0.3,0.8,0.09600001573562622
PubMed,0.4,5,0.3,0.9,0.10100001096725464
PubMed,0.4,5,0.3,1.0,0.10100001096725464
PubMed,0.4,5,0.4,0.0,0.06700003147125244
PubMed,0.4,5,0.4,0.1,0.06700003147125244
PubMed,0.4,5,0.4,0.2,0.06200003623962402
PubMed,0.4,5,0.4,0.3,0.07700002193450928
PubMed,0.4,5,0.4,0.4,0.08000004291534424
PubMed,0.4,5,0.4,0.5,0.07200002670288086
PubMed,0.4,5,0.4,0.6,0.07300001382827759
PubMed,0.4,5,0.4,0.7,0.07300001382827759
PubMed,0.4,5,0.4,0.8,0.10300004482269287
PubMed,0.4,5,0.4,0.9,0.10500001907348633
PubMed,0.4,5,0.4,1.0,0.10500001907348633
PubMed,0.4,5,0.5,0.0,0.06700003147125244
PubMed,0.4,5,0.5,0.1,0.06700003147125244
PubMed,0.4,5,0.5,0.2,0.06200003623962402
PubMed,0.4,5,0.5,0.3,0.07700002193450928
PubMed,0.4,5,0.5,0.4,0.08000004291534424
PubMed,0.4,5,0.5,0.5,0.07200002670288086
PubMed,0.4,5,0.5,0.6,0.07300001382827759
PubMed,0.4,5,0.5,0.7,0.07300001382827759
PubMed,0.4,5,0.5,0.8,0.10300004482269287
PubMed,0.4,5,0.5,0.9,0.10500001907348633
PubMed,0.4,5,0.5,1.0,0.10500001907348633
PubMed,0.4,5,0.6,0.0,0.06700003147125244
PubMed,0.4,5,0.6,0.1,0.06700003147125244
PubMed,0.4,5,0.6,0.2,0.06200003623962402
PubMed,0.4,5,0.6,0.3,0.07700002193450928
PubMed,0.4,5,0.6,0.4,0.08000004291534424
PubMed,0.4,5,0.6,0.5,0.07200002670288086
PubMed,0.4,5,0.6,0.6,0.07300001382827759
PubMed,0.4,5,0.6,0.7,0.07300001382827759
PubMed,0.4,5,0.6,0.8,0.10300004482269287
PubMed,0.4,5,0.6,0.9,0.10500001907348633
PubMed,0.4,5,0.6,1.0,0.10500001907348633
PubMed,0.4,5,0.7,0.0,0.06700003147125244
PubMed,0.4,5,0.7,0.1,0.06700003147125244
PubMed,0.4,5,0.7,0.2,0.06200003623962402
PubMed,0.4,5,0.7,0.3,0.07700002193450928
PubMed,0.4,5,0.7,0.4,0.08000004291534424
PubMed,0.4,5,0.7,0.5,0.07200002670288086
PubMed,0.4,5,0.7,0.6,0.07300001382827759
PubMed,0.4,5,0.7,0.7,0.07300001382827759
PubMed,0.4,5,0.7,0.8,0.10300004482269287
PubMed,0.4,5,0.7,0.9,0.10500001907348633
PubMed,0.4,5,0.7,1.0,0.10500001907348633
PubMed,0.4,5,0.8,0.0,0.06700003147125244
PubMed,0.4,5,0.8,0.1,0.06700003147125244
PubMed,0.4,5,0.8,0.2,0.06200003623962402
PubMed,0.4,5,0.8,0.3,0.07700002193450928
PubMed,0.4,5,0.8,0.4,0.08000004291534424
PubMed,0.4,5,0.8,0.5,0.07200002670288086
PubMed,0.4,5,0.8,0.6,0.07300001382827759
PubMed,0.4,5,0.8,0.7,0.07300001382827759
PubMed,0.4,5,0.8,0.8,0.10300004482269287
PubMed,0.4,5,0.8,0.9,0.10500001907348633
PubMed,0.4,5,0.8,1.0,0.10500001907348633
PubMed,0.4,5,0.9,0.0,0.06700003147125244
PubMed,0.4,5,0.9,0.1,0.06700003147125244
PubMed,0.4,5,0.9,0.2,0.06200003623962402
PubMed,0.4,5,0.9,0.3,0.07700002193450928
PubMed,0.4,5,0.9,0.4,0.08000004291534424
PubMed,0.4,5,0.9,0.5,0.07200002670288086
PubMed,0.4,5,0.9,0.6,0.07300001382827759
PubMed,0.4,5,0.9,0.7,0.07300001382827759
PubMed,0.4,5,0.9,0.8,0.10300004482269287
PubMed,0.4,5,0.9,0.9,0.10500001907348633
PubMed,0.4,5,0.9,1.0,0.10500001907348633
PubMed,0.4,5,1.0,0.0,0.06700003147125244
PubMed,0.4,5,1.0,0.1,0.06700003147125244
PubMed,0.4,5,1.0,0.2,0.06200003623962402
PubMed,0.4,5,1.0,0.3,0.07700002193450928
PubMed,0.4,5,1.0,0.4,0.08000004291534424
PubMed,0.4,5,1.0,0.5,0.07200002670288086
PubMed,0.4,5,1.0,0.6,0.07300001382827759
PubMed,0.4,5,1.0,0.7,0.07300001382827759
PubMed,0.4,5,1.0,0.8,0.10300004482269287
PubMed,0.4,5,1.0,0.9,0.10500001907348633
PubMed,0.4,5,1.0,1.0,0.10500001907348633
PubMed,0.4,6,0.1,0.0,-0.021000027656555176
PubMed,0.4,6,0.1,0.1,-0.030000030994415283
PubMed,0.4,6,0.1,0.2,-0.029000043869018555
PubMed,0.4,6,0.1,0.3,-0.029000043869018555
PubMed,0.4,6,0.1,0.4,-0.029000043869018555
PubMed,0.4,6,0.1,0.5,-0.027000010013580322
PubMed,0.4,6,0.1,0.6,-0.030000030994415283
PubMed,0.4,6,0.1,0.7,-0.029000043869018555
PubMed,0.4,6,0.1,0.8,-0.029000043869018555
PubMed,0.4,6,0.1,0.9,-0.003000020980834961
PubMed,0.4,6,0.1,1.0,-0.003000020980834961
PubMed,0.4,6,0.2,0.0,-0.017000019550323486
PubMed,0.4,6,0.2,0.1,-0.022000014781951904
PubMed,0.4,6,0.2,0.2,-0.01500004529953003
PubMed,0.4,6,0.2,0.3,-0.01500004529953003
PubMed,0.4,6,0.2,0.4,-0.01500004529953003
PubMed,0.4,6,0.2,0.5,-0.03100001811981201
PubMed,0.4,6,0.2,0.6,-0.026000022888183594
PubMed,0.4,6,0.2,0.7,-0.021000027656555176
PubMed,0.4,6,0.2,0.8,-0.021000027656555176
PubMed,0.4,6,0.2,0.9,-0.01100003719329834
PubMed,0.4,6,0.2,1.0,-0.01100003719329834
PubMed,0.4,6,0.3,0.0,-0.025000035762786865
PubMed,0.4,6,0.3,0.1,-0.04200005531311035
PubMed,0.4,6,0.3,0.2,-0.03200000524520874
PubMed,0.4,6,0.3,0.3,-0.03200000524520874
PubMed,0.4,6,0.3,0.4,-0.03200000524520874
PubMed,0.4,6,0.3,0.5,-0.046000003814697266
PubMed,0.4,6,0.3,0.6,-0.04300004243850708
PubMed,0.4,6,0.3,0.7,-0.024000048637390137
PubMed,0.4,6,0.3,0.8,-0.024000048637390137
PubMed,0.4,6,0.3,0.9,0.023000001907348633
PubMed,0.4,6,0.3,1.0,0.023000001907348633
PubMed,0.4,6,0.4,0.0,-0.025000035762786865
PubMed,0.4,6,0.4,0.1,-0.04200005531311035
PubMed,0.4,6,0.4,0.2,-0.03200000524520874
PubMed,0.4,6,0.4,0.3,-0.03200000524520874
PubMed,0.4,6,0.4,0.4,-0.03200000524520874
PubMed,0.4,6,0.4,0.5,-0.046000003814697266
PubMed,0.4,6,0.4,0.6,-0.04300004243850708
PubMed,0.4,6,0.4,0.7,-0.024000048637390137
PubMed,0.4,6,0.4,0.8,-0.024000048637390137
PubMed,0.4,6,0.4,0.9,0.023000001907348633
PubMed,0.4,6,0.4,1.0,0.023000001907348633
PubMed,0.4,6,0.5,0.0,-0.025000035762786865
PubMed,0.4,6,0.5,0.1,-0.04200005531311035
PubMed,0.4,6,0.5,0.2,-0.03200000524520874
PubMed,0.4,6,0.5,0.3,-0.03200000524520874
PubMed,0.4,6,0.5,0.4,-0.03200000524520874
PubMed,0.4,6,0.5,0.5,-0.046000003814697266
PubMed,0.4,6,0.5,0.6,-0.04300004243850708
PubMed,0.4,6,0.5,0.7,-0.024000048637390137
PubMed,0.4,6,0.5,0.8,-0.024000048637390137
PubMed,0.4,6,0.5,0.9,0.023000001907348633
PubMed,0.4,6,0.5,1.0,0.023000001907348633
PubMed,0.4,6,0.6,0.0,-0.025000035762786865
PubMed,0.4,6,0.6,0.1,-0.04200005531311035
PubMed,0.4,6,0.6,0.2,-0.03200000524520874
PubMed,0.4,6,0.6,0.3,-0.03200000524520874
PubMed,0.4,6,0.6,0.4,-0.03200000524520874
PubMed,0.4,6,0.6,0.5,-0.046000003814697266
PubMed,0.4,6,0.6,0.6,-0.04300004243850708
PubMed,0.4,6,0.6,0.7,-0.024000048637390137
PubMed,0.4,6,0.6,0.8,-0.024000048637390137
PubMed,0.4,6,0.6,0.9,0.023000001907348633
PubMed,0.4,6,0.6,1.0,0.023000001907348633
PubMed,0.4,6,0.7,0.0,-0.025000035762786865
PubMed,0.4,6,0.7,0.1,-0.04200005531311035
PubMed,0.4,6,0.7,0.2,-0.03200000524520874
PubMed,0.4,6,0.7,0.3,-0.03200000524520874
PubMed,0.4,6,0.7,0.4,-0.03200000524520874
PubMed,0.4,6,0.7,0.5,-0.046000003814697266
PubMed,0.4,6,0.7,0.6,-0.04300004243850708
PubMed,0.4,6,0.7,0.7,-0.024000048637390137
PubMed,0.4,6,0.7,0.8,-0.024000048637390137
PubMed,0.4,6,0.7,0.9,0.023000001907348633
PubMed,0.4,6,0.7,1.0,0.023000001907348633
PubMed,0.4,6,0.8,0.0,-0.025000035762786865
PubMed,0.4,6,0.8,0.1,-0.04200005531311035
PubMed,0.4,6,0.8,0.2,-0.03200000524520874
PubMed,0.4,6,0.8,0.3,-0.03200000524520874
PubMed,0.4,6,0.8,0.4,-0.03200000524520874
PubMed,0.4,6,0.8,0.5,-0.046000003814697266
PubMed,0.4,6,0.8,0.6,-0.04300004243850708
PubMed,0.4,6,0.8,0.7,-0.024000048637390137
PubMed,0.4,6,0.8,0.8,-0.024000048637390137
PubMed,0.4,6,0.8,0.9,0.023000001907348633
PubMed,0.4,6,0.8,1.0,0.023000001907348633
PubMed,0.4,6,0.9,0.0,-0.025000035762786865
PubMed,0.4,6,0.9,0.1,-0.04200005531311035
PubMed,0.4,6,0.9,0.2,-0.03200000524520874
PubMed,0.4,6,0.9,0.3,-0.03200000524520874
PubMed,0.4,6,0.9,0.4,-0.03200000524520874
PubMed,0.4,6,0.9,0.5,-0.046000003814697266
PubMed,0.4,6,0.9,0.6,-0.04300004243850708
PubMed,0.4,6,0.9,0.7,-0.024000048637390137
PubMed,0.4,6,0.9,0.8,-0.024000048637390137
PubMed,0.4,6,0.9,0.9,0.023000001907348633
PubMed,0.4,6,0.9,1.0,0.023000001907348633
PubMed,0.4,6,1.0,0.0,-0.025000035762786865
PubMed,0.4,6,1.0,0.1,-0.04200005531311035
PubMed,0.4,6,1.0,0.2,-0.03200000524520874
PubMed,0.4,6,1.0,0.3,-0.03200000524520874
PubMed,0.4,6,1.0,0.4,-0.03200000524520874
PubMed,0.4,6,1.0,0.5,-0.046000003814697266
PubMed,0.4,6,1.0,0.6,-0.04300004243850708
PubMed,0.4,6,1.0,0.7,-0.024000048637390137
PubMed,0.4,6,1.0,0.8,-0.024000048637390137
PubMed,0.4,6,1.0,0.9,0.023000001907348633
PubMed,0.4,6,1.0,1.0,0.023000001907348633
PubMed,0.4,7,0.1,0.0,0.011999964714050293
PubMed,0.4,7,0.1,0.1,0.011999964714050293
PubMed,0.4,7,0.1,0.2,0.009000003337860107
PubMed,0.4,7,0.1,0.3,0.009000003337860107
PubMed,0.4,7,0.1,0.4,-0.00700002908706665
PubMed,0.4,7,0.1,0.5,0.007999956607818604
PubMed,0.4,7,0.1,0.6,0.007999956607818604
PubMed,0.4,7,0.1,0.7,0.007999956607818604
PubMed,0.4,7,0.1,0.8,0.007999956607818604
PubMed,0.4,7,0.1,0.9,0.007999956607818604
PubMed,0.4,7,0.1,1.0,0.007999956607818604
PubMed,0.4,7,0.2,0.0,0.01699995994567871
PubMed,0.4,7,0.2,0.1,0.01699995994567871
PubMed,0.4,7,0.2,0.2,0.019999980926513672
PubMed,0.4,7,0.2,0.3,0.019999980926513672
PubMed,0.4,7,0.2,0.4,0.0009999871253967285
PubMed,0.4,7,0.2,0.5,0.018999993801116943
PubMed,0.4,7,0.2,0.6,0.018999993801116943
PubMed,0.4,7,0.2,0.7,0.018999993801116943
PubMed,0.4,7,0.2,0.8,0.018999993801116943
PubMed,0.4,7,0.2,0.9,0.018999993801116943
PubMed,0.4,7,0.2,1.0,0.0209999680519104
PubMed,0.4,7,0.3,0.0,-0.013000011444091797
PubMed,0.4,7,0.3,0.1,-0.013000011444091797
PubMed,0.4,7,0.3,0.2,-0.01100003719329834
PubMed,0.4,7,0.3,0.3,-0.01100003719329834
PubMed,0.4,7,0.3,0.4,-0.01100003719329834
PubMed,0.4,7,0.3,0.5,0.0
PubMed,0.4,7,0.3,0.6,0.0
PubMed,0.4,7,0.3,0.7,0.0
PubMed,0.4,7,0.3,0.8,0.0
PubMed,0.4,7,0.3,0.9,0.0
PubMed,0.4,7,0.3,1.0,0.013000011444091797
PubMed,0.4,7,0.4,0.0,-0.013000011444091797
PubMed,0.4,7,0.4,0.1,-0.013000011444091797
PubMed,0.4,7,0.4,0.2,-0.01100003719329834
PubMed,0.4,7,0.4,0.3,-0.01100003719329834
PubMed,0.4,7,0.4,0.4,-0.01100003719329834
PubMed,0.4,7,0.4,0.5,0.0
PubMed,0.4,7,0.4,0.6,0.0
PubMed,0.4,7,0.4,0.7,0.0
PubMed,0.4,7,0.4,0.8,0.0
PubMed,0.4,7,0.4,0.9,0.0
PubMed,0.4,7,0.4,1.0,0.013000011444091797
PubMed,0.4,7,0.5,0.0,-0.013000011444091797
PubMed,0.4,7,0.5,0.1,-0.013000011444091797
PubMed,0.4,7,0.5,0.2,-0.01100003719329834
PubMed,0.4,7,0.5,0.3,-0.01100003719329834
PubMed,0.4,7,0.5,0.4,-0.01100003719329834
PubMed,0.4,7,0.5,0.5,0.0
PubMed,0.4,7,0.5,0.6,0.0
PubMed,0.4,7,0.5,0.7,0.0
PubMed,0.4,7,0.5,0.8,0.0
PubMed,0.4,7,0.5,0.9,0.0
PubMed,0.4,7,0.5,1.0,0.013000011444091797
PubMed,0.4,7,0.6,0.0,-0.013000011444091797
PubMed,0.4,7,0.6,0.1,-0.013000011444091797
PubMed,0.4,7,0.6,0.2,-0.01100003719329834
PubMed,0.4,7,0.6,0.3,-0.01100003719329834
PubMed,0.4,7,0.6,0.4,-0.01100003719329834
PubMed,0.4,7,0.6,0.5,0.0
PubMed,0.4,7,0.6,0.6,0.0
PubMed,0.4,7,0.6,0.7,0.0
PubMed,0.4,7,0.6,0.8,0.0
PubMed,0.4,7,0.6,0.9,0.0
PubMed,0.4,7,0.6,1.0,0.013000011444091797
PubMed,0.4,7,0.7,0.0,-0.013000011444091797
PubMed,0.4,7,0.7,0.1,-0.013000011444091797
PubMed,0.4,7,0.7,0.2,-0.01100003719329834
PubMed,0.4,7,0.7,0.3,-0.01100003719329834
PubMed,0.4,7,0.7,0.4,-0.01100003719329834
PubMed,0.4,7,0.7,0.5,0.0
PubMed,0.4,7,0.7,0.6,0.0
PubMed,0.4,7,0.7,0.7,0.0
PubMed,0.4,7,0.7,0.8,0.0
PubMed,0.4,7,0.7,0.9,0.0
PubMed,0.4,7,0.7,1.0,0.013000011444091797
PubMed,0.4,7,0.8,0.0,-0.013000011444091797
PubMed,0.4,7,0.8,0.1,-0.013000011444091797
PubMed,0.4,7,0.8,0.2,-0.01100003719329834
PubMed,0.4,7,0.8,0.3,-0.01100003719329834
PubMed,0.4,7,0.8,0.4,-0.01100003719329834
PubMed,0.4,7,0.8,0.5,0.0
PubMed,0.4,7,0.8,0.6,0.0
PubMed,0.4,7,0.8,0.7,0.0
PubMed,0.4,7,0.8,0.8,0.0
PubMed,0.4,7,0.8,0.9,0.0
PubMed,0.4,7,0.8,1.0,0.013000011444091797
PubMed,0.4,7,0.9,0.0,-0.013000011444091797
PubMed,0.4,7,0.9,0.1,-0.013000011444091797
PubMed,0.4,7,0.9,0.2,-0.01100003719329834
PubMed,0.4,7,0.9,0.3,-0.01100003719329834
PubMed,0.4,7,0.9,0.4,-0.01100003719329834
PubMed,0.4,7,0.9,0.5,0.0
PubMed,0.4,7,0.9,0.6,0.0
PubMed,0.4,7,0.9,0.7,0.0
PubMed,0.4,7,0.9,0.8,0.0
PubMed,0.4,7,0.9,0.9,0.0
PubMed,0.4,7,0.9,1.0,0.013000011444091797
PubMed,0.4,7,1.0,0.0,-0.013000011444091797
PubMed,0.4,7,1.0,0.1,-0.013000011444091797
PubMed,0.4,7,1.0,0.2,-0.01100003719329834
PubMed,0.4,7,1.0,0.3,-0.01100003719329834
PubMed,0.4,7,1.0,0.4,-0.01100003719329834
PubMed,0.4,7,1.0,0.5,0.0
PubMed,0.4,7,1.0,0.6,0.0
PubMed,0.4,7,1.0,0.7,0.0
PubMed,0.4,7,1.0,0.8,0.0
PubMed,0.4,7,1.0,0.9,0.0
PubMed,0.4,7,1.0,1.0,0.013000011444091797
PubMed,0.4,8,0.1,0.0,0.0480000376701355
PubMed,0.4,8,0.1,0.1,0.0480000376701355
PubMed,0.4,8,0.1,0.2,0.03200000524520874
PubMed,0.4,8,0.1,0.3,0.03200000524520874
PubMed,0.4,8,0.1,0.4,0.022000014781951904
PubMed,0.4,8,0.1,0.5,0.029000043869018555
PubMed,0.4,8,0.1,0.6,0.023000001907348633
PubMed,0.4,8,0.1,0.7,0.023000001907348633
PubMed,0.4,8,0.1,0.8,0.021000027656555176
PubMed,0.4,8,0.1,0.9,0.021000027656555176
PubMed,0.4,8,0.1,1.0,0.021000027656555176
PubMed,0.4,8,0.2,0.0,0.005000054836273193
PubMed,0.4,8,0.2,0.1,0.005000054836273193
PubMed,0.4,8,0.2,0.2,0.00700002908706665
PubMed,0.4,8,0.2,0.3,0.010000050067901611
PubMed,0.4,8,0.2,0.4,-0.009999990463256836
PubMed,0.4,8,0.2,0.5,0.005000054836273193
PubMed,0.4,8,0.2,0.6,-0.004999995231628418
PubMed,0.4,8,0.2,0.7,-0.004999995231628418
PubMed,0.4,8,0.2,0.8,0.0040000081062316895
PubMed,0.4,8,0.2,0.9,0.0040000081062316895
PubMed,0.4,8,0.2,1.0,0.0040000081062316895
PubMed,0.4,8,0.3,0.0,0.053000032901763916
PubMed,0.4,8,0.3,0.1,0.053000032901763916
PubMed,0.4,8,0.3,0.2,0.020000040531158447
PubMed,0.4,8,0.3,0.3,0.0480000376701355
PubMed,0.4,8,0.3,0.4,0.03400003910064697
PubMed,0.4,8,0.3,0.5,0.008000016212463379
PubMed,0.4,8,0.3,0.6,0.00700002908706665
PubMed,0.4,8,0.3,0.7,0.00700002908706665
PubMed,0.4,8,0.3,0.8,0.013000011444091797
PubMed,0.4,8,0.3,0.9,0.013000011444091797
PubMed,0.4,8,0.3,1.0,0.013000011444091797
PubMed,0.4,8,0.4,0.0,0.053000032901763916
PubMed,0.4,8,0.4,0.1,0.053000032901763916
PubMed,0.4,8,0.4,0.2,0.020000040531158447
PubMed,0.4,8,0.4,0.3,0.0480000376701355
PubMed,0.4,8,0.4,0.4,0.03400003910064697
PubMed,0.4,8,0.4,0.5,0.008000016212463379
PubMed,0.4,8,0.4,0.6,0.00700002908706665
PubMed,0.4,8,0.4,0.7,0.00700002908706665
PubMed,0.4,8,0.4,0.8,0.013000011444091797
PubMed,0.4,8,0.4,0.9,0.013000011444091797
PubMed,0.4,8,0.4,1.0,0.013000011444091797
PubMed,0.4,8,0.5,0.0,0.053000032901763916
PubMed,0.4,8,0.5,0.1,0.053000032901763916
PubMed,0.4,8,0.5,0.2,0.020000040531158447
PubMed,0.4,8,0.5,0.3,0.0480000376701355
PubMed,0.4,8,0.5,0.4,0.03400003910064697
PubMed,0.4,8,0.5,0.5,0.008000016212463379
PubMed,0.4,8,0.5,0.6,0.00700002908706665
PubMed,0.4,8,0.5,0.7,0.00700002908706665
PubMed,0.4,8,0.5,0.8,0.013000011444091797
PubMed,0.4,8,0.5,0.9,0.013000011444091797
PubMed,0.4,8,0.5,1.0,0.013000011444091797
PubMed,0.4,8,0.6,0.0,0.053000032901763916
PubMed,0.4,8,0.6,0.1,0.053000032901763916
PubMed,0.4,8,0.6,0.2,0.020000040531158447
PubMed,0.4,8,0.6,0.3,0.0480000376701355
PubMed,0.4,8,0.6,0.4,0.03400003910064697
PubMed,0.4,8,0.6,0.5,0.008000016212463379
PubMed,0.4,8,0.6,0.6,0.00700002908706665
PubMed,0.4,8,0.6,0.7,0.00700002908706665
PubMed,0.4,8,0.6,0.8,0.013000011444091797
PubMed,0.4,8,0.6,0.9,0.013000011444091797
PubMed,0.4,8,0.6,1.0,0.013000011444091797
PubMed,0.4,8,0.7,0.0,0.053000032901763916
PubMed,0.4,8,0.7,0.1,0.053000032901763916
PubMed,0.4,8,0.7,0.2,0.020000040531158447
PubMed,0.4,8,0.7,0.3,0.0480000376701355
PubMed,0.4,8,0.7,0.4,0.03400003910064697
PubMed,0.4,8,0.7,0.5,0.008000016212463379
PubMed,0.4,8,0.7,0.6,0.00700002908706665
PubMed,0.4,8,0.7,0.7,0.00700002908706665
PubMed,0.4,8,0.7,0.8,0.013000011444091797
PubMed,0.4,8,0.7,0.9,0.013000011444091797
PubMed,0.4,8,0.7,1.0,0.013000011444091797
PubMed,0.4,8,0.8,0.0,0.053000032901763916
PubMed,0.4,8,0.8,0.1,0.053000032901763916
PubMed,0.4,8,0.8,0.2,0.020000040531158447
PubMed,0.4,8,0.8,0.3,0.0480000376701355
PubMed,0.4,8,0.8,0.4,0.03400003910064697
PubMed,0.4,8,0.8,0.5,0.008000016212463379
PubMed,0.4,8,0.8,0.6,0.00700002908706665
PubMed,0.4,8,0.8,0.7,0.00700002908706665
PubMed,0.4,8,0.8,0.8,0.013000011444091797
PubMed,0.4,8,0.8,0.9,0.013000011444091797
PubMed,0.4,8,0.8,1.0,0.013000011444091797
PubMed,0.4,8,0.9,0.0,0.053000032901763916
PubMed,0.4,8,0.9,0.1,0.053000032901763916
PubMed,0.4,8,0.9,0.2,0.020000040531158447
PubMed,0.4,8,0.9,0.3,0.0480000376701355
PubMed,0.4,8,0.9,0.4,0.03400003910064697
PubMed,0.4,8,0.9,0.5,0.008000016212463379
PubMed,0.4,8,0.9,0.6,0.00700002908706665
PubMed,0.4,8,0.9,0.7,0.00700002908706665
PubMed,0.4,8,0.9,0.8,0.013000011444091797
PubMed,0.4,8,0.9,0.9,0.013000011444091797
PubMed,0.4,8,0.9,1.0,0.013000011444091797
PubMed,0.4,8,1.0,0.0,0.053000032901763916
PubMed,0.4,8,1.0,0.1,0.053000032901763916
PubMed,0.4,8,1.0,0.2,0.020000040531158447
PubMed,0.4,8,1.0,0.3,0.0480000376701355
PubMed,0.4,8,1.0,0.4,0.03400003910064697
PubMed,0.4,8,1.0,0.5,0.008000016212463379
PubMed,0.4,8,1.0,0.6,0.00700002908706665
PubMed,0.4,8,1.0,0.7,0.00700002908706665
PubMed,0.4,8,1.0,0.8,0.013000011444091797
PubMed,0.4,8,1.0,0.9,0.013000011444091797
PubMed,0.4,8,1.0,1.0,0.013000011444091797
PubMed,0.4,9,0.1,0.0,0.0209999680519104
PubMed,0.4,9,0.1,0.1,0.0339999794960022
PubMed,0.4,9,0.1,0.2,0.02899998426437378
PubMed,0.4,9,0.1,0.3,0.026999950408935547
PubMed,0.4,9,0.1,0.4,0.04499995708465576
PubMed,0.4,9,0.1,0.5,0.04499995708465576
PubMed,0.4,9,0.1,0.6,0.030999958515167236
PubMed,0.4,9,0.1,0.7,0.030999958515167236
PubMed,0.4,9,0.1,0.8,0.030999958515167236
PubMed,0.4,9,0.1,0.9,0.030999958515167236
PubMed,0.4,9,0.1,1.0,0.030999958515167236
PubMed,0.4,9,0.2,0.0,0.010999977588653564
PubMed,0.4,9,0.2,0.1,0.014999985694885254
PubMed,0.4,9,0.2,0.2,0.007999956607818604
PubMed,0.4,9,0.2,0.3,0.001999974250793457
PubMed,0.4,9,0.2,0.4,0.019999980926513672
PubMed,0.4,9,0.2,0.5,0.019999980926513672
PubMed,0.4,9,0.2,0.6,0.041999995708465576
PubMed,0.4,9,0.2,0.7,0.041999995708465576
PubMed,0.4,9,0.2,0.8,0.041999995708465576
PubMed,0.4,9,0.2,0.9,0.041999995708465576
PubMed,0.4,9,0.2,1.0,0.041999995708465576
PubMed,0.4,9,0.3,0.0,0.010999977588653564
PubMed,0.4,9,0.3,0.1,0.014999985694885254
PubMed,0.4,9,0.3,0.2,0.007999956607818604
PubMed,0.4,9,0.3,0.3,0.001999974250793457
PubMed,0.4,9,0.3,0.4,0.019999980926513672
PubMed,0.4,9,0.3,0.5,0.019999980926513672
PubMed,0.4,9,0.3,0.6,0.041999995708465576
PubMed,0.4,9,0.3,0.7,0.041999995708465576
PubMed,0.4,9,0.3,0.8,0.041999995708465576
PubMed,0.4,9,0.3,0.9,0.041999995708465576
PubMed,0.4,9,0.3,1.0,0.041999995708465576
PubMed,0.4,9,0.4,0.0,0.010999977588653564
PubMed,0.4,9,0.4,0.1,0.014999985694885254
PubMed,0.4,9,0.4,0.2,0.007999956607818604
PubMed,0.4,9,0.4,0.3,0.001999974250793457
PubMed,0.4,9,0.4,0.4,0.019999980926513672
PubMed,0.4,9,0.4,0.5,0.019999980926513672
PubMed,0.4,9,0.4,0.6,0.041999995708465576
PubMed,0.4,9,0.4,0.7,0.041999995708465576
PubMed,0.4,9,0.4,0.8,0.041999995708465576
PubMed,0.4,9,0.4,0.9,0.041999995708465576
PubMed,0.4,9,0.4,1.0,0.041999995708465576
PubMed,0.4,9,0.5,0.0,0.010999977588653564
PubMed,0.4,9,0.5,0.1,0.014999985694885254
PubMed,0.4,9,0.5,0.2,0.007999956607818604
PubMed,0.4,9,0.5,0.3,0.001999974250793457
PubMed,0.4,9,0.5,0.4,0.019999980926513672
PubMed,0.4,9,0.5,0.5,0.019999980926513672
PubMed,0.4,9,0.5,0.6,0.041999995708465576
PubMed,0.4,9,0.5,0.7,0.041999995708465576
PubMed,0.4,9,0.5,0.8,0.041999995708465576
PubMed,0.4,9,0.5,0.9,0.041999995708465576
PubMed,0.4,9,0.5,1.0,0.041999995708465576
PubMed,0.4,9,0.6,0.0,0.011999964714050293
PubMed,0.4,9,0.6,0.1,0.01699995994567871
PubMed,0.4,9,0.6,0.2,0.0029999613761901855
PubMed,0.4,9,0.6,0.3,0.003999948501586914
PubMed,0.4,9,0.6,0.4,0.046000003814697266
PubMed,0.4,9,0.6,0.5,0.046000003814697266
PubMed,0.4,9,0.6,0.6,0.001999974250793457
PubMed,0.4,9,0.6,0.7,0.001999974250793457
PubMed,0.4,9,0.6,0.8,0.001999974250793457
PubMed,0.4,9,0.6,0.9,0.001999974250793457
PubMed,0.4,9,0.6,1.0,0.001999974250793457
PubMed,0.4,9,0.7,0.0,0.011999964714050293
PubMed,0.4,9,0.7,0.1,0.01699995994567871
PubMed,0.4,9,0.7,0.2,0.0029999613761901855
PubMed,0.4,9,0.7,0.3,0.003999948501586914
PubMed,0.4,9,0.7,0.4,0.046000003814697266
PubMed,0.4,9,0.7,0.5,0.046000003814697266
PubMed,0.4,9,0.7,0.6,0.001999974250793457
PubMed,0.4,9,0.7,0.7,0.001999974250793457
PubMed,0.4,9,0.7,0.8,0.001999974250793457
PubMed,0.4,9,0.7,0.9,0.001999974250793457
PubMed,0.4,9,0.7,1.0,0.001999974250793457
PubMed,0.4,9,0.8,0.0,0.011999964714050293
PubMed,0.4,9,0.8,0.1,0.01699995994567871
PubMed,0.4,9,0.8,0.2,0.0029999613761901855
PubMed,0.4,9,0.8,0.3,0.003999948501586914
PubMed,0.4,9,0.8,0.4,0.046000003814697266
PubMed,0.4,9,0.8,0.5,0.046000003814697266
PubMed,0.4,9,0.8,0.6,0.001999974250793457
PubMed,0.4,9,0.8,0.7,0.001999974250793457
PubMed,0.4,9,0.8,0.8,0.001999974250793457
PubMed,0.4,9,0.8,0.9,0.001999974250793457
PubMed,0.4,9,0.8,1.0,0.001999974250793457
PubMed,0.4,9,0.9,0.0,0.011999964714050293
PubMed,0.4,9,0.9,0.1,0.01699995994567871
PubMed,0.4,9,0.9,0.2,0.0029999613761901855
PubMed,0.4,9,0.9,0.3,0.003999948501586914
PubMed,0.4,9,0.9,0.4,0.046000003814697266
PubMed,0.4,9,0.9,0.5,0.046000003814697266
PubMed,0.4,9,0.9,0.6,0.001999974250793457
PubMed,0.4,9,0.9,0.7,0.001999974250793457
PubMed,0.4,9,0.9,0.8,0.001999974250793457
PubMed,0.4,9,0.9,0.9,0.001999974250793457
PubMed,0.4,9,0.9,1.0,0.001999974250793457
PubMed,0.4,9,1.0,0.0,0.011999964714050293
PubMed,0.4,9,1.0,0.1,0.01699995994567871
PubMed,0.4,9,1.0,0.2,0.0029999613761901855
PubMed,0.4,9,1.0,0.3,0.003999948501586914
PubMed,0.4,9,1.0,0.4,0.046000003814697266
PubMed,0.4,9,1.0,0.5,0.046000003814697266
PubMed,0.4,9,1.0,0.6,0.001999974250793457
PubMed,0.4,9,1.0,0.7,0.001999974250793457
PubMed,0.4,9,1.0,0.8,0.001999974250793457
PubMed,0.4,9,1.0,0.9,0.001999974250793457
PubMed,0.4,9,1.0,1.0,0.001999974250793457
PubMed,0.5,0,0.1,0.0,0.001999974250793457
PubMed,0.5,0,0.1,0.1,-0.022000014781951904
PubMed,0.5,0,0.1,0.2,-0.019999980926513672
PubMed,0.5,0,0.1,0.3,-0.042000025510787964
PubMed,0.5,0,0.1,0.4,-0.042000025510787964
PubMed,0.5,0,0.1,0.5,-0.03900003433227539
PubMed,0.5,0,0.1,0.6,-0.009999990463256836
PubMed,0.5,0,0.1,0.7,-0.012000024318695068
PubMed,0.5,0,0.1,0.8,-0.012000024318695068
PubMed,0.5,0,0.1,0.9,-0.012000024318695068
PubMed,0.5,0,0.1,1.0,-0.012000024318695068
PubMed,0.5,0,0.2,0.0,0.010999977588653564
PubMed,0.5,0,0.2,0.1,-0.008000016212463379
PubMed,0.5,0,0.2,0.2,-0.0040000081062316895
PubMed,0.5,0,0.2,0.3,-0.03799998760223389
PubMed,0.5,0,0.2,0.4,-0.03799998760223389
PubMed,0.5,0,0.2,0.5,-0.04100000858306885
PubMed,0.5,0,0.2,0.6,-0.04700002074241638
PubMed,0.5,0,0.2,0.7,-0.019999980926513672
PubMed,0.5,0,0.2,0.8,-0.019999980926513672
PubMed,0.5,0,0.2,0.9,-0.019999980926513672
PubMed,0.5,0,0.2,1.0,-0.019999980926513672
PubMed,0.5,0,0.3,0.0,0.010999977588653564
PubMed,0.5,0,0.3,0.1,-0.008000016212463379
PubMed,0.5,0,0.3,0.2,-0.0040000081062316895
PubMed,0.5,0,0.3,0.3,-0.03799998760223389
PubMed,0.5,0,0.3,0.4,-0.03799998760223389
PubMed,0.5,0,0.3,0.5,-0.04100000858306885
PubMed,0.5,0,0.3,0.6,-0.04700002074241638
PubMed,0.5,0,0.3,0.7,-0.019999980926513672
PubMed,0.5,0,0.3,0.8,-0.019999980926513672
PubMed,0.5,0,0.3,0.9,-0.019999980926513672
PubMed,0.5,0,0.3,1.0,-0.019999980926513672
PubMed,0.5,0,0.4,0.0,0.010999977588653564
PubMed,0.5,0,0.4,0.1,-0.008000016212463379
PubMed,0.5,0,0.4,0.2,-0.0040000081062316895
PubMed,0.5,0,0.4,0.3,-0.03799998760223389
PubMed,0.5,0,0.4,0.4,-0.03799998760223389
PubMed,0.5,0,0.4,0.5,-0.04100000858306885
PubMed,0.5,0,0.4,0.6,-0.04700002074241638
PubMed,0.5,0,0.4,0.7,-0.019999980926513672
PubMed,0.5,0,0.4,0.8,-0.019999980926513672
PubMed,0.5,0,0.4,0.9,-0.019999980926513672
PubMed,0.5,0,0.4,1.0,-0.019999980926513672
PubMed,0.5,0,0.5,0.0,0.010999977588653564
PubMed,0.5,0,0.5,0.1,-0.008000016212463379
PubMed,0.5,0,0.5,0.2,-0.0040000081062316895
PubMed,0.5,0,0.5,0.3,-0.03799998760223389
PubMed,0.5,0,0.5,0.4,-0.03799998760223389
PubMed,0.5,0,0.5,0.5,-0.04100000858306885
PubMed,0.5,0,0.5,0.6,-0.04700002074241638
PubMed,0.5,0,0.5,0.7,-0.019999980926513672
PubMed,0.5,0,0.5,0.8,-0.019999980926513672
PubMed,0.5,0,0.5,0.9,-0.019999980926513672
PubMed,0.5,0,0.5,1.0,-0.019999980926513672
PubMed,0.5,0,0.6,0.0,0.010999977588653564
PubMed,0.5,0,0.6,0.1,-0.008000016212463379
PubMed,0.5,0,0.6,0.2,-0.0040000081062316895
PubMed,0.5,0,0.6,0.3,-0.03799998760223389
PubMed,0.5,0,0.6,0.4,-0.03799998760223389
PubMed,0.5,0,0.6,0.5,-0.04100000858306885
PubMed,0.5,0,0.6,0.6,-0.04700002074241638
PubMed,0.5,0,0.6,0.7,-0.019999980926513672
PubMed,0.5,0,0.6,0.8,-0.019999980926513672
PubMed,0.5,0,0.6,0.9,-0.019999980926513672
PubMed,0.5,0,0.6,1.0,-0.019999980926513672
PubMed,0.5,0,0.7,0.0,0.010999977588653564
PubMed,0.5,0,0.7,0.1,-0.008000016212463379
PubMed,0.5,0,0.7,0.2,-0.0040000081062316895
PubMed,0.5,0,0.7,0.3,-0.03799998760223389
PubMed,0.5,0,0.7,0.4,-0.03799998760223389
PubMed,0.5,0,0.7,0.5,-0.04100000858306885
PubMed,0.5,0,0.7,0.6,-0.04700002074241638
PubMed,0.5,0,0.7,0.7,-0.019999980926513672
PubMed,0.5,0,0.7,0.8,-0.019999980926513672
PubMed,0.5,0,0.7,0.9,-0.019999980926513672
PubMed,0.5,0,0.7,1.0,-0.019999980926513672
PubMed,0.5,0,0.8,0.0,0.010999977588653564
PubMed,0.5,0,0.8,0.1,-0.008000016212463379
PubMed,0.5,0,0.8,0.2,-0.0040000081062316895
PubMed,0.5,0,0.8,0.3,-0.03799998760223389
PubMed,0.5,0,0.8,0.4,-0.03799998760223389
PubMed,0.5,0,0.8,0.5,-0.04100000858306885
PubMed,0.5,0,0.8,0.6,-0.04700002074241638
PubMed,0.5,0,0.8,0.7,-0.019999980926513672
PubMed,0.5,0,0.8,0.8,-0.019999980926513672
PubMed,0.5,0,0.8,0.9,-0.019999980926513672
PubMed,0.5,0,0.8,1.0,-0.019999980926513672
PubMed,0.5,0,0.9,0.0,0.010999977588653564
PubMed,0.5,0,0.9,0.1,-0.008000016212463379
PubMed,0.5,0,0.9,0.2,-0.0040000081062316895
PubMed,0.5,0,0.9,0.3,-0.03799998760223389
PubMed,0.5,0,0.9,0.4,-0.03799998760223389
PubMed,0.5,0,0.9,0.5,-0.04100000858306885
PubMed,0.5,0,0.9,0.6,-0.04700002074241638
PubMed,0.5,0,0.9,0.7,-0.019999980926513672
PubMed,0.5,0,0.9,0.8,-0.019999980926513672
PubMed,0.5,0,0.9,0.9,-0.019999980926513672
PubMed,0.5,0,0.9,1.0,-0.019999980926513672
PubMed,0.5,0,1.0,0.0,0.010999977588653564
PubMed,0.5,0,1.0,0.1,-0.008000016212463379
PubMed,0.5,0,1.0,0.2,-0.0040000081062316895
PubMed,0.5,0,1.0,0.3,-0.03799998760223389
PubMed,0.5,0,1.0,0.4,-0.03799998760223389
PubMed,0.5,0,1.0,0.5,-0.04100000858306885
PubMed,0.5,0,1.0,0.6,-0.04700002074241638
PubMed,0.5,0,1.0,0.7,-0.019999980926513672
PubMed,0.5,0,1.0,0.8,-0.019999980926513672
PubMed,0.5,0,1.0,0.9,-0.019999980926513672
PubMed,0.5,0,1.0,1.0,-0.019999980926513672
PubMed,0.5,1,0.1,0.0,0.057000041007995605
PubMed,0.5,1,0.1,0.1,0.057000041007995605
PubMed,0.5,1,0.1,0.2,0.06099998950958252
PubMed,0.5,1,0.1,0.3,0.05900001525878906
PubMed,0.5,1,0.1,0.4,0.057000041007995605
PubMed,0.5,1,0.1,0.5,0.07300001382827759
PubMed,0.5,1,0.1,0.6,0.06499999761581421
PubMed,0.5,1,0.1,0.7,0.06400001049041748
PubMed,0.5,1,0.1,0.8,0.06400001049041748
PubMed,0.5,1,0.1,0.9,0.06400001049041748
PubMed,0.5,1,0.1,1.0,0.06400001049041748
PubMed,0.5,1,0.2,0.0,0.057000041007995605
PubMed,0.5,1,0.2,0.1,0.057000041007995605
PubMed,0.5,1,0.2,0.2,0.06099998950958252
PubMed,0.5,1,0.2,0.3,0.05900001525878906
PubMed,0.5,1,0.2,0.4,0.057000041007995605
PubMed,0.5,1,0.2,0.5,0.07300001382827759
PubMed,0.5,1,0.2,0.6,0.06499999761581421
PubMed,0.5,1,0.2,0.7,0.06400001049041748
PubMed,0.5,1,0.2,0.8,0.06400001049041748
PubMed,0.5,1,0.2,0.9,0.06400001049041748
PubMed,0.5,1,0.2,1.0,0.06400001049041748
PubMed,0.5,1,0.3,0.0,0.07500004768371582
PubMed,0.5,1,0.3,0.1,0.07500004768371582
PubMed,0.5,1,0.3,0.2,0.06700003147125244
PubMed,0.5,1,0.3,0.3,0.06700003147125244
PubMed,0.5,1,0.3,0.4,0.06700003147125244
PubMed,0.5,1,0.3,0.5,0.06700003147125244
PubMed,0.5,1,0.3,0.6,0.08100003004074097
PubMed,0.5,1,0.3,0.7,0.08399999141693115
PubMed,0.5,1,0.3,0.8,0.08399999141693115
PubMed,0.5,1,0.3,0.9,0.08399999141693115
PubMed,0.5,1,0.3,1.0,0.08399999141693115
PubMed,0.5,1,0.4,0.0,0.07500004768371582
PubMed,0.5,1,0.4,0.1,0.07500004768371582
PubMed,0.5,1,0.4,0.2,0.06700003147125244
PubMed,0.5,1,0.4,0.3,0.06700003147125244
PubMed,0.5,1,0.4,0.4,0.06700003147125244
PubMed,0.5,1,0.4,0.5,0.06700003147125244
PubMed,0.5,1,0.4,0.6,0.08100003004074097
PubMed,0.5,1,0.4,0.7,0.08399999141693115
PubMed,0.5,1,0.4,0.8,0.08399999141693115
PubMed,0.5,1,0.4,0.9,0.08399999141693115
PubMed,0.5,1,0.4,1.0,0.08399999141693115
PubMed,0.5,1,0.5,0.0,0.07500004768371582
PubMed,0.5,1,0.5,0.1,0.07500004768371582
PubMed,0.5,1,0.5,0.2,0.06700003147125244
PubMed,0.5,1,0.5,0.3,0.06700003147125244
PubMed,0.5,1,0.5,0.4,0.06700003147125244
PubMed,0.5,1,0.5,0.5,0.06700003147125244
PubMed,0.5,1,0.5,0.6,0.08100003004074097
PubMed,0.5,1,0.5,0.7,0.08399999141693115
PubMed,0.5,1,0.5,0.8,0.08399999141693115
PubMed,0.5,1,0.5,0.9,0.08399999141693115
PubMed,0.5,1,0.5,1.0,0.08399999141693115
PubMed,0.5,1,0.6,0.0,0.07500004768371582
PubMed,0.5,1,0.6,0.1,0.07500004768371582
PubMed,0.5,1,0.6,0.2,0.06700003147125244
PubMed,0.5,1,0.6,0.3,0.06700003147125244
PubMed,0.5,1,0.6,0.4,0.06700003147125244
PubMed,0.5,1,0.6,0.5,0.06700003147125244
PubMed,0.5,1,0.6,0.6,0.08100003004074097
PubMed,0.5,1,0.6,0.7,0.08399999141693115
PubMed,0.5,1,0.6,0.8,0.08399999141693115
PubMed,0.5,1,0.6,0.9,0.08399999141693115
PubMed,0.5,1,0.6,1.0,0.08399999141693115
PubMed,0.5,1,0.7,0.0,0.07500004768371582
PubMed,0.5,1,0.7,0.1,0.07500004768371582
PubMed,0.5,1,0.7,0.2,0.06700003147125244
PubMed,0.5,1,0.7,0.3,0.06700003147125244
PubMed,0.5,1,0.7,0.4,0.06700003147125244
PubMed,0.5,1,0.7,0.5,0.06700003147125244
PubMed,0.5,1,0.7,0.6,0.08100003004074097
PubMed,0.5,1,0.7,0.7,0.08399999141693115
PubMed,0.5,1,0.7,0.8,0.08399999141693115
PubMed,0.5,1,0.7,0.9,0.08399999141693115
PubMed,0.5,1,0.7,1.0,0.08399999141693115
PubMed,0.5,1,0.8,0.0,0.07500004768371582
PubMed,0.5,1,0.8,0.1,0.07500004768371582
PubMed,0.5,1,0.8,0.2,0.06700003147125244
PubMed,0.5,1,0.8,0.3,0.06700003147125244
PubMed,0.5,1,0.8,0.4,0.06700003147125244
PubMed,0.5,1,0.8,0.5,0.06700003147125244
PubMed,0.5,1,0.8,0.6,0.08100003004074097
PubMed,0.5,1,0.8,0.7,0.08399999141693115
PubMed,0.5,1,0.8,0.8,0.08399999141693115
PubMed,0.5,1,0.8,0.9,0.08399999141693115
PubMed,0.5,1,0.8,1.0,0.08399999141693115
PubMed,0.5,1,0.9,0.0,0.07500004768371582
PubMed,0.5,1,0.9,0.1,0.07500004768371582
PubMed,0.5,1,0.9,0.2,0.06700003147125244
PubMed,0.5,1,0.9,0.3,0.06700003147125244
PubMed,0.5,1,0.9,0.4,0.06700003147125244
PubMed,0.5,1,0.9,0.5,0.06700003147125244
PubMed,0.5,1,0.9,0.6,0.08100003004074097
PubMed,0.5,1,0.9,0.7,0.08399999141693115
PubMed,0.5,1,0.9,0.8,0.08399999141693115
PubMed,0.5,1,0.9,0.9,0.08399999141693115
PubMed,0.5,1,0.9,1.0,0.08399999141693115
PubMed,0.5,1,1.0,0.0,0.07500004768371582
PubMed,0.5,1,1.0,0.1,0.07500004768371582
PubMed,0.5,1,1.0,0.2,0.06700003147125244
PubMed,0.5,1,1.0,0.3,0.06700003147125244
PubMed,0.5,1,1.0,0.4,0.06700003147125244
PubMed,0.5,1,1.0,0.5,0.06700003147125244
PubMed,0.5,1,1.0,0.6,0.08100003004074097
PubMed,0.5,1,1.0,0.7,0.08399999141693115
PubMed,0.5,1,1.0,0.8,0.08399999141693115
PubMed,0.5,1,1.0,0.9,0.08399999141693115
PubMed,0.5,1,1.0,1.0,0.08399999141693115
PubMed,0.5,2,0.1,0.0,0.08499997854232788
PubMed,0.5,2,0.1,0.1,0.08499997854232788
PubMed,0.5,2,0.1,0.2,0.09299999475479126
PubMed,0.5,2,0.1,0.3,0.09299999475479126
PubMed,0.5,2,0.1,0.4,0.09399998188018799
PubMed,0.5,2,0.1,0.5,0.09599995613098145
PubMed,0.5,2,0.1,0.6,0.09099996089935303
PubMed,0.5,2,0.1,0.7,0.09099996089935303
PubMed,0.5,2,0.1,0.8,0.09099996089935303
PubMed,0.5,2,0.1,0.9,0.09099996089935303
PubMed,0.5,2,0.1,1.0,0.09199994802474976
PubMed,0.5,2,0.2,0.0,0.050999999046325684
PubMed,0.5,2,0.2,0.1,0.050999999046325684
PubMed,0.5,2,0.2,0.2,0.04799997806549072
PubMed,0.5,2,0.2,0.3,0.04799997806549072
PubMed,0.5,2,0.2,0.4,0.04899996519088745
PubMed,0.5,2,0.2,0.5,0.05299997329711914
PubMed,0.5,2,0.2,0.6,0.050999999046325684
PubMed,0.5,2,0.2,0.7,0.050999999046325684
PubMed,0.5,2,0.2,0.8,0.050999999046325684
PubMed,0.5,2,0.2,0.9,0.050999999046325684
PubMed,0.5,2,0.2,1.0,0.042999982833862305
PubMed,0.5,2,0.3,0.0,0.05199998617172241
PubMed,0.5,2,0.3,0.1,0.05199998617172241
PubMed,0.5,2,0.3,0.2,0.034999966621398926
PubMed,0.5,2,0.3,0.3,0.034999966621398926
PubMed,0.5,2,0.3,0.4,0.03299999237060547
PubMed,0.5,2,0.3,0.5,0.03799998760223389
PubMed,0.5,2,0.3,0.6,0.03299999237060547
PubMed,0.5,2,0.3,0.7,0.03299999237060547
PubMed,0.5,2,0.3,0.8,0.03299999237060547
PubMed,0.5,2,0.3,0.9,0.03299999237060547
PubMed,0.5,2,0.3,1.0,0.034999966621398926
PubMed,0.5,2,0.4,0.0,0.05199998617172241
PubMed,0.5,2,0.4,0.1,0.05199998617172241
PubMed,0.5,2,0.4,0.2,0.034999966621398926
PubMed,0.5,2,0.4,0.3,0.034999966621398926
PubMed,0.5,2,0.4,0.4,0.03299999237060547
PubMed,0.5,2,0.4,0.5,0.03799998760223389
PubMed,0.5,2,0.4,0.6,0.03299999237060547
PubMed,0.5,2,0.4,0.7,0.03299999237060547
PubMed,0.5,2,0.4,0.8,0.03299999237060547
PubMed,0.5,2,0.4,0.9,0.03299999237060547
PubMed,0.5,2,0.4,1.0,0.034999966621398926
PubMed,0.5,2,0.5,0.0,0.05199998617172241
PubMed,0.5,2,0.5,0.1,0.05199998617172241
PubMed,0.5,2,0.5,0.2,0.034999966621398926
PubMed,0.5,2,0.5,0.3,0.034999966621398926
PubMed,0.5,2,0.5,0.4,0.03299999237060547
PubMed,0.5,2,0.5,0.5,0.03799998760223389
PubMed,0.5,2,0.5,0.6,0.03299999237060547
PubMed,0.5,2,0.5,0.7,0.03299999237060547
PubMed,0.5,2,0.5,0.8,0.03299999237060547
PubMed,0.5,2,0.5,0.9,0.03299999237060547
PubMed,0.5,2,0.5,1.0,0.034999966621398926
PubMed,0.5,2,0.6,0.0,0.05199998617172241
PubMed,0.5,2,0.6,0.1,0.05199998617172241
PubMed,0.5,2,0.6,0.2,0.034999966621398926
PubMed,0.5,2,0.6,0.3,0.034999966621398926
PubMed,0.5,2,0.6,0.4,0.03299999237060547
PubMed,0.5,2,0.6,0.5,0.03799998760223389
PubMed,0.5,2,0.6,0.6,0.03299999237060547
PubMed,0.5,2,0.6,0.7,0.03299999237060547
PubMed,0.5,2,0.6,0.8,0.03299999237060547
PubMed,0.5,2,0.6,0.9,0.03299999237060547
PubMed,0.5,2,0.6,1.0,0.034999966621398926
PubMed,0.5,2,0.7,0.0,0.05199998617172241
PubMed,0.5,2,0.7,0.1,0.05199998617172241
PubMed,0.5,2,0.7,0.2,0.034999966621398926
PubMed,0.5,2,0.7,0.3,0.034999966621398926
PubMed,0.5,2,0.7,0.4,0.03299999237060547
PubMed,0.5,2,0.7,0.5,0.03799998760223389
PubMed,0.5,2,0.7,0.6,0.03299999237060547
PubMed,0.5,2,0.7,0.7,0.03299999237060547
PubMed,0.5,2,0.7,0.8,0.03299999237060547
PubMed,0.5,2,0.7,0.9,0.03299999237060547
PubMed,0.5,2,0.7,1.0,0.034999966621398926
PubMed,0.5,2,0.8,0.0,0.05199998617172241
PubMed,0.5,2,0.8,0.1,0.05199998617172241
PubMed,0.5,2,0.8,0.2,0.034999966621398926
PubMed,0.5,2,0.8,0.3,0.034999966621398926
PubMed,0.5,2,0.8,0.4,0.03299999237060547
PubMed,0.5,2,0.8,0.5,0.03799998760223389
PubMed,0.5,2,0.8,0.6,0.03299999237060547
PubMed,0.5,2,0.8,0.7,0.03299999237060547
PubMed,0.5,2,0.8,0.8,0.03299999237060547
PubMed,0.5,2,0.8,0.9,0.03299999237060547
PubMed,0.5,2,0.8,1.0,0.034999966621398926
PubMed,0.5,2,0.9,0.0,0.05199998617172241
PubMed,0.5,2,0.9,0.1,0.05199998617172241
PubMed,0.5,2,0.9,0.2,0.034999966621398926
PubMed,0.5,2,0.9,0.3,0.034999966621398926
PubMed,0.5,2,0.9,0.4,0.03299999237060547
PubMed,0.5,2,0.9,0.5,0.03799998760223389
PubMed,0.5,2,0.9,0.6,0.03299999237060547
PubMed,0.5,2,0.9,0.7,0.03299999237060547
PubMed,0.5,2,0.9,0.8,0.03299999237060547
PubMed,0.5,2,0.9,0.9,0.03299999237060547
PubMed,0.5,2,0.9,1.0,0.034999966621398926
PubMed,0.5,2,1.0,0.0,0.05199998617172241
PubMed,0.5,2,1.0,0.1,0.05199998617172241
PubMed,0.5,2,1.0,0.2,0.034999966621398926
PubMed,0.5,2,1.0,0.3,0.034999966621398926
PubMed,0.5,2,1.0,0.4,0.03299999237060547
PubMed,0.5,2,1.0,0.5,0.03799998760223389
PubMed,0.5,2,1.0,0.6,0.03299999237060547
PubMed,0.5,2,1.0,0.7,0.03299999237060547
PubMed,0.5,2,1.0,0.8,0.03299999237060547
PubMed,0.5,2,1.0,0.9,0.03299999237060547
PubMed,0.5,2,1.0,1.0,0.034999966621398926
PubMed,0.5,3,0.1,0.0,0.08899998664855957
PubMed,0.5,3,0.1,0.1,0.09000003337860107
PubMed,0.5,3,0.1,0.2,0.08100003004074097
PubMed,0.5,3,0.1,0.3,0.08100003004074097
PubMed,0.5,3,0.1,0.4,0.08799999952316284
PubMed,0.5,3,0.1,0.5,0.09500002861022949
PubMed,0.5,3,0.1,0.6,0.09500002861022949
PubMed,0.5,3,0.1,0.7,0.09500002861022949
PubMed,0.5,3,0.1,0.8,0.09000003337860107
PubMed,0.5,3,0.1,0.9,0.08799999952316284
PubMed,0.5,3,0.1,1.0,0.08799999952316284
PubMed,0.5,3,0.2,0.0,0.05500000715255737
PubMed,0.5,3,0.2,0.1,0.04900002479553223
PubMed,0.5,3,0.2,0.2,0.06300002336502075
PubMed,0.5,3,0.2,0.3,0.06300002336502075
PubMed,0.5,3,0.2,0.4,0.06599998474121094
PubMed,0.5,3,0.2,0.5,0.0690000057220459
PubMed,0.5,3,0.2,0.6,0.0690000057220459
PubMed,0.5,3,0.2,0.7,0.0690000057220459
PubMed,0.5,3,0.2,0.8,0.06700003147125244
PubMed,0.5,3,0.2,0.9,0.07100003957748413
PubMed,0.5,3,0.2,1.0,0.07100003957748413
PubMed,0.5,3,0.3,0.0,0.05500000715255737
PubMed,0.5,3,0.3,0.1,0.04900002479553223
PubMed,0.5,3,0.3,0.2,0.06300002336502075
PubMed,0.5,3,0.3,0.3,0.06300002336502075
PubMed,0.5,3,0.3,0.4,0.06599998474121094
PubMed,0.5,3,0.3,0.5,0.0690000057220459
PubMed,0.5,3,0.3,0.6,0.0690000057220459
PubMed,0.5,3,0.3,0.7,0.0690000057220459
PubMed,0.5,3,0.3,0.8,0.06700003147125244
PubMed,0.5,3,0.3,0.9,0.07100003957748413
PubMed,0.5,3,0.3,1.0,0.07100003957748413
PubMed,0.5,3,0.4,0.0,0.050999999046325684
PubMed,0.5,3,0.4,0.1,0.050000011920928955
PubMed,0.5,3,0.4,0.2,0.053000032901763916
PubMed,0.5,3,0.4,0.3,0.053000032901763916
PubMed,0.5,3,0.4,0.4,0.06300002336502075
PubMed,0.5,3,0.4,0.5,0.06000000238418579
PubMed,0.5,3,0.4,0.6,0.06000000238418579
PubMed,0.5,3,0.4,0.7,0.06000000238418579
PubMed,0.5,3,0.4,0.8,0.06200003623962402
PubMed,0.5,3,0.4,0.9,0.06000000238418579
PubMed,0.5,3,0.4,1.0,0.06000000238418579
PubMed,0.5,3,0.5,0.0,0.050999999046325684
PubMed,0.5,3,0.5,0.1,0.050000011920928955
PubMed,0.5,3,0.5,0.2,0.053000032901763916
PubMed,0.5,3,0.5,0.3,0.053000032901763916
PubMed,0.5,3,0.5,0.4,0.06300002336502075
PubMed,0.5,3,0.5,0.5,0.06000000238418579
PubMed,0.5,3,0.5,0.6,0.06000000238418579
PubMed,0.5,3,0.5,0.7,0.06000000238418579
PubMed,0.5,3,0.5,0.8,0.06200003623962402
PubMed,0.5,3,0.5,0.9,0.06000000238418579
PubMed,0.5,3,0.5,1.0,0.06000000238418579
PubMed,0.5,3,0.6,0.0,0.050999999046325684
PubMed,0.5,3,0.6,0.1,0.050000011920928955
PubMed,0.5,3,0.6,0.2,0.053000032901763916
PubMed,0.5,3,0.6,0.3,0.053000032901763916
PubMed,0.5,3,0.6,0.4,0.06300002336502075
PubMed,0.5,3,0.6,0.5,0.06000000238418579
PubMed,0.5,3,0.6,0.6,0.06000000238418579
PubMed,0.5,3,0.6,0.7,0.06000000238418579
PubMed,0.5,3,0.6,0.8,0.06200003623962402
PubMed,0.5,3,0.6,0.9,0.06000000238418579
PubMed,0.5,3,0.6,1.0,0.06000000238418579
PubMed,0.5,3,0.7,0.0,0.050999999046325684
PubMed,0.5,3,0.7,0.1,0.050000011920928955
PubMed,0.5,3,0.7,0.2,0.053000032901763916
PubMed,0.5,3,0.7,0.3,0.053000032901763916
PubMed,0.5,3,0.7,0.4,0.06300002336502075
PubMed,0.5,3,0.7,0.5,0.06000000238418579
PubMed,0.5,3,0.7,0.6,0.06000000238418579
PubMed,0.5,3,0.7,0.7,0.06000000238418579
PubMed,0.5,3,0.7,0.8,0.06200003623962402
PubMed,0.5,3,0.7,0.9,0.06000000238418579
PubMed,0.5,3,0.7,1.0,0.06000000238418579
PubMed,0.5,3,0.8,0.0,0.050999999046325684
PubMed,0.5,3,0.8,0.1,0.050000011920928955
PubMed,0.5,3,0.8,0.2,0.053000032901763916
PubMed,0.5,3,0.8,0.3,0.053000032901763916
PubMed,0.5,3,0.8,0.4,0.06300002336502075
PubMed,0.5,3,0.8,0.5,0.06000000238418579
PubMed,0.5,3,0.8,0.6,0.06000000238418579
PubMed,0.5,3,0.8,0.7,0.06000000238418579
PubMed,0.5,3,0.8,0.8,0.06200003623962402
PubMed,0.5,3,0.8,0.9,0.06000000238418579
PubMed,0.5,3,0.8,1.0,0.06000000238418579
PubMed,0.5,3,0.9,0.0,0.050999999046325684
PubMed,0.5,3,0.9,0.1,0.050000011920928955
PubMed,0.5,3,0.9,0.2,0.053000032901763916
PubMed,0.5,3,0.9,0.3,0.053000032901763916
PubMed,0.5,3,0.9,0.4,0.06300002336502075
PubMed,0.5,3,0.9,0.5,0.06000000238418579
PubMed,0.5,3,0.9,0.6,0.06000000238418579
PubMed,0.5,3,0.9,0.7,0.06000000238418579
PubMed,0.5,3,0.9,0.8,0.06200003623962402
PubMed,0.5,3,0.9,0.9,0.06000000238418579
PubMed,0.5,3,0.9,1.0,0.06000000238418579
PubMed,0.5,3,1.0,0.0,0.050999999046325684
PubMed,0.5,3,1.0,0.1,0.050000011920928955
PubMed,0.5,3,1.0,0.2,0.053000032901763916
PubMed,0.5,3,1.0,0.3,0.053000032901763916
PubMed,0.5,3,1.0,0.4,0.06300002336502075
PubMed,0.5,3,1.0,0.5,0.06000000238418579
PubMed,0.5,3,1.0,0.6,0.06000000238418579
PubMed,0.5,3,1.0,0.7,0.06000000238418579
PubMed,0.5,3,1.0,0.8,0.06200003623962402
PubMed,0.5,3,1.0,0.9,0.06000000238418579
PubMed,0.5,3,1.0,1.0,0.06000000238418579
PubMed,0.5,4,0.1,0.0,0.009000003337860107
PubMed,0.5,4,0.1,0.1,0.009000003337860107
PubMed,0.5,4,0.1,0.2,0.009000003337860107
PubMed,0.5,4,0.1,0.3,0.006999999284744263
PubMed,0.5,4,0.1,0.4,0.0029999911785125732
PubMed,0.5,4,0.1,0.5,0.0029999911785125732
PubMed,0.5,4,0.1,0.6,-0.014999985694885254
PubMed,0.5,4,0.1,0.7,-0.025999993085861206
PubMed,0.5,4,0.1,0.8,-0.025999993085861206
PubMed,0.5,4,0.1,0.9,-0.025999993085861206
PubMed,0.5,4,0.1,1.0,-0.025999993085861206
PubMed,0.5,4,0.2,0.0,-0.011000007390975952
PubMed,0.5,4,0.2,0.1,-0.011000007390975952
PubMed,0.5,4,0.2,0.2,-0.011000007390975952
PubMed,0.5,4,0.2,0.3,-0.01199999451637268
PubMed,0.5,4,0.2,0.4,-0.0040000081062316895
PubMed,0.5,4,0.2,0.5,-0.0040000081062316895
PubMed,0.5,4,0.2,0.6,-0.013999998569488525
PubMed,0.5,4,0.2,0.7,-0.014999985694885254
PubMed,0.5,4,0.2,0.8,-0.014999985694885254
PubMed,0.5,4,0.2,0.9,-0.014999985694885254
PubMed,0.5,4,0.2,1.0,-0.014999985694885254
PubMed,0.5,4,0.3,0.0,0.0010000169277191162
PubMed,0.5,4,0.3,0.1,0.0010000169277191162
PubMed,0.5,4,0.3,0.2,0.0010000169277191162
PubMed,0.5,4,0.3,0.3,0.0020000040531158447
PubMed,0.5,4,0.3,0.4,-0.0029999911785125732
PubMed,0.5,4,0.3,0.5,-0.0029999911785125732
PubMed,0.5,4,0.3,0.6,-0.027000010013580322
PubMed,0.5,4,0.3,0.7,-0.011000007390975952
PubMed,0.5,4,0.3,0.8,-0.011000007390975952
PubMed,0.5,4,0.3,0.9,-0.011000007390975952
PubMed,0.5,4,0.3,1.0,-0.011000007390975952
PubMed,0.5,4,0.4,0.0,0.0010000169277191162
PubMed,0.5,4,0.4,0.1,0.0010000169277191162
PubMed,0.5,4,0.4,0.2,0.0010000169277191162
PubMed,0.5,4,0.4,0.3,0.0020000040531158447
PubMed,0.5,4,0.4,0.4,-0.0029999911785125732
PubMed,0.5,4,0.4,0.5,-0.0029999911785125732
PubMed,0.5,4,0.4,0.6,-0.027000010013580322
PubMed,0.5,4,0.4,0.7,-0.011000007390975952
PubMed,0.5,4,0.4,0.8,-0.011000007390975952
PubMed,0.5,4,0.4,0.9,-0.011000007390975952
PubMed,0.5,4,0.4,1.0,-0.011000007390975952
PubMed,0.5,4,0.5,0.0,0.0010000169277191162
PubMed,0.5,4,0.5,0.1,0.0010000169277191162
PubMed,0.5,4,0.5,0.2,0.0010000169277191162
PubMed,0.5,4,0.5,0.3,0.0020000040531158447
PubMed,0.5,4,0.5,0.4,-0.0029999911785125732
PubMed,0.5,4,0.5,0.5,-0.0029999911785125732
PubMed,0.5,4,0.5,0.6,-0.027000010013580322
PubMed,0.5,4,0.5,0.7,-0.011000007390975952
PubMed,0.5,4,0.5,0.8,-0.011000007390975952
PubMed,0.5,4,0.5,0.9,-0.011000007390975952
PubMed,0.5,4,0.5,1.0,-0.011000007390975952
PubMed,0.5,4,0.6,0.0,0.0010000169277191162
PubMed,0.5,4,0.6,0.1,0.0010000169277191162
PubMed,0.5,4,0.6,0.2,0.0010000169277191162
PubMed,0.5,4,0.6,0.3,0.0020000040531158447
PubMed,0.5,4,0.6,0.4,-0.0029999911785125732
PubMed,0.5,4,0.6,0.5,-0.0029999911785125732
PubMed,0.5,4,0.6,0.6,-0.027000010013580322
PubMed,0.5,4,0.6,0.7,-0.011000007390975952
PubMed,0.5,4,0.6,0.8,-0.011000007390975952
PubMed,0.5,4,0.6,0.9,-0.011000007390975952
PubMed,0.5,4,0.6,1.0,-0.011000007390975952
PubMed,0.5,4,0.7,0.0,0.0010000169277191162
PubMed,0.5,4,0.7,0.1,0.0010000169277191162
PubMed,0.5,4,0.7,0.2,0.0010000169277191162
PubMed,0.5,4,0.7,0.3,0.0020000040531158447
PubMed,0.5,4,0.7,0.4,-0.0029999911785125732
PubMed,0.5,4,0.7,0.5,-0.0029999911785125732
PubMed,0.5,4,0.7,0.6,-0.027000010013580322
PubMed,0.5,4,0.7,0.7,-0.011000007390975952
PubMed,0.5,4,0.7,0.8,-0.011000007390975952
PubMed,0.5,4,0.7,0.9,-0.011000007390975952
PubMed,0.5,4,0.7,1.0,-0.011000007390975952
PubMed,0.5,4,0.8,0.0,0.0010000169277191162
PubMed,0.5,4,0.8,0.1,0.0010000169277191162
PubMed,0.5,4,0.8,0.2,0.0010000169277191162
PubMed,0.5,4,0.8,0.3,0.0020000040531158447
PubMed,0.5,4,0.8,0.4,-0.0029999911785125732
PubMed,0.5,4,0.8,0.5,-0.0029999911785125732
PubMed,0.5,4,0.8,0.6,-0.027000010013580322
PubMed,0.5,4,0.8,0.7,-0.011000007390975952
PubMed,0.5,4,0.8,0.8,-0.011000007390975952
PubMed,0.5,4,0.8,0.9,-0.011000007390975952
PubMed,0.5,4,0.8,1.0,-0.011000007390975952
PubMed,0.5,4,0.9,0.0,0.0010000169277191162
PubMed,0.5,4,0.9,0.1,0.0010000169277191162
PubMed,0.5,4,0.9,0.2,0.0010000169277191162
PubMed,0.5,4,0.9,0.3,0.0020000040531158447
PubMed,0.5,4,0.9,0.4,-0.0029999911785125732
PubMed,0.5,4,0.9,0.5,-0.0029999911785125732
PubMed,0.5,4,0.9,0.6,-0.027000010013580322
PubMed,0.5,4,0.9,0.7,-0.011000007390975952
PubMed,0.5,4,0.9,0.8,-0.011000007390975952
PubMed,0.5,4,0.9,0.9,-0.011000007390975952
PubMed,0.5,4,0.9,1.0,-0.011000007390975952
PubMed,0.5,4,1.0,0.0,0.0010000169277191162
PubMed,0.5,4,1.0,0.1,0.0010000169277191162
PubMed,0.5,4,1.0,0.2,0.0010000169277191162
PubMed,0.5,4,1.0,0.3,0.0020000040531158447
PubMed,0.5,4,1.0,0.4,-0.0029999911785125732
PubMed,0.5,4,1.0,0.5,-0.0029999911785125732
PubMed,0.5,4,1.0,0.6,-0.027000010013580322
PubMed,0.5,4,1.0,0.7,-0.011000007390975952
PubMed,0.5,4,1.0,0.8,-0.011000007390975952
PubMed,0.5,4,1.0,0.9,-0.011000007390975952
PubMed,0.5,4,1.0,1.0,-0.011000007390975952
PubMed,0.5,5,0.1,0.0,0.08399999141693115
PubMed,0.5,5,0.1,0.1,0.08399999141693115
PubMed,0.5,5,0.1,0.2,0.07300001382827759
PubMed,0.5,5,0.1,0.3,0.10199999809265137
PubMed,0.5,5,0.1,0.4,0.08399999141693115
PubMed,0.5,5,0.1,0.5,0.08399999141693115
PubMed,0.5,5,0.1,0.6,0.08399999141693115
PubMed,0.5,5,0.1,0.7,0.08399999141693115
PubMed,0.5,5,0.1,0.8,0.08399999141693115
PubMed,0.5,5,0.1,0.9,0.08399999141693115
PubMed,0.5,5,0.1,1.0,0.08399999141693115
PubMed,0.5,5,0.2,0.0,0.08000004291534424
PubMed,0.5,5,0.2,0.1,0.08000004291534424
PubMed,0.5,5,0.2,0.2,0.06800001859664917
PubMed,0.5,5,0.2,0.3,0.0820000171661377
PubMed,0.5,5,0.2,0.4,0.06800001859664917
PubMed,0.5,5,0.2,0.5,0.06800001859664917
PubMed,0.5,5,0.2,0.6,0.06800001859664917
PubMed,0.5,5,0.2,0.7,0.06800001859664917
PubMed,0.5,5,0.2,0.8,0.06800001859664917
PubMed,0.5,5,0.2,0.9,0.06800001859664917
PubMed,0.5,5,0.2,1.0,0.06800001859664917
PubMed,0.5,5,0.3,0.0,0.06400001049041748
PubMed,0.5,5,0.3,0.1,0.06400001049041748
PubMed,0.5,5,0.3,0.2,0.07400000095367432
PubMed,0.5,5,0.3,0.3,0.0690000057220459
PubMed,0.5,5,0.3,0.4,0.013999998569488525
PubMed,0.5,5,0.3,0.5,0.013999998569488525
PubMed,0.5,5,0.3,0.6,0.013999998569488525
PubMed,0.5,5,0.3,0.7,0.013999998569488525
PubMed,0.5,5,0.3,0.8,0.013999998569488525
PubMed,0.5,5,0.3,0.9,0.013999998569488525
PubMed,0.5,5,0.3,1.0,0.013999998569488525
PubMed,0.5,5,0.4,0.0,0.06400001049041748
PubMed,0.5,5,0.4,0.1,0.06400001049041748
PubMed,0.5,5,0.4,0.2,0.07400000095367432
PubMed,0.5,5,0.4,0.3,0.0690000057220459
PubMed,0.5,5,0.4,0.4,0.013999998569488525
PubMed,0.5,5,0.4,0.5,0.013999998569488525
PubMed,0.5,5,0.4,0.6,0.013999998569488525
PubMed,0.5,5,0.4,0.7,0.013999998569488525
PubMed,0.5,5,0.4,0.8,0.013999998569488525
PubMed,0.5,5,0.4,0.9,0.013999998569488525
PubMed,0.5,5,0.4,1.0,0.013999998569488525
PubMed,0.5,5,0.5,0.0,0.06499999761581421
PubMed,0.5,5,0.5,0.1,0.06499999761581421
PubMed,0.5,5,0.5,0.2,0.06800001859664917
PubMed,0.5,5,0.5,0.3,0.07899999618530273
PubMed,0.5,5,0.5,0.4,0.025000035762786865
PubMed,0.5,5,0.5,0.5,0.025000035762786865
PubMed,0.5,5,0.5,0.6,0.025000035762786865
PubMed,0.5,5,0.5,0.7,0.025000035762786865
PubMed,0.5,5,0.5,0.8,0.025000035762786865
PubMed,0.5,5,0.5,0.9,0.025000035762786865
PubMed,0.5,5,0.5,1.0,0.025000035762786865
PubMed,0.5,5,0.6,0.0,0.06499999761581421
PubMed,0.5,5,0.6,0.1,0.06499999761581421
PubMed,0.5,5,0.6,0.2,0.06800001859664917
PubMed,0.5,5,0.6,0.3,0.07899999618530273
PubMed,0.5,5,0.6,0.4,0.025000035762786865
PubMed,0.5,5,0.6,0.5,0.025000035762786865
PubMed,0.5,5,0.6,0.6,0.025000035762786865
PubMed,0.5,5,0.6,0.7,0.025000035762786865
PubMed,0.5,5,0.6,0.8,0.025000035762786865
PubMed,0.5,5,0.6,0.9,0.025000035762786865
PubMed,0.5,5,0.6,1.0,0.025000035762786865
PubMed,0.5,5,0.7,0.0,0.06499999761581421
PubMed,0.5,5,0.7,0.1,0.06499999761581421
PubMed,0.5,5,0.7,0.2,0.06800001859664917
PubMed,0.5,5,0.7,0.3,0.07899999618530273
PubMed,0.5,5,0.7,0.4,0.025000035762786865
PubMed,0.5,5,0.7,0.5,0.025000035762786865
PubMed,0.5,5,0.7,0.6,0.025000035762786865
PubMed,0.5,5,0.7,0.7,0.025000035762786865
PubMed,0.5,5,0.7,0.8,0.025000035762786865
PubMed,0.5,5,0.7,0.9,0.025000035762786865
PubMed,0.5,5,0.7,1.0,0.025000035762786865
PubMed,0.5,5,0.8,0.0,0.06499999761581421
PubMed,0.5,5,0.8,0.1,0.06499999761581421
PubMed,0.5,5,0.8,0.2,0.06800001859664917
PubMed,0.5,5,0.8,0.3,0.07899999618530273
PubMed,0.5,5,0.8,0.4,0.025000035762786865
PubMed,0.5,5,0.8,0.5,0.025000035762786865
PubMed,0.5,5,0.8,0.6,0.025000035762786865
PubMed,0.5,5,0.8,0.7,0.025000035762786865
PubMed,0.5,5,0.8,0.8,0.025000035762786865
PubMed,0.5,5,0.8,0.9,0.025000035762786865
PubMed,0.5,5,0.8,1.0,0.025000035762786865
PubMed,0.5,5,0.9,0.0,0.06499999761581421
PubMed,0.5,5,0.9,0.1,0.06499999761581421
PubMed,0.5,5,0.9,0.2,0.06800001859664917
PubMed,0.5,5,0.9,0.3,0.07899999618530273
PubMed,0.5,5,0.9,0.4,0.025000035762786865
PubMed,0.5,5,0.9,0.5,0.025000035762786865
PubMed,0.5,5,0.9,0.6,0.025000035762786865
PubMed,0.5,5,0.9,0.7,0.025000035762786865
PubMed,0.5,5,0.9,0.8,0.025000035762786865
PubMed,0.5,5,0.9,0.9,0.025000035762786865
PubMed,0.5,5,0.9,1.0,0.025000035762786865
PubMed,0.5,5,1.0,0.0,0.06499999761581421
PubMed,0.5,5,1.0,0.1,0.06499999761581421
PubMed,0.5,5,1.0,0.2,0.06800001859664917
PubMed,0.5,5,1.0,0.3,0.07899999618530273
PubMed,0.5,5,1.0,0.4,0.025000035762786865
PubMed,0.5,5,1.0,0.5,0.025000035762786865
PubMed,0.5,5,1.0,0.6,0.025000035762786865
PubMed,0.5,5,1.0,0.7,0.025000035762786865
PubMed,0.5,5,1.0,0.8,0.025000035762786865
PubMed,0.5,5,1.0,0.9,0.025000035762786865
PubMed,0.5,5,1.0,1.0,0.025000035762786865
PubMed,0.5,6,0.1,0.0,-0.015999972820281982
PubMed,0.5,6,0.1,0.1,-0.015999972820281982
PubMed,0.5,6,0.1,0.2,-0.015999972820281982
PubMed,0.5,6,0.1,0.3,-0.019999980926513672
PubMed,0.5,6,0.1,0.4,-0.019999980926513672
PubMed,0.5,6,0.1,0.5,-0.013999998569488525
PubMed,0.5,6,0.1,0.6,0.02799999713897705
PubMed,0.5,6,0.1,0.7,0.02799999713897705
PubMed,0.5,6,0.1,0.8,0.06400001049041748
PubMed,0.5,6,0.1,0.9,0.03200000524520874
PubMed,0.5,6,0.1,1.0,0.027000010013580322
PubMed,0.5,6,0.2,0.0,-0.015999972820281982
PubMed,0.5,6,0.2,0.1,-0.015999972820281982
PubMed,0.5,6,0.2,0.2,-0.015999972820281982
PubMed,0.5,6,0.2,0.3,-0.019999980926513672
PubMed,0.5,6,0.2,0.4,-0.019999980926513672
PubMed,0.5,6,0.2,0.5,-0.013999998569488525
PubMed,0.5,6,0.2,0.6,0.02799999713897705
PubMed,0.5,6,0.2,0.7,0.02799999713897705
PubMed,0.5,6,0.2,0.8,0.06400001049041748
PubMed,0.5,6,0.2,0.9,0.03200000524520874
PubMed,0.5,6,0.2,1.0,0.027000010013580322
PubMed,0.5,6,0.3,0.0,-0.0059999823570251465
PubMed,0.5,6,0.3,0.1,-0.0059999823570251465
PubMed,0.5,6,0.3,0.2,-0.0059999823570251465
PubMed,0.5,6,0.3,0.3,0.008000016212463379
PubMed,0.5,6,0.3,0.4,0.008000016212463379
PubMed,0.5,6,0.3,0.5,0.027000010013580322
PubMed,0.5,6,0.3,0.6,0.025000035762786865
PubMed,0.5,6,0.3,0.7,0.025000035762786865
PubMed,0.5,6,0.3,0.8,0.0559999942779541
PubMed,0.5,6,0.3,0.9,0.018000006675720215
PubMed,0.5,6,0.3,1.0,0.033000051975250244
PubMed,0.5,6,0.4,0.0,-0.0059999823570251465
PubMed,0.5,6,0.4,0.1,-0.0059999823570251465
PubMed,0.5,6,0.4,0.2,-0.0059999823570251465
PubMed,0.5,6,0.4,0.3,0.008000016212463379
PubMed,0.5,6,0.4,0.4,0.008000016212463379
PubMed,0.5,6,0.4,0.5,0.027000010013580322
PubMed,0.5,6,0.4,0.6,0.025000035762786865
PubMed,0.5,6,0.4,0.7,0.025000035762786865
PubMed,0.5,6,0.4,0.8,0.0559999942779541
PubMed,0.5,6,0.4,0.9,0.018000006675720215
PubMed,0.5,6,0.4,1.0,0.033000051975250244
PubMed,0.5,6,0.5,0.0,0.03800004720687866
PubMed,0.5,6,0.5,0.1,0.03800004720687866
PubMed,0.5,6,0.5,0.2,0.03800004720687866
PubMed,0.5,6,0.5,0.3,0.010000050067901611
PubMed,0.5,6,0.5,0.4,0.010000050067901611
PubMed,0.5,6,0.5,0.5,0.021000027656555176
PubMed,0.5,6,0.5,0.6,0.029000043869018555
PubMed,0.5,6,0.5,0.7,0.029000043869018555
PubMed,0.5,6,0.5,0.8,0.07200002670288086
PubMed,0.5,6,0.5,0.9,0.025000035762786865
PubMed,0.5,6,0.5,1.0,0.0480000376701355
PubMed,0.5,6,0.6,0.0,0.03800004720687866
PubMed,0.5,6,0.6,0.1,0.03800004720687866
PubMed,0.5,6,0.6,0.2,0.03800004720687866
PubMed,0.5,6,0.6,0.3,0.010000050067901611
PubMed,0.5,6,0.6,0.4,0.010000050067901611
PubMed,0.5,6,0.6,0.5,0.021000027656555176
PubMed,0.5,6,0.6,0.6,0.029000043869018555
PubMed,0.5,6,0.6,0.7,0.029000043869018555
PubMed,0.5,6,0.6,0.8,0.07200002670288086
PubMed,0.5,6,0.6,0.9,0.025000035762786865
PubMed,0.5,6,0.6,1.0,0.0480000376701355
PubMed,0.5,6,0.7,0.0,0.03800004720687866
PubMed,0.5,6,0.7,0.1,0.03800004720687866
PubMed,0.5,6,0.7,0.2,0.03800004720687866
PubMed,0.5,6,0.7,0.3,0.010000050067901611
PubMed,0.5,6,0.7,0.4,0.010000050067901611
PubMed,0.5,6,0.7,0.5,0.021000027656555176
PubMed,0.5,6,0.7,0.6,0.029000043869018555
PubMed,0.5,6,0.7,0.7,0.029000043869018555
PubMed,0.5,6,0.7,0.8,0.07200002670288086
PubMed,0.5,6,0.7,0.9,0.025000035762786865
PubMed,0.5,6,0.7,1.0,0.0480000376701355
PubMed,0.5,6,0.8,0.0,0.03800004720687866
PubMed,0.5,6,0.8,0.1,0.03800004720687866
PubMed,0.5,6,0.8,0.2,0.03800004720687866
PubMed,0.5,6,0.8,0.3,0.010000050067901611
PubMed,0.5,6,0.8,0.4,0.010000050067901611
PubMed,0.5,6,0.8,0.5,0.021000027656555176
PubMed,0.5,6,0.8,0.6,0.029000043869018555
PubMed,0.5,6,0.8,0.7,0.029000043869018555
PubMed,0.5,6,0.8,0.8,0.07200002670288086
PubMed,0.5,6,0.8,0.9,0.025000035762786865
PubMed,0.5,6,0.8,1.0,0.0480000376701355
PubMed,0.5,6,0.9,0.0,0.03800004720687866
PubMed,0.5,6,0.9,0.1,0.03800004720687866
PubMed,0.5,6,0.9,0.2,0.03800004720687866
PubMed,0.5,6,0.9,0.3,0.010000050067901611
PubMed,0.5,6,0.9,0.4,0.010000050067901611
PubMed,0.5,6,0.9,0.5,0.021000027656555176
PubMed,0.5,6,0.9,0.6,0.029000043869018555
PubMed,0.5,6,0.9,0.7,0.029000043869018555
PubMed,0.5,6,0.9,0.8,0.07200002670288086
PubMed,0.5,6,0.9,0.9,0.025000035762786865
PubMed,0.5,6,0.9,1.0,0.0480000376701355
PubMed,0.5,6,1.0,0.0,0.03800004720687866
PubMed,0.5,6,1.0,0.1,0.03800004720687866
PubMed,0.5,6,1.0,0.2,0.03800004720687866
PubMed,0.5,6,1.0,0.3,0.010000050067901611
PubMed,0.5,6,1.0,0.4,0.010000050067901611
PubMed,0.5,6,1.0,0.5,0.021000027656555176
PubMed,0.5,6,1.0,0.6,0.029000043869018555
PubMed,0.5,6,1.0,0.7,0.029000043869018555
PubMed,0.5,6,1.0,0.8,0.07200002670288086
PubMed,0.5,6,1.0,0.9,0.025000035762786865
PubMed,0.5,6,1.0,1.0,0.0480000376701355
PubMed,0.5,7,0.1,0.0,-0.0350000262260437
PubMed,0.5,7,0.1,0.1,-0.0350000262260437
PubMed,0.5,7,0.1,0.2,-0.03800004720687866
PubMed,0.5,7,0.1,0.3,-0.03900003433227539
PubMed,0.5,7,0.1,0.4,-0.0820000171661377
PubMed,0.5,7,0.1,0.5,-0.1250000298023224
PubMed,0.5,7,0.1,0.6,-0.11000001430511475
PubMed,0.5,7,0.1,0.7,-0.11000001430511475
PubMed,0.5,7,0.1,0.8,-0.11000001430511475
PubMed,0.5,7,0.1,0.9,-0.11000001430511475
PubMed,0.5,7,0.1,1.0,-0.10199999809265137
PubMed,0.5,7,0.2,0.0,0.006999969482421875
PubMed,0.5,7,0.2,0.1,0.006999969482421875
PubMed,0.5,7,0.2,0.2,-0.009000003337860107
PubMed,0.5,7,0.2,0.3,-0.009999990463256836
PubMed,0.5,7,0.2,0.4,-0.0480000376701355
PubMed,0.5,7,0.2,0.5,-0.06999999284744263
PubMed,0.5,7,0.2,0.6,-0.0690000057220459
PubMed,0.5,7,0.2,0.7,-0.0690000057220459
PubMed,0.5,7,0.2,0.8,-0.0690000057220459
PubMed,0.5,7,0.2,0.9,-0.0690000057220459
PubMed,0.5,7,0.2,1.0,-0.08400005102157593
PubMed,0.5,7,0.3,0.0,-0.030000030994415283
PubMed,0.5,7,0.3,0.1,-0.030000030994415283
PubMed,0.5,7,0.3,0.2,-0.018000006675720215
PubMed,0.5,7,0.3,0.3,-0.01100003719329834
PubMed,0.5,7,0.3,0.4,-0.0559999942779541
PubMed,0.5,7,0.3,0.5,-0.10199999809265137
PubMed,0.5,7,0.3,0.6,-0.09800004959106445
PubMed,0.5,7,0.3,0.7,-0.09800004959106445
PubMed,0.5,7,0.3,0.8,-0.09800004959106445
PubMed,0.5,7,0.3,0.9,-0.09800004959106445
PubMed,0.5,7,0.3,1.0,-0.09900003671646118
PubMed,0.5,7,0.4,0.0,-0.018000006675720215
PubMed,0.5,7,0.4,0.1,-0.018000006675720215
PubMed,0.5,7,0.4,0.2,-0.009999990463256836
PubMed,0.5,7,0.4,0.3,0.001999974250793457
PubMed,0.5,7,0.4,0.4,-0.026000022888183594
PubMed,0.5,7,0.4,0.5,-0.05500000715255737
PubMed,0.5,7,0.4,0.6,-0.054000020027160645
PubMed,0.5,7,0.4,0.7,-0.054000020027160645
PubMed,0.5,7,0.4,0.8,-0.054000020027160645
PubMed,0.5,7,0.4,0.9,-0.054000020027160645
PubMed,0.5,7,0.4,1.0,-0.07700002193450928
PubMed,0.5,7,0.5,0.0,-0.018000006675720215
PubMed,0.5,7,0.5,0.1,-0.018000006675720215
PubMed,0.5,7,0.5,0.2,-0.009999990463256836
PubMed,0.5,7,0.5,0.3,0.001999974250793457
PubMed,0.5,7,0.5,0.4,-0.026000022888183594
PubMed,0.5,7,0.5,0.5,-0.05500000715255737
PubMed,0.5,7,0.5,0.6,-0.054000020027160645
PubMed,0.5,7,0.5,0.7,-0.054000020027160645
PubMed,0.5,7,0.5,0.8,-0.054000020027160645
PubMed,0.5,7,0.5,0.9,-0.054000020027160645
PubMed,0.5,7,0.5,1.0,-0.07700002193450928
PubMed,0.5,7,0.6,0.0,-0.018000006675720215
PubMed,0.5,7,0.6,0.1,-0.018000006675720215
PubMed,0.5,7,0.6,0.2,-0.009999990463256836
PubMed,0.5,7,0.6,0.3,0.001999974250793457
PubMed,0.5,7,0.6,0.4,-0.026000022888183594
PubMed,0.5,7,0.6,0.5,-0.05500000715255737
PubMed,0.5,7,0.6,0.6,-0.054000020027160645
PubMed,0.5,7,0.6,0.7,-0.054000020027160645
PubMed,0.5,7,0.6,0.8,-0.054000020027160645
PubMed,0.5,7,0.6,0.9,-0.054000020027160645
PubMed,0.5,7,0.6,1.0,-0.07700002193450928
PubMed,0.5,7,0.7,0.0,-0.018000006675720215
PubMed,0.5,7,0.7,0.1,-0.018000006675720215
PubMed,0.5,7,0.7,0.2,-0.009999990463256836
PubMed,0.5,7,0.7,0.3,0.001999974250793457
PubMed,0.5,7,0.7,0.4,-0.026000022888183594
PubMed,0.5,7,0.7,0.5,-0.05500000715255737
PubMed,0.5,7,0.7,0.6,-0.054000020027160645
PubMed,0.5,7,0.7,0.7,-0.054000020027160645
PubMed,0.5,7,0.7,0.8,-0.054000020027160645
PubMed,0.5,7,0.7,0.9,-0.054000020027160645
PubMed,0.5,7,0.7,1.0,-0.07700002193450928
PubMed,0.5,7,0.8,0.0,-0.018000006675720215
PubMed,0.5,7,0.8,0.1,-0.018000006675720215
PubMed,0.5,7,0.8,0.2,-0.009999990463256836
PubMed,0.5,7,0.8,0.3,0.001999974250793457
PubMed,0.5,7,0.8,0.4,-0.026000022888183594
PubMed,0.5,7,0.8,0.5,-0.05500000715255737
PubMed,0.5,7,0.8,0.6,-0.054000020027160645
PubMed,0.5,7,0.8,0.7,-0.054000020027160645
PubMed,0.5,7,0.8,0.8,-0.054000020027160645
PubMed,0.5,7,0.8,0.9,-0.054000020027160645
PubMed,0.5,7,0.8,1.0,-0.07700002193450928
PubMed,0.5,7,0.9,0.0,-0.018000006675720215
PubMed,0.5,7,0.9,0.1,-0.018000006675720215
PubMed,0.5,7,0.9,0.2,-0.009999990463256836
PubMed,0.5,7,0.9,0.3,0.001999974250793457
PubMed,0.5,7,0.9,0.4,-0.026000022888183594
PubMed,0.5,7,0.9,0.5,-0.05500000715255737
PubMed,0.5,7,0.9,0.6,-0.054000020027160645
PubMed,0.5,7,0.9,0.7,-0.054000020027160645
PubMed,0.5,7,0.9,0.8,-0.054000020027160645
PubMed,0.5,7,0.9,0.9,-0.054000020027160645
PubMed,0.5,7,0.9,1.0,-0.07700002193450928
PubMed,0.5,7,1.0,0.0,-0.018000006675720215
PubMed,0.5,7,1.0,0.1,-0.018000006675720215
PubMed,0.5,7,1.0,0.2,-0.009999990463256836
PubMed,0.5,7,1.0,0.3,0.001999974250793457
PubMed,0.5,7,1.0,0.4,-0.026000022888183594
PubMed,0.5,7,1.0,0.5,-0.05500000715255737
PubMed,0.5,7,1.0,0.6,-0.054000020027160645
PubMed,0.5,7,1.0,0.7,-0.054000020027160645
PubMed,0.5,7,1.0,0.8,-0.054000020027160645
PubMed,0.5,7,1.0,0.9,-0.054000020027160645
PubMed,0.5,7,1.0,1.0,-0.07700002193450928
PubMed,0.5,8,0.1,0.0,0.030000001192092896
PubMed,0.5,8,0.1,0.1,0.02800002694129944
PubMed,0.5,8,0.1,0.2,0.041000038385391235
PubMed,0.5,8,0.1,0.3,0.041000038385391235
PubMed,0.5,8,0.1,0.4,0.026999980211257935
PubMed,0.5,8,0.1,0.5,0.034000009298324585
PubMed,0.5,8,0.1,0.6,0.037000030279159546
PubMed,0.5,8,0.1,0.7,0.05700001120567322
PubMed,0.5,8,0.1,0.8,0.03599998354911804
PubMed,0.5,8,0.1,0.9,0.03599998354911804
PubMed,0.5,8,0.1,1.0,0.03599998354911804
PubMed,0.5,8,0.2,0.0,-0.0029999911785125732
PubMed,0.5,8,0.2,0.1,-0.03799998760223389
PubMed,0.5,8,0.2,0.2,-0.026999980211257935
PubMed,0.5,8,0.2,0.3,-0.026999980211257935
PubMed,0.5,8,0.2,0.4,-0.021999984979629517
PubMed,0.5,8,0.2,0.5,-0.03299999237060547
PubMed,0.5,8,0.2,0.6,-0.023000001907348633
PubMed,0.5,8,0.2,0.7,0.015000015497207642
PubMed,0.5,8,0.2,0.8,-0.0020000040531158447
PubMed,0.5,8,0.2,0.9,-0.0020000040531158447
PubMed,0.5,8,0.2,1.0,-0.0020000040531158447
PubMed,0.5,8,0.3,0.0,-0.0029999911785125732
PubMed,0.5,8,0.3,0.1,-0.03799998760223389
PubMed,0.5,8,0.3,0.2,-0.026999980211257935
PubMed,0.5,8,0.3,0.3,-0.026999980211257935
PubMed,0.5,8,0.3,0.4,-0.021999984979629517
PubMed,0.5,8,0.3,0.5,-0.03299999237060547
PubMed,0.5,8,0.3,0.6,-0.023000001907348633
PubMed,0.5,8,0.3,0.7,0.015000015497207642
PubMed,0.5,8,0.3,0.8,-0.0020000040531158447
PubMed,0.5,8,0.3,0.9,-0.0020000040531158447
PubMed,0.5,8,0.3,1.0,-0.0020000040531158447
PubMed,0.5,8,0.4,0.0,-0.0029999911785125732
PubMed,0.5,8,0.4,0.1,-0.03799998760223389
PubMed,0.5,8,0.4,0.2,-0.026999980211257935
PubMed,0.5,8,0.4,0.3,-0.026999980211257935
PubMed,0.5,8,0.4,0.4,-0.021999984979629517
PubMed,0.5,8,0.4,0.5,-0.03299999237060547
PubMed,0.5,8,0.4,0.6,-0.023000001907348633
PubMed,0.5,8,0.4,0.7,0.015000015497207642
PubMed,0.5,8,0.4,0.8,-0.0020000040531158447
PubMed,0.5,8,0.4,0.9,-0.0020000040531158447
PubMed,0.5,8,0.4,1.0,-0.0020000040531158447
PubMed,0.5,8,0.5,0.0,-0.0029999911785125732
PubMed,0.5,8,0.5,0.1,-0.03799998760223389
PubMed,0.5,8,0.5,0.2,-0.026999980211257935
PubMed,0.5,8,0.5,0.3,-0.026999980211257935
PubMed,0.5,8,0.5,0.4,-0.021999984979629517
PubMed,0.5,8,0.5,0.5,-0.03299999237060547
PubMed,0.5,8,0.5,0.6,-0.023000001907348633
PubMed,0.5,8,0.5,0.7,0.015000015497207642
PubMed,0.5,8,0.5,0.8,-0.0020000040531158447
PubMed,0.5,8,0.5,0.9,-0.0020000040531158447
PubMed,0.5,8,0.5,1.0,-0.0020000040531158447
PubMed,0.5,8,0.6,0.0,-0.0029999911785125732
PubMed,0.5,8,0.6,0.1,-0.03799998760223389
PubMed,0.5,8,0.6,0.2,-0.026999980211257935
PubMed,0.5,8,0.6,0.3,-0.026999980211257935
PubMed,0.5,8,0.6,0.4,-0.021999984979629517
PubMed,0.5,8,0.6,0.5,-0.03299999237060547
PubMed,0.5,8,0.6,0.6,-0.023000001907348633
PubMed,0.5,8,0.6,0.7,0.015000015497207642
PubMed,0.5,8,0.6,0.8,-0.0020000040531158447
PubMed,0.5,8,0.6,0.9,-0.0020000040531158447
PubMed,0.5,8,0.6,1.0,-0.0020000040531158447
PubMed,0.5,8,0.7,0.0,-0.0029999911785125732
PubMed,0.5,8,0.7,0.1,-0.03799998760223389
PubMed,0.5,8,0.7,0.2,-0.026999980211257935
PubMed,0.5,8,0.7,0.3,-0.026999980211257935
PubMed,0.5,8,0.7,0.4,-0.021999984979629517
PubMed,0.5,8,0.7,0.5,-0.03299999237060547
PubMed,0.5,8,0.7,0.6,-0.023000001907348633
PubMed,0.5,8,0.7,0.7,0.015000015497207642
PubMed,0.5,8,0.7,0.8,-0.0020000040531158447
PubMed,0.5,8,0.7,0.9,-0.0020000040531158447
PubMed,0.5,8,0.7,1.0,-0.0020000040531158447
PubMed,0.5,8,0.8,0.0,-0.0029999911785125732
PubMed,0.5,8,0.8,0.1,-0.03799998760223389
PubMed,0.5,8,0.8,0.2,-0.026999980211257935
PubMed,0.5,8,0.8,0.3,-0.026999980211257935
PubMed,0.5,8,0.8,0.4,-0.021999984979629517
PubMed,0.5,8,0.8,0.5,-0.03299999237060547
PubMed,0.5,8,0.8,0.6,-0.023000001907348633
PubMed,0.5,8,0.8,0.7,0.015000015497207642
PubMed,0.5,8,0.8,0.8,-0.0020000040531158447
PubMed,0.5,8,0.8,0.9,-0.0020000040531158447
PubMed,0.5,8,0.8,1.0,-0.0020000040531158447
PubMed,0.5,8,0.9,0.0,-0.0029999911785125732
PubMed,0.5,8,0.9,0.1,-0.03799998760223389
PubMed,0.5,8,0.9,0.2,-0.026999980211257935
PubMed,0.5,8,0.9,0.3,-0.026999980211257935
PubMed,0.5,8,0.9,0.4,-0.021999984979629517
PubMed,0.5,8,0.9,0.5,-0.03299999237060547
PubMed,0.5,8,0.9,0.6,-0.023000001907348633
PubMed,0.5,8,0.9,0.7,0.015000015497207642
PubMed,0.5,8,0.9,0.8,-0.0020000040531158447
PubMed,0.5,8,0.9,0.9,-0.0020000040531158447
PubMed,0.5,8,0.9,1.0,-0.0020000040531158447
PubMed,0.5,8,1.0,0.0,-0.0029999911785125732
PubMed,0.5,8,1.0,0.1,-0.03799998760223389
PubMed,0.5,8,1.0,0.2,-0.026999980211257935
PubMed,0.5,8,1.0,0.3,-0.026999980211257935
PubMed,0.5,8,1.0,0.4,-0.021999984979629517
PubMed,0.5,8,1.0,0.5,-0.03299999237060547
PubMed,0.5,8,1.0,0.6,-0.023000001907348633
PubMed,0.5,8,1.0,0.7,0.015000015497207642
PubMed,0.5,8,1.0,0.8,-0.0020000040531158447
PubMed,0.5,8,1.0,0.9,-0.0020000040531158447
PubMed,0.5,8,1.0,1.0,-0.0020000040531158447
PubMed,0.5,9,0.1,0.0,0.003000020980834961
PubMed,0.5,9,0.1,0.1,0.003000020980834961
PubMed,0.5,9,0.1,0.2,-0.006999969482421875
PubMed,0.5,9,0.1,0.3,-0.013000011444091797
PubMed,0.5,9,0.1,0.4,0.0009999871253967285
PubMed,0.5,9,0.1,0.5,-0.008000016212463379
PubMed,0.5,9,0.1,0.6,-0.008000016212463379
PubMed,0.5,9,0.1,0.7,-0.010999977588653564
PubMed,0.5,9,0.1,0.8,-0.010999977588653564
PubMed,0.5,9,0.1,0.9,-0.010999977588653564
PubMed,0.5,9,0.1,1.0,-0.010999977588653564
PubMed,0.5,9,0.2,0.0,0.026000022888183594
PubMed,0.5,9,0.2,0.1,0.026000022888183594
PubMed,0.5,9,0.2,0.2,0.02799999713897705
PubMed,0.5,9,0.2,0.3,0.026000022888183594
PubMed,0.5,9,0.2,0.4,0.004999995231628418
PubMed,0.5,9,0.2,0.5,0.009000003337860107
PubMed,0.5,9,0.2,0.6,0.009000003337860107
PubMed,0.5,9,0.2,0.7,0.0020000338554382324
PubMed,0.5,9,0.2,0.8,0.0020000338554382324
PubMed,0.5,9,0.2,0.9,0.0020000338554382324
PubMed,0.5,9,0.2,1.0,0.0020000338554382324
PubMed,0.5,9,0.3,0.0,0.026000022888183594
PubMed,0.5,9,0.3,0.1,0.026000022888183594
PubMed,0.5,9,0.3,0.2,0.02799999713897705
PubMed,0.5,9,0.3,0.3,0.026000022888183594
PubMed,0.5,9,0.3,0.4,0.004999995231628418
PubMed,0.5,9,0.3,0.5,0.009000003337860107
PubMed,0.5,9,0.3,0.6,0.009000003337860107
PubMed,0.5,9,0.3,0.7,0.0020000338554382324
PubMed,0.5,9,0.3,0.8,0.0020000338554382324
PubMed,0.5,9,0.3,0.9,0.0020000338554382324
PubMed,0.5,9,0.3,1.0,0.0020000338554382324
PubMed,0.5,9,0.4,0.0,0.025000035762786865
PubMed,0.5,9,0.4,0.1,0.025000035762786865
PubMed,0.5,9,0.4,0.2,0.026000022888183594
PubMed,0.5,9,0.4,0.3,0.016000032424926758
PubMed,0.5,9,0.4,0.4,0.018000006675720215
PubMed,0.5,9,0.4,0.5,0.0009999871253967285
PubMed,0.5,9,0.4,0.6,0.0009999871253967285
PubMed,0.5,9,0.4,0.7,-0.0029999613761901855
PubMed,0.5,9,0.4,0.8,-0.0029999613761901855
PubMed,0.5,9,0.4,0.9,-0.0029999613761901855
PubMed,0.5,9,0.4,1.0,-0.0029999613761901855
PubMed,0.5,9,0.5,0.0,0.025000035762786865
PubMed,0.5,9,0.5,0.1,0.025000035762786865
PubMed,0.5,9,0.5,0.2,0.026000022888183594
PubMed,0.5,9,0.5,0.3,0.016000032424926758
PubMed,0.5,9,0.5,0.4,0.018000006675720215
PubMed,0.5,9,0.5,0.5,0.0009999871253967285
PubMed,0.5,9,0.5,0.6,0.0009999871253967285
PubMed,0.5,9,0.5,0.7,-0.0029999613761901855
PubMed,0.5,9,0.5,0.8,-0.0029999613761901855
PubMed,0.5,9,0.5,0.9,-0.0029999613761901855
PubMed,0.5,9,0.5,1.0,-0.0029999613761901855
PubMed,0.5,9,0.6,0.0,0.025000035762786865
PubMed,0.5,9,0.6,0.1,0.025000035762786865
PubMed,0.5,9,0.6,0.2,0.026000022888183594
PubMed,0.5,9,0.6,0.3,0.016000032424926758
PubMed,0.5,9,0.6,0.4,0.018000006675720215
PubMed,0.5,9,0.6,0.5,0.0009999871253967285
PubMed,0.5,9,0.6,0.6,0.0009999871253967285
PubMed,0.5,9,0.6,0.7,-0.0029999613761901855
PubMed,0.5,9,0.6,0.8,-0.0029999613761901855
PubMed,0.5,9,0.6,0.9,-0.0029999613761901855
PubMed,0.5,9,0.6,1.0,-0.0029999613761901855
PubMed,0.5,9,0.7,0.0,0.025000035762786865
PubMed,0.5,9,0.7,0.1,0.025000035762786865
PubMed,0.5,9,0.7,0.2,0.026000022888183594
PubMed,0.5,9,0.7,0.3,0.016000032424926758
PubMed,0.5,9,0.7,0.4,0.018000006675720215
PubMed,0.5,9,0.7,0.5,0.0009999871253967285
PubMed,0.5,9,0.7,0.6,0.0009999871253967285
PubMed,0.5,9,0.7,0.7,-0.0029999613761901855
PubMed,0.5,9,0.7,0.8,-0.0029999613761901855
PubMed,0.5,9,0.7,0.9,-0.0029999613761901855
PubMed,0.5,9,0.7,1.0,-0.0029999613761901855
PubMed,0.5,9,0.8,0.0,0.025000035762786865
PubMed,0.5,9,0.8,0.1,0.025000035762786865
PubMed,0.5,9,0.8,0.2,0.026000022888183594
PubMed,0.5,9,0.8,0.3,0.016000032424926758
PubMed,0.5,9,0.8,0.4,0.018000006675720215
PubMed,0.5,9,0.8,0.5,0.0009999871253967285
PubMed,0.5,9,0.8,0.6,0.0009999871253967285
PubMed,0.5,9,0.8,0.7,-0.0029999613761901855
PubMed,0.5,9,0.8,0.8,-0.0029999613761901855
PubMed,0.5,9,0.8,0.9,-0.0029999613761901855
PubMed,0.5,9,0.8,1.0,-0.0029999613761901855
PubMed,0.5,9,0.9,0.0,0.025000035762786865
PubMed,0.5,9,0.9,0.1,0.025000035762786865
PubMed,0.5,9,0.9,0.2,0.026000022888183594
PubMed,0.5,9,0.9,0.3,0.016000032424926758
PubMed,0.5,9,0.9,0.4,0.018000006675720215
PubMed,0.5,9,0.9,0.5,0.0009999871253967285
PubMed,0.5,9,0.9,0.6,0.0009999871253967285
PubMed,0.5,9,0.9,0.7,-0.0029999613761901855
PubMed,0.5,9,0.9,0.8,-0.0029999613761901855
PubMed,0.5,9,0.9,0.9,-0.0029999613761901855
PubMed,0.5,9,0.9,1.0,-0.0029999613761901855
PubMed,0.5,9,1.0,0.0,0.025000035762786865
PubMed,0.5,9,1.0,0.1,0.025000035762786865
PubMed,0.5,9,1.0,0.2,0.026000022888183594
PubMed,0.5,9,1.0,0.3,0.016000032424926758
PubMed,0.5,9,1.0,0.4,0.018000006675720215
PubMed,0.5,9,1.0,0.5,0.0009999871253967285
PubMed,0.5,9,1.0,0.6,0.0009999871253967285
PubMed,0.5,9,1.0,0.7,-0.0029999613761901855
PubMed,0.5,9,1.0,0.8,-0.0029999613761901855
PubMed,0.5,9,1.0,0.9,-0.0029999613761901855
PubMed,0.5,9,1.0,1.0,-0.0029999613761901855
