dataset,noise_rate,seed,p_grd,dexp,gain
Cora,0.1,0,0.0,0,0.0020000338554382324
Cora,0.1,0,0.0,1,0.010000050067901611
Cora,0.1,0,0.0,2,0.003000020980834961
Cora,0.1,0,0.0,3,0.026000022888183594
Cora,0.1,0,0.0,4,0.0020000338554382324
Cora,0.1,0,0.0,5,0.04900002479553223
Cora,0.1,0,0.0,6,-0.0040000081062316895
Cora,0.1,0,0.0,7,-0.013999998569488525
Cora,0.1,0,0.0,8,-0.004999995231628418
Cora,0.1,0,0.0,9,0.01100003719329834
Cora,0.1,0,0.0,10,0.03100001811981201
Cora,0.1,0,0.1,0,-0.001999974250793457
Cora,0.1,0,0.1,1,0.04400002956390381
Cora,0.1,0,0.1,2,0.020000040531158447
Cora,0.1,0,0.1,3,0.009000003337860107
Cora,0.1,0,0.1,4,0.013000011444091797
Cora,0.1,0,0.1,5,0.018999993801116943
Cora,0.1,0,0.1,6,0.018999993801116943
Cora,0.1,0,0.1,7,0.012000024318695068
Cora,0.1,0,0.1,8,0.027000010013580322
Cora,0.1,0,0.1,9,0.03600001335144043
Cora,0.1,0,0.1,10,0.0020000338554382324
Cora,0.1,0,0.2,0,0.02799999713897705
Cora,0.1,0,0.2,1,0.023000001907348633
Cora,0.1,0,0.2,2,-0.013999998569488525
Cora,0.1,0,0.2,3,0.024000048637390137
Cora,0.1,0,0.2,4,0.00700002908706665
Cora,0.1,0,0.2,5,0.013000011444091797
Cora,0.1,0,0.2,6,0.020000040531158447
Cora,0.1,0,0.2,7,-0.007999956607818604
Cora,0.1,0,0.2,8,0.010000050067901611
Cora,0.1,0,0.2,9,-0.015999972820281982
Cora,0.1,0,0.2,10,-0.018999993801116943
Cora,0.1,0,0.3,0,0.020000040531158447
Cora,0.1,0,0.3,1,0.013999998569488525
Cora,0.1,0,0.3,2,0.012000024318695068
Cora,0.1,0,0.3,3,0.004999995231628418
Cora,0.1,0,0.3,4,0.004999995231628418
Cora,0.1,0,0.3,5,-0.0029999613761901855
Cora,0.1,0,0.3,6,-0.007999956607818604
Cora,0.1,0,0.3,7,0.001000046730041504
Cora,0.1,0,0.3,8,-0.012999951839447021
Cora,0.1,0,0.3,9,-0.012999951839447021
Cora,0.1,0,0.3,10,-0.012999951839447021
Cora,0.1,0,0.4,0,0.009000003337860107
Cora,0.1,0,0.4,1,0.016000032424926758
Cora,0.1,0,0.4,2,0.022000014781951904
Cora,0.1,0,0.4,3,-0.0040000081062316895
Cora,0.1,0,0.4,4,-0.004999995231628418
Cora,0.1,0,0.4,5,-0.007999956607818604
Cora,0.1,0,0.4,6,-0.012999951839447021
Cora,0.1,0,0.4,7,-0.004999995231628418
Cora,0.1,0,0.4,8,-0.004999995231628418
Cora,0.1,0,0.4,9,-0.004999995231628418
Cora,0.1,0,0.4,10,-0.004999995231628418
Cora,0.1,0,0.5,0,0.01500004529953003
Cora,0.1,0,0.5,1,0.009000003337860107
Cora,0.1,0,0.5,2,0.004999995231628418
Cora,0.1,0,0.5,3,-0.004999995231628418
Cora,0.1,0,0.5,4,-0.007999956607818604
Cora,0.1,0,0.5,5,-0.004999995231628418
Cora,0.1,0,0.5,6,-0.004999995231628418
Cora,0.1,0,0.5,7,-0.004999995231628418
Cora,0.1,0,0.5,8,-0.004999995231628418
Cora,0.1,0,0.5,9,-0.004999995231628418
Cora,0.1,0,0.5,10,-0.004999995231628418
Cora,0.1,0,0.6,0,0.009000003337860107
Cora,0.1,0,0.6,1,0.012000024318695068
Cora,0.1,0,0.6,2,0.004999995231628418
Cora,0.1,0,0.6,3,-0.004999995231628418
Cora,0.1,0,0.6,4,-0.004999995231628418
Cora,0.1,0,0.6,5,-0.004999995231628418
Cora,0.1,0,0.6,6,-0.004999995231628418
Cora,0.1,0,0.6,7,-0.004999995231628418
Cora,0.1,0,0.6,8,-0.004999995231628418
Cora,0.1,0,0.6,9,-0.0040000081062316895
Cora,0.1,0,0.6,10,-0.0040000081062316895
Cora,0.1,0,0.7,0,0.029000043869018555
Cora,0.1,0,0.7,1,0.027000010013580322
Cora,0.1,0,0.7,2,-0.0009999871253967285
Cora,0.1,0,0.7,3,-0.0040000081062316895
Cora,0.1,0,0.7,4,-0.0040000081062316895
Cora,0.1,0,0.7,5,0.0
Cora,0.1,0,0.7,6,0.0
Cora,0.1,0,0.7,7,0.0
Cora,0.1,0,0.7,8,-0.0040000081062316895
Cora,0.1,0,0.7,9,0.0
Cora,0.1,0,0.7,10,-0.0040000081062316895
Cora,0.1,0,0.8,0,0.010000050067901611
Cora,0.1,0,0.8,1,-0.0009999871253967285
Cora,0.1,0,0.8,2,-0.0009999871253967285
Cora,0.1,0,0.8,3,0.0
Cora,0.1,0,0.8,4,0.0
Cora,0.1,0,0.8,5,0.0
Cora,0.1,0,0.8,6,0.0
Cora,0.1,0,0.8,7,0.0
Cora,0.1,0,0.8,8,0.0
Cora,0.1,0,0.8,9,0.0
Cora,0.1,0,0.8,10,0.0
Cora,0.1,0,0.9,0,0.017000019550323486
Cora,0.1,0,0.9,1,0.001000046730041504
Cora,0.1,0,0.9,2,-0.0029999613761901855
Cora,0.1,0,0.9,3,-0.0040000081062316895
Cora,0.1,0,0.9,4,0.0
Cora,0.1,0,0.9,5,0.0
Cora,0.1,0,0.9,6,0.0
Cora,0.1,0,0.9,7,0.0
Cora,0.1,0,0.9,8,0.0
Cora,0.1,0,0.9,9,0.0
Cora,0.1,0,0.9,10,0.0
Cora,0.1,1,0.0,0,0.03299999237060547
Cora,0.1,1,0.0,1,0.023000001907348633
Cora,0.1,1,0.0,2,0.039999961853027344
Cora,0.1,1,0.0,3,0.04100000858306885
Cora,0.1,1,0.0,4,0.03700000047683716
Cora,0.1,1,0.0,5,0.02899998426437378
Cora,0.1,1,0.0,6,0.027000010013580322
Cora,0.1,1,0.0,7,0.029999971389770508
Cora,0.1,1,0.0,8,0.027000010013580322
Cora,0.1,1,0.0,9,0.027000010013580322
Cora,0.1,1,0.0,10,0.034999966621398926
Cora,0.1,1,0.1,0,0.030999958515167236
Cora,0.1,1,0.1,1,0.03700000047683716
Cora,0.1,1,0.1,2,0.007999956607818604
Cora,0.1,1,0.1,3,0.029999971389770508
Cora,0.1,1,0.1,4,0.03700000047683716
Cora,0.1,1,0.1,5,0.02799999713897705
Cora,0.1,1,0.1,6,0.038999974727630615
Cora,0.1,1,0.1,7,0.029999971389770508
Cora,0.1,1,0.1,8,0.03799998760223389
Cora,0.1,1,0.1,9,0.023000001907348633
Cora,0.1,1,0.1,10,0.02399998903274536
Cora,0.1,1,0.2,0,0.03299999237060547
Cora,0.1,1,0.2,1,0.0209999680519104
Cora,0.1,1,0.2,2,0.02899998426437378
Cora,0.1,1,0.2,3,0.004999995231628418
Cora,0.1,1,0.2,4,0.03200000524520874
Cora,0.1,1,0.2,5,0.027000010013580322
Cora,0.1,1,0.2,6,0.0029999613761901855
Cora,0.1,1,0.2,7,0.0
Cora,0.1,1,0.2,8,0.03200000524520874
Cora,0.1,1,0.2,9,0.001999974250793457
Cora,0.1,1,0.2,10,-0.0020000338554382324
Cora,0.1,1,0.3,0,0.02499997615814209
Cora,0.1,1,0.3,1,0.023000001907348633
Cora,0.1,1,0.3,2,0.013000011444091797
Cora,0.1,1,0.3,3,0.004999995231628418
Cora,0.1,1,0.3,4,0.009000003337860107
Cora,0.1,1,0.3,5,-0.0009999871253967285
Cora,0.1,1,0.3,6,-0.004999995231628418
Cora,0.1,1,0.3,7,0.001999974250793457
Cora,0.1,1,0.3,8,-0.0009999871253967285
Cora,0.1,1,0.3,9,-0.0009999871253967285
Cora,0.1,1,0.3,10,0.0
Cora,0.1,1,0.4,0,0.03700000047683716
Cora,0.1,1,0.4,1,0.02399998903274536
Cora,0.1,1,0.4,2,0.009999990463256836
Cora,0.1,1,0.4,3,0.0059999823570251465
Cora,0.1,1,0.4,4,0.0040000081062316895
Cora,0.1,1,0.4,5,0.0
Cora,0.1,1,0.4,6,0.0
Cora,0.1,1,0.4,7,0.0
Cora,0.1,1,0.4,8,0.0
Cora,0.1,1,0.4,9,0.0
Cora,0.1,1,0.4,10,0.0
Cora,0.1,1,0.5,0,0.0339999794960022
Cora,0.1,1,0.5,1,0.023000001907348633
Cora,0.1,1,0.5,2,0.0029999613761901855
Cora,0.1,1,0.5,3,-0.0020000338554382324
Cora,0.1,1,0.5,4,0.0
Cora,0.1,1,0.5,5,0.0
Cora,0.1,1,0.5,6,0.0
Cora,0.1,1,0.5,7,0.0
Cora,0.1,1,0.5,8,0.0
Cora,0.1,1,0.5,9,0.0
Cora,0.1,1,0.5,10,0.0
Cora,0.1,1,0.6,0,0.03700000047683716
Cora,0.1,1,0.6,1,0.013000011444091797
Cora,0.1,1,0.6,2,-0.0020000338554382324
Cora,0.1,1,0.6,3,0.0
Cora,0.1,1,0.6,4,0.0
Cora,0.1,1,0.6,5,0.0
Cora,0.1,1,0.6,6,0.0
Cora,0.1,1,0.6,7,0.0
Cora,0.1,1,0.6,8,0.0
Cora,0.1,1,0.6,9,0.0
Cora,0.1,1,0.6,10,0.0
Cora,0.1,1,0.7,0,0.03299999237060547
Cora,0.1,1,0.7,1,0.0040000081062316895
Cora,0.1,1,0.7,2,-0.0020000338554382324
Cora,0.1,1,0.7,3,0.0
Cora,0.1,1,0.7,4,0.0
Cora,0.1,1,0.7,5,0.0
Cora,0.1,1,0.7,6,0.0
Cora,0.1,1,0.7,7,0.0
Cora,0.1,1,0.7,8,0.0
Cora,0.1,1,0.7,9,0.0
Cora,0.1,1,0.7,10,0.0
Cora,0.1,1,0.8,0,0.0339999794960022
Cora,0.1,1,0.8,1,0.001999974250793457
Cora,0.1,1,0.8,2,-0.008000016212463379
Cora,0.1,1,0.8,3,0.0
Cora,0.1,1,0.8,4,0.0
Cora,0.1,1,0.8,5,0.0
Cora,0.1,1,0.8,6,0.0
Cora,0.1,1,0.8,7,0.0
Cora,0.1,1,0.8,8,0.0
Cora,0.1,1,0.8,9,0.0
Cora,0.1,1,0.8,10,0.0
Cora,0.1,1,0.9,0,0.01699995994567871
Cora,0.1,1,0.9,1,0.0040000081062316895
Cora,0.1,1,0.9,2,0.0
Cora,0.1,1,0.9,3,0.0
Cora,0.1,1,0.9,4,0.0
Cora,0.1,1,0.9,5,0.0
Cora,0.1,1,0.9,6,0.0
Cora,0.1,1,0.9,7,0.0
Cora,0.1,1,0.9,8,0.0
Cora,0.1,1,0.9,9,0.0
Cora,0.1,1,0.9,10,0.0
Cora,0.1,2,0.0,0,0.042999982833862305
Cora,0.1,2,0.0,1,0.04399996995925903
Cora,0.1,2,0.0,2,0.050999999046325684
Cora,0.1,2,0.0,3,0.05899995565414429
Cora,0.1,2,0.0,4,0.046999990940093994
Cora,0.1,2,0.0,5,0.042999982833862305
Cora,0.1,2,0.0,6,0.041999995708465576
Cora,0.1,2,0.0,7,0.0339999794960022
Cora,0.1,2,0.0,8,0.046000003814697266
Cora,0.1,2,0.0,9,0.03799998760223389
Cora,0.1,2,0.0,10,0.04899996519088745
Cora,0.1,2,0.1,0,0.038999974727630615
Cora,0.1,2,0.1,1,0.046999990940093994
Cora,0.1,2,0.1,2,0.03299999237060547
Cora,0.1,2,0.1,3,0.04899996519088745
Cora,0.1,2,0.1,4,0.046000003814697266
Cora,0.1,2,0.1,5,0.05500000715255737
Cora,0.1,2,0.1,6,0.05199998617172241
Cora,0.1,2,0.1,7,0.046000003814697266
Cora,0.1,2,0.1,8,0.04399996995925903
Cora,0.1,2,0.1,9,0.039999961853027344
Cora,0.1,2,0.1,10,0.02399998903274536
Cora,0.1,2,0.2,0,0.05699998140335083
Cora,0.1,2,0.2,1,0.039999961853027344
Cora,0.1,2,0.2,2,0.03200000524520874
Cora,0.1,2,0.2,3,0.042999982833862305
Cora,0.1,2,0.2,4,0.0339999794960022
Cora,0.1,2,0.2,5,0.029999971389770508
Cora,0.1,2,0.2,6,0.0339999794960022
Cora,0.1,2,0.2,7,0.030999958515167236
Cora,0.1,2,0.2,8,0.0209999680519104
Cora,0.1,2,0.2,9,0.0339999794960022
Cora,0.1,2,0.2,10,0.0339999794960022
Cora,0.1,2,0.3,0,0.04499995708465576
Cora,0.1,2,0.3,1,0.02399998903274536
Cora,0.1,2,0.3,2,0.03200000524520874
Cora,0.1,2,0.3,3,0.02599996328353882
Cora,0.1,2,0.3,4,0.026999950408935547
Cora,0.1,2,0.3,5,0.018999993801116943
Cora,0.1,2,0.3,6,0.026999950408935547
Cora,0.1,2,0.3,7,0.018999993801116943
Cora,0.1,2,0.3,8,0.015999972820281982
Cora,0.1,2,0.3,9,0.015999972820281982
Cora,0.1,2,0.3,10,0.018999993801116943
Cora,0.1,2,0.4,0,0.041999995708465576
Cora,0.1,2,0.4,1,0.035999953746795654
Cora,0.1,2,0.4,2,0.02599996328353882
Cora,0.1,2,0.4,3,0.023000001907348633
Cora,0.1,2,0.4,4,0.02499997615814209
Cora,0.1,2,0.4,5,0.018999993801116943
Cora,0.1,2,0.4,6,0.02499997615814209
Cora,0.1,2,0.4,7,0.02499997615814209
Cora,0.1,2,0.4,8,0.018999993801116943
Cora,0.1,2,0.4,9,0.018999993801116943
Cora,0.1,2,0.4,10,0.018999993801116943
Cora,0.1,2,0.5,0,0.04999995231628418
Cora,0.1,2,0.5,1,0.02499997615814209
Cora,0.1,2,0.5,2,0.018999993801116943
Cora,0.1,2,0.5,3,0.018000006675720215
Cora,0.1,2,0.5,4,0.018999993801116943
Cora,0.1,2,0.5,5,0.018999993801116943
Cora,0.1,2,0.5,6,0.019999980926513672
Cora,0.1,2,0.5,7,0.019999980926513672
Cora,0.1,2,0.5,8,0.019999980926513672
Cora,0.1,2,0.5,9,0.019999980926513672
Cora,0.1,2,0.5,10,0.019999980926513672
Cora,0.1,2,0.6,0,0.034999966621398926
Cora,0.1,2,0.6,1,0.023000001907348633
Cora,0.1,2,0.6,2,0.018999993801116943
Cora,0.1,2,0.6,3,0.018999993801116943
Cora,0.1,2,0.6,4,0.018999993801116943
Cora,0.1,2,0.6,5,0.0
Cora,0.1,2,0.6,6,0.0
Cora,0.1,2,0.6,7,0.0
Cora,0.1,2,0.6,8,0.0
Cora,0.1,2,0.6,9,0.0
Cora,0.1,2,0.6,10,0.0
Cora,0.1,2,0.7,0,0.034999966621398926
Cora,0.1,2,0.7,1,0.023000001907348633
Cora,0.1,2,0.7,2,0.018999993801116943
Cora,0.1,2,0.7,3,0.019999980926513672
Cora,0.1,2,0.7,4,0.0
Cora,0.1,2,0.7,5,0.0
Cora,0.1,2,0.7,6,0.0
Cora,0.1,2,0.7,7,0.0
Cora,0.1,2,0.7,8,0.0
Cora,0.1,2,0.7,9,0.0
Cora,0.1,2,0.7,10,0.0
Cora,0.1,2,0.8,0,0.039999961853027344
Cora,0.1,2,0.8,1,0.023000001907348633
Cora,0.1,2,0.8,2,0.0209999680519104
Cora,0.1,2,0.8,3,0.0
Cora,0.1,2,0.8,4,0.0
Cora,0.1,2,0.8,5,0.0
Cora,0.1,2,0.8,6,0.0
Cora,0.1,2,0.8,7,0.0
Cora,0.1,2,0.8,8,0.0
Cora,0.1,2,0.8,9,0.0
Cora,0.1,2,0.8,10,0.0
Cora,0.1,2,0.9,0,0.01699995994567871
Cora,0.1,2,0.9,1,0.023000001907348633
Cora,0.1,2,0.9,2,0.0
Cora,0.1,2,0.9,3,0.0
Cora,0.1,2,0.9,4,0.0
Cora,0.1,2,0.9,5,0.0
Cora,0.1,2,0.9,6,0.0
Cora,0.1,2,0.9,7,0.0
Cora,0.1,2,0.9,8,0.0
Cora,0.1,2,0.9,9,0.0
Cora,0.1,2,0.9,10,0.0
Cora,0.1,3,0.0,0,0.03200000524520874
Cora,0.1,3,0.0,1,0.01699995994567871
Cora,0.1,3,0.0,2,0.03799998760223389
Cora,0.1,3,0.0,3,0.018999993801116943
Cora,0.1,3,0.0,4,0.008000016212463379
Cora,0.1,3,0.0,5,0.011999964714050293
Cora,0.1,3,0.0,6,-0.0009999871253967285
Cora,0.1,3,0.0,7,0.013000011444091797
Cora,0.1,3,0.0,8,0.004999995231628418
Cora,0.1,3,0.0,9,0.023000001907348633
Cora,0.1,3,0.0,10,0.010999977588653564
Cora,0.1,3,0.1,0,0.02599996328353882
Cora,0.1,3,0.1,1,0.03299999237060547
Cora,0.1,3,0.1,2,0.034999966621398926
Cora,0.1,3,0.1,3,0.03700000047683716
Cora,0.1,3,0.1,4,-0.0040000081062316895
Cora,0.1,3,0.1,5,0.02399998903274536
Cora,0.1,3,0.1,6,0.03600001335144043
Cora,0.1,3,0.1,7,0.03799998760223389
Cora,0.1,3,0.1,8,0.02599996328353882
Cora,0.1,3,0.1,9,0.041999995708465576
Cora,0.1,3,0.1,10,0.038999974727630615
Cora,0.1,3,0.2,0,0.04100000858306885
Cora,0.1,3,0.2,1,0.004999995231628418
Cora,0.1,3,0.2,2,0.0339999794960022
Cora,0.1,3,0.2,3,0.038999974727630615
Cora,0.1,3,0.2,4,0.02599996328353882
Cora,0.1,3,0.2,5,0.013999998569488525
Cora,0.1,3,0.2,6,0.022000014781951904
Cora,0.1,3,0.2,7,0.006999969482421875
Cora,0.1,3,0.2,8,0.022000014781951904
Cora,0.1,3,0.2,9,0.011999964714050293
Cora,0.1,3,0.2,10,0.014999985694885254
Cora,0.1,3,0.3,0,0.013999998569488525
Cora,0.1,3,0.3,1,0.03200000524520874
Cora,0.1,3,0.3,2,0.004999995231628418
Cora,0.1,3,0.3,3,0.019999980926513672
Cora,0.1,3,0.3,4,0.001999974250793457
Cora,0.1,3,0.3,5,0.008000016212463379
Cora,0.1,3,0.3,6,0.02899998426437378
Cora,0.1,3,0.3,7,0.008000016212463379
Cora,0.1,3,0.3,8,0.010999977588653564
Cora,0.1,3,0.3,9,0.001999974250793457
Cora,0.1,3,0.3,10,0.010999977588653564
Cora,0.1,3,0.4,0,0.02899998426437378
Cora,0.1,3,0.4,1,0.04500001668930054
Cora,0.1,3,0.4,2,0.013000011444091797
Cora,0.1,3,0.4,3,0.001999974250793457
Cora,0.1,3,0.4,4,0.0
Cora,0.1,3,0.4,5,0.0
Cora,0.1,3,0.4,6,0.0
Cora,0.1,3,0.4,7,0.0
Cora,0.1,3,0.4,8,0.009000003337860107
Cora,0.1,3,0.4,9,0.0
Cora,0.1,3,0.4,10,0.0
Cora,0.1,3,0.5,0,0.04899996519088745
Cora,0.1,3,0.5,1,0.008000016212463379
Cora,0.1,3,0.5,2,0.0040000081062316895
Cora,0.1,3,0.5,3,0.0
Cora,0.1,3,0.5,4,0.0
Cora,0.1,3,0.5,5,0.0
Cora,0.1,3,0.5,6,0.0
Cora,0.1,3,0.5,7,0.0
Cora,0.1,3,0.5,8,0.0
Cora,0.1,3,0.5,9,0.0
Cora,0.1,3,0.5,10,0.0
Cora,0.1,3,0.6,0,0.0339999794960022
Cora,0.1,3,0.6,1,0.0040000081062316895
Cora,0.1,3,0.6,2,0.0029999613761901855
Cora,0.1,3,0.6,3,0.0
Cora,0.1,3,0.6,4,0.0
Cora,0.1,3,0.6,5,0.0
Cora,0.1,3,0.6,6,0.0
Cora,0.1,3,0.6,7,0.0
Cora,0.1,3,0.6,8,0.0
Cora,0.1,3,0.6,9,0.0
Cora,0.1,3,0.6,10,0.0
Cora,0.1,3,0.7,0,0.02799999713897705
Cora,0.1,3,0.7,1,0.0009999871253967285
Cora,0.1,3,0.7,2,-0.0009999871253967285
Cora,0.1,3,0.7,3,0.0
Cora,0.1,3,0.7,4,0.0
Cora,0.1,3,0.7,5,0.0
Cora,0.1,3,0.7,6,0.0
Cora,0.1,3,0.7,7,0.0
Cora,0.1,3,0.7,8,0.0
Cora,0.1,3,0.7,9,0.0
Cora,0.1,3,0.7,10,0.0
Cora,0.1,3,0.8,0,0.0029999613761901855
Cora,0.1,3,0.8,1,-0.0009999871253967285
Cora,0.1,3,0.8,2,0.0
Cora,0.1,3,0.8,3,0.0
Cora,0.1,3,0.8,4,0.0
Cora,0.1,3,0.8,5,0.0
Cora,0.1,3,0.8,6,0.0
Cora,0.1,3,0.8,7,0.0
Cora,0.1,3,0.8,8,0.0
Cora,0.1,3,0.8,9,0.0
Cora,0.1,3,0.8,10,0.0
Cora,0.1,3,0.9,0,0.023000001907348633
Cora,0.1,3,0.9,1,0.0
Cora,0.1,3,0.9,2,0.0
Cora,0.1,3,0.9,3,0.0
Cora,0.1,3,0.9,4,0.0
Cora,0.1,3,0.9,5,0.0
Cora,0.1,3,0.9,6,0.0
Cora,0.1,3,0.9,7,0.0
Cora,0.1,3,0.9,8,0.0
Cora,0.1,3,0.9,9,0.0
Cora,0.1,3,0.9,10,0.0
Cora,0.1,4,0.0,0,-0.0059999823570251465
Cora,0.1,4,0.0,1,0.022000014781951904
Cora,0.1,4,0.0,2,0.009999990463256836
Cora,0.1,4,0.0,3,0.03200000524520874
Cora,0.1,4,0.0,4,0.04500001668930054
Cora,0.1,4,0.0,5,0.04799997806549072
Cora,0.1,4,0.0,6,0.03799998760223389
Cora,0.1,4,0.0,7,0.03700000047683716
Cora,0.1,4,0.0,8,0.02399998903274536
Cora,0.1,4,0.0,9,0.008000016212463379
Cora,0.1,4,0.0,10,-0.012000024318695068
Cora,0.1,4,0.1,0,0.0059999823570251465
Cora,0.1,4,0.1,1,0.0009999871253967285
Cora,0.1,4,0.1,2,0.018999993801116943
Cora,0.1,4,0.1,3,0.009999990463256836
Cora,0.1,4,0.1,4,-0.003000020980834961
Cora,0.1,4,0.1,5,-0.0040000081062316895
Cora,0.1,4,0.1,6,0.001999974250793457
Cora,0.1,4,0.1,7,0.04900002479553223
Cora,0.1,4,0.1,8,0.0040000081062316895
Cora,0.1,4,0.1,9,0.008000016212463379
Cora,0.1,4,0.1,10,-0.003000020980834961
Cora,0.1,4,0.2,0,0.027000010013580322
Cora,0.1,4,0.2,1,-0.004999995231628418
Cora,0.1,4,0.2,2,0.006999969482421875
Cora,0.1,4,0.2,3,0.013000011444091797
Cora,0.1,4,0.2,4,-0.0020000338554382324
Cora,0.1,4,0.2,5,0.008000016212463379
Cora,0.1,4,0.2,6,0.0040000081062316895
Cora,0.1,4,0.2,7,0.018999993801116943
Cora,0.1,4,0.2,8,0.009000003337860107
Cora,0.1,4,0.2,9,0.003000020980834961
Cora,0.1,4,0.2,10,0.009999990463256836
Cora,0.1,4,0.3,0,0.018999993801116943
Cora,0.1,4,0.3,1,0.009000003337860107
Cora,0.1,4,0.3,2,0.003000020980834961
Cora,0.1,4,0.3,3,-0.0059999823570251465
Cora,0.1,4,0.3,4,0.015999972820281982
Cora,0.1,4,0.3,5,0.0009999871253967285
Cora,0.1,4,0.3,6,0.015999972820281982
Cora,0.1,4,0.3,7,0.0040000081062316895
Cora,0.1,4,0.3,8,0.015999972820281982
Cora,0.1,4,0.3,9,-0.004999995231628418
Cora,0.1,4,0.3,10,-0.004999995231628418
Cora,0.1,4,0.4,0,-0.012000024318695068
Cora,0.1,4,0.4,1,0.004999995231628418
Cora,0.1,4,0.4,2,0.013000011444091797
Cora,0.1,4,0.4,3,0.013000011444091797
Cora,0.1,4,0.4,4,-0.010999977588653564
Cora,0.1,4,0.4,5,-0.004999995231628418
Cora,0.1,4,0.4,6,-0.0009999871253967285
Cora,0.1,4,0.4,7,-0.004999995231628418
Cora,0.1,4,0.4,8,-0.0009999871253967285
Cora,0.1,4,0.4,9,-0.0009999871253967285
Cora,0.1,4,0.4,10,0.0040000081062316895
Cora,0.1,4,0.5,0,0.013000011444091797
Cora,0.1,4,0.5,1,0.013000011444091797
Cora,0.1,4,0.5,2,0.004999995231628418
Cora,0.1,4,0.5,3,-0.010999977588653564
Cora,0.1,4,0.5,4,-0.0009999871253967285
Cora,0.1,4,0.5,5,-0.0009999871253967285
Cora,0.1,4,0.5,6,-0.0009999871253967285
Cora,0.1,4,0.5,7,-0.0009999871253967285
Cora,0.1,4,0.5,8,0.0040000081062316895
Cora,0.1,4,0.5,9,-0.0009999871253967285
Cora,0.1,4,0.5,10,-0.0009999871253967285
Cora,0.1,4,0.6,0,0.022000014781951904
Cora,0.1,4,0.6,1,0.001999974250793457
Cora,0.1,4,0.6,2,-0.010999977588653564
Cora,0.1,4,0.6,3,-0.0009999871253967285
Cora,0.1,4,0.6,4,-0.0009999871253967285
Cora,0.1,4,0.6,5,-0.0009999871253967285
Cora,0.1,4,0.6,6,-0.0009999871253967285
Cora,0.1,4,0.6,7,-0.0009999871253967285
Cora,0.1,4,0.6,8,-0.0009999871253967285
Cora,0.1,4,0.6,9,-0.0009999871253967285
Cora,0.1,4,0.6,10,-0.0009999871253967285
Cora,0.1,4,0.7,0,0.004999995231628418
Cora,0.1,4,0.7,1,-0.0009999871253967285
Cora,0.1,4,0.7,2,-0.010999977588653564
Cora,0.1,4,0.7,3,-0.003000020980834961
Cora,0.1,4,0.7,4,-0.0009999871253967285
Cora,0.1,4,0.7,5,-0.0009999871253967285
Cora,0.1,4,0.7,6,-0.003000020980834961
Cora,0.1,4,0.7,7,0.0
Cora,0.1,4,0.7,8,-0.003000020980834961
Cora,0.1,4,0.7,9,0.0
Cora,0.1,4,0.7,10,0.0
Cora,0.1,4,0.8,0,0.017000019550323486
Cora,0.1,4,0.8,1,0.0
Cora,0.1,4,0.8,2,-0.003000020980834961
Cora,0.1,4,0.8,3,-0.003000020980834961
Cora,0.1,4,0.8,4,-0.003000020980834961
Cora,0.1,4,0.8,5,-0.003000020980834961
Cora,0.1,4,0.8,6,-0.003000020980834961
Cora,0.1,4,0.8,7,-0.003000020980834961
Cora,0.1,4,0.8,8,0.0
Cora,0.1,4,0.8,9,0.0
Cora,0.1,4,0.8,10,0.0
Cora,0.1,4,0.9,0,0.001999974250793457
Cora,0.1,4,0.9,1,0.0040000081062316895
Cora,0.1,4,0.9,2,0.0
Cora,0.1,4,0.9,3,-0.003000020980834961
Cora,0.1,4,0.9,4,0.0
Cora,0.1,4,0.9,5,0.0
Cora,0.1,4,0.9,6,0.0
Cora,0.1,4,0.9,7,0.0
Cora,0.1,4,0.9,8,-0.003000020980834961
Cora,0.1,4,0.9,9,0.0
Cora,0.1,4,0.9,10,0.0
Cora,0.1,5,0.0,0,-0.026000022888183594
Cora,0.1,5,0.0,1,-0.04399996995925903
Cora,0.1,5,0.0,2,0.013000011444091797
Cora,0.1,5,0.0,3,-0.03600001335144043
Cora,0.1,5,0.0,4,-0.027000010013580322
Cora,0.1,5,0.0,5,0.00700002908706665
Cora,0.1,5,0.0,6,-0.010999977588653564
Cora,0.1,5,0.0,7,-0.011999964714050293
Cora,0.1,5,0.0,8,-0.022000014781951904
Cora,0.1,5,0.0,9,-0.013999998569488525
Cora,0.1,5,0.0,10,-0.004999995231628418
Cora,0.1,5,0.1,0,-0.003000020980834961
Cora,0.1,5,0.1,1,-0.03200000524520874
Cora,0.1,5,0.1,2,-0.0209999680519104
Cora,0.1,5,0.1,3,0.0059999823570251465
Cora,0.1,5,0.1,4,0.008000016212463379
Cora,0.1,5,0.1,5,0.03100001811981201
Cora,0.1,5,0.1,6,0.009000003337860107
Cora,0.1,5,0.1,7,0.0
Cora,0.1,5,0.1,8,-0.003000020980834961
Cora,0.1,5,0.1,9,-0.0009999871253967285
Cora,0.1,5,0.1,10,-0.003000020980834961
Cora,0.1,5,0.2,0,-0.022000014781951904
Cora,0.1,5,0.2,1,0.0009999871253967285
Cora,0.1,5,0.2,2,-0.013000011444091797
Cora,0.1,5,0.2,3,0.013000011444091797
Cora,0.1,5,0.2,4,0.00700002908706665
Cora,0.1,5,0.2,5,0.004999995231628418
Cora,0.1,5,0.2,6,-0.013000011444091797
Cora,0.1,5,0.2,7,0.017000019550323486
Cora,0.1,5,0.2,8,-0.003000020980834961
Cora,0.1,5,0.2,9,0.012000024318695068
Cora,0.1,5,0.2,10,0.008000016212463379
Cora,0.1,5,0.3,0,0.0
Cora,0.1,5,0.3,1,-0.003000020980834961
Cora,0.1,5,0.3,2,-0.008000016212463379
Cora,0.1,5,0.3,3,0.014999985694885254
Cora,0.1,5,0.3,4,-0.013000011444091797
Cora,0.1,5,0.3,5,0.0
Cora,0.1,5,0.3,6,-0.003000020980834961
Cora,0.1,5,0.3,7,0.0
Cora,0.1,5,0.3,8,0.0
Cora,0.1,5,0.3,9,0.0
Cora,0.1,5,0.3,10,0.0
Cora,0.1,5,0.4,0,-0.009999990463256836
Cora,0.1,5,0.4,1,0.01100003719329834
Cora,0.1,5,0.4,2,0.021000027656555176
Cora,0.1,5,0.4,3,-0.013000011444091797
Cora,0.1,5,0.4,4,0.0
Cora,0.1,5,0.4,5,0.0
Cora,0.1,5,0.4,6,0.0
Cora,0.1,5,0.4,7,0.0
Cora,0.1,5,0.4,8,0.0
Cora,0.1,5,0.4,9,0.0
Cora,0.1,5,0.4,10,0.0
Cora,0.1,5,0.5,0,0.018000006675720215
Cora,0.1,5,0.5,1,-0.013000011444091797
Cora,0.1,5,0.5,2,0.018000006675720215
Cora,0.1,5,0.5,3,0.0
Cora,0.1,5,0.5,4,0.0
Cora,0.1,5,0.5,5,0.0
Cora,0.1,5,0.5,6,0.0
Cora,0.1,5,0.5,7,0.0
Cora,0.1,5,0.5,8,0.0
Cora,0.1,5,0.5,9,0.0
Cora,0.1,5,0.5,10,0.0
Cora,0.1,5,0.6,0,-0.009999990463256836
Cora,0.1,5,0.6,1,-0.011999964714050293
Cora,0.1,5,0.6,2,-0.013000011444091797
Cora,0.1,5,0.6,3,0.0
Cora,0.1,5,0.6,4,0.0
Cora,0.1,5,0.6,5,0.0
Cora,0.1,5,0.6,6,0.0
Cora,0.1,5,0.6,7,0.0
Cora,0.1,5,0.6,8,0.0
Cora,0.1,5,0.6,9,0.0
Cora,0.1,5,0.6,10,0.0
Cora,0.1,5,0.7,0,-0.0040000081062316895
Cora,0.1,5,0.7,1,-0.013000011444091797
Cora,0.1,5,0.7,2,0.0
Cora,0.1,5,0.7,3,0.0
Cora,0.1,5,0.7,4,0.0
Cora,0.1,5,0.7,5,0.0
Cora,0.1,5,0.7,6,0.0
Cora,0.1,5,0.7,7,0.0
Cora,0.1,5,0.7,8,0.0
Cora,0.1,5,0.7,9,0.0
Cora,0.1,5,0.7,10,0.0
Cora,0.1,5,0.8,0,0.018000006675720215
Cora,0.1,5,0.8,1,-0.011999964714050293
Cora,0.1,5,0.8,2,0.0
Cora,0.1,5,0.8,3,0.0
Cora,0.1,5,0.8,4,0.0
Cora,0.1,5,0.8,5,0.0
Cora,0.1,5,0.8,6,0.0
Cora,0.1,5,0.8,7,0.0
Cora,0.1,5,0.8,8,0.0
Cora,0.1,5,0.8,9,0.0
Cora,0.1,5,0.8,10,0.0
Cora,0.1,5,0.9,0,0.022000014781951904
Cora,0.1,5,0.9,1,-0.013000011444091797
Cora,0.1,5,0.9,2,0.0
Cora,0.1,5,0.9,3,0.0
Cora,0.1,5,0.9,4,0.0
Cora,0.1,5,0.9,5,0.0
Cora,0.1,5,0.9,6,0.0
Cora,0.1,5,0.9,7,0.0
Cora,0.1,5,0.9,8,0.0
Cora,0.1,5,0.9,9,0.0
Cora,0.1,5,0.9,10,0.0
Cora,0.1,6,0.0,0,-0.019999980926513672
Cora,0.1,6,0.0,1,0.026000022888183594
Cora,0.1,6,0.0,2,0.017000019550323486
Cora,0.1,6,0.0,3,0.013999998569488525
Cora,0.1,6,0.0,4,0.0040000081062316895
Cora,0.1,6,0.0,5,0.024000048637390137
Cora,0.1,6,0.0,6,0.021000027656555176
Cora,0.1,6,0.0,7,0.005000054836273193
Cora,0.1,6,0.0,8,0.023000001907348633
Cora,0.1,6,0.0,9,0.026000022888183594
Cora,0.1,6,0.0,10,0.030000030994415283
Cora,0.1,6,0.1,0,0.023000001907348633
Cora,0.1,6,0.1,1,-0.013999998569488525
Cora,0.1,6,0.1,2,0.012000024318695068
Cora,0.1,6,0.1,3,0.025000035762786865
Cora,0.1,6,0.1,4,0.013000011444091797
Cora,0.1,6,0.1,5,0.030000030994415283
Cora,0.1,6,0.1,6,0.01900005340576172
Cora,0.1,6,0.1,7,0.00700002908706665
Cora,0.1,6,0.1,8,0.013999998569488525
Cora,0.1,6,0.1,9,0.025000035762786865
Cora,0.1,6,0.1,10,0.01100003719329834
Cora,0.1,6,0.2,0,-0.02799999713897705
Cora,0.1,6,0.2,1,-0.006999969482421875
Cora,0.1,6,0.2,2,0.02799999713897705
Cora,0.1,6,0.2,3,0.022000014781951904
Cora,0.1,6,0.2,4,0.00700002908706665
Cora,0.1,6,0.2,5,0.008000016212463379
Cora,0.1,6,0.2,6,0.018000006675720215
Cora,0.1,6,0.2,7,0.013000011444091797
Cora,0.1,6,0.2,8,0.008000016212463379
Cora,0.1,6,0.2,9,0.01500004529953003
Cora,0.1,6,0.2,10,0.020000040531158447
Cora,0.1,6,0.3,0,0.018000006675720215
Cora,0.1,6,0.3,1,0.01900005340576172
Cora,0.1,6,0.3,2,0.018000006675720215
Cora,0.1,6,0.3,3,0.01500004529953003
Cora,0.1,6,0.3,4,0.020000040531158447
Cora,0.1,6,0.3,5,0.008000016212463379
Cora,0.1,6,0.3,6,0.008000016212463379
Cora,0.1,6,0.3,7,0.00700002908706665
Cora,0.1,6,0.3,8,0.00700002908706665
Cora,0.1,6,0.3,9,-0.001999974250793457
Cora,0.1,6,0.3,10,-0.001999974250793457
Cora,0.1,6,0.4,0,0.026000022888183594
Cora,0.1,6,0.4,1,0.01500004529953003
Cora,0.1,6,0.4,2,0.010000050067901611
Cora,0.1,6,0.4,3,0.012000024318695068
Cora,0.1,6,0.4,4,0.00700002908706665
Cora,0.1,6,0.4,5,-0.001999974250793457
Cora,0.1,6,0.4,6,-0.001999974250793457
Cora,0.1,6,0.4,7,-0.001999974250793457
Cora,0.1,6,0.4,8,-0.001999974250793457
Cora,0.1,6,0.4,9,-0.001999974250793457
Cora,0.1,6,0.4,10,-0.001999974250793457
Cora,0.1,6,0.5,0,0.008000016212463379
Cora,0.1,6,0.5,1,0.020000040531158447
Cora,0.1,6,0.5,2,0.012000024318695068
Cora,0.1,6,0.5,3,0.0
Cora,0.1,6,0.5,4,-0.001999974250793457
Cora,0.1,6,0.5,5,-0.001999974250793457
Cora,0.1,6,0.5,6,-0.001999974250793457
Cora,0.1,6,0.5,7,-0.001999974250793457
Cora,0.1,6,0.5,8,-0.001999974250793457
Cora,0.1,6,0.5,9,-0.001999974250793457
Cora,0.1,6,0.5,10,-0.001999974250793457
Cora,0.1,6,0.6,0,0.01900005340576172
Cora,0.1,6,0.6,1,0.008000016212463379
Cora,0.1,6,0.6,2,0.0
Cora,0.1,6,0.6,3,-0.001999974250793457
Cora,0.1,6,0.6,4,-0.001999974250793457
Cora,0.1,6,0.6,5,-0.001999974250793457
Cora,0.1,6,0.6,6,-0.001999974250793457
Cora,0.1,6,0.6,7,-0.001999974250793457
Cora,0.1,6,0.6,8,-0.001999974250793457
Cora,0.1,6,0.6,9,-0.001999974250793457
Cora,0.1,6,0.6,10,-0.001999974250793457
Cora,0.1,6,0.7,0,0.009000003337860107
Cora,0.1,6,0.7,1,0.008000016212463379
Cora,0.1,6,0.7,2,-0.0009999871253967285
Cora,0.1,6,0.7,3,-0.001999974250793457
Cora,0.1,6,0.7,4,-0.001999974250793457
Cora,0.1,6,0.7,5,-0.001999974250793457
Cora,0.1,6,0.7,6,-0.001999974250793457
Cora,0.1,6,0.7,7,-0.001999974250793457
Cora,0.1,6,0.7,8,-0.001999974250793457
Cora,0.1,6,0.7,9,-0.001999974250793457
Cora,0.1,6,0.7,10,-0.001999974250793457
Cora,0.1,6,0.8,0,0.018000006675720215
Cora,0.1,6,0.8,1,0.0
Cora,0.1,6,0.8,2,0.0
Cora,0.1,6,0.8,3,-0.001999974250793457
Cora,0.1,6,0.8,4,-0.001999974250793457
Cora,0.1,6,0.8,5,-0.001999974250793457
Cora,0.1,6,0.8,6,-0.001999974250793457
Cora,0.1,6,0.8,7,-0.001999974250793457
Cora,0.1,6,0.8,8,-0.001999974250793457
Cora,0.1,6,0.8,9,-0.001999974250793457
Cora,0.1,6,0.8,10,-0.001999974250793457
Cora,0.1,6,0.9,0,0.013000011444091797
Cora,0.1,6,0.9,1,0.0
Cora,0.1,6,0.9,2,-0.001999974250793457
Cora,0.1,6,0.9,3,-0.001999974250793457
Cora,0.1,6,0.9,4,-0.001999974250793457
Cora,0.1,6,0.9,5,-0.001999974250793457
Cora,0.1,6,0.9,6,-0.001999974250793457
Cora,0.1,6,0.9,7,-0.001999974250793457
Cora,0.1,6,0.9,8,-0.001999974250793457
Cora,0.1,6,0.9,9,-0.001999974250793457
Cora,0.1,6,0.9,10,-0.001999974250793457
Cora,0.1,7,0.0,0,0.042999982833862305
Cora,0.1,7,0.0,1,0.03700000047683716
Cora,0.1,7,0.0,2,0.03799998760223389
Cora,0.1,7,0.0,3,0.03799998760223389
Cora,0.1,7,0.0,4,0.02899998426437378
Cora,0.1,7,0.0,5,0.029999971389770508
Cora,0.1,7,0.0,6,0.022000014781951904
Cora,0.1,7,0.0,7,0.02899998426437378
Cora,0.1,7,0.0,8,0.02899998426437378
Cora,0.1,7,0.0,9,0.029999971389770508
Cora,0.1,7,0.0,10,0.03299999237060547
Cora,0.1,7,0.1,0,0.03100001811981201
Cora,0.1,7,0.1,1,0.027000010013580322
Cora,0.1,7,0.1,2,0.03799998760223389
Cora,0.1,7,0.1,3,0.03799998760223389
Cora,0.1,7,0.1,4,0.04100000858306885
Cora,0.1,7,0.1,5,0.02499997615814209
Cora,0.1,7,0.1,6,0.02399998903274536
Cora,0.1,7,0.1,7,0.0350000262260437
Cora,0.1,7,0.1,8,0.001999974250793457
Cora,0.1,7,0.1,9,0.029999971389770508
Cora,0.1,7,0.1,10,0.02499997615814209
Cora,0.1,7,0.2,0,0.015999972820281982
Cora,0.1,7,0.2,1,0.046999990940093994
Cora,0.1,7,0.2,2,0.02899998426437378
Cora,0.1,7,0.2,3,0.018000006675720215
Cora,0.1,7,0.2,4,0.010999977588653564
Cora,0.1,7,0.2,5,0.012000024318695068
Cora,0.1,7,0.2,6,0.0059999823570251465
Cora,0.1,7,0.2,7,0.02499997615814209
Cora,0.1,7,0.2,8,0.0
Cora,0.1,7,0.2,9,0.013000011444091797
Cora,0.1,7,0.2,10,0.009000003337860107
Cora,0.1,7,0.3,0,0.022000014781951904
Cora,0.1,7,0.3,1,0.009000003337860107
Cora,0.1,7,0.3,2,0.038999974727630615
Cora,0.1,7,0.3,3,0.012000024318695068
Cora,0.1,7,0.3,4,0.018000006675720215
Cora,0.1,7,0.3,5,0.012000024318695068
Cora,0.1,7,0.3,6,0.001999974250793457
Cora,0.1,7,0.3,7,0.015999972820281982
Cora,0.1,7,0.3,8,0.0
Cora,0.1,7,0.3,9,0.015999972820281982
Cora,0.1,7,0.3,10,0.018000006675720215
Cora,0.1,7,0.4,0,0.018999993801116943
Cora,0.1,7,0.4,1,0.021000027656555176
Cora,0.1,7,0.4,2,0.014999985694885254
Cora,0.1,7,0.4,3,0.021000027656555176
Cora,0.1,7,0.4,4,0.001999974250793457
Cora,0.1,7,0.4,5,0.001999974250793457
Cora,0.1,7,0.4,6,0.0
Cora,0.1,7,0.4,7,0.0
Cora,0.1,7,0.4,8,0.0
Cora,0.1,7,0.4,9,0.018000006675720215
Cora,0.1,7,0.4,10,0.009000003337860107
Cora,0.1,7,0.5,0,0.02799999713897705
Cora,0.1,7,0.5,1,-0.004999995231628418
Cora,0.1,7,0.5,2,0.0059999823570251465
Cora,0.1,7,0.5,3,0.008000016212463379
Cora,0.1,7,0.5,4,0.0
Cora,0.1,7,0.5,5,0.018000006675720215
Cora,0.1,7,0.5,6,0.0
Cora,0.1,7,0.5,7,0.0
Cora,0.1,7,0.5,8,0.0
Cora,0.1,7,0.5,9,0.0
Cora,0.1,7,0.5,10,0.0
Cora,0.1,7,0.6,0,0.0339999794960022
Cora,0.1,7,0.6,1,0.014999985694885254
Cora,0.1,7,0.6,2,0.0059999823570251465
Cora,0.1,7,0.6,3,0.0
Cora,0.1,7,0.6,4,0.0
Cora,0.1,7,0.6,5,0.0
Cora,0.1,7,0.6,6,0.0
Cora,0.1,7,0.6,7,0.0
Cora,0.1,7,0.6,8,0.0
Cora,0.1,7,0.6,9,0.0
Cora,0.1,7,0.6,10,0.0
Cora,0.1,7,0.7,0,0.019999980926513672
Cora,0.1,7,0.7,1,0.003000020980834961
Cora,0.1,7,0.7,2,-0.001999974250793457
Cora,0.1,7,0.7,3,0.0
Cora,0.1,7,0.7,4,0.0
Cora,0.1,7,0.7,5,0.0
Cora,0.1,7,0.7,6,0.0
Cora,0.1,7,0.7,7,0.0
Cora,0.1,7,0.7,8,0.0
Cora,0.1,7,0.7,9,0.0
Cora,0.1,7,0.7,10,0.0
Cora,0.1,7,0.8,0,0.02499997615814209
Cora,0.1,7,0.8,1,0.017000019550323486
Cora,0.1,7,0.8,2,-0.0009999871253967285
Cora,0.1,7,0.8,3,0.0
Cora,0.1,7,0.8,4,0.0
Cora,0.1,7,0.8,5,0.0
Cora,0.1,7,0.8,6,0.0
Cora,0.1,7,0.8,7,0.0
Cora,0.1,7,0.8,8,0.0
Cora,0.1,7,0.8,9,0.0
Cora,0.1,7,0.8,10,0.0
Cora,0.1,7,0.9,0,0.017000019550323486
Cora,0.1,7,0.9,1,0.004999995231628418
Cora,0.1,7,0.9,2,0.0
Cora,0.1,7,0.9,3,0.0
Cora,0.1,7,0.9,4,0.0
Cora,0.1,7,0.9,5,0.0
Cora,0.1,7,0.9,6,0.0
Cora,0.1,7,0.9,7,0.0
Cora,0.1,7,0.9,8,0.0
Cora,0.1,7,0.9,9,0.0
Cora,0.1,7,0.9,10,0.0
Cora,0.1,8,0.0,0,0.030999958515167236
Cora,0.1,8,0.0,1,0.026999950408935547
Cora,0.1,8,0.0,2,0.010999977588653564
Cora,0.1,8,0.0,3,-0.022000014781951904
Cora,0.1,8,0.0,4,-0.00700002908706665
Cora,0.1,8,0.0,5,0.008999943733215332
Cora,0.1,8,0.0,6,0.0209999680519104
Cora,0.1,8,0.0,7,0.03799998760223389
Cora,0.1,8,0.0,8,0.02599996328353882
Cora,0.1,8,0.0,9,0.0209999680519104
Cora,0.1,8,0.0,10,-0.001000046730041504
Cora,0.1,8,0.1,0,0.029999971389770508
Cora,0.1,8,0.1,1,-0.0350000262260437
Cora,0.1,8,0.1,2,0.012999951839447021
Cora,0.1,8,0.1,3,0.018999993801116943
Cora,0.1,8,0.1,4,0.001999974250793457
Cora,0.1,8,0.1,5,0.0009999871253967285
Cora,0.1,8,0.1,6,0.019999980926513672
Cora,0.1,8,0.1,7,0.030999958515167236
Cora,0.1,8,0.1,8,-0.0040000081062316895
Cora,0.1,8,0.1,9,0.02499997615814209
Cora,0.1,8,0.1,10,0.012999951839447021
Cora,0.1,8,0.2,0,0.02399998903274536
Cora,0.1,8,0.2,1,0.031999945640563965
Cora,0.1,8,0.2,2,0.006999969482421875
Cora,0.1,8,0.2,3,0.02599996328353882
Cora,0.1,8,0.2,4,0.008999943733215332
Cora,0.1,8,0.2,5,0.0
Cora,0.1,8,0.2,6,0.015999972820281982
Cora,0.1,8,0.2,7,-0.001000046730041504
Cora,0.1,8,0.2,8,-0.0040000081062316895
Cora,0.1,8,0.2,9,-0.001000046730041504
Cora,0.1,8,0.2,10,-0.001000046730041504
Cora,0.1,8,0.3,0,-0.005000054836273193
Cora,0.1,8,0.3,1,0.009999990463256836
Cora,0.1,8,0.3,2,0.004999995231628418
Cora,0.1,8,0.3,3,0.004999995231628418
Cora,0.1,8,0.3,4,-0.001000046730041504
Cora,0.1,8,0.3,5,-0.0040000081062316895
Cora,0.1,8,0.3,6,-0.006000041961669922
Cora,0.1,8,0.3,7,0.0029999613761901855
Cora,0.1,8,0.3,8,0.0029999613761901855
Cora,0.1,8,0.3,9,0.0029999613761901855
Cora,0.1,8,0.3,10,0.0029999613761901855
Cora,0.1,8,0.4,0,0.012999951839447021
Cora,0.1,8,0.4,1,0.003999948501586914
Cora,0.1,8,0.4,2,0.003999948501586914
Cora,0.1,8,0.4,3,-0.001000046730041504
Cora,0.1,8,0.4,4,0.0029999613761901855
Cora,0.1,8,0.4,5,0.0029999613761901855
Cora,0.1,8,0.4,6,0.0029999613761901855
Cora,0.1,8,0.4,7,0.0029999613761901855
Cora,0.1,8,0.4,8,0.0029999613761901855
Cora,0.1,8,0.4,9,0.0029999613761901855
Cora,0.1,8,0.4,10,0.0029999613761901855
Cora,0.1,8,0.5,0,0.0
Cora,0.1,8,0.5,1,0.0059999823570251465
Cora,0.1,8,0.5,2,-0.001000046730041504
Cora,0.1,8,0.5,3,-0.001000046730041504
Cora,0.1,8,0.5,4,0.0029999613761901855
Cora,0.1,8,0.5,5,0.0029999613761901855
Cora,0.1,8,0.5,6,0.0029999613761901855
Cora,0.1,8,0.5,7,0.0029999613761901855
Cora,0.1,8,0.5,8,0.0029999613761901855
Cora,0.1,8,0.5,9,0.0029999613761901855
Cora,0.1,8,0.5,10,0.0029999613761901855
Cora,0.1,8,0.6,0,0.007999956607818604
Cora,0.1,8,0.6,1,0.0
Cora,0.1,8,0.6,2,-0.001000046730041504
Cora,0.1,8,0.6,3,-0.006000041961669922
Cora,0.1,8,0.6,4,0.0029999613761901855
Cora,0.1,8,0.6,5,0.0029999613761901855
Cora,0.1,8,0.6,6,0.0029999613761901855
Cora,0.1,8,0.6,7,0.0029999613761901855
Cora,0.1,8,0.6,8,0.0029999613761901855
Cora,0.1,8,0.6,9,0.0029999613761901855
Cora,0.1,8,0.6,10,0.0029999613761901855
Cora,0.1,8,0.7,0,0.029999971389770508
Cora,0.1,8,0.7,1,0.0
Cora,0.1,8,0.7,2,-0.001000046730041504
Cora,0.1,8,0.7,3,0.0029999613761901855
Cora,0.1,8,0.7,4,0.0029999613761901855
Cora,0.1,8,0.7,5,0.0029999613761901855
Cora,0.1,8,0.7,6,0.0029999613761901855
Cora,0.1,8,0.7,7,0.0029999613761901855
Cora,0.1,8,0.7,8,0.0029999613761901855
Cora,0.1,8,0.7,9,0.0029999613761901855
Cora,0.1,8,0.7,10,0.0029999613761901855
Cora,0.1,8,0.8,0,-0.001000046730041504
Cora,0.1,8,0.8,1,-0.003000020980834961
Cora,0.1,8,0.8,2,-0.0040000081062316895
Cora,0.1,8,0.8,3,0.0029999613761901855
Cora,0.1,8,0.8,4,0.0
Cora,0.1,8,0.8,5,0.0
Cora,0.1,8,0.8,6,0.0
Cora,0.1,8,0.8,7,-0.012000024318695068
Cora,0.1,8,0.8,8,0.0
Cora,0.1,8,0.8,9,-0.012000024318695068
Cora,0.1,8,0.8,10,0.0
Cora,0.1,8,0.9,0,0.010999977588653564
Cora,0.1,8,0.9,1,-0.006000041961669922
Cora,0.1,8,0.9,2,-0.012000024318695068
Cora,0.1,8,0.9,3,-0.012000024318695068
Cora,0.1,8,0.9,4,-0.012000024318695068
Cora,0.1,8,0.9,5,0.0
Cora,0.1,8,0.9,6,-0.012000024318695068
Cora,0.1,8,0.9,7,-0.012000024318695068
Cora,0.1,8,0.9,8,0.0029999613761901855
Cora,0.1,8,0.9,9,-0.012000024318695068
Cora,0.1,8,0.9,10,-0.012000024318695068
Cora,0.1,9,0.0,0,0.03900003433227539
Cora,0.1,9,0.0,1,-0.0009999871253967285
Cora,0.1,9,0.0,2,0.02799999713897705
Cora,0.1,9,0.0,3,0.030000030994415283
Cora,0.1,9,0.0,4,-0.008000016212463379
Cora,0.1,9,0.0,5,0.009000003337860107
Cora,0.1,9,0.0,6,0.017000019550323486
Cora,0.1,9,0.0,7,0.029000043869018555
Cora,0.1,9,0.0,8,0.04300004243850708
Cora,0.1,9,0.0,9,0.018999993801116943
Cora,0.1,9,0.0,10,0.0020000338554382324
Cora,0.1,9,0.1,0,0.027000010013580322
Cora,0.1,9,0.1,1,0.014999985694885254
Cora,0.1,9,0.1,2,0.006000041961669922
Cora,0.1,9,0.1,3,0.02799999713897705
Cora,0.1,9,0.1,4,0.020000040531158447
Cora,0.1,9,0.1,5,0.017000019550323486
Cora,0.1,9,0.1,6,0.02399998903274536
Cora,0.1,9,0.1,7,0.006000041961669922
Cora,0.1,9,0.1,8,0.020000040531158447
Cora,0.1,9,0.1,9,0.00700002908706665
Cora,0.1,9,0.1,10,0.013000011444091797
Cora,0.1,9,0.2,0,0.04300004243850708
Cora,0.1,9,0.2,1,0.04000002145767212
Cora,0.1,9,0.2,2,0.0040000081062316895
Cora,0.1,9,0.2,3,0.012000024318695068
Cora,0.1,9,0.2,4,0.013000011444091797
Cora,0.1,9,0.2,5,0.018999993801116943
Cora,0.1,9,0.2,6,-0.0059999823570251465
Cora,0.1,9,0.2,7,0.013999998569488525
Cora,0.1,9,0.2,8,-0.006999969482421875
Cora,0.1,9,0.2,9,-0.0059999823570251465
Cora,0.1,9,0.2,10,0.0040000081062316895
Cora,0.1,9,0.3,0,0.027000010013580322
Cora,0.1,9,0.3,1,0.01100003719329834
Cora,0.1,9,0.3,2,0.0
Cora,0.1,9,0.3,3,0.023000001907348633
Cora,0.1,9,0.3,4,0.017000019550323486
Cora,0.1,9,0.3,5,0.00700002908706665
Cora,0.1,9,0.3,6,0.021000027656555176
Cora,0.1,9,0.3,7,0.021000027656555176
Cora,0.1,9,0.3,8,0.021000027656555176
Cora,0.1,9,0.3,9,0.021000027656555176
Cora,0.1,9,0.3,10,-0.001999974250793457
Cora,0.1,9,0.4,0,0.029000043869018555
Cora,0.1,9,0.4,1,0.018999993801116943
Cora,0.1,9,0.4,2,0.009000003337860107
Cora,0.1,9,0.4,3,0.006000041961669922
Cora,0.1,9,0.4,4,0.021000027656555176
Cora,0.1,9,0.4,5,0.021000027656555176
Cora,0.1,9,0.4,6,-0.001999974250793457
Cora,0.1,9,0.4,7,0.01100003719329834
Cora,0.1,9,0.4,8,0.01100003719329834
Cora,0.1,9,0.4,9,0.01100003719329834
Cora,0.1,9,0.4,10,0.01100003719329834
Cora,0.1,9,0.5,0,0.013999998569488525
Cora,0.1,9,0.5,1,-0.008000016212463379
Cora,0.1,9,0.5,2,0.006000041961669922
Cora,0.1,9,0.5,3,0.006000041961669922
Cora,0.1,9,0.5,4,0.021000027656555176
Cora,0.1,9,0.5,5,0.01100003719329834
Cora,0.1,9,0.5,6,0.01100003719329834
Cora,0.1,9,0.5,7,0.01100003719329834
Cora,0.1,9,0.5,8,0.01100003719329834
Cora,0.1,9,0.5,9,0.01100003719329834
Cora,0.1,9,0.5,10,0.01100003719329834
Cora,0.1,9,0.6,0,0.0009999871253967285
Cora,0.1,9,0.6,1,0.0
Cora,0.1,9,0.6,2,0.006000041961669922
Cora,0.1,9,0.6,3,0.021000027656555176
Cora,0.1,9,0.6,4,0.01100003719329834
Cora,0.1,9,0.6,5,0.01100003719329834
Cora,0.1,9,0.6,6,0.01100003719329834
Cora,0.1,9,0.6,7,0.01100003719329834
Cora,0.1,9,0.6,8,0.01100003719329834
Cora,0.1,9,0.6,9,0.01100003719329834
Cora,0.1,9,0.6,10,0.01100003719329834
Cora,0.1,9,0.7,0,0.04100000858306885
Cora,0.1,9,0.7,1,0.006000041961669922
Cora,0.1,9,0.7,2,0.013999998569488525
Cora,0.1,9,0.7,3,0.013000011444091797
Cora,0.1,9,0.7,4,0.01100003719329834
Cora,0.1,9,0.7,5,0.01100003719329834
Cora,0.1,9,0.7,6,0.009999990463256836
Cora,0.1,9,0.7,7,0.01100003719329834
Cora,0.1,9,0.7,8,0.009999990463256836
Cora,0.1,9,0.7,9,0.01100003719329834
Cora,0.1,9,0.7,10,0.0
Cora,0.1,9,0.8,0,0.008000016212463379
Cora,0.1,9,0.8,1,0.009000003337860107
Cora,0.1,9,0.8,2,0.013999998569488525
Cora,0.1,9,0.8,3,0.01100003719329834
Cora,0.1,9,0.8,4,0.0
Cora,0.1,9,0.8,5,0.0
Cora,0.1,9,0.8,6,0.0
Cora,0.1,9,0.8,7,0.009999990463256836
Cora,0.1,9,0.8,8,0.01100003719329834
Cora,0.1,9,0.8,9,0.009999990463256836
Cora,0.1,9,0.8,10,0.01100003719329834
Cora,0.1,9,0.9,0,0.025000035762786865
Cora,0.1,9,0.9,1,0.022000014781951904
Cora,0.1,9,0.9,2,0.017000019550323486
Cora,0.1,9,0.9,3,0.0
Cora,0.1,9,0.9,4,0.0
Cora,0.1,9,0.9,5,0.009999990463256836
Cora,0.1,9,0.9,6,0.0
Cora,0.1,9,0.9,7,0.0
Cora,0.1,9,0.9,8,0.009999990463256836
Cora,0.1,9,0.9,9,0.0
Cora,0.1,9,0.9,10,0.009999990463256836
Cora,0.2,0,0.0,0,0.06700003147125244
Cora,0.2,0,0.0,1,0.06000000238418579
Cora,0.2,0,0.0,2,0.05699998140335083
Cora,0.2,0,0.0,3,0.050000011920928955
Cora,0.2,0,0.0,4,0.018999993801116943
Cora,0.2,0,0.0,5,0.04100000858306885
Cora,0.2,0,0.0,6,0.019999980926513672
Cora,0.2,0,0.0,7,0.010999977588653564
Cora,0.2,0,0.0,8,0.041999995708465576
Cora,0.2,0,0.0,9,0.0350000262260437
Cora,0.2,0,0.0,10,0.04900002479553223
Cora,0.2,0,0.1,0,0.046000003814697266
Cora,0.2,0,0.1,1,0.0559999942779541
Cora,0.2,0,0.1,2,0.03600001335144043
Cora,0.2,0,0.1,3,0.008000016212463379
Cora,0.2,0,0.1,4,0.018999993801116943
Cora,0.2,0,0.1,5,0.04500001668930054
Cora,0.2,0,0.1,6,0.05199998617172241
Cora,0.2,0,0.1,7,0.046999990940093994
Cora,0.2,0,0.1,8,0.050000011920928955
Cora,0.2,0,0.1,9,0.05199998617172241
Cora,0.2,0,0.1,10,0.029999971389770508
Cora,0.2,0,0.2,0,0.03299999237060547
Cora,0.2,0,0.2,1,0.03299999237060547
Cora,0.2,0,0.2,2,0.012000024318695068
Cora,0.2,0,0.2,3,0.046999990940093994
Cora,0.2,0,0.2,4,0.0350000262260437
Cora,0.2,0,0.2,5,0.017000019550323486
Cora,0.2,0,0.2,6,-0.00700002908706665
Cora,0.2,0,0.2,7,-0.010999977588653564
Cora,0.2,0,0.2,8,0.001999974250793457
Cora,0.2,0,0.2,9,-0.03200000524520874
Cora,0.2,0,0.2,10,0.0059999823570251465
Cora,0.2,0,0.3,0,0.05299997329711914
Cora,0.2,0,0.3,1,0.04000002145767212
Cora,0.2,0,0.3,2,0.027000010013580322
Cora,0.2,0,0.3,3,0.012000024318695068
Cora,0.2,0,0.3,4,0.0059999823570251465
Cora,0.2,0,0.3,5,0.013000011444091797
Cora,0.2,0,0.3,6,-0.026000022888183594
Cora,0.2,0,0.3,7,-0.015999972820281982
Cora,0.2,0,0.3,8,-0.015999972820281982
Cora,0.2,0,0.3,9,-0.015999972820281982
Cora,0.2,0,0.3,10,0.0040000081062316895
Cora,0.2,0,0.4,0,0.04799997806549072
Cora,0.2,0,0.4,1,0.06700003147125244
Cora,0.2,0,0.4,2,0.013000011444091797
Cora,0.2,0,0.4,3,0.001999974250793457
Cora,0.2,0,0.4,4,0.003000020980834961
Cora,0.2,0,0.4,5,-0.0009999871253967285
Cora,0.2,0,0.4,6,0.0040000081062316895
Cora,0.2,0,0.4,7,0.00700002908706665
Cora,0.2,0,0.4,8,0.00700002908706665
Cora,0.2,0,0.4,9,0.00700002908706665
Cora,0.2,0,0.4,10,0.00700002908706665
Cora,0.2,0,0.5,0,0.018000006675720215
Cora,0.2,0,0.5,1,0.04799997806549072
Cora,0.2,0,0.5,2,0.0
Cora,0.2,0,0.5,3,0.0
Cora,0.2,0,0.5,4,-0.0009999871253967285
Cora,0.2,0,0.5,5,0.00700002908706665
Cora,0.2,0,0.5,6,0.00700002908706665
Cora,0.2,0,0.5,7,0.00700002908706665
Cora,0.2,0,0.5,8,0.00700002908706665
Cora,0.2,0,0.5,9,0.00700002908706665
Cora,0.2,0,0.5,10,0.00700002908706665
Cora,0.2,0,0.6,0,-0.004999995231628418
Cora,0.2,0,0.6,1,0.013000011444091797
Cora,0.2,0,0.6,2,0.001999974250793457
Cora,0.2,0,0.6,3,0.009000003337860107
Cora,0.2,0,0.6,4,0.00700002908706665
Cora,0.2,0,0.6,5,0.00700002908706665
Cora,0.2,0,0.6,6,0.00700002908706665
Cora,0.2,0,0.6,7,0.00700002908706665
Cora,0.2,0,0.6,8,0.00700002908706665
Cora,0.2,0,0.6,9,0.00700002908706665
Cora,0.2,0,0.6,10,0.00700002908706665
Cora,0.2,0,0.7,0,0.019999980926513672
Cora,0.2,0,0.7,1,0.02799999713897705
Cora,0.2,0,0.7,2,-0.004999995231628418
Cora,0.2,0,0.7,3,0.0040000081062316895
Cora,0.2,0,0.7,4,0.00700002908706665
Cora,0.2,0,0.7,5,0.0009999871253967285
Cora,0.2,0,0.7,6,0.0009999871253967285
Cora,0.2,0,0.7,7,0.00700002908706665
Cora,0.2,0,0.7,8,0.00700002908706665
Cora,0.2,0,0.7,9,0.0
Cora,0.2,0,0.7,10,0.0009999871253967285
Cora,0.2,0,0.8,0,-0.00700002908706665
Cora,0.2,0,0.8,1,0.0059999823570251465
Cora,0.2,0,0.8,2,-0.015999972820281982
Cora,0.2,0,0.8,3,0.0
Cora,0.2,0,0.8,4,0.0
Cora,0.2,0,0.8,5,0.00700002908706665
Cora,0.2,0,0.8,6,0.0009999871253967285
Cora,0.2,0,0.8,7,0.00700002908706665
Cora,0.2,0,0.8,8,0.0
Cora,0.2,0,0.8,9,0.00700002908706665
Cora,0.2,0,0.8,10,0.0009999871253967285
Cora,0.2,0,0.9,0,0.050999999046325684
Cora,0.2,0,0.9,1,0.008000016212463379
Cora,0.2,0,0.9,2,0.0009999871253967285
Cora,0.2,0,0.9,3,0.0009999871253967285
Cora,0.2,0,0.9,4,0.00700002908706665
Cora,0.2,0,0.9,5,0.0009999871253967285
Cora,0.2,0,0.9,6,0.00700002908706665
Cora,0.2,0,0.9,7,0.0009999871253967285
Cora,0.2,0,0.9,8,0.00700002908706665
Cora,0.2,0,0.9,9,0.0009999871253967285
Cora,0.2,0,0.9,10,0.0009999871253967285
Cora,0.2,1,0.0,0,0.05900001525878906
Cora,0.2,1,0.0,1,0.0820000171661377
Cora,0.2,1,0.0,2,0.04500001668930054
Cora,0.2,1,0.0,3,0.05500000715255737
Cora,0.2,1,0.0,4,0.078000009059906
Cora,0.2,1,0.0,5,0.04000002145767212
Cora,0.2,1,0.0,6,0.0350000262260437
Cora,0.2,1,0.0,7,0.06700003147125244
Cora,0.2,1,0.0,8,0.07400000095367432
Cora,0.2,1,0.0,9,0.06200003623962402
Cora,0.2,1,0.0,10,0.09600001573562622
Cora,0.2,1,0.1,0,0.06700003147125244
Cora,0.2,1,0.1,1,0.04700005054473877
Cora,0.2,1,0.1,2,0.05600005388259888
Cora,0.2,1,0.1,3,0.07100003957748413
Cora,0.2,1,0.1,4,0.06200003623962402
Cora,0.2,1,0.1,5,0.046000003814697266
Cora,0.2,1,0.1,6,0.07900005578994751
Cora,0.2,1,0.1,7,0.03700000047683716
Cora,0.2,1,0.1,8,0.06700003147125244
Cora,0.2,1,0.1,9,0.04400002956390381
Cora,0.2,1,0.1,10,0.04200005531311035
Cora,0.2,1,0.2,0,0.07500004768371582
Cora,0.2,1,0.2,1,0.06800001859664917
Cora,0.2,1,0.2,2,0.05600005388259888
Cora,0.2,1,0.2,3,0.061000049114227295
Cora,0.2,1,0.2,4,0.0040000081062316895
Cora,0.2,1,0.2,5,0.021000027656555176
Cora,0.2,1,0.2,6,0.06000000238418579
Cora,0.2,1,0.2,7,0.06200003623962402
Cora,0.2,1,0.2,8,0.013000011444091797
Cora,0.2,1,0.2,9,0.030000030994415283
Cora,0.2,1,0.2,10,0.018000006675720215
Cora,0.2,1,0.3,0,0.06200003623962402
Cora,0.2,1,0.3,1,0.07200002670288086
Cora,0.2,1,0.3,2,0.03600001335144043
Cora,0.2,1,0.3,3,0.020000040531158447
Cora,0.2,1,0.3,4,0.021000027656555176
Cora,0.2,1,0.3,5,0.06400001049041748
Cora,0.2,1,0.3,6,0.06000000238418579
Cora,0.2,1,0.3,7,0.04900002479553223
Cora,0.2,1,0.3,8,0.06200003623962402
Cora,0.2,1,0.3,9,0.06200003623962402
Cora,0.2,1,0.3,10,0.06200003623962402
Cora,0.2,1,0.4,0,0.04100000858306885
Cora,0.2,1,0.4,1,0.0
Cora,0.2,1,0.4,2,0.012000024318695068
Cora,0.2,1,0.4,3,0.03900003433227539
Cora,0.2,1,0.4,4,0.06000000238418579
Cora,0.2,1,0.4,5,0.06200003623962402
Cora,0.2,1,0.4,6,0.06200003623962402
Cora,0.2,1,0.4,7,0.06200003623962402
Cora,0.2,1,0.4,8,0.06200003623962402
Cora,0.2,1,0.4,9,0.06200003623962402
Cora,0.2,1,0.4,10,0.06200003623962402
Cora,0.2,1,0.5,0,0.03200000524520874
Cora,0.2,1,0.5,1,0.03600001335144043
Cora,0.2,1,0.5,2,0.022000014781951904
Cora,0.2,1,0.5,3,0.06300002336502075
Cora,0.2,1,0.5,4,0.06200003623962402
Cora,0.2,1,0.5,5,0.06200003623962402
Cora,0.2,1,0.5,6,0.0
Cora,0.2,1,0.5,7,0.06200003623962402
Cora,0.2,1,0.5,8,0.06200003623962402
Cora,0.2,1,0.5,9,0.06200003623962402
Cora,0.2,1,0.5,10,0.06200003623962402
Cora,0.2,1,0.6,0,0.03200000524520874
Cora,0.2,1,0.6,1,0.017000019550323486
Cora,0.2,1,0.6,2,0.06200003623962402
Cora,0.2,1,0.6,3,0.0
Cora,0.2,1,0.6,4,0.0
Cora,0.2,1,0.6,5,0.0
Cora,0.2,1,0.6,6,0.0
Cora,0.2,1,0.6,7,0.0
Cora,0.2,1,0.6,8,0.0
Cora,0.2,1,0.6,9,0.0
Cora,0.2,1,0.6,10,0.0
Cora,0.2,1,0.7,0,0.05100005865097046
Cora,0.2,1,0.7,1,0.022000014781951904
Cora,0.2,1,0.7,2,0.03400003910064697
Cora,0.2,1,0.7,3,0.0
Cora,0.2,1,0.7,4,0.0
Cora,0.2,1,0.7,5,0.0
Cora,0.2,1,0.7,6,0.0
Cora,0.2,1,0.7,7,0.0
Cora,0.2,1,0.7,8,0.0
Cora,0.2,1,0.7,9,0.0
Cora,0.2,1,0.7,10,0.0
Cora,0.2,1,0.8,0,0.03600001335144043
Cora,0.2,1,0.8,1,0.06200003623962402
Cora,0.2,1,0.8,2,0.0480000376701355
Cora,0.2,1,0.8,3,0.0
Cora,0.2,1,0.8,4,0.0
Cora,0.2,1,0.8,5,0.0
Cora,0.2,1,0.8,6,0.0
Cora,0.2,1,0.8,7,0.0
Cora,0.2,1,0.8,8,0.0
Cora,0.2,1,0.8,9,0.0
Cora,0.2,1,0.8,10,0.0
Cora,0.2,1,0.9,0,0.050000011920928955
Cora,0.2,1,0.9,1,0.04100000858306885
Cora,0.2,1,0.9,2,0.0
Cora,0.2,1,0.9,3,0.0
Cora,0.2,1,0.9,4,0.0
Cora,0.2,1,0.9,5,0.0
Cora,0.2,1,0.9,6,0.0
Cora,0.2,1,0.9,7,0.0
Cora,0.2,1,0.9,8,0.0
Cora,0.2,1,0.9,9,0.0
Cora,0.2,1,0.9,10,0.0
Cora,0.2,2,0.0,0,0.05900001525878906
Cora,0.2,2,0.0,1,0.0989999771118164
Cora,0.2,2,0.0,2,0.06699997186660767
Cora,0.2,2,0.0,3,0.07199996709823608
Cora,0.2,2,0.0,4,0.07999998331069946
Cora,0.2,2,0.0,5,0.08599996566772461
Cora,0.2,2,0.0,6,0.05299997329711914
Cora,0.2,2,0.0,7,0.0339999794960022
Cora,0.2,2,0.0,8,0.06299996376037598
Cora,0.2,2,0.0,9,0.07899999618530273
Cora,0.2,2,0.0,10,0.050000011920928955
Cora,0.2,2,0.1,0,0.04500001668930054
Cora,0.2,2,0.1,1,0.07099997997283936
Cora,0.2,2,0.1,2,0.03600001335144043
Cora,0.2,2,0.1,3,0.07199996709823608
Cora,0.2,2,0.1,4,0.05699998140335083
Cora,0.2,2,0.1,5,0.07499998807907104
Cora,0.2,2,0.1,6,0.06599998474121094
Cora,0.2,2,0.1,7,0.03200000524520874
Cora,0.2,2,0.1,8,0.046999990940093994
Cora,0.2,2,0.1,9,0.05799996852874756
Cora,0.2,2,0.1,10,0.05199998617172241
Cora,0.2,2,0.2,0,0.050000011920928955
Cora,0.2,2,0.2,1,0.05399996042251587
Cora,0.2,2,0.2,2,0.06599998474121094
Cora,0.2,2,0.2,3,0.06099998950958252
Cora,0.2,2,0.2,4,0.05199998617172241
Cora,0.2,2,0.2,5,0.04100000858306885
Cora,0.2,2,0.2,6,0.034999966621398926
Cora,0.2,2,0.2,7,0.05500000715255737
Cora,0.2,2,0.2,8,0.05299997329711914
Cora,0.2,2,0.2,9,0.050999999046325684
Cora,0.2,2,0.2,10,0.05799996852874756
Cora,0.2,2,0.3,0,0.05299997329711914
Cora,0.2,2,0.3,1,0.05799996852874756
Cora,0.2,2,0.3,2,0.04399996995925903
Cora,0.2,2,0.3,3,0.06099998950958252
Cora,0.2,2,0.3,4,0.05199998617172241
Cora,0.2,2,0.3,5,0.046000003814697266
Cora,0.2,2,0.3,6,0.05399996042251587
Cora,0.2,2,0.3,7,0.03299999237060547
Cora,0.2,2,0.3,8,0.02899998426437378
Cora,0.2,2,0.3,9,0.02899998426437378
Cora,0.2,2,0.3,10,0.022000014781951904
Cora,0.2,2,0.4,0,0.041999995708465576
Cora,0.2,2,0.4,1,0.06499999761581421
Cora,0.2,2,0.4,2,0.06199997663497925
Cora,0.2,2,0.4,3,0.04100000858306885
Cora,0.2,2,0.4,4,0.03299999237060547
Cora,0.2,2,0.4,5,0.022000014781951904
Cora,0.2,2,0.4,6,0.02899998426437378
Cora,0.2,2,0.4,7,0.019999980926513672
Cora,0.2,2,0.4,8,0.022000014781951904
Cora,0.2,2,0.4,9,0.022000014781951904
Cora,0.2,2,0.4,10,0.046000003814697266
Cora,0.2,2,0.5,0,0.04799997806549072
Cora,0.2,2,0.5,1,0.046000003814697266
Cora,0.2,2,0.5,2,0.04500001668930054
Cora,0.2,2,0.5,3,0.04500001668930054
Cora,0.2,2,0.5,4,0.022000014781951904
Cora,0.2,2,0.5,5,0.019999980926513672
Cora,0.2,2,0.5,6,0.0
Cora,0.2,2,0.5,7,0.0
Cora,0.2,2,0.5,8,0.0
Cora,0.2,2,0.5,9,0.0
Cora,0.2,2,0.5,10,0.0
Cora,0.2,2,0.6,0,0.06000000238418579
Cora,0.2,2,0.6,1,0.0559999942779541
Cora,0.2,2,0.6,2,0.03299999237060547
Cora,0.2,2,0.6,3,0.022000014781951904
Cora,0.2,2,0.6,4,0.0
Cora,0.2,2,0.6,5,-0.0020000338554382324
Cora,0.2,2,0.6,6,0.0
Cora,0.2,2,0.6,7,0.0
Cora,0.2,2,0.6,8,0.0
Cora,0.2,2,0.6,9,0.0
Cora,0.2,2,0.6,10,0.0
Cora,0.2,2,0.7,0,0.03600001335144043
Cora,0.2,2,0.7,1,0.04500001668930054
Cora,0.2,2,0.7,2,0.041999995708465576
Cora,0.2,2,0.7,3,0.0
Cora,0.2,2,0.7,4,0.0
Cora,0.2,2,0.7,5,-0.0020000338554382324
Cora,0.2,2,0.7,6,0.0
Cora,0.2,2,0.7,7,-0.0020000338554382324
Cora,0.2,2,0.7,8,-0.0020000338554382324
Cora,0.2,2,0.7,9,-0.0020000338554382324
Cora,0.2,2,0.7,10,0.0
Cora,0.2,2,0.8,0,0.06299996376037598
Cora,0.2,2,0.8,1,0.05500000715255737
Cora,0.2,2,0.8,2,0.019999980926513672
Cora,0.2,2,0.8,3,0.0
Cora,0.2,2,0.8,4,0.0
Cora,0.2,2,0.8,5,-0.0020000338554382324
Cora,0.2,2,0.8,6,-0.0020000338554382324
Cora,0.2,2,0.8,7,0.0
Cora,0.2,2,0.8,8,0.0
Cora,0.2,2,0.8,9,-0.0020000338554382324
Cora,0.2,2,0.8,10,0.0
Cora,0.2,2,0.9,0,0.04399996995925903
Cora,0.2,2,0.9,1,0.041999995708465576
Cora,0.2,2,0.9,2,0.0
Cora,0.2,2,0.9,3,0.0
Cora,0.2,2,0.9,4,0.0
Cora,0.2,2,0.9,5,0.0
Cora,0.2,2,0.9,6,0.0
Cora,0.2,2,0.9,7,0.0
Cora,0.2,2,0.9,8,0.0
Cora,0.2,2,0.9,9,-0.0020000338554382324
Cora,0.2,2,0.9,10,0.0
Cora,0.2,3,0.0,0,0.02599996328353882
Cora,0.2,3,0.0,1,0.034999966621398926
Cora,0.2,3,0.0,2,0.015999972820281982
Cora,0.2,3,0.0,3,0.04499995708465576
Cora,0.2,3,0.0,4,0.013999998569488525
Cora,0.2,3,0.0,5,0.04899996519088745
Cora,0.2,3,0.0,6,0.07099997997283936
Cora,0.2,3,0.0,7,0.07899999618530273
Cora,0.2,3,0.0,8,0.011999964714050293
Cora,0.2,3,0.0,9,0.038999974727630615
Cora,0.2,3,0.0,10,0.046999990940093994
Cora,0.2,3,0.1,0,0.013999998569488525
Cora,0.2,3,0.1,1,0.019999980926513672
Cora,0.2,3,0.1,2,0.046999990940093994
Cora,0.2,3,0.1,3,0.018999993801116943
Cora,0.2,3,0.1,4,0.0209999680519104
Cora,0.2,3,0.1,5,0.009999990463256836
Cora,0.2,3,0.1,6,0.0339999794960022
Cora,0.2,3,0.1,7,0.023000001907348633
Cora,0.2,3,0.1,8,0.01699995994567871
Cora,0.2,3,0.1,9,0.019999980926513672
Cora,0.2,3,0.1,10,0.022000014781951904
Cora,0.2,3,0.2,0,-0.0020000338554382324
Cora,0.2,3,0.2,1,0.018000006675720215
Cora,0.2,3,0.2,2,0.011999964714050293
Cora,0.2,3,0.2,3,0.018999993801116943
Cora,0.2,3,0.2,4,0.034999966621398926
Cora,0.2,3,0.2,5,0.009000003337860107
Cora,0.2,3,0.2,6,-0.0009999871253967285
Cora,0.2,3,0.2,7,-0.0009999871253967285
Cora,0.2,3,0.2,8,0.007999956607818604
Cora,0.2,3,0.2,9,0.007999956607818604
Cora,0.2,3,0.2,10,0.019999980926513672
Cora,0.2,3,0.3,0,0.03200000524520874
Cora,0.2,3,0.3,1,-0.016000032424926758
Cora,0.2,3,0.3,2,-0.004999995231628418
Cora,0.2,3,0.3,3,0.0029999613761901855
Cora,0.2,3,0.3,4,0.007999956607818604
Cora,0.2,3,0.3,5,-0.003000020980834961
Cora,0.2,3,0.3,6,0.013999998569488525
Cora,0.2,3,0.3,7,0.001999974250793457
Cora,0.2,3,0.3,8,0.013999998569488525
Cora,0.2,3,0.3,9,-0.0020000338554382324
Cora,0.2,3,0.3,10,-0.01100003719329834
Cora,0.2,3,0.4,0,0.0029999613761901855
Cora,0.2,3,0.4,1,0.01699995994567871
Cora,0.2,3,0.4,2,-0.00700002908706665
Cora,0.2,3,0.4,3,0.006999969482421875
Cora,0.2,3,0.4,4,-0.0020000338554382324
Cora,0.2,3,0.4,5,0.013999998569488525
Cora,0.2,3,0.4,6,0.0059999823570251465
Cora,0.2,3,0.4,7,-0.013000011444091797
Cora,0.2,3,0.4,8,-0.003000020980834961
Cora,0.2,3,0.4,9,0.0
Cora,0.2,3,0.4,10,-0.012000024318695068
Cora,0.2,3,0.5,0,0.03200000524520874
Cora,0.2,3,0.5,1,0.006999969482421875
Cora,0.2,3,0.5,2,0.0009999871253967285
Cora,0.2,3,0.5,3,0.007999956607818604
Cora,0.2,3,0.5,4,0.0059999823570251465
Cora,0.2,3,0.5,5,0.0009999871253967285
Cora,0.2,3,0.5,6,0.0
Cora,0.2,3,0.5,7,0.0
Cora,0.2,3,0.5,8,0.0
Cora,0.2,3,0.5,9,0.0
Cora,0.2,3,0.5,10,0.0
Cora,0.2,3,0.6,0,0.019999980926513672
Cora,0.2,3,0.6,1,0.014999985694885254
Cora,0.2,3,0.6,2,-0.004999995231628418
Cora,0.2,3,0.6,3,0.0059999823570251465
Cora,0.2,3,0.6,4,0.0
Cora,0.2,3,0.6,5,0.0
Cora,0.2,3,0.6,6,0.0
Cora,0.2,3,0.6,7,0.0
Cora,0.2,3,0.6,8,0.0
Cora,0.2,3,0.6,9,0.0
Cora,0.2,3,0.6,10,0.0
Cora,0.2,3,0.7,0,0.018999993801116943
Cora,0.2,3,0.7,1,0.018999993801116943
Cora,0.2,3,0.7,2,0.0040000081062316895
Cora,0.2,3,0.7,3,0.0
Cora,0.2,3,0.7,4,0.0
Cora,0.2,3,0.7,5,0.0
Cora,0.2,3,0.7,6,0.0
Cora,0.2,3,0.7,7,0.0
Cora,0.2,3,0.7,8,0.0
Cora,0.2,3,0.7,9,0.0
Cora,0.2,3,0.7,10,0.0
Cora,0.2,3,0.8,0,0.04100000858306885
Cora,0.2,3,0.8,1,0.007999956607818604
Cora,0.2,3,0.8,2,0.0
Cora,0.2,3,0.8,3,0.0
Cora,0.2,3,0.8,4,0.0
Cora,0.2,3,0.8,5,0.0
Cora,0.2,3,0.8,6,0.0
Cora,0.2,3,0.8,7,0.0
Cora,0.2,3,0.8,8,0.0
Cora,0.2,3,0.8,9,0.0
Cora,0.2,3,0.8,10,0.0
Cora,0.2,3,0.9,0,0.02599996328353882
Cora,0.2,3,0.9,1,0.007999956607818604
Cora,0.2,3,0.9,2,0.0
Cora,0.2,3,0.9,3,0.0
Cora,0.2,3,0.9,4,0.0
Cora,0.2,3,0.9,5,0.0
Cora,0.2,3,0.9,6,0.0
Cora,0.2,3,0.9,7,0.0
Cora,0.2,3,0.9,8,0.0
Cora,0.2,3,0.9,9,0.0
Cora,0.2,3,0.9,10,0.0
Cora,0.2,4,0.0,0,0.038999974727630615
Cora,0.2,4,0.0,1,0.03799998760223389
Cora,0.2,4,0.0,2,0.07299995422363281
Cora,0.2,4,0.0,3,0.06999999284744263
Cora,0.2,4,0.0,4,0.014999985694885254
Cora,0.2,4,0.0,5,0.05399996042251587
Cora,0.2,4,0.0,6,0.041999995708465576
Cora,0.2,4,0.0,7,0.02399998903274536
Cora,0.2,4,0.0,8,0.050999999046325684
Cora,0.2,4,0.0,9,0.06099998950958252
Cora,0.2,4,0.0,10,0.0559999942779541
Cora,0.2,4,0.1,0,0.04899996519088745
Cora,0.2,4,0.1,1,0.038999974727630615
Cora,0.2,4,0.1,2,0.029999971389770508
Cora,0.2,4,0.1,3,0.04599994421005249
Cora,0.2,4,0.1,4,0.0339999794960022
Cora,0.2,4,0.1,5,0.05199998617172241
Cora,0.2,4,0.1,6,0.06999999284744263
Cora,0.2,4,0.1,7,0.07199996709823608
Cora,0.2,4,0.1,8,0.02199995517730713
Cora,0.2,4,0.1,9,0.04899996519088745
Cora,0.2,4,0.1,10,0.04799997806549072
Cora,0.2,4,0.2,0,0.04899996519088745
Cora,0.2,4,0.2,1,0.08599996566772461
Cora,0.2,4,0.2,2,0.04099994897842407
Cora,0.2,4,0.2,3,0.046999990940093994
Cora,0.2,4,0.2,4,0.03799998760223389
Cora,0.2,4,0.2,5,0.02899998426437378
Cora,0.2,4,0.2,6,0.019999980926513672
Cora,0.2,4,0.2,7,0.010999977588653564
Cora,0.2,4,0.2,8,0.026999950408935547
Cora,0.2,4,0.2,9,0.022999942302703857
Cora,0.2,4,0.2,10,0.019999980926513672
Cora,0.2,4,0.3,0,0.03700000047683716
Cora,0.2,4,0.3,1,0.0339999794960022
Cora,0.2,4,0.3,2,0.034999966621398926
Cora,0.2,4,0.3,3,0.019999980926513672
Cora,0.2,4,0.3,4,0.0
Cora,0.2,4,0.3,5,0.019999980926513672
Cora,0.2,4,0.3,6,0.014999985694885254
Cora,0.2,4,0.3,7,0.001999974250793457
Cora,0.2,4,0.3,8,0.001999974250793457
Cora,0.2,4,0.3,9,0.001999974250793457
Cora,0.2,4,0.3,10,0.0009999871253967285
Cora,0.2,4,0.4,0,0.04399996995925903
Cora,0.2,4,0.4,1,0.04399996995925903
Cora,0.2,4,0.4,2,0.011999964714050293
Cora,0.2,4,0.4,3,0.019999980926513672
Cora,0.2,4,0.4,4,0.030999958515167236
Cora,0.2,4,0.4,5,0.0009999871253967285
Cora,0.2,4,0.4,6,0.001999974250793457
Cora,0.2,4,0.4,7,0.0009999871253967285
Cora,0.2,4,0.4,8,0.001999974250793457
Cora,0.2,4,0.4,9,0.011999964714050293
Cora,0.2,4,0.4,10,0.001999974250793457
Cora,0.2,4,0.5,0,0.03299999237060547
Cora,0.2,4,0.5,1,0.041999995708465576
Cora,0.2,4,0.5,2,0.026999950408935547
Cora,0.2,4,0.5,3,0.004999995231628418
Cora,0.2,4,0.5,4,0.0009999871253967285
Cora,0.2,4,0.5,5,0.0009999871253967285
Cora,0.2,4,0.5,6,0.0009999871253967285
Cora,0.2,4,0.5,7,0.001999974250793457
Cora,0.2,4,0.5,8,0.0009999871253967285
Cora,0.2,4,0.5,9,0.0009999871253967285
Cora,0.2,4,0.5,10,0.0009999871253967285
Cora,0.2,4,0.6,0,0.04399996995925903
Cora,0.2,4,0.6,1,0.004999995231628418
Cora,0.2,4,0.6,2,0.004999995231628418
Cora,0.2,4,0.6,3,0.0009999871253967285
Cora,0.2,4,0.6,4,0.0009999871253967285
Cora,0.2,4,0.6,5,0.0009999871253967285
Cora,0.2,4,0.6,6,0.0009999871253967285
Cora,0.2,4,0.6,7,0.0009999871253967285
Cora,0.2,4,0.6,8,0.0009999871253967285
Cora,0.2,4,0.6,9,0.0009999871253967285
Cora,0.2,4,0.6,10,0.0009999871253967285
Cora,0.2,4,0.7,0,0.03700000047683716
Cora,0.2,4,0.7,1,0.011999964714050293
Cora,0.2,4,0.7,2,0.004999995231628418
Cora,0.2,4,0.7,3,-0.001000046730041504
Cora,0.2,4,0.7,4,-0.001000046730041504
Cora,0.2,4,0.7,5,-0.0020000338554382324
Cora,0.2,4,0.7,6,-0.001000046730041504
Cora,0.2,4,0.7,7,-0.001000046730041504
Cora,0.2,4,0.7,8,0.0009999871253967285
Cora,0.2,4,0.7,9,-0.0020000338554382324
Cora,0.2,4,0.7,10,-0.001000046730041504
Cora,0.2,4,0.8,0,0.01699995994567871
Cora,0.2,4,0.8,1,0.02399998903274536
Cora,0.2,4,0.8,2,-0.001000046730041504
Cora,0.2,4,0.8,3,-0.0020000338554382324
Cora,0.2,4,0.8,4,-0.0020000338554382324
Cora,0.2,4,0.8,5,-0.0020000338554382324
Cora,0.2,4,0.8,6,-0.001000046730041504
Cora,0.2,4,0.8,7,-0.0020000338554382324
Cora,0.2,4,0.8,8,-0.001000046730041504
Cora,0.2,4,0.8,9,-0.0020000338554382324
Cora,0.2,4,0.8,10,-0.001000046730041504
Cora,0.2,4,0.9,0,0.035999953746795654
Cora,0.2,4,0.9,1,-0.0020000338554382324
Cora,0.2,4,0.9,2,-0.0020000338554382324
Cora,0.2,4,0.9,3,-0.0020000338554382324
Cora,0.2,4,0.9,4,-0.001000046730041504
Cora,0.2,4,0.9,5,-0.0020000338554382324
Cora,0.2,4,0.9,6,-0.0020000338554382324
Cora,0.2,4,0.9,7,-0.0020000338554382324
Cora,0.2,4,0.9,8,0.001999974250793457
Cora,0.2,4,0.9,9,0.0009999871253967285
Cora,0.2,4,0.9,10,-0.001000046730041504
Cora,0.2,5,0.0,0,0.018999993801116943
Cora,0.2,5,0.0,1,-0.02399998903274536
Cora,0.2,5,0.0,2,0.007999956607818604
Cora,0.2,5,0.0,3,-0.009000003337860107
Cora,0.2,5,0.0,4,0.009999990463256836
Cora,0.2,5,0.0,5,0.011999964714050293
Cora,0.2,5,0.0,6,0.004999995231628418
Cora,0.2,5,0.0,7,0.0029999613761901855
Cora,0.2,5,0.0,8,0.007999956607818604
Cora,0.2,5,0.0,9,-0.017000019550323486
Cora,0.2,5,0.0,10,0.0009999871253967285
Cora,0.2,5,0.1,0,0.013000011444091797
Cora,0.2,5,0.1,1,-0.012000024318695068
Cora,0.2,5,0.1,2,-0.013000011444091797
Cora,0.2,5,0.1,3,-0.016000032424926758
Cora,0.2,5,0.1,4,-0.006000041961669922
Cora,0.2,5,0.1,5,0.0040000081062316895
Cora,0.2,5,0.1,6,0.009000003337860107
Cora,0.2,5,0.1,7,-0.004999995231628418
Cora,0.2,5,0.1,8,0.0029999613761901855
Cora,0.2,5,0.1,9,0.001999974250793457
Cora,0.2,5,0.1,10,0.03200000524520874
Cora,0.2,5,0.2,0,0.0009999871253967285
Cora,0.2,5,0.2,1,0.009000003337860107
Cora,0.2,5,0.2,2,-0.0040000081062316895
Cora,0.2,5,0.2,3,0.0029999613761901855
Cora,0.2,5,0.2,4,0.0029999613761901855
Cora,0.2,5,0.2,5,0.009000003337860107
Cora,0.2,5,0.2,6,-0.013000011444091797
Cora,0.2,5,0.2,7,0.004999995231628418
Cora,0.2,5,0.2,8,0.0029999613761901855
Cora,0.2,5,0.2,9,0.011999964714050293
Cora,0.2,5,0.2,10,-0.009999990463256836
Cora,0.2,5,0.3,0,-0.006000041961669922
Cora,0.2,5,0.3,1,0.007999956607818604
Cora,0.2,5,0.3,2,0.001999974250793457
Cora,0.2,5,0.3,3,0.006999969482421875
Cora,0.2,5,0.3,4,0.009999990463256836
Cora,0.2,5,0.3,5,-0.018000006675720215
Cora,0.2,5,0.3,6,-0.009999990463256836
Cora,0.2,5,0.3,7,0.006999969482421875
Cora,0.2,5,0.3,8,0.009999990463256836
Cora,0.2,5,0.3,9,-0.009999990463256836
Cora,0.2,5,0.3,10,-0.009999990463256836
Cora,0.2,5,0.4,0,0.009000003337860107
Cora,0.2,5,0.4,1,-0.013999998569488525
Cora,0.2,5,0.4,2,0.009999990463256836
Cora,0.2,5,0.4,3,0.0
Cora,0.2,5,0.4,4,-0.009999990463256836
Cora,0.2,5,0.4,5,-0.009999990463256836
Cora,0.2,5,0.4,6,-0.009999990463256836
Cora,0.2,5,0.4,7,-0.009999990463256836
Cora,0.2,5,0.4,8,-0.009999990463256836
Cora,0.2,5,0.4,9,-0.009999990463256836
Cora,0.2,5,0.4,10,-0.009999990463256836
Cora,0.2,5,0.5,0,-0.00700002908706665
Cora,0.2,5,0.5,1,0.009999990463256836
Cora,0.2,5,0.5,2,-0.009000003337860107
Cora,0.2,5,0.5,3,-0.004999995231628418
Cora,0.2,5,0.5,4,-0.009999990463256836
Cora,0.2,5,0.5,5,0.0
Cora,0.2,5,0.5,6,0.0
Cora,0.2,5,0.5,7,0.0
Cora,0.2,5,0.5,8,0.0
Cora,0.2,5,0.5,9,0.0
Cora,0.2,5,0.5,10,0.0
Cora,0.2,5,0.6,0,0.018000006675720215
Cora,0.2,5,0.6,1,0.013000011444091797
Cora,0.2,5,0.6,2,-0.004999995231628418
Cora,0.2,5,0.6,3,-0.01100003719329834
Cora,0.2,5,0.6,4,0.0040000081062316895
Cora,0.2,5,0.6,5,0.0
Cora,0.2,5,0.6,6,0.0
Cora,0.2,5,0.6,7,0.0
Cora,0.2,5,0.6,8,0.0
Cora,0.2,5,0.6,9,0.0
Cora,0.2,5,0.6,10,0.0
Cora,0.2,5,0.7,0,0.018999993801116943
Cora,0.2,5,0.7,1,-0.001000046730041504
Cora,0.2,5,0.7,2,-0.004999995231628418
Cora,0.2,5,0.7,3,0.0
Cora,0.2,5,0.7,4,0.0
Cora,0.2,5,0.7,5,0.0
Cora,0.2,5,0.7,6,0.0
Cora,0.2,5,0.7,7,0.0
Cora,0.2,5,0.7,8,0.0
Cora,0.2,5,0.7,9,0.0
Cora,0.2,5,0.7,10,0.0
Cora,0.2,5,0.8,0,-0.016000032424926758
Cora,0.2,5,0.8,1,-0.004999995231628418
Cora,0.2,5,0.8,2,0.0
Cora,0.2,5,0.8,3,0.0
Cora,0.2,5,0.8,4,0.0
Cora,0.2,5,0.8,5,0.0
Cora,0.2,5,0.8,6,0.0
Cora,0.2,5,0.8,7,0.0
Cora,0.2,5,0.8,8,0.0
Cora,0.2,5,0.8,9,0.0
Cora,0.2,5,0.8,10,0.0
Cora,0.2,5,0.9,0,-0.0040000081062316895
Cora,0.2,5,0.9,1,0.001999974250793457
Cora,0.2,5,0.9,2,0.0
Cora,0.2,5,0.9,3,0.0
Cora,0.2,5,0.9,4,0.0
Cora,0.2,5,0.9,5,0.0
Cora,0.2,5,0.9,6,0.0
Cora,0.2,5,0.9,7,0.0
Cora,0.2,5,0.9,8,0.0
Cora,0.2,5,0.9,9,0.0
Cora,0.2,5,0.9,10,0.0
Cora,0.2,6,0.0,0,0.05299997329711914
Cora,0.2,6,0.0,1,0.04500001668930054
Cora,0.2,6,0.0,2,0.038999974727630615
Cora,0.2,6,0.0,3,-0.012000024318695068
Cora,0.2,6,0.0,4,0.03100001811981201
Cora,0.2,6,0.0,5,0.027000010013580322
Cora,0.2,6,0.0,6,0.02799999713897705
Cora,0.2,6,0.0,7,0.02799999713897705
Cora,0.2,6,0.0,8,0.06099998950958252
Cora,0.2,6,0.0,9,0.046999990940093994
Cora,0.2,6,0.0,10,0.02499997615814209
Cora,0.2,6,0.1,0,-0.0009999871253967285
Cora,0.2,6,0.1,1,0.026000022888183594
Cora,0.2,6,0.1,2,0.015999972820281982
Cora,0.2,6,0.1,3,0.026000022888183594
Cora,0.2,6,0.1,4,0.03600001335144043
Cora,0.2,6,0.1,5,0.023000001907348633
Cora,0.2,6,0.1,6,0.03799998760223389
Cora,0.2,6,0.1,7,0.027000010013580322
Cora,0.2,6,0.1,8,0.02399998903274536
Cora,0.2,6,0.1,9,0.04000002145767212
Cora,0.2,6,0.1,10,0.04000002145767212
Cora,0.2,6,0.2,0,0.03200000524520874
Cora,0.2,6,0.2,1,0.029999971389770508
Cora,0.2,6,0.2,2,0.0209999680519104
Cora,0.2,6,0.2,3,0.046999990940093994
Cora,0.2,6,0.2,4,0.02899998426437378
Cora,0.2,6,0.2,5,0.02499997615814209
Cora,0.2,6,0.2,6,-0.008000016212463379
Cora,0.2,6,0.2,7,-0.014999985694885254
Cora,0.2,6,0.2,8,0.026000022888183594
Cora,0.2,6,0.2,9,0.027000010013580322
Cora,0.2,6,0.2,10,-0.012000024318695068
Cora,0.2,6,0.3,0,0.017000019550323486
Cora,0.2,6,0.3,1,-0.004999995231628418
Cora,0.2,6,0.3,2,0.004999995231628418
Cora,0.2,6,0.3,3,0.004999995231628418
Cora,0.2,6,0.3,4,-0.00700002908706665
Cora,0.2,6,0.3,5,0.0059999823570251465
Cora,0.2,6,0.3,6,0.010999977588653564
Cora,0.2,6,0.3,7,-0.004999995231628418
Cora,0.2,6,0.3,8,-0.004999995231628418
Cora,0.2,6,0.3,9,-0.004999995231628418
Cora,0.2,6,0.3,10,0.008000016212463379
Cora,0.2,6,0.4,0,0.018999993801116943
Cora,0.2,6,0.4,1,0.013999998569488525
Cora,0.2,6,0.4,2,0.0009999871253967285
Cora,0.2,6,0.4,3,-0.018999993801116943
Cora,0.2,6,0.4,4,0.013999998569488525
Cora,0.2,6,0.4,5,0.013999998569488525
Cora,0.2,6,0.4,6,0.008000016212463379
Cora,0.2,6,0.4,7,0.008000016212463379
Cora,0.2,6,0.4,8,0.013999998569488525
Cora,0.2,6,0.4,9,0.013999998569488525
Cora,0.2,6,0.4,10,0.008000016212463379
Cora,0.2,6,0.5,0,0.0059999823570251465
Cora,0.2,6,0.5,1,0.0209999680519104
Cora,0.2,6,0.5,2,-0.00700002908706665
Cora,0.2,6,0.5,3,0.013999998569488525
Cora,0.2,6,0.5,4,0.008000016212463379
Cora,0.2,6,0.5,5,0.008000016212463379
Cora,0.2,6,0.5,6,0.017000019550323486
Cora,0.2,6,0.5,7,0.008000016212463379
Cora,0.2,6,0.5,8,0.008000016212463379
Cora,0.2,6,0.5,9,0.018999993801116943
Cora,0.2,6,0.5,10,0.008000016212463379
Cora,0.2,6,0.6,0,0.02799999713897705
Cora,0.2,6,0.6,1,-0.0040000081062316895
Cora,0.2,6,0.6,2,0.004999995231628418
Cora,0.2,6,0.6,3,0.008000016212463379
Cora,0.2,6,0.6,4,0.008000016212463379
Cora,0.2,6,0.6,5,0.008000016212463379
Cora,0.2,6,0.6,6,0.017000019550323486
Cora,0.2,6,0.6,7,0.008000016212463379
Cora,0.2,6,0.6,8,0.008000016212463379
Cora,0.2,6,0.6,9,0.008000016212463379
Cora,0.2,6,0.6,10,0.008000016212463379
Cora,0.2,6,0.7,0,0.03100001811981201
Cora,0.2,6,0.7,1,0.004999995231628418
Cora,0.2,6,0.7,2,0.004999995231628418
Cora,0.2,6,0.7,3,0.008000016212463379
Cora,0.2,6,0.7,4,0.008000016212463379
Cora,0.2,6,0.7,5,0.008000016212463379
Cora,0.2,6,0.7,6,0.008000016212463379
Cora,0.2,6,0.7,7,0.008000016212463379
Cora,0.2,6,0.7,8,0.008000016212463379
Cora,0.2,6,0.7,9,0.008000016212463379
Cora,0.2,6,0.7,10,0.008000016212463379
Cora,0.2,6,0.8,0,0.0040000081062316895
Cora,0.2,6,0.8,1,0.0059999823570251465
Cora,0.2,6,0.8,2,0.008000016212463379
Cora,0.2,6,0.8,3,0.008000016212463379
Cora,0.2,6,0.8,4,0.0059999823570251465
Cora,0.2,6,0.8,5,0.008000016212463379
Cora,0.2,6,0.8,6,0.008000016212463379
Cora,0.2,6,0.8,7,0.0059999823570251465
Cora,0.2,6,0.8,8,0.0059999823570251465
Cora,0.2,6,0.8,9,0.0059999823570251465
Cora,0.2,6,0.8,10,0.008000016212463379
Cora,0.2,6,0.9,0,0.029999971389770508
Cora,0.2,6,0.9,1,0.0059999823570251465
Cora,0.2,6,0.9,2,0.0059999823570251465
Cora,0.2,6,0.9,3,0.008000016212463379
Cora,0.2,6,0.9,4,0.008000016212463379
Cora,0.2,6,0.9,5,0.008000016212463379
Cora,0.2,6,0.9,6,0.0059999823570251465
Cora,0.2,6,0.9,7,0.0059999823570251465
Cora,0.2,6,0.9,8,0.003000020980834961
Cora,0.2,6,0.9,9,0.0
Cora,0.2,6,0.9,10,0.0
Cora,0.2,7,0.0,0,0.0020000338554382324
Cora,0.2,7,0.0,1,0.005000054836273193
Cora,0.2,7,0.0,2,-0.004999995231628418
Cora,0.2,7,0.0,3,0.012000024318695068
Cora,0.2,7,0.0,4,0.008000016212463379
Cora,0.2,7,0.0,5,0.021000027656555176
Cora,0.2,7,0.0,6,0.03400003910064697
Cora,0.2,7,0.0,7,0.025000035762786865
Cora,0.2,7,0.0,8,0.005000054836273193
Cora,0.2,7,0.0,9,0.017000019550323486
Cora,0.2,7,0.0,10,0.020000040531158447
Cora,0.2,7,0.1,0,-0.0009999871253967285
Cora,0.2,7,0.1,1,0.009000003337860107
Cora,0.2,7,0.1,2,0.01900005340576172
Cora,0.2,7,0.1,3,0.013999998569488525
Cora,0.2,7,0.1,4,0.01500004529953003
Cora,0.2,7,0.1,5,0.008000016212463379
Cora,0.2,7,0.1,6,-0.019999980926513672
Cora,0.2,7,0.1,7,-0.003999948501586914
Cora,0.2,7,0.1,8,-0.015999972820281982
Cora,0.2,7,0.1,9,-0.026999950408935547
Cora,0.2,7,0.1,10,-0.003999948501586914
Cora,0.2,7,0.2,0,0.0020000338554382324
Cora,0.2,7,0.2,1,0.005000054836273193
Cora,0.2,7,0.2,2,-0.004999995231628418
Cora,0.2,7,0.2,3,-0.02599996328353882
Cora,0.2,7,0.2,4,-0.03299999237060547
Cora,0.2,7,0.2,5,-0.0339999794960022
Cora,0.2,7,0.2,6,-0.05199998617172241
Cora,0.2,7,0.2,7,-0.0549999475479126
Cora,0.2,7,0.2,8,-0.046000003814697266
Cora,0.2,7,0.2,9,-0.05399996042251587
Cora,0.2,7,0.2,10,-0.05199998617172241
Cora,0.2,7,0.3,0,0.03100001811981201
Cora,0.2,7,0.3,1,-0.007999956607818604
Cora,0.2,7,0.3,2,-0.03299999237060547
Cora,0.2,7,0.3,3,-0.0209999680519104
Cora,0.2,7,0.3,4,-0.05699998140335083
Cora,0.2,7,0.3,5,0.0020000338554382324
Cora,0.2,7,0.3,6,-0.0009999871253967285
Cora,0.2,7,0.3,7,0.0
Cora,0.2,7,0.3,8,-0.0009999871253967285
Cora,0.2,7,0.3,9,-0.0009999871253967285
Cora,0.2,7,0.3,10,-0.0009999871253967285
Cora,0.2,7,0.4,0,0.005000054836273193
Cora,0.2,7,0.4,1,-0.02599996328353882
Cora,0.2,7,0.4,2,-0.02399998903274536
Cora,0.2,7,0.4,3,-0.0559999942779541
Cora,0.2,7,0.4,4,-0.0009999871253967285
Cora,0.2,7,0.4,5,-0.0009999871253967285
Cora,0.2,7,0.4,6,-0.0009999871253967285
Cora,0.2,7,0.4,7,0.0
Cora,0.2,7,0.4,8,-0.05299997329711914
Cora,0.2,7,0.4,9,0.0
Cora,0.2,7,0.4,10,0.0
Cora,0.2,7,0.5,0,0.0020000338554382324
Cora,0.2,7,0.5,1,-0.0029999613761901855
Cora,0.2,7,0.5,2,0.0
Cora,0.2,7,0.5,3,-0.001999974250793457
Cora,0.2,7,0.5,4,-0.0009999871253967285
Cora,0.2,7,0.5,5,-0.05299997329711914
Cora,0.2,7,0.5,6,-0.05299997329711914
Cora,0.2,7,0.5,7,0.0
Cora,0.2,7,0.5,8,0.0
Cora,0.2,7,0.5,9,0.0
Cora,0.2,7,0.5,10,0.0
Cora,0.2,7,0.6,0,0.0020000338554382324
Cora,0.2,7,0.6,1,0.0
Cora,0.2,7,0.6,2,-0.001999974250793457
Cora,0.2,7,0.6,3,0.0
Cora,0.2,7,0.6,4,0.0
Cora,0.2,7,0.6,5,0.0
Cora,0.2,7,0.6,6,0.0
Cora,0.2,7,0.6,7,0.0
Cora,0.2,7,0.6,8,0.0
Cora,0.2,7,0.6,9,0.0
Cora,0.2,7,0.6,10,0.0
Cora,0.2,7,0.7,0,-0.012999951839447021
Cora,0.2,7,0.7,1,0.0020000338554382324
Cora,0.2,7,0.7,2,0.006000041961669922
Cora,0.2,7,0.7,3,0.0
Cora,0.2,7,0.7,4,0.0
Cora,0.2,7,0.7,5,0.0
Cora,0.2,7,0.7,6,0.0
Cora,0.2,7,0.7,7,0.0
Cora,0.2,7,0.7,8,0.0
Cora,0.2,7,0.7,9,0.0
Cora,0.2,7,0.7,10,0.0
Cora,0.2,7,0.8,0,-0.0339999794960022
Cora,0.2,7,0.8,1,0.001000046730041504
Cora,0.2,7,0.8,2,-0.001999974250793457
Cora,0.2,7,0.8,3,0.0
Cora,0.2,7,0.8,4,0.0
Cora,0.2,7,0.8,5,0.0
Cora,0.2,7,0.8,6,0.0
Cora,0.2,7,0.8,7,0.0
Cora,0.2,7,0.8,8,0.0
Cora,0.2,7,0.8,9,0.0
Cora,0.2,7,0.8,10,0.0
Cora,0.2,7,0.9,0,-0.014999985694885254
Cora,0.2,7,0.9,1,-0.001999974250793457
Cora,0.2,7,0.9,2,0.0
Cora,0.2,7,0.9,3,0.0
Cora,0.2,7,0.9,4,0.0
Cora,0.2,7,0.9,5,0.0
Cora,0.2,7,0.9,6,0.0
Cora,0.2,7,0.9,7,0.0
Cora,0.2,7,0.9,8,0.0
Cora,0.2,7,0.9,9,0.0
Cora,0.2,7,0.9,10,0.0
Cora,0.2,8,0.0,0,0.0
Cora,0.2,8,0.0,1,0.06300002336502075
Cora,0.2,8,0.0,2,0.04500001668930054
Cora,0.2,8,0.0,3,0.028000056743621826
Cora,0.2,8,0.0,4,0.0690000057220459
Cora,0.2,8,0.0,5,0.06400001049041748
Cora,0.2,8,0.0,6,0.06500005722045898
Cora,0.2,8,0.0,7,0.08900004625320435
Cora,0.2,8,0.0,8,0.04200005531311035
Cora,0.2,8,0.0,9,0.07600003480911255
Cora,0.2,8,0.0,10,0.03600001335144043
Cora,0.2,8,0.1,0,0.06300002336502075
Cora,0.2,8,0.1,1,0.03600001335144043
Cora,0.2,8,0.1,2,0.04100000858306885
Cora,0.2,8,0.1,3,0.06200003623962402
Cora,0.2,8,0.1,4,0.03200000524520874
Cora,0.2,8,0.1,5,0.0700000524520874
Cora,0.2,8,0.1,6,0.08300000429153442
Cora,0.2,8,0.1,7,0.07900005578994751
Cora,0.2,8,0.1,8,0.04100000858306885
Cora,0.2,8,0.1,9,0.05500000715255737
Cora,0.2,8,0.1,10,0.0700000524520874
Cora,0.2,8,0.2,0,0.0040000081062316895
Cora,0.2,8,0.2,1,0.04700005054473877
Cora,0.2,8,0.2,2,0.07300001382827759
Cora,0.2,8,0.2,3,0.057000041007995605
Cora,0.2,8,0.2,4,0.04500001668930054
Cora,0.2,8,0.2,5,0.0350000262260437
Cora,0.2,8,0.2,6,0.020000040531158447
Cora,0.2,8,0.2,7,0.028000056743621826
Cora,0.2,8,0.2,8,0.03900003433227539
Cora,0.2,8,0.2,9,0.025000035762786865
Cora,0.2,8,0.2,10,0.03600001335144043
Cora,0.2,8,0.3,0,0.053000032901763916
Cora,0.2,8,0.3,1,0.03800004720687866
Cora,0.2,8,0.3,2,0.017000019550323486
Cora,0.2,8,0.3,3,0.030000030994415283
Cora,0.2,8,0.3,4,0.013000011444091797
Cora,0.2,8,0.3,5,-0.0059999823570251465
Cora,0.2,8,0.3,6,-0.003999948501586914
Cora,0.2,8,0.3,7,-0.003999948501586914
Cora,0.2,8,0.3,8,0.0
Cora,0.2,8,0.3,9,0.005000054836273193
Cora,0.2,8,0.3,10,-0.003999948501586914
Cora,0.2,8,0.4,0,0.07700002193450928
Cora,0.2,8,0.4,1,0.03100001811981201
Cora,0.2,8,0.4,2,0.020000040531158447
Cora,0.2,8,0.4,3,0.006000041961669922
Cora,0.2,8,0.4,4,-0.0059999823570251465
Cora,0.2,8,0.4,5,-0.003999948501586914
Cora,0.2,8,0.4,6,-0.003999948501586914
Cora,0.2,8,0.4,7,0.005000054836273193
Cora,0.2,8,0.4,8,0.005000054836273193
Cora,0.2,8,0.4,9,0.005000054836273193
Cora,0.2,8,0.4,10,0.005000054836273193
Cora,0.2,8,0.5,0,0.03200000524520874
Cora,0.2,8,0.5,1,0.04000002145767212
Cora,0.2,8,0.5,2,0.0
Cora,0.2,8,0.5,3,0.006000041961669922
Cora,0.2,8,0.5,4,0.006000041961669922
Cora,0.2,8,0.5,5,0.005000054836273193
Cora,0.2,8,0.5,6,0.005000054836273193
Cora,0.2,8,0.5,7,0.005000054836273193
Cora,0.2,8,0.5,8,0.005000054836273193
Cora,0.2,8,0.5,9,0.005000054836273193
Cora,0.2,8,0.5,10,0.005000054836273193
Cora,0.2,8,0.6,0,0.07100003957748413
Cora,0.2,8,0.6,1,-0.010999977588653564
Cora,0.2,8,0.6,2,0.003000020980834961
Cora,0.2,8,0.6,3,-0.003999948501586914
Cora,0.2,8,0.6,4,0.005000054836273193
Cora,0.2,8,0.6,5,0.005000054836273193
Cora,0.2,8,0.6,6,0.005000054836273193
Cora,0.2,8,0.6,7,0.005000054836273193
Cora,0.2,8,0.6,8,0.005000054836273193
Cora,0.2,8,0.6,9,0.005000054836273193
Cora,0.2,8,0.6,10,0.005000054836273193
Cora,0.2,8,0.7,0,0.023000001907348633
Cora,0.2,8,0.7,1,0.01100003719329834
Cora,0.2,8,0.7,2,-0.0009999871253967285
Cora,0.2,8,0.7,3,0.005000054836273193
Cora,0.2,8,0.7,4,0.005000054836273193
Cora,0.2,8,0.7,5,0.005000054836273193
Cora,0.2,8,0.7,6,0.005000054836273193
Cora,0.2,8,0.7,7,0.005000054836273193
Cora,0.2,8,0.7,8,0.005000054836273193
Cora,0.2,8,0.7,9,0.005000054836273193
Cora,0.2,8,0.7,10,0.005000054836273193
Cora,0.2,8,0.8,0,0.05900001525878906
Cora,0.2,8,0.8,1,0.001000046730041504
Cora,0.2,8,0.8,2,0.01100003719329834
Cora,0.2,8,0.8,3,0.006000041961669922
Cora,0.2,8,0.8,4,0.0
Cora,0.2,8,0.8,5,0.005000054836273193
Cora,0.2,8,0.8,6,0.0
Cora,0.2,8,0.8,7,0.0
Cora,0.2,8,0.8,8,0.0
Cora,0.2,8,0.8,9,0.0
Cora,0.2,8,0.8,10,0.006000041961669922
Cora,0.2,8,0.9,0,0.03200000524520874
Cora,0.2,8,0.9,1,0.001000046730041504
Cora,0.2,8,0.9,2,0.0
Cora,0.2,8,0.9,3,0.006000041961669922
Cora,0.2,8,0.9,4,0.006000041961669922
Cora,0.2,8,0.9,5,0.006000041961669922
Cora,0.2,8,0.9,6,0.006000041961669922
Cora,0.2,8,0.9,7,0.006000041961669922
Cora,0.2,8,0.9,8,0.006000041961669922
Cora,0.2,8,0.9,9,0.006000041961669922
Cora,0.2,8,0.9,10,0.006000041961669922
Cora,0.2,9,0.0,0,0.03700000047683716
Cora,0.2,9,0.0,1,0.022000014781951904
Cora,0.2,9,0.0,2,0.04500001668930054
Cora,0.2,9,0.0,3,0.03200000524520874
Cora,0.2,9,0.0,4,0.026000022888183594
Cora,0.2,9,0.0,5,0.06999999284744263
Cora,0.2,9,0.0,6,0.03600001335144043
Cora,0.2,9,0.0,7,0.027000010013580322
Cora,0.2,9,0.0,8,0.078000009059906
Cora,0.2,9,0.0,9,-0.001999974250793457
Cora,0.2,9,0.0,10,0.03799998760223389
Cora,0.2,9,0.1,0,0.042999982833862305
Cora,0.2,9,0.1,1,0.04400002956390381
Cora,0.2,9,0.1,2,0.023000001907348633
Cora,0.2,9,0.1,3,0.041999995708465576
Cora,0.2,9,0.1,4,0.050000011920928955
Cora,0.2,9,0.1,5,0.03799998760223389
Cora,0.2,9,0.1,6,0.041999995708465576
Cora,0.2,9,0.1,7,0.03200000524520874
Cora,0.2,9,0.1,8,0.03100001811981201
Cora,0.2,9,0.1,9,0.04400002956390381
Cora,0.2,9,0.1,10,0.023000001907348633
Cora,0.2,9,0.2,0,0.03700000047683716
Cora,0.2,9,0.2,1,0.04400002956390381
Cora,0.2,9,0.2,2,0.02399998903274536
Cora,0.2,9,0.2,3,0.013999998569488525
Cora,0.2,9,0.2,4,0.03900003433227539
Cora,0.2,9,0.2,5,0.008000016212463379
Cora,0.2,9,0.2,6,0.018000006675720215
Cora,0.2,9,0.2,7,0.004999995231628418
Cora,0.2,9,0.2,8,0.003000020980834961
Cora,0.2,9,0.2,9,0.00700002908706665
Cora,0.2,9,0.2,10,0.008000016212463379
Cora,0.2,9,0.3,0,0.022000014781951904
Cora,0.2,9,0.3,1,0.0020000338554382324
Cora,0.2,9,0.3,2,0.013999998569488525
Cora,0.2,9,0.3,3,0.0350000262260437
Cora,0.2,9,0.3,4,-0.006999969482421875
Cora,0.2,9,0.3,5,0.009000003337860107
Cora,0.2,9,0.3,6,0.0020000338554382324
Cora,0.2,9,0.3,7,0.009000003337860107
Cora,0.2,9,0.3,8,0.009000003337860107
Cora,0.2,9,0.3,9,0.009000003337860107
Cora,0.2,9,0.3,10,0.010999977588653564
Cora,0.2,9,0.4,0,0.02399998903274536
Cora,0.2,9,0.4,1,0.03700000047683716
Cora,0.2,9,0.4,2,0.0020000338554382324
Cora,0.2,9,0.4,3,0.014999985694885254
Cora,0.2,9,0.4,4,0.012000024318695068
Cora,0.2,9,0.4,5,0.009000003337860107
Cora,0.2,9,0.4,6,0.010999977588653564
Cora,0.2,9,0.4,7,-0.001999974250793457
Cora,0.2,9,0.4,8,-0.001999974250793457
Cora,0.2,9,0.4,9,-0.001999974250793457
Cora,0.2,9,0.4,10,-0.001999974250793457
Cora,0.2,9,0.5,0,0.0350000262260437
Cora,0.2,9,0.5,1,0.019999980926513672
Cora,0.2,9,0.5,2,0.018000006675720215
Cora,0.2,9,0.5,3,0.012000024318695068
Cora,0.2,9,0.5,4,0.009000003337860107
Cora,0.2,9,0.5,5,-0.001999974250793457
Cora,0.2,9,0.5,6,-0.001999974250793457
Cora,0.2,9,0.5,7,-0.001999974250793457
Cora,0.2,9,0.5,8,-0.001999974250793457
Cora,0.2,9,0.5,9,-0.001999974250793457
Cora,0.2,9,0.5,10,-0.001999974250793457
Cora,0.2,9,0.6,0,0.04000002145767212
Cora,0.2,9,0.6,1,-0.001999974250793457
Cora,0.2,9,0.6,2,0.014999985694885254
Cora,0.2,9,0.6,3,0.009000003337860107
Cora,0.2,9,0.6,4,0.010999977588653564
Cora,0.2,9,0.6,5,-0.001999974250793457
Cora,0.2,9,0.6,6,-0.001999974250793457
Cora,0.2,9,0.6,7,-0.001999974250793457
Cora,0.2,9,0.6,8,-0.001999974250793457
Cora,0.2,9,0.6,9,-0.001999974250793457
Cora,0.2,9,0.6,10,-0.001999974250793457
Cora,0.2,9,0.7,0,0.03900003433227539
Cora,0.2,9,0.7,1,0.03299999237060547
Cora,0.2,9,0.7,2,0.03299999237060547
Cora,0.2,9,0.7,3,0.0
Cora,0.2,9,0.7,4,-0.003000020980834961
Cora,0.2,9,0.7,5,0.0
Cora,0.2,9,0.7,6,0.0
Cora,0.2,9,0.7,7,-0.003000020980834961
Cora,0.2,9,0.7,8,-0.003000020980834961
Cora,0.2,9,0.7,9,0.0
Cora,0.2,9,0.7,10,0.0
Cora,0.2,9,0.8,0,0.018999993801116943
Cora,0.2,9,0.8,1,0.016000032424926758
Cora,0.2,9,0.8,2,-0.009999990463256836
Cora,0.2,9,0.8,3,-0.003000020980834961
Cora,0.2,9,0.8,4,0.0
Cora,0.2,9,0.8,5,0.0
Cora,0.2,9,0.8,6,-0.003000020980834961
Cora,0.2,9,0.8,7,0.0
Cora,0.2,9,0.8,8,-0.003000020980834961
Cora,0.2,9,0.8,9,-0.003000020980834961
Cora,0.2,9,0.8,10,-0.003000020980834961
Cora,0.2,9,0.9,0,0.0020000338554382324
Cora,0.2,9,0.9,1,0.0
Cora,0.2,9,0.9,2,0.0
Cora,0.2,9,0.9,3,0.0
Cora,0.2,9,0.9,4,0.0
Cora,0.2,9,0.9,5,0.0
Cora,0.2,9,0.9,6,0.0
Cora,0.2,9,0.9,7,0.0
Cora,0.2,9,0.9,8,0.0
Cora,0.2,9,0.9,9,0.0
Cora,0.2,9,0.9,10,-0.003000020980834961
Cora,0.3,0,0.0,0,0.10900002717971802
Cora,0.3,0,0.0,1,0.10200005769729614
Cora,0.3,0,0.0,2,0.09600001573562622
Cora,0.3,0,0.0,3,0.06300002336502075
Cora,0.3,0,0.0,4,0.06300002336502075
Cora,0.3,0,0.0,5,0.08600002527236938
Cora,0.3,0,0.0,6,0.08900004625320435
Cora,0.3,0,0.0,7,0.09500002861022949
Cora,0.3,0,0.0,8,0.061000049114227295
Cora,0.3,0,0.0,9,0.10800004005432129
Cora,0.3,0,0.0,10,0.11800003051757812
Cora,0.3,0,0.1,0,0.04500001668930054
Cora,0.3,0,0.1,1,0.050999999046325684
Cora,0.3,0,0.1,2,0.050999999046325684
Cora,0.3,0,0.1,3,0.09400004148483276
Cora,0.3,0,0.1,4,0.04900002479553223
Cora,0.3,0,0.1,5,0.09700000286102295
Cora,0.3,0,0.1,6,0.09400004148483276
Cora,0.3,0,0.1,7,0.07200002670288086
Cora,0.3,0,0.1,8,0.07200002670288086
Cora,0.3,0,0.1,9,0.061000049114227295
Cora,0.3,0,0.1,10,0.06000000238418579
Cora,0.3,0,0.2,0,0.1040000319480896
Cora,0.3,0,0.2,1,0.08900004625320435
Cora,0.3,0,0.2,2,0.07300001382827759
Cora,0.3,0,0.2,3,0.0480000376701355
Cora,0.3,0,0.2,4,0.053000032901763916
Cora,0.3,0,0.2,5,0.06600004434585571
Cora,0.3,0,0.2,6,0.03900003433227539
Cora,0.3,0,0.2,7,0.053000032901763916
Cora,0.3,0,0.2,8,0.01900005340576172
Cora,0.3,0,0.2,9,0.057000041007995605
Cora,0.3,0,0.2,10,0.0040000081062316895
Cora,0.3,0,0.3,0,0.08700001239776611
Cora,0.3,0,0.3,1,0.10000002384185791
Cora,0.3,0,0.3,2,0.04000002145767212
Cora,0.3,0,0.3,3,0.013000011444091797
Cora,0.3,0,0.3,4,0.03200000524520874
Cora,0.3,0,0.3,5,0.024000048637390137
Cora,0.3,0,0.3,6,0.03800004720687866
Cora,0.3,0,0.3,7,0.024000048637390137
Cora,0.3,0,0.3,8,0.005000054836273193
Cora,0.3,0,0.3,9,0.022000014781951904
Cora,0.3,0,0.3,10,0.006000041961669922
Cora,0.3,0,0.4,0,0.07100003957748413
Cora,0.3,0,0.4,1,0.09800004959106445
Cora,0.3,0,0.4,2,0.08000004291534424
Cora,0.3,0,0.4,3,0.030000030994415283
Cora,0.3,0,0.4,4,0.010000050067901611
Cora,0.3,0,0.4,5,0.005000054836273193
Cora,0.3,0,0.4,6,0.00700002908706665
Cora,0.3,0,0.4,7,0.00700002908706665
Cora,0.3,0,0.4,8,0.00700002908706665
Cora,0.3,0,0.4,9,0.00700002908706665
Cora,0.3,0,0.4,10,0.00700002908706665
Cora,0.3,0,0.5,0,0.08300000429153442
Cora,0.3,0,0.5,1,0.05600005388259888
Cora,0.3,0,0.5,2,0.0
Cora,0.3,0,0.5,3,0.024000048637390137
Cora,0.3,0,0.5,4,0.006000041961669922
Cora,0.3,0,0.5,5,-0.0059999823570251465
Cora,0.3,0,0.5,6,0.009000003337860107
Cora,0.3,0,0.5,7,-0.0059999823570251465
Cora,0.3,0,0.5,8,-0.0059999823570251465
Cora,0.3,0,0.5,9,-0.0059999823570251465
Cora,0.3,0,0.5,10,-0.0059999823570251465
Cora,0.3,0,0.6,0,0.04400002956390381
Cora,0.3,0,0.6,1,0.04400002956390381
Cora,0.3,0,0.6,2,0.010000050067901611
Cora,0.3,0,0.6,3,-0.0059999823570251465
Cora,0.3,0,0.6,4,-0.0059999823570251465
Cora,0.3,0,0.6,5,-0.0059999823570251465
Cora,0.3,0,0.6,6,-0.0059999823570251465
Cora,0.3,0,0.6,7,-0.0059999823570251465
Cora,0.3,0,0.6,8,-0.0059999823570251465
Cora,0.3,0,0.6,9,-0.0059999823570251465
Cora,0.3,0,0.6,10,-0.0059999823570251465
Cora,0.3,0,0.7,0,0.054000020027160645
Cora,0.3,0,0.7,1,0.023000001907348633
Cora,0.3,0,0.7,2,0.006000041961669922
Cora,0.3,0,0.7,3,-0.0059999823570251465
Cora,0.3,0,0.7,4,-0.0059999823570251465
Cora,0.3,0,0.7,5,0.0
Cora,0.3,0,0.7,6,-0.009999990463256836
Cora,0.3,0,0.7,7,-0.0059999823570251465
Cora,0.3,0,0.7,8,-0.0059999823570251465
Cora,0.3,0,0.7,9,-0.0059999823570251465
Cora,0.3,0,0.7,10,-0.0059999823570251465
Cora,0.3,0,0.8,0,0.0350000262260437
Cora,0.3,0,0.8,1,0.0020000338554382324
Cora,0.3,0,0.8,2,-0.0059999823570251465
Cora,0.3,0,0.8,3,0.0
Cora,0.3,0,0.8,4,0.0
Cora,0.3,0,0.8,5,-0.0059999823570251465
Cora,0.3,0,0.8,6,0.0
Cora,0.3,0,0.8,7,-0.009999990463256836
Cora,0.3,0,0.8,8,0.0
Cora,0.3,0,0.8,9,-0.0059999823570251465
Cora,0.3,0,0.8,10,-0.009999990463256836
Cora,0.3,0,0.9,0,0.06800001859664917
Cora,0.3,0,0.9,1,-0.003999948501586914
Cora,0.3,0,0.9,2,-0.009999990463256836
Cora,0.3,0,0.9,3,-0.009999990463256836
Cora,0.3,0,0.9,4,-0.009999990463256836
Cora,0.3,0,0.9,5,0.0
Cora,0.3,0,0.9,6,-0.009999990463256836
Cora,0.3,0,0.9,7,-0.009999990463256836
Cora,0.3,0,0.9,8,-0.009999990463256836
Cora,0.3,0,0.9,9,-0.009999990463256836
Cora,0.3,0,0.9,10,-0.0059999823570251465
Cora,0.3,1,0.0,0,0.021000027656555176
Cora,0.3,1,0.0,1,0.022000014781951904
Cora,0.3,1,0.0,2,0.009999990463256836
Cora,0.3,1,0.0,3,0.003000020980834961
Cora,0.3,1,0.0,4,0.008000016212463379
Cora,0.3,1,0.0,5,0.03400003910064697
Cora,0.3,1,0.0,6,0.016000032424926758
Cora,0.3,1,0.0,7,0.03299999237060547
Cora,0.3,1,0.0,8,0.023000001907348633
Cora,0.3,1,0.0,9,0.04100000858306885
Cora,0.3,1,0.0,10,0.0009999871253967285
Cora,0.3,1,0.1,0,0.026000022888183594
Cora,0.3,1,0.1,1,0.009999990463256836
Cora,0.3,1,0.1,2,0.012000024318695068
Cora,0.3,1,0.1,3,0.03400003910064697
Cora,0.3,1,0.1,4,0.04400002956390381
Cora,0.3,1,0.1,5,0.009999990463256836
Cora,0.3,1,0.1,6,0.023000001907348633
Cora,0.3,1,0.1,7,0.014999985694885254
Cora,0.3,1,0.1,8,-0.013999998569488525
Cora,0.3,1,0.1,9,-0.02399998903274536
Cora,0.3,1,0.1,10,0.0040000081062316895
Cora,0.3,1,0.2,0,0.013999998569488525
Cora,0.3,1,0.2,1,0.021000027656555176
Cora,0.3,1,0.2,2,-0.022000014781951904
Cora,0.3,1,0.2,3,-0.038999974727630615
Cora,0.3,1,0.2,4,-0.0029999613761901855
Cora,0.3,1,0.2,5,-0.007999956607818604
Cora,0.3,1,0.2,6,0.0
Cora,0.3,1,0.2,7,-0.022000014781951904
Cora,0.3,1,0.2,8,0.014999985694885254
Cora,0.3,1,0.2,9,-0.027000010013580322
Cora,0.3,1,0.2,10,0.018000006675720215
Cora,0.3,1,0.3,0,0.012000024318695068
Cora,0.3,1,0.3,1,0.025000035762786865
Cora,0.3,1,0.3,2,-0.0339999794960022
Cora,0.3,1,0.3,3,-0.023000001907348633
Cora,0.3,1,0.3,4,0.0009999871253967285
Cora,0.3,1,0.3,5,-0.04100000858306885
Cora,0.3,1,0.3,6,0.0040000081062316895
Cora,0.3,1,0.3,7,0.0040000081062316895
Cora,0.3,1,0.3,8,0.006000041961669922
Cora,0.3,1,0.3,9,0.006000041961669922
Cora,0.3,1,0.3,10,0.006000041961669922
Cora,0.3,1,0.4,0,-0.007999956607818604
Cora,0.3,1,0.4,1,-0.041999995708465576
Cora,0.3,1,0.4,2,-0.019999980926513672
Cora,0.3,1,0.4,3,-0.04100000858306885
Cora,0.3,1,0.4,4,0.0040000081062316895
Cora,0.3,1,0.4,5,0.014999985694885254
Cora,0.3,1,0.4,6,0.0
Cora,0.3,1,0.4,7,0.0
Cora,0.3,1,0.4,8,0.0
Cora,0.3,1,0.4,9,-0.050999999046325684
Cora,0.3,1,0.4,10,0.0
Cora,0.3,1,0.5,0,-0.03299999237060547
Cora,0.3,1,0.5,1,-0.013000011444091797
Cora,0.3,1,0.5,2,0.017000019550323486
Cora,0.3,1,0.5,3,-0.04799997806549072
Cora,0.3,1,0.5,4,0.0
Cora,0.3,1,0.5,5,0.0
Cora,0.3,1,0.5,6,0.0
Cora,0.3,1,0.5,7,0.0
Cora,0.3,1,0.5,8,0.0
Cora,0.3,1,0.5,9,0.0
Cora,0.3,1,0.5,10,0.0
Cora,0.3,1,0.6,0,-0.027000010013580322
Cora,0.3,1,0.6,1,-0.019999980926513672
Cora,0.3,1,0.6,2,-0.001999974250793457
Cora,0.3,1,0.6,3,0.0
Cora,0.3,1,0.6,4,0.0
Cora,0.3,1,0.6,5,0.0
Cora,0.3,1,0.6,6,0.0
Cora,0.3,1,0.6,7,0.0
Cora,0.3,1,0.6,8,0.0
Cora,0.3,1,0.6,9,0.0
Cora,0.3,1,0.6,10,0.0
Cora,0.3,1,0.7,0,0.020000040531158447
Cora,0.3,1,0.7,1,-0.04100000858306885
Cora,0.3,1,0.7,2,-0.04899996519088745
Cora,0.3,1,0.7,3,0.0
Cora,0.3,1,0.7,4,0.0
Cora,0.3,1,0.7,5,0.0
Cora,0.3,1,0.7,6,0.0
Cora,0.3,1,0.7,7,0.0
Cora,0.3,1,0.7,8,0.0
Cora,0.3,1,0.7,9,0.0
Cora,0.3,1,0.7,10,0.0
Cora,0.3,1,0.8,0,0.006000041961669922
Cora,0.3,1,0.8,1,0.004999995231628418
Cora,0.3,1,0.8,2,-0.001999974250793457
Cora,0.3,1,0.8,3,0.0
Cora,0.3,1,0.8,4,0.0
Cora,0.3,1,0.8,5,0.0
Cora,0.3,1,0.8,6,0.0
Cora,0.3,1,0.8,7,0.0
Cora,0.3,1,0.8,8,0.0
Cora,0.3,1,0.8,9,0.0
Cora,0.3,1,0.8,10,0.0009999871253967285
Cora,0.3,1,0.9,0,0.004999995231628418
Cora,0.3,1,0.9,1,-0.0009999871253967285
Cora,0.3,1,0.9,2,0.0009999871253967285
Cora,0.3,1,0.9,3,0.0
Cora,0.3,1,0.9,4,0.0009999871253967285
Cora,0.3,1,0.9,5,0.0009999871253967285
Cora,0.3,1,0.9,6,0.0009999871253967285
Cora,0.3,1,0.9,7,0.0009999871253967285
Cora,0.3,1,0.9,8,0.0
Cora,0.3,1,0.9,9,0.0009999871253967285
Cora,0.3,1,0.9,10,0.0009999871253967285
Cora,0.3,2,0.0,0,0.06099998950958252
Cora,0.3,2,0.0,1,0.06400001049041748
Cora,0.3,2,0.0,2,0.054000020027160645
Cora,0.3,2,0.0,3,0.08799999952316284
Cora,0.3,2,0.0,4,0.06700003147125244
Cora,0.3,2,0.0,5,0.06800001859664917
Cora,0.3,2,0.0,6,0.07300001382827759
Cora,0.3,2,0.0,7,0.06099998950958252
Cora,0.3,2,0.0,8,0.06700003147125244
Cora,0.3,2,0.0,9,0.06099998950958252
Cora,0.3,2,0.0,10,0.06800001859664917
Cora,0.3,2,0.1,0,0.06499999761581421
Cora,0.3,2,0.1,1,0.046000003814697266
Cora,0.3,2,0.1,2,0.078000009059906
Cora,0.3,2,0.1,3,0.058000028133392334
Cora,0.3,2,0.1,4,0.041999995708465576
Cora,0.3,2,0.1,5,0.06999999284744263
Cora,0.3,2,0.1,6,0.053000032901763916
Cora,0.3,2,0.1,7,0.053000032901763916
Cora,0.3,2,0.1,8,0.06099998950958252
Cora,0.3,2,0.1,9,0.06700003147125244
Cora,0.3,2,0.1,10,0.07600003480911255
Cora,0.3,2,0.2,0,0.07999998331069946
Cora,0.3,2,0.2,1,0.06099998950958252
Cora,0.3,2,0.2,2,0.050999999046325684
Cora,0.3,2,0.2,3,0.06000000238418579
Cora,0.3,2,0.2,4,0.058000028133392334
Cora,0.3,2,0.2,5,0.04000002145767212
Cora,0.3,2,0.2,6,0.046000003814697266
Cora,0.3,2,0.2,7,0.03700000047683716
Cora,0.3,2,0.2,8,0.041999995708465576
Cora,0.3,2,0.2,9,0.053000032901763916
Cora,0.3,2,0.2,10,0.042999982833862305
Cora,0.3,2,0.3,0,0.06099998950958252
Cora,0.3,2,0.3,1,0.06300002336502075
Cora,0.3,2,0.3,2,0.053000032901763916
Cora,0.3,2,0.3,3,0.03600001335144043
Cora,0.3,2,0.3,4,0.046000003814697266
Cora,0.3,2,0.3,5,0.046000003814697266
Cora,0.3,2,0.3,6,0.03200000524520874
Cora,0.3,2,0.3,7,0.013999998569488525
Cora,0.3,2,0.3,8,0.017000019550323486
Cora,0.3,2,0.3,9,0.013000011444091797
Cora,0.3,2,0.3,10,0.018000006675720215
Cora,0.3,2,0.4,0,0.06599998474121094
Cora,0.3,2,0.4,1,0.03799998760223389
Cora,0.3,2,0.4,2,0.04000002145767212
Cora,0.3,2,0.4,3,0.03299999237060547
Cora,0.3,2,0.4,4,0.012000024318695068
Cora,0.3,2,0.4,5,0.021000027656555176
Cora,0.3,2,0.4,6,0.014999985694885254
Cora,0.3,2,0.4,7,0.008000016212463379
Cora,0.3,2,0.4,8,0.008000016212463379
Cora,0.3,2,0.4,9,0.014999985694885254
Cora,0.3,2,0.4,10,0.0
Cora,0.3,2,0.5,0,0.05500000715255737
Cora,0.3,2,0.5,1,0.046000003814697266
Cora,0.3,2,0.5,2,0.02399998903274536
Cora,0.3,2,0.5,3,0.02799999713897705
Cora,0.3,2,0.5,4,0.014999985694885254
Cora,0.3,2,0.5,5,0.0
Cora,0.3,2,0.5,6,0.0
Cora,0.3,2,0.5,7,0.0
Cora,0.3,2,0.5,8,0.0
Cora,0.3,2,0.5,9,0.001999974250793457
Cora,0.3,2,0.5,10,0.0
Cora,0.3,2,0.6,0,0.053000032901763916
Cora,0.3,2,0.6,1,0.03700000047683716
Cora,0.3,2,0.6,2,0.022000014781951904
Cora,0.3,2,0.6,3,0.014999985694885254
Cora,0.3,2,0.6,4,0.014999985694885254
Cora,0.3,2,0.6,5,0.0
Cora,0.3,2,0.6,6,0.0
Cora,0.3,2,0.6,7,0.0
Cora,0.3,2,0.6,8,0.0
Cora,0.3,2,0.6,9,0.0
Cora,0.3,2,0.6,10,0.0
Cora,0.3,2,0.7,0,0.06499999761581421
Cora,0.3,2,0.7,1,0.0339999794960022
Cora,0.3,2,0.7,2,0.008000016212463379
Cora,0.3,2,0.7,3,0.0
Cora,0.3,2,0.7,4,0.0
Cora,0.3,2,0.7,5,0.0
Cora,0.3,2,0.7,6,0.0
Cora,0.3,2,0.7,7,0.0
Cora,0.3,2,0.7,8,0.0
Cora,0.3,2,0.7,9,0.0
Cora,0.3,2,0.7,10,0.0
Cora,0.3,2,0.8,0,0.046999990940093994
Cora,0.3,2,0.8,1,0.02499997615814209
Cora,0.3,2,0.8,2,0.0
Cora,0.3,2,0.8,3,0.0
Cora,0.3,2,0.8,4,0.0
Cora,0.3,2,0.8,5,0.0
Cora,0.3,2,0.8,6,0.0
Cora,0.3,2,0.8,7,0.0
Cora,0.3,2,0.8,8,0.0
Cora,0.3,2,0.8,9,0.0
Cora,0.3,2,0.8,10,0.0
Cora,0.3,2,0.9,0,0.06700003147125244
Cora,0.3,2,0.9,1,0.0350000262260437
Cora,0.3,2,0.9,2,0.0
Cora,0.3,2,0.9,3,0.0
Cora,0.3,2,0.9,4,0.0
Cora,0.3,2,0.9,5,0.0
Cora,0.3,2,0.9,6,0.0
Cora,0.3,2,0.9,7,0.0
Cora,0.3,2,0.9,8,0.0
Cora,0.3,2,0.9,9,0.0
Cora,0.3,2,0.9,10,0.0
Cora,0.3,3,0.0,0,0.009000003337860107
Cora,0.3,3,0.0,1,0.041999995708465576
Cora,0.3,3,0.0,2,0.038999974727630615
Cora,0.3,3,0.0,3,0.035999953746795654
Cora,0.3,3,0.0,4,0.023000001907348633
Cora,0.3,3,0.0,5,0.046000003814697266
Cora,0.3,3,0.0,6,0.035999953746795654
Cora,0.3,3,0.0,7,0.009000003337860107
Cora,0.3,3,0.0,8,0.029999971389770508
Cora,0.3,3,0.0,9,0.023000001907348633
Cora,0.3,3,0.0,10,0.02899998426437378
Cora,0.3,3,0.1,0,-0.050000011920928955
Cora,0.3,3,0.1,1,0.007999956607818604
Cora,0.3,3,0.1,2,0.04399996995925903
Cora,0.3,3,0.1,3,0.02899998426437378
Cora,0.3,3,0.1,4,0.018999993801116943
Cora,0.3,3,0.1,5,0.02899998426437378
Cora,0.3,3,0.1,6,0.050999999046325684
Cora,0.3,3,0.1,7,0.02799999713897705
Cora,0.3,3,0.1,8,0.010999977588653564
Cora,0.3,3,0.1,9,0.006999969482421875
Cora,0.3,3,0.1,10,0.05699998140335083
Cora,0.3,3,0.2,0,0.0339999794960022
Cora,0.3,3,0.2,1,0.015999972820281982
Cora,0.3,3,0.2,2,0.042999982833862305
Cora,0.3,3,0.2,3,0.03200000524520874
Cora,0.3,3,0.2,4,0.009000003337860107
Cora,0.3,3,0.2,5,0.041999995708465576
Cora,0.3,3,0.2,6,0.009000003337860107
Cora,0.3,3,0.2,7,-0.00700002908706665
Cora,0.3,3,0.2,8,0.015999972820281982
Cora,0.3,3,0.2,9,-0.003000020980834961
Cora,0.3,3,0.2,10,0.001999974250793457
Cora,0.3,3,0.3,0,0.03799998760223389
Cora,0.3,3,0.3,1,0.03700000047683716
Cora,0.3,3,0.3,2,0.03299999237060547
Cora,0.3,3,0.3,3,0.03200000524520874
Cora,0.3,3,0.3,4,-0.0020000338554382324
Cora,0.3,3,0.3,5,0.011999964714050293
Cora,0.3,3,0.3,6,0.014999985694885254
Cora,0.3,3,0.3,7,0.012999951839447021
Cora,0.3,3,0.3,8,0.003999948501586914
Cora,0.3,3,0.3,9,0.0
Cora,0.3,3,0.3,10,0.0
Cora,0.3,3,0.4,0,-0.013999998569488525
Cora,0.3,3,0.4,1,0.011999964714050293
Cora,0.3,3,0.4,2,0.02199995517730713
Cora,0.3,3,0.4,3,0.010999977588653564
Cora,0.3,3,0.4,4,0.007999956607818604
Cora,0.3,3,0.4,5,-0.004999995231628418
Cora,0.3,3,0.4,6,0.0
Cora,0.3,3,0.4,7,0.0
Cora,0.3,3,0.4,8,0.0
Cora,0.3,3,0.4,9,-0.013999998569488525
Cora,0.3,3,0.4,10,-0.013999998569488525
Cora,0.3,3,0.5,0,0.015999972820281982
Cora,0.3,3,0.5,1,0.0209999680519104
Cora,0.3,3,0.5,2,0.01699995994567871
Cora,0.3,3,0.5,3,-0.008000016212463379
Cora,0.3,3,0.5,4,-0.0020000338554382324
Cora,0.3,3,0.5,5,0.0
Cora,0.3,3,0.5,6,-0.013999998569488525
Cora,0.3,3,0.5,7,0.0
Cora,0.3,3,0.5,8,0.0
Cora,0.3,3,0.5,9,0.0
Cora,0.3,3,0.5,10,0.0
Cora,0.3,3,0.6,0,0.050999999046325684
Cora,0.3,3,0.6,1,0.018999993801116943
Cora,0.3,3,0.6,2,0.019999980926513672
Cora,0.3,3,0.6,3,0.010999977588653564
Cora,0.3,3,0.6,4,0.0
Cora,0.3,3,0.6,5,0.0
Cora,0.3,3,0.6,6,0.0
Cora,0.3,3,0.6,7,0.0
Cora,0.3,3,0.6,8,0.0
Cora,0.3,3,0.6,9,0.0
Cora,0.3,3,0.6,10,0.0
Cora,0.3,3,0.7,0,0.0
Cora,0.3,3,0.7,1,0.007999956607818604
Cora,0.3,3,0.7,2,0.007999956607818604
Cora,0.3,3,0.7,3,0.0
Cora,0.3,3,0.7,4,0.0
Cora,0.3,3,0.7,5,0.0
Cora,0.3,3,0.7,6,0.0
Cora,0.3,3,0.7,7,0.0
Cora,0.3,3,0.7,8,0.0
Cora,0.3,3,0.7,9,0.0
Cora,0.3,3,0.7,10,0.0
Cora,0.3,3,0.8,0,0.02199995517730713
Cora,0.3,3,0.8,1,0.019999980926513672
Cora,0.3,3,0.8,2,0.0
Cora,0.3,3,0.8,3,0.0
Cora,0.3,3,0.8,4,0.0
Cora,0.3,3,0.8,5,0.0
Cora,0.3,3,0.8,6,0.0
Cora,0.3,3,0.8,7,0.0
Cora,0.3,3,0.8,8,0.0
Cora,0.3,3,0.8,9,0.0
Cora,0.3,3,0.8,10,0.0
Cora,0.3,3,0.9,0,0.05199998617172241
Cora,0.3,3,0.9,1,0.023000001907348633
Cora,0.3,3,0.9,2,0.0
Cora,0.3,3,0.9,3,0.0
Cora,0.3,3,0.9,4,0.0
Cora,0.3,3,0.9,5,0.0
Cora,0.3,3,0.9,6,0.0
Cora,0.3,3,0.9,7,0.0
Cora,0.3,3,0.9,8,0.0
Cora,0.3,3,0.9,9,0.0
Cora,0.3,3,0.9,10,0.0
Cora,0.3,4,0.0,0,0.009999990463256836
Cora,0.3,4,0.0,1,0.02399998903274536
Cora,0.3,4,0.0,2,0.058000028133392334
Cora,0.3,4,0.0,3,0.07700002193450928
Cora,0.3,4,0.0,4,0.046000003814697266
Cora,0.3,4,0.0,5,0.025000035762786865
Cora,0.3,4,0.0,6,0.009000003337860107
Cora,0.3,4,0.0,7,0.02799999713897705
Cora,0.3,4,0.0,8,-0.010999977588653564
Cora,0.3,4,0.0,9,0.018000006675720215
Cora,0.3,4,0.0,10,0.04400002956390381
Cora,0.3,4,0.1,0,0.02399998903274536
Cora,0.3,4,0.1,1,0.0350000262260437
Cora,0.3,4,0.1,2,0.030000030994415283
Cora,0.3,4,0.1,3,0.06099998950958252
Cora,0.3,4,0.1,4,0.046999990940093994
Cora,0.3,4,0.1,5,0.053000032901763916
Cora,0.3,4,0.1,6,0.0480000376701355
Cora,0.3,4,0.1,7,0.06400001049041748
Cora,0.3,4,0.1,8,0.0350000262260437
Cora,0.3,4,0.1,9,0.10000002384185791
Cora,0.3,4,0.1,10,0.0480000376701355
Cora,0.3,4,0.2,0,0.06200003623962402
Cora,0.3,4,0.2,1,0.04500001668930054
Cora,0.3,4,0.2,2,0.09299999475479126
Cora,0.3,4,0.2,3,0.013999998569488525
Cora,0.3,4,0.2,4,0.054000020027160645
Cora,0.3,4,0.2,5,0.046999990940093994
Cora,0.3,4,0.2,6,0.03700000047683716
Cora,0.3,4,0.2,7,0.017000019550323486
Cora,0.3,4,0.2,8,0.027000010013580322
Cora,0.3,4,0.2,9,0.020000040531158447
Cora,0.3,4,0.2,10,0.046000003814697266
Cora,0.3,4,0.3,0,0.041999995708465576
Cora,0.3,4,0.3,1,0.046000003814697266
Cora,0.3,4,0.3,2,0.03400003910064697
Cora,0.3,4,0.3,3,0.06000000238418579
Cora,0.3,4,0.3,4,0.020000040531158447
Cora,0.3,4,0.3,5,0.05200004577636719
Cora,0.3,4,0.3,6,0.020000040531158447
Cora,0.3,4,0.3,7,-0.0009999871253967285
Cora,0.3,4,0.3,8,0.013000011444091797
Cora,0.3,4,0.3,9,0.009000003337860107
Cora,0.3,4,0.3,10,-0.0009999871253967285
Cora,0.3,4,0.4,0,0.07100003957748413
Cora,0.3,4,0.4,1,0.03299999237060547
Cora,0.3,4,0.4,2,0.06400001049041748
Cora,0.3,4,0.4,3,0.009999990463256836
Cora,0.3,4,0.4,4,0.018999993801116943
Cora,0.3,4,0.4,5,0.008000016212463379
Cora,0.3,4,0.4,6,0.01100003719329834
Cora,0.3,4,0.4,7,0.009000003337860107
Cora,0.3,4,0.4,8,0.00700002908706665
Cora,0.3,4,0.4,9,0.009000003337860107
Cora,0.3,4,0.4,10,0.00700002908706665
Cora,0.3,4,0.5,0,0.04000002145767212
Cora,0.3,4,0.5,1,0.0480000376701355
Cora,0.3,4,0.5,2,0.03400003910064697
Cora,0.3,4,0.5,3,0.012000024318695068
Cora,0.3,4,0.5,4,0.009000003337860107
Cora,0.3,4,0.5,5,0.009000003337860107
Cora,0.3,4,0.5,6,0.00700002908706665
Cora,0.3,4,0.5,7,0.00700002908706665
Cora,0.3,4,0.5,8,0.009000003337860107
Cora,0.3,4,0.5,9,0.009000003337860107
Cora,0.3,4,0.5,10,0.009000003337860107
Cora,0.3,4,0.6,0,0.04100000858306885
Cora,0.3,4,0.6,1,0.026000022888183594
Cora,0.3,4,0.6,2,0.01500004529953003
Cora,0.3,4,0.6,3,0.009000003337860107
Cora,0.3,4,0.6,4,0.009000003337860107
Cora,0.3,4,0.6,5,0.009000003337860107
Cora,0.3,4,0.6,6,0.009000003337860107
Cora,0.3,4,0.6,7,0.009000003337860107
Cora,0.3,4,0.6,8,0.009000003337860107
Cora,0.3,4,0.6,9,0.009000003337860107
Cora,0.3,4,0.6,10,0.009000003337860107
Cora,0.3,4,0.7,0,0.06400001049041748
Cora,0.3,4,0.7,1,0.023000001907348633
Cora,0.3,4,0.7,2,0.00700002908706665
Cora,0.3,4,0.7,3,0.00700002908706665
Cora,0.3,4,0.7,4,0.00700002908706665
Cora,0.3,4,0.7,5,0.00700002908706665
Cora,0.3,4,0.7,6,0.00700002908706665
Cora,0.3,4,0.7,7,0.00700002908706665
Cora,0.3,4,0.7,8,0.00700002908706665
Cora,0.3,4,0.7,9,0.00700002908706665
Cora,0.3,4,0.7,10,0.00700002908706665
Cora,0.3,4,0.8,0,0.04000002145767212
Cora,0.3,4,0.8,1,0.016000032424926758
Cora,0.3,4,0.8,2,0.00700002908706665
Cora,0.3,4,0.8,3,0.00700002908706665
Cora,0.3,4,0.8,4,0.00700002908706665
Cora,0.3,4,0.8,5,0.00700002908706665
Cora,0.3,4,0.8,6,0.00700002908706665
Cora,0.3,4,0.8,7,0.00700002908706665
Cora,0.3,4,0.8,8,0.00700002908706665
Cora,0.3,4,0.8,9,0.00700002908706665
Cora,0.3,4,0.8,10,0.00700002908706665
Cora,0.3,4,0.9,0,0.023000001907348633
Cora,0.3,4,0.9,1,0.00700002908706665
Cora,0.3,4,0.9,2,0.00700002908706665
Cora,0.3,4,0.9,3,0.008000016212463379
Cora,0.3,4,0.9,4,0.008000016212463379
Cora,0.3,4,0.9,5,0.004999995231628418
Cora,0.3,4,0.9,6,0.004999995231628418
Cora,0.3,4,0.9,7,0.008000016212463379
Cora,0.3,4,0.9,8,0.008000016212463379
Cora,0.3,4,0.9,9,0.0
Cora,0.3,4,0.9,10,0.004999995231628418
Cora,0.3,5,0.0,0,-0.011999964714050293
Cora,0.3,5,0.0,1,0.022000014781951904
Cora,0.3,5,0.0,2,-0.02799999713897705
Cora,0.3,5,0.0,3,0.03600001335144043
Cora,0.3,5,0.0,4,-0.0040000081062316895
Cora,0.3,5,0.0,5,-0.011999964714050293
Cora,0.3,5,0.0,6,-0.013999998569488525
Cora,0.3,5,0.0,7,0.013999998569488525
Cora,0.3,5,0.0,8,0.027000010013580322
Cora,0.3,5,0.0,9,0.03200000524520874
Cora,0.3,5,0.0,10,0.018999993801116943
Cora,0.3,5,0.1,0,0.01100003719329834
Cora,0.3,5,0.1,1,0.050000011920928955
Cora,0.3,5,0.1,2,0.046000003814697266
Cora,0.3,5,0.1,3,0.03200000524520874
Cora,0.3,5,0.1,4,0.029000043869018555
Cora,0.3,5,0.1,5,0.03700000047683716
Cora,0.3,5,0.1,6,0.04100000858306885
Cora,0.3,5,0.1,7,0.030000030994415283
Cora,0.3,5,0.1,8,0.021000027656555176
Cora,0.3,5,0.1,9,0.053000032901763916
Cora,0.3,5,0.1,10,0.06000000238418579
Cora,0.3,5,0.2,0,0.021000027656555176
Cora,0.3,5,0.2,1,0.03700000047683716
Cora,0.3,5,0.2,2,0.02799999713897705
Cora,0.3,5,0.2,3,0.06000000238418579
Cora,0.3,5,0.2,4,0.021000027656555176
Cora,0.3,5,0.2,5,0.023000001907348633
Cora,0.3,5,0.2,6,0.018999993801116943
Cora,0.3,5,0.2,7,0.01100003719329834
Cora,0.3,5,0.2,8,0.006000041961669922
Cora,0.3,5,0.2,9,0.009000003337860107
Cora,0.3,5,0.2,10,0.018999993801116943
Cora,0.3,5,0.3,0,0.02399998903274536
Cora,0.3,5,0.3,1,-0.001999974250793457
Cora,0.3,5,0.3,2,0.027000010013580322
Cora,0.3,5,0.3,3,0.03600001335144043
Cora,0.3,5,0.3,4,0.017000019550323486
Cora,0.3,5,0.3,5,0.017000019550323486
Cora,0.3,5,0.3,6,0.0040000081062316895
Cora,0.3,5,0.3,7,0.014999985694885254
Cora,0.3,5,0.3,8,0.006000041961669922
Cora,0.3,5,0.3,9,0.0040000081062316895
Cora,0.3,5,0.3,10,0.006000041961669922
Cora,0.3,5,0.4,0,0.03799998760223389
Cora,0.3,5,0.4,1,0.01100003719329834
Cora,0.3,5,0.4,2,0.012000024318695068
Cora,0.3,5,0.4,3,0.012000024318695068
Cora,0.3,5,0.4,4,0.01100003719329834
Cora,0.3,5,0.4,5,0.0040000081062316895
Cora,0.3,5,0.4,6,0.014999985694885254
Cora,0.3,5,0.4,7,0.006000041961669922
Cora,0.3,5,0.4,8,0.006000041961669922
Cora,0.3,5,0.4,9,0.006000041961669922
Cora,0.3,5,0.4,10,0.006000041961669922
Cora,0.3,5,0.5,0,0.00700002908706665
Cora,0.3,5,0.5,1,0.018999993801116943
Cora,0.3,5,0.5,2,0.0040000081062316895
Cora,0.3,5,0.5,3,0.004999995231628418
Cora,0.3,5,0.5,4,0.006000041961669922
Cora,0.3,5,0.5,5,0.014999985694885254
Cora,0.3,5,0.5,6,0.0
Cora,0.3,5,0.5,7,0.0
Cora,0.3,5,0.5,8,0.0
Cora,0.3,5,0.5,9,0.0
Cora,0.3,5,0.5,10,0.0
Cora,0.3,5,0.6,0,0.017000019550323486
Cora,0.3,5,0.6,1,0.004999995231628418
Cora,0.3,5,0.6,2,0.01100003719329834
Cora,0.3,5,0.6,3,0.0
Cora,0.3,5,0.6,4,0.0
Cora,0.3,5,0.6,5,0.0
Cora,0.3,5,0.6,6,0.0
Cora,0.3,5,0.6,7,0.0
Cora,0.3,5,0.6,8,0.0
Cora,0.3,5,0.6,9,0.0
Cora,0.3,5,0.6,10,0.0
Cora,0.3,5,0.7,0,0.04400002956390381
Cora,0.3,5,0.7,1,0.012000024318695068
Cora,0.3,5,0.7,2,0.01100003719329834
Cora,0.3,5,0.7,3,0.0
Cora,0.3,5,0.7,4,0.0
Cora,0.3,5,0.7,5,0.0
Cora,0.3,5,0.7,6,0.0
Cora,0.3,5,0.7,7,0.0
Cora,0.3,5,0.7,8,0.0
Cora,0.3,5,0.7,9,0.0
Cora,0.3,5,0.7,10,0.0
Cora,0.3,5,0.8,0,0.017000019550323486
Cora,0.3,5,0.8,1,0.009999990463256836
Cora,0.3,5,0.8,2,0.0
Cora,0.3,5,0.8,3,0.0
Cora,0.3,5,0.8,4,0.0
Cora,0.3,5,0.8,5,0.0
Cora,0.3,5,0.8,6,0.0
Cora,0.3,5,0.8,7,0.0
Cora,0.3,5,0.8,8,0.0
Cora,0.3,5,0.8,9,0.0
Cora,0.3,5,0.8,10,0.0
Cora,0.3,5,0.9,0,0.017000019550323486
Cora,0.3,5,0.9,1,-0.001999974250793457
Cora,0.3,5,0.9,2,0.0
Cora,0.3,5,0.9,3,0.0
Cora,0.3,5,0.9,4,0.0
Cora,0.3,5,0.9,5,0.0
Cora,0.3,5,0.9,6,0.0
Cora,0.3,5,0.9,7,0.0
Cora,0.3,5,0.9,8,0.0
Cora,0.3,5,0.9,9,0.0
Cora,0.3,5,0.9,10,0.0
Cora,0.3,6,0.0,0,0.053000032901763916
Cora,0.3,6,0.0,1,0.016000032424926758
Cora,0.3,6,0.0,2,0.08500003814697266
Cora,0.3,6,0.0,3,0.04900002479553223
Cora,0.3,6,0.0,4,0.08500003814697266
Cora,0.3,6,0.0,5,0.046000003814697266
Cora,0.3,6,0.0,6,0.05100005865097046
Cora,0.3,6,0.0,7,0.06800001859664917
Cora,0.3,6,0.0,8,0.06800001859664917
Cora,0.3,6,0.0,9,0.046000003814697266
Cora,0.3,6,0.0,10,0.09300005435943604
Cora,0.3,6,0.1,0,0.06300002336502075
Cora,0.3,6,0.1,1,0.06800001859664917
Cora,0.3,6,0.1,2,0.1040000319480896
Cora,0.3,6,0.1,3,0.09600001573562622
Cora,0.3,6,0.1,4,0.08800005912780762
Cora,0.3,6,0.1,5,0.07100003957748413
Cora,0.3,6,0.1,6,0.07900005578994751
Cora,0.3,6,0.1,7,0.06200003623962402
Cora,0.3,6,0.1,8,0.0910000205039978
Cora,0.3,6,0.1,9,0.06200003623962402
Cora,0.3,6,0.1,10,0.07500004768371582
Cora,0.3,6,0.2,0,0.028000056743621826
Cora,0.3,6,0.2,1,0.050000011920928955
Cora,0.3,6,0.2,2,0.06500005722045898
Cora,0.3,6,0.2,3,0.061000049114227295
Cora,0.3,6,0.2,4,0.028000056743621826
Cora,0.3,6,0.2,5,0.058000028133392334
Cora,0.3,6,0.2,6,0.005000054836273193
Cora,0.3,6,0.2,7,0.03700000047683716
Cora,0.3,6,0.2,8,0.04200005531311035
Cora,0.3,6,0.2,9,0.0040000081062316895
Cora,0.3,6,0.2,10,0.003000020980834961
Cora,0.3,6,0.3,0,0.06800001859664917
Cora,0.3,6,0.3,1,0.05100005865097046
Cora,0.3,6,0.3,2,0.04300004243850708
Cora,0.3,6,0.3,3,0.058000028133392334
Cora,0.3,6,0.3,4,0.03200000524520874
Cora,0.3,6,0.3,5,-0.008999943733215332
Cora,0.3,6,0.3,6,-0.007999956607818604
Cora,0.3,6,0.3,7,-0.0009999871253967285
Cora,0.3,6,0.3,8,0.018000006675720215
Cora,0.3,6,0.3,9,0.013000011444091797
Cora,0.3,6,0.3,10,-0.007999956607818604
Cora,0.3,6,0.4,0,-0.007999956607818604
Cora,0.3,6,0.4,1,0.03800004720687866
Cora,0.3,6,0.4,2,0.026000022888183594
Cora,0.3,6,0.4,3,-0.010999977588653564
Cora,0.3,6,0.4,4,-0.004999995231628418
Cora,0.3,6,0.4,5,-0.0009999871253967285
Cora,0.3,6,0.4,6,0.005000054836273193
Cora,0.3,6,0.4,7,0.005000054836273193
Cora,0.3,6,0.4,8,0.005000054836273193
Cora,0.3,6,0.4,9,0.005000054836273193
Cora,0.3,6,0.4,10,-0.0009999871253967285
Cora,0.3,6,0.5,0,0.09500002861022949
Cora,0.3,6,0.5,1,0.023000001907348633
Cora,0.3,6,0.5,2,-0.01799994707107544
Cora,0.3,6,0.5,3,-0.0059999823570251465
Cora,0.3,6,0.5,4,0.005000054836273193
Cora,0.3,6,0.5,5,0.005000054836273193
Cora,0.3,6,0.5,6,0.005000054836273193
Cora,0.3,6,0.5,7,0.005000054836273193
Cora,0.3,6,0.5,8,0.022000014781951904
Cora,0.3,6,0.5,9,0.005000054836273193
Cora,0.3,6,0.5,10,0.005000054836273193
Cora,0.3,6,0.6,0,0.0480000376701355
Cora,0.3,6,0.6,1,0.033000051975250244
Cora,0.3,6,0.6,2,0.006000041961669922
Cora,0.3,6,0.6,3,0.005000054836273193
Cora,0.3,6,0.6,4,0.005000054836273193
Cora,0.3,6,0.6,5,0.005000054836273193
Cora,0.3,6,0.6,6,0.003000020980834961
Cora,0.3,6,0.6,7,0.003000020980834961
Cora,0.3,6,0.6,8,0.003000020980834961
Cora,0.3,6,0.6,9,0.0
Cora,0.3,6,0.6,10,0.003000020980834961
Cora,0.3,6,0.7,0,0.01500004529953003
Cora,0.3,6,0.7,1,0.03700000047683716
Cora,0.3,6,0.7,2,-0.004999995231628418
Cora,0.3,6,0.7,3,0.003000020980834961
Cora,0.3,6,0.7,4,0.003000020980834961
Cora,0.3,6,0.7,5,0.003000020980834961
Cora,0.3,6,0.7,6,0.003000020980834961
Cora,0.3,6,0.7,7,0.0
Cora,0.3,6,0.7,8,0.003000020980834961
Cora,0.3,6,0.7,9,0.0
Cora,0.3,6,0.7,10,0.003000020980834961
Cora,0.3,6,0.8,0,0.04900002479553223
Cora,0.3,6,0.8,1,-0.001999974250793457
Cora,0.3,6,0.8,2,0.001000046730041504
Cora,0.3,6,0.8,3,0.0
Cora,0.3,6,0.8,4,0.003000020980834961
Cora,0.3,6,0.8,5,0.003000020980834961
Cora,0.3,6,0.8,6,0.0
Cora,0.3,6,0.8,7,0.003000020980834961
Cora,0.3,6,0.8,8,0.001000046730041504
Cora,0.3,6,0.8,9,0.001000046730041504
Cora,0.3,6,0.8,10,0.001000046730041504
Cora,0.3,6,0.9,0,0.04400002956390381
Cora,0.3,6,0.9,1,-0.003999948501586914
Cora,0.3,6,0.9,2,0.003000020980834961
Cora,0.3,6,0.9,3,0.003000020980834961
Cora,0.3,6,0.9,4,0.003000020980834961
Cora,0.3,6,0.9,5,0.0
Cora,0.3,6,0.9,6,0.0
Cora,0.3,6,0.9,7,0.0
Cora,0.3,6,0.9,8,0.0
Cora,0.3,6,0.9,9,0.0
Cora,0.3,6,0.9,10,0.0
Cora,0.3,7,0.0,0,0.006000041961669922
Cora,0.3,7,0.0,1,0.008000016212463379
Cora,0.3,7,0.0,2,0.0020000338554382324
Cora,0.3,7,0.0,3,0.018000006675720215
Cora,0.3,7,0.0,4,0.008000016212463379
Cora,0.3,7,0.0,5,-0.018000006675720215
Cora,0.3,7,0.0,6,0.022000014781951904
Cora,0.3,7,0.0,7,0.023000001907348633
Cora,0.3,7,0.0,8,0.023000001907348633
Cora,0.3,7,0.0,9,-0.03200000524520874
Cora,0.3,7,0.0,10,0.01100003719329834
Cora,0.3,7,0.1,0,0.0040000081062316895
Cora,0.3,7,0.1,1,0.003000020980834961
Cora,0.3,7,0.1,2,0.009000003337860107
Cora,0.3,7,0.1,3,-0.022000014781951904
Cora,0.3,7,0.1,4,-0.0209999680519104
Cora,0.3,7,0.1,5,0.006000041961669922
Cora,0.3,7,0.1,6,-0.0209999680519104
Cora,0.3,7,0.1,7,-0.018000006675720215
Cora,0.3,7,0.1,8,-0.030999958515167236
Cora,0.3,7,0.1,9,-0.0040000081062316895
Cora,0.3,7,0.1,10,-0.03600001335144043
Cora,0.3,7,0.2,0,-0.018999993801116943
Cora,0.3,7,0.2,1,-0.029999971389770508
Cora,0.3,7,0.2,2,-0.030999958515167236
Cora,0.3,7,0.2,3,-0.009999990463256836
Cora,0.3,7,0.2,4,-0.029999971389770508
Cora,0.3,7,0.2,5,-0.03600001335144043
Cora,0.3,7,0.2,6,-0.050999999046325684
Cora,0.3,7,0.2,7,-0.0059999823570251465
Cora,0.3,7,0.2,8,0.0020000338554382324
Cora,0.3,7,0.2,9,0.0020000338554382324
Cora,0.3,7,0.2,10,-0.008000016212463379
Cora,0.3,7,0.3,0,-0.018000006675720215
Cora,0.3,7,0.3,1,-0.010999977588653564
Cora,0.3,7,0.3,2,-0.034999966621398926
Cora,0.3,7,0.3,3,-0.04899996519088745
Cora,0.3,7,0.3,4,-0.0009999871253967285
Cora,0.3,7,0.3,5,0.0
Cora,0.3,7,0.3,6,0.0
Cora,0.3,7,0.3,7,0.0
Cora,0.3,7,0.3,8,0.0
Cora,0.3,7,0.3,9,-0.0009999871253967285
Cora,0.3,7,0.3,10,0.0
Cora,0.3,7,0.4,0,-0.006999969482421875
Cora,0.3,7,0.4,1,0.0009999871253967285
Cora,0.3,7,0.4,2,0.013999998569488525
Cora,0.3,7,0.4,3,-0.006999969482421875
Cora,0.3,7,0.4,4,0.0
Cora,0.3,7,0.4,5,0.0
Cora,0.3,7,0.4,6,0.0
Cora,0.3,7,0.4,7,0.0
Cora,0.3,7,0.4,8,0.0
Cora,0.3,7,0.4,9,0.0
Cora,0.3,7,0.4,10,-0.0009999871253967285
Cora,0.3,7,0.5,0,-0.009999990463256836
Cora,0.3,7,0.5,1,-0.013999998569488525
Cora,0.3,7,0.5,2,0.0
Cora,0.3,7,0.5,3,-0.0029999613761901855
Cora,0.3,7,0.5,4,0.0
Cora,0.3,7,0.5,5,0.0
Cora,0.3,7,0.5,6,0.0
Cora,0.3,7,0.5,7,-0.0009999871253967285
Cora,0.3,7,0.5,8,0.0
Cora,0.3,7,0.5,9,0.0
Cora,0.3,7,0.5,10,0.0
Cora,0.3,7,0.6,0,-0.0209999680519104
Cora,0.3,7,0.6,1,-0.01699995994567871
Cora,0.3,7,0.6,2,-0.006999969482421875
Cora,0.3,7,0.6,3,0.0
Cora,0.3,7,0.6,4,0.0
Cora,0.3,7,0.6,5,0.0
Cora,0.3,7,0.6,6,0.0
Cora,0.3,7,0.6,7,0.0
Cora,0.3,7,0.6,8,0.0
Cora,0.3,7,0.6,9,0.0
Cora,0.3,7,0.6,10,0.0
Cora,0.3,7,0.7,0,-0.03700000047683716
Cora,0.3,7,0.7,1,0.0
Cora,0.3,7,0.7,2,-0.0029999613761901855
Cora,0.3,7,0.7,3,0.0
Cora,0.3,7,0.7,4,0.0
Cora,0.3,7,0.7,5,0.0
Cora,0.3,7,0.7,6,0.0
Cora,0.3,7,0.7,7,0.0
Cora,0.3,7,0.7,8,0.0
Cora,0.3,7,0.7,9,0.0
Cora,0.3,7,0.7,10,0.0
Cora,0.3,7,0.8,0,-0.019999980926513672
Cora,0.3,7,0.8,1,-0.0029999613761901855
Cora,0.3,7,0.8,2,-0.0029999613761901855
Cora,0.3,7,0.8,3,0.0
Cora,0.3,7,0.8,4,0.0
Cora,0.3,7,0.8,5,0.0
Cora,0.3,7,0.8,6,0.0
Cora,0.3,7,0.8,7,0.0
Cora,0.3,7,0.8,8,0.0
Cora,0.3,7,0.8,9,0.0
Cora,0.3,7,0.8,10,0.0
Cora,0.3,7,0.9,0,-0.03200000524520874
Cora,0.3,7,0.9,1,-0.0029999613761901855
Cora,0.3,7,0.9,2,0.0
Cora,0.3,7,0.9,3,0.0
Cora,0.3,7,0.9,4,0.0
Cora,0.3,7,0.9,5,0.0
Cora,0.3,7,0.9,6,0.0
Cora,0.3,7,0.9,7,0.0
Cora,0.3,7,0.9,8,0.0
Cora,0.3,7,0.9,9,0.0
Cora,0.3,7,0.9,10,0.0
Cora,0.3,8,0.0,0,0.030999958515167236
Cora,0.3,8,0.0,1,-0.017000019550323486
Cora,0.3,8,0.0,2,0.010999977588653564
Cora,0.3,8,0.0,3,0.05699998140335083
Cora,0.3,8,0.0,4,0.006999969482421875
Cora,0.3,8,0.0,5,-0.025000035762786865
Cora,0.3,8,0.0,6,-0.027000010013580322
Cora,0.3,8,0.0,7,0.04799997806549072
Cora,0.3,8,0.0,8,0.014999985694885254
Cora,0.3,8,0.0,9,0.007999956607818604
Cora,0.3,8,0.0,10,-0.010000050067901611
Cora,0.3,8,0.1,0,0.07799994945526123
Cora,0.3,8,0.1,1,-0.0480000376701355
Cora,0.3,8,0.1,2,0.02599996328353882
Cora,0.3,8,0.1,3,0.07499998807907104
Cora,0.3,8,0.1,4,0.09299999475479126
Cora,0.3,8,0.1,5,0.07199996709823608
Cora,0.3,8,0.1,6,0.0639999508857727
Cora,0.3,8,0.1,7,0.0339999794960022
Cora,0.3,8,0.1,8,0.09599995613098145
Cora,0.3,8,0.1,9,0.07599997520446777
Cora,0.3,8,0.1,10,0.09700000286102295
Cora,0.3,8,0.2,0,0.019999980926513672
Cora,0.3,8,0.2,1,0.0769999623298645
Cora,0.3,8,0.2,2,0.09099996089935303
Cora,0.3,8,0.2,3,0.06599998474121094
Cora,0.3,8,0.2,4,0.05500000715255737
Cora,0.3,8,0.2,5,0.04399996995925903
Cora,0.3,8,0.2,6,-0.004999995231628418
Cora,0.3,8,0.2,7,0.01699995994567871
Cora,0.3,8,0.2,8,0.006999969482421875
Cora,0.3,8,0.2,9,-0.010000050067901611
Cora,0.3,8,0.2,10,0.01799994707107544
Cora,0.3,8,0.3,0,0.08399999141693115
Cora,0.3,8,0.3,1,0.07999998331069946
Cora,0.3,8,0.3,2,0.04799997806549072
Cora,0.3,8,0.3,3,0.009000003337860107
Cora,0.3,8,0.3,4,0.018999993801116943
Cora,0.3,8,0.3,5,-0.006000041961669922
Cora,0.3,8,0.3,6,0.0059999823570251465
Cora,0.3,8,0.3,7,0.0
Cora,0.3,8,0.3,8,0.004999995231628418
Cora,0.3,8,0.3,9,0.0
Cora,0.3,8,0.3,10,0.0
Cora,0.3,8,0.4,0,0.0769999623298645
Cora,0.3,8,0.4,1,0.029999971389770508
Cora,0.3,8,0.4,2,0.01699995994567871
Cora,0.3,8,0.4,3,0.011999964714050293
Cora,0.3,8,0.4,4,-0.006000041961669922
Cora,0.3,8,0.4,5,0.001999974250793457
Cora,0.3,8,0.4,6,0.004999995231628418
Cora,0.3,8,0.4,7,0.001999974250793457
Cora,0.3,8,0.4,8,0.001999974250793457
Cora,0.3,8,0.4,9,0.001999974250793457
Cora,0.3,8,0.4,10,0.001999974250793457
Cora,0.3,8,0.5,0,0.009000003337860107
Cora,0.3,8,0.5,1,0.02899998426437378
Cora,0.3,8,0.5,2,0.0
Cora,0.3,8,0.5,3,0.014999985694885254
Cora,0.3,8,0.5,4,-0.0040000081062316895
Cora,0.3,8,0.5,5,0.001999974250793457
Cora,0.3,8,0.5,6,0.001999974250793457
Cora,0.3,8,0.5,7,0.001999974250793457
Cora,0.3,8,0.5,8,0.001999974250793457
Cora,0.3,8,0.5,9,0.001999974250793457
Cora,0.3,8,0.5,10,0.001999974250793457
Cora,0.3,8,0.6,0,0.05500000715255737
Cora,0.3,8,0.6,1,0.006999969482421875
Cora,0.3,8,0.6,2,0.0029999613761901855
Cora,0.3,8,0.6,3,-0.0040000081062316895
Cora,0.3,8,0.6,4,0.001999974250793457
Cora,0.3,8,0.6,5,0.001999974250793457
Cora,0.3,8,0.6,6,0.001999974250793457
Cora,0.3,8,0.6,7,0.001999974250793457
Cora,0.3,8,0.6,8,0.001999974250793457
Cora,0.3,8,0.6,9,0.001999974250793457
Cora,0.3,8,0.6,10,0.001999974250793457
Cora,0.3,8,0.7,0,-0.018000006675720215
Cora,0.3,8,0.7,1,0.0
Cora,0.3,8,0.7,2,0.0009999871253967285
Cora,0.3,8,0.7,3,0.001999974250793457
Cora,0.3,8,0.7,4,0.001999974250793457
Cora,0.3,8,0.7,5,0.001999974250793457
Cora,0.3,8,0.7,6,0.001999974250793457
Cora,0.3,8,0.7,7,0.001999974250793457
Cora,0.3,8,0.7,8,0.001999974250793457
Cora,0.3,8,0.7,9,0.001999974250793457
Cora,0.3,8,0.7,10,0.001999974250793457
Cora,0.3,8,0.8,0,0.04899996519088745
Cora,0.3,8,0.8,1,0.0
Cora,0.3,8,0.8,2,0.001999974250793457
Cora,0.3,8,0.8,3,0.0009999871253967285
Cora,0.3,8,0.8,4,0.001999974250793457
Cora,0.3,8,0.8,5,0.0
Cora,0.3,8,0.8,6,0.0009999871253967285
Cora,0.3,8,0.8,7,0.0009999871253967285
Cora,0.3,8,0.8,8,0.0009999871253967285
Cora,0.3,8,0.8,9,0.0009999871253967285
Cora,0.3,8,0.8,10,0.0009999871253967285
Cora,0.3,8,0.9,0,0.01799994707107544
Cora,0.3,8,0.9,1,0.0009999871253967285
Cora,0.3,8,0.9,2,0.0
Cora,0.3,8,0.9,3,0.0009999871253967285
Cora,0.3,8,0.9,4,0.0009999871253967285
Cora,0.3,8,0.9,5,0.0
Cora,0.3,8,0.9,6,0.0
Cora,0.3,8,0.9,7,0.0
Cora,0.3,8,0.9,8,0.0009999871253967285
Cora,0.3,8,0.9,9,0.0009999871253967285
Cora,0.3,8,0.9,10,0.0009999871253967285
Cora,0.3,9,0.0,0,0.058000028133392334
Cora,0.3,9,0.0,1,0.11400002241134644
Cora,0.3,9,0.0,2,0.07999998331069946
Cora,0.3,9,0.0,3,0.06099998950958252
Cora,0.3,9,0.0,4,0.09500002861022949
Cora,0.3,9,0.0,5,0.04100000858306885
Cora,0.3,9,0.0,6,0.09799998998641968
Cora,0.3,9,0.0,7,0.053000032901763916
Cora,0.3,9,0.0,8,0.09200000762939453
Cora,0.3,9,0.0,9,0.0559999942779541
Cora,0.3,9,0.0,10,0.1029999852180481
Cora,0.3,9,0.1,0,0.09000003337860107
Cora,0.3,9,0.1,1,0.04000002145767212
Cora,0.3,9,0.1,2,0.06000000238418579
Cora,0.3,9,0.1,3,0.07999998331069946
Cora,0.3,9,0.1,4,0.09399998188018799
Cora,0.3,9,0.1,5,0.05699998140335083
Cora,0.3,9,0.1,6,0.06499999761581421
Cora,0.3,9,0.1,7,0.06199997663497925
Cora,0.3,9,0.1,8,0.06700003147125244
Cora,0.3,9,0.1,9,0.046999990940093994
Cora,0.3,9,0.1,10,0.06499999761581421
Cora,0.3,9,0.2,0,0.07499998807907104
Cora,0.3,9,0.2,1,0.04500001668930054
Cora,0.3,9,0.2,2,0.046999990940093994
Cora,0.3,9,0.2,3,0.05199998617172241
Cora,0.3,9,0.2,4,0.054000020027160645
Cora,0.3,9,0.2,5,0.05699998140335083
Cora,0.3,9,0.2,6,0.03100001811981201
Cora,0.3,9,0.2,7,0.046000003814697266
Cora,0.3,9,0.2,8,0.041999995708465576
Cora,0.3,9,0.2,9,0.038999974727630615
Cora,0.3,9,0.2,10,0.03799998760223389
Cora,0.3,9,0.3,0,0.07099997997283936
Cora,0.3,9,0.3,1,0.06400001049041748
Cora,0.3,9,0.3,2,0.02399998903274536
Cora,0.3,9,0.3,3,0.019999980926513672
Cora,0.3,9,0.3,4,0.03100001811981201
Cora,0.3,9,0.3,5,0.018999993801116943
Cora,0.3,9,0.3,6,0.0059999823570251465
Cora,0.3,9,0.3,7,-0.001999974250793457
Cora,0.3,9,0.3,8,0.022000014781951904
Cora,0.3,9,0.3,9,0.001999974250793457
Cora,0.3,9,0.3,10,-0.008000016212463379
Cora,0.3,9,0.4,0,0.038999974727630615
Cora,0.3,9,0.4,1,0.03100001811981201
Cora,0.3,9,0.4,2,0.013999998569488525
Cora,0.3,9,0.4,3,0.018000006675720215
Cora,0.3,9,0.4,4,0.012000024318695068
Cora,0.3,9,0.4,5,0.001999974250793457
Cora,0.3,9,0.4,6,-0.008000016212463379
Cora,0.3,9,0.4,7,-0.0009999871253967285
Cora,0.3,9,0.4,8,-0.0009999871253967285
Cora,0.3,9,0.4,9,-0.0009999871253967285
Cora,0.3,9,0.4,10,-0.0009999871253967285
Cora,0.3,9,0.5,0,0.06099998950958252
Cora,0.3,9,0.5,1,0.016000032424926758
Cora,0.3,9,0.5,2,0.017000019550323486
Cora,0.3,9,0.5,3,0.0009999871253967285
Cora,0.3,9,0.5,4,-0.008000016212463379
Cora,0.3,9,0.5,5,-0.0009999871253967285
Cora,0.3,9,0.5,6,-0.0009999871253967285
Cora,0.3,9,0.5,7,-0.0009999871253967285
Cora,0.3,9,0.5,8,-0.0009999871253967285
Cora,0.3,9,0.5,9,-0.0009999871253967285
Cora,0.3,9,0.5,10,-0.0009999871253967285
Cora,0.3,9,0.6,0,0.06499999761581421
Cora,0.3,9,0.6,1,0.02399998903274536
Cora,0.3,9,0.6,2,0.003000020980834961
Cora,0.3,9,0.6,3,-0.001999974250793457
Cora,0.3,9,0.6,4,-0.0009999871253967285
Cora,0.3,9,0.6,5,-0.0009999871253967285
Cora,0.3,9,0.6,6,-0.0009999871253967285
Cora,0.3,9,0.6,7,-0.0009999871253967285
Cora,0.3,9,0.6,8,-0.0009999871253967285
Cora,0.3,9,0.6,9,-0.0009999871253967285
Cora,0.3,9,0.6,10,-0.0009999871253967285
Cora,0.3,9,0.7,0,0.06700003147125244
Cora,0.3,9,0.7,1,0.0
Cora,0.3,9,0.7,2,0.019999980926513672
Cora,0.3,9,0.7,3,-0.008000016212463379
Cora,0.3,9,0.7,4,-0.0009999871253967285
Cora,0.3,9,0.7,5,-0.0040000081062316895
Cora,0.3,9,0.7,6,-0.0040000081062316895
Cora,0.3,9,0.7,7,-0.0040000081062316895
Cora,0.3,9,0.7,8,-0.0040000081062316895
Cora,0.3,9,0.7,9,0.0
Cora,0.3,9,0.7,10,-0.0009999871253967285
Cora,0.3,9,0.8,0,0.0350000262260437
Cora,0.3,9,0.8,1,0.0009999871253967285
Cora,0.3,9,0.8,2,0.0009999871253967285
Cora,0.3,9,0.8,3,0.0
Cora,0.3,9,0.8,4,0.0
Cora,0.3,9,0.8,5,0.0
Cora,0.3,9,0.8,6,-0.0040000081062316895
Cora,0.3,9,0.8,7,0.0
Cora,0.3,9,0.8,8,-0.0040000081062316895
Cora,0.3,9,0.8,9,-0.0040000081062316895
Cora,0.3,9,0.8,10,-0.0040000081062316895
Cora,0.3,9,0.9,0,0.023000001907348633
Cora,0.3,9,0.9,1,0.0009999871253967285
Cora,0.3,9,0.9,2,-0.0040000081062316895
Cora,0.3,9,0.9,3,0.0
Cora,0.3,9,0.9,4,0.0
Cora,0.3,9,0.9,5,0.0
Cora,0.3,9,0.9,6,0.0
Cora,0.3,9,0.9,7,0.0
Cora,0.3,9,0.9,8,0.0
Cora,0.3,9,0.9,9,0.0
Cora,0.3,9,0.9,10,0.0
Cora,0.4,0,0.0,0,0.10600003600120544
Cora,0.4,0,0.0,1,0.05600002408027649
Cora,0.4,0,0.0,2,0.12400004267692566
Cora,0.4,0,0.0,3,0.11300000548362732
Cora,0.4,0,0.0,4,0.08000001311302185
Cora,0.4,0,0.0,5,0.07500001788139343
Cora,0.4,0,0.0,6,0.05399999022483826
Cora,0.4,0,0.0,7,0.05500003695487976
Cora,0.4,0,0.0,8,0.085999995470047
Cora,0.4,0,0.0,9,0.1459999978542328
Cora,0.4,0,0.0,10,0.0729999840259552
Cora,0.4,0,0.1,0,0.10300001502037048
Cora,0.4,0,0.1,1,0.0780000388622284
Cora,0.4,0,0.1,2,0.07600000500679016
Cora,0.4,0,0.1,3,0.06000003218650818
Cora,0.4,0,0.1,4,0.09400001168251038
Cora,0.4,0,0.1,5,0.09800001978874207
Cora,0.4,0,0.1,6,0.0729999840259552
Cora,0.4,0,0.1,7,0.09599998593330383
Cora,0.4,0,0.1,8,0.09999999403953552
Cora,0.4,0,0.1,9,0.10499998927116394
Cora,0.4,0,0.1,10,0.10400000214576721
Cora,0.4,0,0.2,0,0.12000003457069397
Cora,0.4,0,0.2,1,0.08100000023841858
Cora,0.4,0,0.2,2,0.09300002455711365
Cora,0.4,0,0.2,3,0.10100004076957703
Cora,0.4,0,0.2,4,0.04899999499320984
Cora,0.4,0,0.2,5,0.0729999840259552
Cora,0.4,0,0.2,6,0.05700001120567322
Cora,0.4,0,0.2,7,0.02400001883506775
Cora,0.4,0,0.2,8,0.041999995708465576
Cora,0.4,0,0.2,9,0.030000001192092896
Cora,0.4,0,0.2,10,0.04100000858306885
Cora,0.4,0,0.3,0,0.10400000214576721
Cora,0.4,0,0.3,1,0.06299999356269836
Cora,0.4,0,0.3,2,0.04600003361701965
Cora,0.4,0,0.3,3,0.04999998211860657
Cora,0.4,0,0.3,4,0.01900002360343933
Cora,0.4,0,0.3,5,0.017000019550323486
Cora,0.4,0,0.3,6,0.018000006675720215
Cora,0.4,0,0.3,7,0.009000003337860107
Cora,0.4,0,0.3,8,0.02799999713897705
Cora,0.4,0,0.3,9,0.01600000262260437
Cora,0.4,0,0.3,10,0.018000006675720215
Cora,0.4,0,0.4,0,0.06799998879432678
Cora,0.4,0,0.4,1,0.07900002598762512
Cora,0.4,0,0.4,2,0.05500003695487976
Cora,0.4,0,0.4,3,0.039000004529953
Cora,0.4,0,0.4,4,0.02000001072883606
Cora,0.4,0,0.4,5,0.01900002360343933
Cora,0.4,0,0.4,6,0.018000006675720215
Cora,0.4,0,0.4,7,0.01900002360343933
Cora,0.4,0,0.4,8,0.01900002360343933
Cora,0.4,0,0.4,9,0.01900002360343933
Cora,0.4,0,0.4,10,0.01900002360343933
Cora,0.4,0,0.5,0,0.04399999976158142
Cora,0.4,0,0.5,1,0.03700000047683716
Cora,0.4,0,0.5,2,0.03600001335144043
Cora,0.4,0,0.5,3,0.01900002360343933
Cora,0.4,0,0.5,4,0.01900002360343933
Cora,0.4,0,0.5,5,0.01900002360343933
Cora,0.4,0,0.5,6,0.009000003337860107
Cora,0.4,0,0.5,7,0.009000003337860107
Cora,0.4,0,0.5,8,0.009000003337860107
Cora,0.4,0,0.5,9,0.009000003337860107
Cora,0.4,0,0.5,10,0.009000003337860107
Cora,0.4,0,0.6,0,0.09999999403953552
Cora,0.4,0,0.6,1,0.04999998211860657
Cora,0.4,0,0.6,2,0.01900002360343933
Cora,0.4,0,0.6,3,0.009000003337860107
Cora,0.4,0,0.6,4,0.009000003337860107
Cora,0.4,0,0.6,5,0.009000003337860107
Cora,0.4,0,0.6,6,0.009000003337860107
Cora,0.4,0,0.6,7,0.009000003337860107
Cora,0.4,0,0.6,8,0.009000003337860107
Cora,0.4,0,0.6,9,0.009000003337860107
Cora,0.4,0,0.6,10,0.009000003337860107
Cora,0.4,0,0.7,0,0.08500000834465027
Cora,0.4,0,0.7,1,0.03600001335144043
Cora,0.4,0,0.7,2,0.0010000169277191162
Cora,0.4,0,0.7,3,0.0
Cora,0.4,0,0.7,4,0.009000003337860107
Cora,0.4,0,0.7,5,0.009000003337860107
Cora,0.4,0,0.7,6,0.009000003337860107
Cora,0.4,0,0.7,7,-0.0009999871253967285
Cora,0.4,0,0.7,8,0.009000003337860107
Cora,0.4,0,0.7,9,0.009000003337860107
Cora,0.4,0,0.7,10,0.009000003337860107
Cora,0.4,0,0.8,0,0.11200001835823059
Cora,0.4,0,0.8,1,0.025000005960464478
Cora,0.4,0,0.8,2,-0.0009999871253967285
Cora,0.4,0,0.8,3,0.009000003337860107
Cora,0.4,0,0.8,4,0.0
Cora,0.4,0,0.8,5,0.009000003337860107
Cora,0.4,0,0.8,6,0.009000003337860107
Cora,0.4,0,0.8,7,0.0
Cora,0.4,0,0.8,8,0.009000003337860107
Cora,0.4,0,0.8,9,0.009000003337860107
Cora,0.4,0,0.8,10,-0.0009999871253967285
Cora,0.4,0,0.9,0,0.029000014066696167
Cora,0.4,0,0.9,1,0.0020000040531158447
Cora,0.4,0,0.9,2,0.009000003337860107
Cora,0.4,0,0.9,3,-0.0009999871253967285
Cora,0.4,0,0.9,4,0.009000003337860107
Cora,0.4,0,0.9,5,0.009000003337860107
Cora,0.4,0,0.9,6,-0.0009999871253967285
Cora,0.4,0,0.9,7,0.0
Cora,0.4,0,0.9,8,-0.0009999871253967285
Cora,0.4,0,0.9,9,-0.0009999871253967285
Cora,0.4,0,0.9,10,-0.0009999871253967285
Cora,0.4,1,0.0,0,0.10100001096725464
Cora,0.4,1,0.0,1,0.02899998426437378
Cora,0.4,1,0.0,2,0.04100000858306885
Cora,0.4,1,0.0,3,0.04900002479553223
Cora,0.4,1,0.0,4,0.04100000858306885
Cora,0.4,1,0.0,5,0.08799999952316284
Cora,0.4,1,0.0,6,0.05299997329711914
Cora,0.4,1,0.0,7,0.0059999823570251465
Cora,0.4,1,0.0,8,0.04500001668930054
Cora,0.4,1,0.0,9,0.041999995708465576
Cora,0.4,1,0.0,10,0.08099997043609619
Cora,0.4,1,0.1,0,0.08499997854232788
Cora,0.4,1,0.1,1,0.08300000429153442
Cora,0.4,1,0.1,2,0.06499999761581421
Cora,0.4,1,0.1,3,0.038999974727630615
Cora,0.4,1,0.1,4,0.08300000429153442
Cora,0.4,1,0.1,5,0.054000020027160645
Cora,0.4,1,0.1,6,0.05500000715255737
Cora,0.4,1,0.1,7,0.03799998760223389
Cora,0.4,1,0.1,8,0.04500001668930054
Cora,0.4,1,0.1,9,0.08600002527236938
Cora,0.4,1,0.1,10,0.07999998331069946
Cora,0.4,1,0.2,0,0.06099998950958252
Cora,0.4,1,0.2,1,0.027000010013580322
Cora,0.4,1,0.2,2,0.041999995708465576
Cora,0.4,1,0.2,3,0.046000003814697266
Cora,0.4,1,0.2,4,0.027000010013580322
Cora,0.4,1,0.2,5,0.03200000524520874
Cora,0.4,1,0.2,6,0.026000022888183594
Cora,0.4,1,0.2,7,-0.025000035762786865
Cora,0.4,1,0.2,8,0.014999985694885254
Cora,0.4,1,0.2,9,0.004999995231628418
Cora,0.4,1,0.2,10,-0.0040000081062316895
Cora,0.4,1,0.3,0,0.02499997615814209
Cora,0.4,1,0.3,1,0.06499999761581421
Cora,0.4,1,0.3,2,-0.026000022888183594
Cora,0.4,1,0.3,3,0.0040000081062316895
Cora,0.4,1,0.3,4,0.001999974250793457
Cora,0.4,1,0.3,5,-0.009000003337860107
Cora,0.4,1,0.3,6,0.013999998569488525
Cora,0.4,1,0.3,7,-0.0040000081062316895
Cora,0.4,1,0.3,8,-0.008000016212463379
Cora,0.4,1,0.3,9,-0.0009999871253967285
Cora,0.4,1,0.3,10,-0.0040000081062316895
Cora,0.4,1,0.4,0,0.02799999713897705
Cora,0.4,1,0.4,1,0.0209999680519104
Cora,0.4,1,0.4,2,-0.013999998569488525
Cora,0.4,1,0.4,3,0.003000020980834961
Cora,0.4,1,0.4,4,-0.00700002908706665
Cora,0.4,1,0.4,5,-0.00700002908706665
Cora,0.4,1,0.4,6,-0.030000030994415283
Cora,0.4,1,0.4,7,-0.03299999237060547
Cora,0.4,1,0.4,8,-0.023000001907348633
Cora,0.4,1,0.4,9,-0.03299999237060547
Cora,0.4,1,0.4,10,-0.03299999237060547
Cora,0.4,1,0.5,0,0.046000003814697266
Cora,0.4,1,0.5,1,-0.013000011444091797
Cora,0.4,1,0.5,2,-0.014999985694885254
Cora,0.4,1,0.5,3,-0.0009999871253967285
Cora,0.4,1,0.5,4,-0.03299999237060547
Cora,0.4,1,0.5,5,-0.03299999237060547
Cora,0.4,1,0.5,6,-0.023000001907348633
Cora,0.4,1,0.5,7,-0.023000001907348633
Cora,0.4,1,0.5,8,-0.023000001907348633
Cora,0.4,1,0.5,9,-0.023000001907348633
Cora,0.4,1,0.5,10,-0.023000001907348633
Cora,0.4,1,0.6,0,0.013000011444091797
Cora,0.4,1,0.6,1,-0.008000016212463379
Cora,0.4,1,0.6,2,0.0009999871253967285
Cora,0.4,1,0.6,3,-0.041999995708465576
Cora,0.4,1,0.6,4,-0.023000001907348633
Cora,0.4,1,0.6,5,-0.023000001907348633
Cora,0.4,1,0.6,6,-0.023000001907348633
Cora,0.4,1,0.6,7,-0.023000001907348633
Cora,0.4,1,0.6,8,-0.023000001907348633
Cora,0.4,1,0.6,9,-0.023000001907348633
Cora,0.4,1,0.6,10,-0.023000001907348633
Cora,0.4,1,0.7,0,-0.00700002908706665
Cora,0.4,1,0.7,1,0.010999977588653564
Cora,0.4,1,0.7,2,-0.03600001335144043
Cora,0.4,1,0.7,3,-0.023000001907348633
Cora,0.4,1,0.7,4,-0.023000001907348633
Cora,0.4,1,0.7,5,-0.023000001907348633
Cora,0.4,1,0.7,6,-0.023000001907348633
Cora,0.4,1,0.7,7,-0.023000001907348633
Cora,0.4,1,0.7,8,-0.023000001907348633
Cora,0.4,1,0.7,9,-0.023000001907348633
Cora,0.4,1,0.7,10,-0.023000001907348633
Cora,0.4,1,0.8,0,-0.016000032424926758
Cora,0.4,1,0.8,1,-0.0009999871253967285
Cora,0.4,1,0.8,2,-0.00700002908706665
Cora,0.4,1,0.8,3,-0.023000001907348633
Cora,0.4,1,0.8,4,-0.023000001907348633
Cora,0.4,1,0.8,5,-0.0040000081062316895
Cora,0.4,1,0.8,6,0.0
Cora,0.4,1,0.8,7,-0.023000001907348633
Cora,0.4,1,0.8,8,-0.0040000081062316895
Cora,0.4,1,0.8,9,0.0
Cora,0.4,1,0.8,10,-0.0040000081062316895
Cora,0.4,1,0.9,0,-0.013000011444091797
Cora,0.4,1,0.9,1,-0.0059999823570251465
Cora,0.4,1,0.9,2,0.0
Cora,0.4,1,0.9,3,0.0
Cora,0.4,1,0.9,4,0.0
Cora,0.4,1,0.9,5,0.0
Cora,0.4,1,0.9,6,0.0
Cora,0.4,1,0.9,7,-0.0040000081062316895
Cora,0.4,1,0.9,8,-0.0040000081062316895
Cora,0.4,1,0.9,9,0.0
Cora,0.4,1,0.9,10,-0.0040000081062316895
Cora,0.4,2,0.0,0,0.05199998617172241
Cora,0.4,2,0.0,1,0.07899999618530273
Cora,0.4,2,0.0,2,0.0690000057220459
Cora,0.4,2,0.0,3,0.058000028133392334
Cora,0.4,2,0.0,4,0.09200000762939453
Cora,0.4,2,0.0,5,0.07300001382827759
Cora,0.4,2,0.0,6,0.06600004434585571
Cora,0.4,2,0.0,7,0.06499999761581421
Cora,0.4,2,0.0,8,0.050999999046325684
Cora,0.4,2,0.0,9,0.07499998807907104
Cora,0.4,2,0.0,10,0.11000001430511475
Cora,0.4,2,0.1,0,0.03700000047683716
Cora,0.4,2,0.1,1,0.06600004434585571
Cora,0.4,2,0.1,2,0.06700003147125244
Cora,0.4,2,0.1,3,0.026000022888183594
Cora,0.4,2,0.1,4,0.058000028133392334
Cora,0.4,2,0.1,5,0.046000003814697266
Cora,0.4,2,0.1,6,0.050000011920928955
Cora,0.4,2,0.1,7,0.04400002956390381
Cora,0.4,2,0.1,8,0.04000002145767212
Cora,0.4,2,0.1,9,0.041999995708465576
Cora,0.4,2,0.1,10,0.06300002336502075
Cora,0.4,2,0.2,0,0.0690000057220459
Cora,0.4,2,0.2,1,0.058000028133392334
Cora,0.4,2,0.2,2,0.0480000376701355
Cora,0.4,2,0.2,3,0.018000006675720215
Cora,0.4,2,0.2,4,0.013999998569488525
Cora,0.4,2,0.2,5,0.006999999284744263
Cora,0.4,2,0.2,6,0.015000015497207642
Cora,0.4,2,0.2,7,0.009000003337860107
Cora,0.4,2,0.2,8,0.0040000081062316895
Cora,0.4,2,0.2,9,0.013000011444091797
Cora,0.4,2,0.2,10,-0.018999993801116943
Cora,0.4,2,0.3,0,0.0559999942779541
Cora,0.4,2,0.3,1,0.03799998760223389
Cora,0.4,2,0.3,2,0.03700000047683716
Cora,0.4,2,0.3,3,0.005000025033950806
Cora,0.4,2,0.3,4,0.011000007390975952
Cora,0.4,2,0.3,5,-0.009000003337860107
Cora,0.4,2,0.3,6,0.010000020265579224
Cora,0.4,2,0.3,7,-0.014999985694885254
Cora,0.4,2,0.3,8,0.012000024318695068
Cora,0.4,2,0.3,9,0.01900002360343933
Cora,0.4,2,0.3,10,0.012000024318695068
Cora,0.4,2,0.4,0,0.046999990940093994
Cora,0.4,2,0.4,1,0.0020000040531158447
Cora,0.4,2,0.4,2,0.015000015497207642
Cora,0.4,2,0.4,3,-0.0339999794960022
Cora,0.4,2,0.4,4,0.013000011444091797
Cora,0.4,2,0.4,5,0.010000020265579224
Cora,0.4,2,0.4,6,0.012000024318695068
Cora,0.4,2,0.4,7,0.010000020265579224
Cora,0.4,2,0.4,8,0.0
Cora,0.4,2,0.4,9,0.0
Cora,0.4,2,0.4,10,0.010000020265579224
Cora,0.4,2,0.5,0,0.046999990940093994
Cora,0.4,2,0.5,1,0.0010000169277191162
Cora,0.4,2,0.5,2,-0.01600000262260437
Cora,0.4,2,0.5,3,-0.034999996423721313
Cora,0.4,2,0.5,4,0.010000020265579224
Cora,0.4,2,0.5,5,0.0
Cora,0.4,2,0.5,6,0.0
Cora,0.4,2,0.5,7,0.0
Cora,0.4,2,0.5,8,0.0
Cora,0.4,2,0.5,9,0.0
Cora,0.4,2,0.5,10,0.0
Cora,0.4,2,0.6,0,0.013000011444091797
Cora,0.4,2,0.6,1,0.009000003337860107
Cora,0.4,2,0.6,2,0.008000016212463379
Cora,0.4,2,0.6,3,0.010000020265579224
Cora,0.4,2,0.6,4,0.0
Cora,0.4,2,0.6,5,0.0
Cora,0.4,2,0.6,6,0.0
Cora,0.4,2,0.6,7,0.0
Cora,0.4,2,0.6,8,0.0
Cora,0.4,2,0.6,9,0.0
Cora,0.4,2,0.6,10,0.0
Cora,0.4,2,0.7,0,0.03200000524520874
Cora,0.4,2,0.7,1,-0.003999978303909302
Cora,0.4,2,0.7,2,0.006999999284744263
Cora,0.4,2,0.7,3,0.0
Cora,0.4,2,0.7,4,0.0
Cora,0.4,2,0.7,5,0.0
Cora,0.4,2,0.7,6,0.0
Cora,0.4,2,0.7,7,0.0
Cora,0.4,2,0.7,8,0.0
Cora,0.4,2,0.7,9,0.0
Cora,0.4,2,0.7,10,0.0
Cora,0.4,2,0.8,0,0.02899998426437378
Cora,0.4,2,0.8,1,0.011000007390975952
Cora,0.4,2,0.8,2,0.0
Cora,0.4,2,0.8,3,0.0
Cora,0.4,2,0.8,4,0.0
Cora,0.4,2,0.8,5,0.0
Cora,0.4,2,0.8,6,0.0
Cora,0.4,2,0.8,7,0.0
Cora,0.4,2,0.8,8,0.0
Cora,0.4,2,0.8,9,0.0
Cora,0.4,2,0.8,10,0.0
Cora,0.4,2,0.9,0,0.003000020980834961
Cora,0.4,2,0.9,1,0.011000007390975952
Cora,0.4,2,0.9,2,0.0
Cora,0.4,2,0.9,3,0.0
Cora,0.4,2,0.9,4,0.0
Cora,0.4,2,0.9,5,0.0
Cora,0.4,2,0.9,6,0.0
Cora,0.4,2,0.9,7,0.0
Cora,0.4,2,0.9,8,0.0
Cora,0.4,2,0.9,9,0.0
Cora,0.4,2,0.9,10,0.0
Cora,0.4,3,0.0,0,0.04799997806549072
Cora,0.4,3,0.0,1,0.02899998426437378
Cora,0.4,3,0.0,2,-0.003000020980834961
Cora,0.4,3,0.0,3,0.05699998140335083
Cora,0.4,3,0.0,4,-0.0059999823570251465
Cora,0.4,3,0.0,5,0.03900003433227539
Cora,0.4,3,0.0,6,0.06599998474121094
Cora,0.4,3,0.0,7,0.02799999713897705
Cora,0.4,3,0.0,8,0.041999995708465576
Cora,0.4,3,0.0,9,0.04000002145767212
Cora,0.4,3,0.0,10,0.0040000081062316895
Cora,0.4,3,0.1,0,0.03900003433227539
Cora,0.4,3,0.1,1,0.013000011444091797
Cora,0.4,3,0.1,2,0.03799998760223389
Cora,0.4,3,0.1,3,0.05699998140335083
Cora,0.4,3,0.1,4,0.0350000262260437
Cora,0.4,3,0.1,5,0.018000006675720215
Cora,0.4,3,0.1,6,0.017000019550323486
Cora,0.4,3,0.1,7,0.06000000238418579
Cora,0.4,3,0.1,8,0.03799998760223389
Cora,0.4,3,0.1,9,0.06700003147125244
Cora,0.4,3,0.1,10,0.058000028133392334
Cora,0.4,3,0.2,0,0.03299999237060547
Cora,0.4,3,0.2,1,0.042999982833862305
Cora,0.4,3,0.2,2,0.016000032424926758
Cora,0.4,3,0.2,3,0.058000028133392334
Cora,0.4,3,0.2,4,0.06200003623962402
Cora,0.4,3,0.2,5,0.009999990463256836
Cora,0.4,3,0.2,6,0.00700002908706665
Cora,0.4,3,0.2,7,0.010999977588653564
Cora,0.4,3,0.2,8,0.017000019550323486
Cora,0.4,3,0.2,9,-0.003000020980834961
Cora,0.4,3,0.2,10,0.0
Cora,0.4,3,0.3,0,0.03299999237060547
Cora,0.4,3,0.3,1,0.009000003337860107
Cora,0.4,3,0.3,2,0.046999990940093994
Cora,0.4,3,0.3,3,0.016000032424926758
Cora,0.4,3,0.3,4,-0.014999985694885254
Cora,0.4,3,0.3,5,-0.004999995231628418
Cora,0.4,3,0.3,6,-0.001999974250793457
Cora,0.4,3,0.3,7,0.0059999823570251465
Cora,0.4,3,0.3,8,-0.015999972820281982
Cora,0.4,3,0.3,9,0.016000032424926758
Cora,0.4,3,0.3,10,0.00700002908706665
Cora,0.4,3,0.4,0,0.03299999237060547
Cora,0.4,3,0.4,1,0.07899999618530273
Cora,0.4,3,0.4,2,0.013999998569488525
Cora,0.4,3,0.4,3,-0.015999972820281982
Cora,0.4,3,0.4,4,-0.018000006675720215
Cora,0.4,3,0.4,5,0.022000014781951904
Cora,0.4,3,0.4,6,-0.008000016212463379
Cora,0.4,3,0.4,7,0.0040000081062316895
Cora,0.4,3,0.4,8,0.0040000081062316895
Cora,0.4,3,0.4,9,0.0040000081062316895
Cora,0.4,3,0.4,10,-0.008000016212463379
Cora,0.4,3,0.5,0,0.03200000524520874
Cora,0.4,3,0.5,1,0.0020000338554382324
Cora,0.4,3,0.5,2,-0.003000020980834961
Cora,0.4,3,0.5,3,-0.015999972820281982
Cora,0.4,3,0.5,4,0.0040000081062316895
Cora,0.4,3,0.5,5,0.0040000081062316895
Cora,0.4,3,0.5,6,0.0040000081062316895
Cora,0.4,3,0.5,7,0.0040000081062316895
Cora,0.4,3,0.5,8,0.0040000081062316895
Cora,0.4,3,0.5,9,0.0040000081062316895
Cora,0.4,3,0.5,10,0.0040000081062316895
Cora,0.4,3,0.6,0,0.0339999794960022
Cora,0.4,3,0.6,1,0.009999990463256836
Cora,0.4,3,0.6,2,0.013999998569488525
Cora,0.4,3,0.6,3,-0.008000016212463379
Cora,0.4,3,0.6,4,-0.001999974250793457
Cora,0.4,3,0.6,5,-0.0059999823570251465
Cora,0.4,3,0.6,6,-0.001999974250793457
Cora,0.4,3,0.6,7,-0.022000014781951904
Cora,0.4,3,0.6,8,-0.0059999823570251465
Cora,0.4,3,0.6,9,-0.0059999823570251465
Cora,0.4,3,0.6,10,-0.0059999823570251465
Cora,0.4,3,0.7,0,0.009999990463256836
Cora,0.4,3,0.7,1,0.012000024318695068
Cora,0.4,3,0.7,2,-0.0009999871253967285
Cora,0.4,3,0.7,3,0.0
Cora,0.4,3,0.7,4,0.0020000338554382324
Cora,0.4,3,0.7,5,0.0
Cora,0.4,3,0.7,6,-0.022000014781951904
Cora,0.4,3,0.7,7,0.0
Cora,0.4,3,0.7,8,0.0
Cora,0.4,3,0.7,9,0.0
Cora,0.4,3,0.7,10,0.0
Cora,0.4,3,0.8,0,0.004999995231628418
Cora,0.4,3,0.8,1,-0.022000014781951904
Cora,0.4,3,0.8,2,0.0020000338554382324
Cora,0.4,3,0.8,3,0.0020000338554382324
Cora,0.4,3,0.8,4,0.0
Cora,0.4,3,0.8,5,0.0
Cora,0.4,3,0.8,6,-0.022000014781951904
Cora,0.4,3,0.8,7,0.0
Cora,0.4,3,0.8,8,0.0
Cora,0.4,3,0.8,9,0.0
Cora,0.4,3,0.8,10,0.0
Cora,0.4,3,0.9,0,-0.008000016212463379
Cora,0.4,3,0.9,1,-0.0059999823570251465
Cora,0.4,3,0.9,2,0.0
Cora,0.4,3,0.9,3,0.0
Cora,0.4,3,0.9,4,0.0
Cora,0.4,3,0.9,5,0.0
Cora,0.4,3,0.9,6,0.0
Cora,0.4,3,0.9,7,0.0
Cora,0.4,3,0.9,8,0.0
Cora,0.4,3,0.9,9,0.0
Cora,0.4,3,0.9,10,0.0
Cora,0.4,4,0.0,0,0.034999966621398926
Cora,0.4,4,0.0,1,0.015999972820281982
Cora,0.4,4,0.0,2,0.09200000762939453
Cora,0.4,4,0.0,3,0.07499998807907104
Cora,0.4,4,0.0,4,0.08300000429153442
Cora,0.4,4,0.0,5,0.0679999589920044
Cora,0.4,4,0.0,6,0.10899996757507324
Cora,0.4,4,0.0,7,0.03799998760223389
Cora,0.4,4,0.0,8,0.05899995565414429
Cora,0.4,4,0.0,9,0.0559999942779541
Cora,0.4,4,0.0,10,0.023000001907348633
Cora,0.4,4,0.1,0,0.0
Cora,0.4,4,0.1,1,0.10199999809265137
Cora,0.4,4,0.1,2,0.08699995279312134
Cora,0.4,4,0.1,3,0.030999958515167236
Cora,0.4,4,0.1,4,0.06000000238418579
Cora,0.4,4,0.1,5,0.06000000238418579
Cora,0.4,4,0.1,6,0.0559999942779541
Cora,0.4,4,0.1,7,0.07999998331069946
Cora,0.4,4,0.1,8,0.06199997663497925
Cora,0.4,4,0.1,9,0.08499997854232788
Cora,0.4,4,0.1,10,0.08899998664855957
Cora,0.4,4,0.2,0,0.07999998331069946
Cora,0.4,4,0.2,1,0.046000003814697266
Cora,0.4,4,0.2,2,0.07299995422363281
Cora,0.4,4,0.2,3,0.07499998807907104
Cora,0.4,4,0.2,4,0.07299995422363281
Cora,0.4,4,0.2,5,0.08899998664855957
Cora,0.4,4,0.2,6,0.02199995517730713
Cora,0.4,4,0.2,7,0.08199995756149292
Cora,0.4,4,0.2,8,0.030999958515167236
Cora,0.4,4,0.2,9,0.018000006675720215
Cora,0.4,4,0.2,10,0.05299997329711914
Cora,0.4,4,0.3,0,0.0559999942779541
Cora,0.4,4,0.3,1,0.05399996042251587
Cora,0.4,4,0.3,2,0.039999961853027344
Cora,0.4,4,0.3,3,0.04100000858306885
Cora,0.4,4,0.3,4,0.0059999823570251465
Cora,0.4,4,0.3,5,0.023000001907348633
Cora,0.4,4,0.3,6,0.014999985694885254
Cora,0.4,4,0.3,7,0.007999956607818604
Cora,0.4,4,0.3,8,0.034999966621398926
Cora,0.4,4,0.3,9,0.015999972820281982
Cora,0.4,4,0.3,10,0.014999985694885254
Cora,0.4,4,0.4,0,0.03299999237060547
Cora,0.4,4,0.4,1,0.0899999737739563
Cora,0.4,4,0.4,2,0.08799999952316284
Cora,0.4,4,0.4,3,0.0339999794960022
Cora,0.4,4,0.4,4,0.01699995994567871
Cora,0.4,4,0.4,5,0.009999990463256836
Cora,0.4,4,0.4,6,0.007999956607818604
Cora,0.4,4,0.4,7,0.009999990463256836
Cora,0.4,4,0.4,8,0.007999956607818604
Cora,0.4,4,0.4,9,0.009999990463256836
Cora,0.4,4,0.4,10,0.007999956607818604
Cora,0.4,4,0.5,0,0.05199998617172241
Cora,0.4,4,0.5,1,0.05399996042251587
Cora,0.4,4,0.5,2,0.011999964714050293
Cora,0.4,4,0.5,3,0.042999982833862305
Cora,0.4,4,0.5,4,0.01699995994567871
Cora,0.4,4,0.5,5,0.0059999823570251465
Cora,0.4,4,0.5,6,0.04499995708465576
Cora,0.4,4,0.5,7,0.004999995231628418
Cora,0.4,4,0.5,8,0.01699995994567871
Cora,0.4,4,0.5,9,0.01699995994567871
Cora,0.4,4,0.5,10,0.01699995994567871
Cora,0.4,4,0.6,0,0.042999982833862305
Cora,0.4,4,0.6,1,0.013999998569488525
Cora,0.4,4,0.6,2,0.010999977588653564
Cora,0.4,4,0.6,3,0.01699995994567871
Cora,0.4,4,0.6,4,0.01699995994567871
Cora,0.4,4,0.6,5,0.01699995994567871
Cora,0.4,4,0.6,6,0.046999990940093994
Cora,0.4,4,0.6,7,0.046999990940093994
Cora,0.4,4,0.6,8,0.046999990940093994
Cora,0.4,4,0.6,9,0.04499995708465576
Cora,0.4,4,0.6,10,0.01699995994567871
Cora,0.4,4,0.7,0,0.08300000429153442
Cora,0.4,4,0.7,1,0.018000006675720215
Cora,0.4,4,0.7,2,0.01699995994567871
Cora,0.4,4,0.7,3,0.04399996995925903
Cora,0.4,4,0.7,4,0.01699995994567871
Cora,0.4,4,0.7,5,0.01699995994567871
Cora,0.4,4,0.7,6,0.041999995708465576
Cora,0.4,4,0.7,7,0.009000003337860107
Cora,0.4,4,0.7,8,0.04399996995925903
Cora,0.4,4,0.7,9,0.04399996995925903
Cora,0.4,4,0.7,10,0.009999990463256836
Cora,0.4,4,0.8,0,0.06099998950958252
Cora,0.4,4,0.8,1,0.009000003337860107
Cora,0.4,4,0.8,2,0.038999974727630615
Cora,0.4,4,0.8,3,0.042999982833862305
Cora,0.4,4,0.8,4,0.012999951839447021
Cora,0.4,4,0.8,5,0.0009999871253967285
Cora,0.4,4,0.8,6,0.04100000858306885
Cora,0.4,4,0.8,7,0.042999982833862305
Cora,0.4,4,0.8,8,0.042999982833862305
Cora,0.4,4,0.8,9,0.010999977588653564
Cora,0.4,4,0.8,10,0.013999998569488525
Cora,0.4,4,0.9,0,0.029999971389770508
Cora,0.4,4,0.9,1,0.038999974727630615
Cora,0.4,4,0.9,2,0.04399996995925903
Cora,0.4,4,0.9,3,0.0009999871253967285
Cora,0.4,4,0.9,4,0.009000003337860107
Cora,0.4,4,0.9,5,0.009999990463256836
Cora,0.4,4,0.9,6,0.006999969482421875
Cora,0.4,4,0.9,7,0.004999995231628418
Cora,0.4,4,0.9,8,0.004999995231628418
Cora,0.4,4,0.9,9,0.007999956607818604
Cora,0.4,4,0.9,10,-0.001000046730041504
Cora,0.4,5,0.0,0,0.041999995708465576
Cora,0.4,5,0.0,1,0.0020000338554382324
Cora,0.4,5,0.0,2,0.054000020027160645
Cora,0.4,5,0.0,3,0.046999990940093994
Cora,0.4,5,0.0,4,0.06400001049041748
Cora,0.4,5,0.0,5,-0.014999985694885254
Cora,0.4,5,0.0,6,0.058000028133392334
Cora,0.4,5,0.0,7,0.042999982833862305
Cora,0.4,5,0.0,8,0.06800001859664917
Cora,0.4,5,0.0,9,0.078000009059906
Cora,0.4,5,0.0,10,0.042999982833862305
Cora,0.4,5,0.1,0,0.03900003433227539
Cora,0.4,5,0.1,1,0.06000000238418579
Cora,0.4,5,0.1,2,0.050999999046325684
Cora,0.4,5,0.1,3,0.0480000376701355
Cora,0.4,5,0.1,4,0.04500001668930054
Cora,0.4,5,0.1,5,0.027000010013580322
Cora,0.4,5,0.1,6,0.04100000858306885
Cora,0.4,5,0.1,7,0.03600001335144043
Cora,0.4,5,0.1,8,0.04900002479553223
Cora,0.4,5,0.1,9,0.00700002908706665
Cora,0.4,5,0.1,10,0.012000024318695068
Cora,0.4,5,0.2,0,0.021000027656555176
Cora,0.4,5,0.2,1,0.0020000338554382324
Cora,0.4,5,0.2,2,0.0480000376701355
Cora,0.4,5,0.2,3,0.05500000715255737
Cora,0.4,5,0.2,4,0.0020000338554382324
Cora,0.4,5,0.2,5,-0.004999995231628418
Cora,0.4,5,0.2,6,0.018999993801116943
Cora,0.4,5,0.2,7,0.0059999823570251465
Cora,0.4,5,0.2,8,-0.023000001907348633
Cora,0.4,5,0.2,9,-0.008000016212463379
Cora,0.4,5,0.2,10,-0.0339999794960022
Cora,0.4,5,0.3,0,0.03900003433227539
Cora,0.4,5,0.3,1,0.0339999794960022
Cora,0.4,5,0.3,2,0.021000027656555176
Cora,0.4,5,0.3,3,-0.0009999871253967285
Cora,0.4,5,0.3,4,0.0020000338554382324
Cora,0.4,5,0.3,5,-0.02899998426437378
Cora,0.4,5,0.3,6,-0.041999995708465576
Cora,0.4,5,0.3,7,-0.04500001668930054
Cora,0.4,5,0.3,8,-0.0559999942779541
Cora,0.4,5,0.3,9,-0.04900002479553223
Cora,0.4,5,0.3,10,-0.050000011920928955
Cora,0.4,5,0.4,0,0.021000027656555176
Cora,0.4,5,0.4,1,-0.0009999871253967285
Cora,0.4,5,0.4,2,-0.009000003337860107
Cora,0.4,5,0.4,3,-0.05500000715255737
Cora,0.4,5,0.4,4,-0.05699998140335083
Cora,0.4,5,0.4,5,-0.050000011920928955
Cora,0.4,5,0.4,6,-0.015999972820281982
Cora,0.4,5,0.4,7,-0.05500000715255737
Cora,0.4,5,0.4,8,-0.015999972820281982
Cora,0.4,5,0.4,9,-0.04399996995925903
Cora,0.4,5,0.4,10,-0.050000011920928955
Cora,0.4,5,0.5,0,0.0040000081062316895
Cora,0.4,5,0.5,1,-0.009999990463256836
Cora,0.4,5,0.5,2,-0.042999982833862305
Cora,0.4,5,0.5,3,-0.054000020027160645
Cora,0.4,5,0.5,4,-0.015999972820281982
Cora,0.4,5,0.5,5,-0.008000016212463379
Cora,0.4,5,0.5,6,-0.008000016212463379
Cora,0.4,5,0.5,7,-0.008000016212463379
Cora,0.4,5,0.5,8,-0.008000016212463379
Cora,0.4,5,0.5,9,-0.008000016212463379
Cora,0.4,5,0.5,10,-0.008000016212463379
Cora,0.4,5,0.6,0,0.018999993801116943
Cora,0.4,5,0.6,1,-0.0209999680519104
Cora,0.4,5,0.6,2,-0.0339999794960022
Cora,0.4,5,0.6,3,-0.04500001668930054
Cora,0.4,5,0.6,4,-0.008000016212463379
Cora,0.4,5,0.6,5,-0.008000016212463379
Cora,0.4,5,0.6,6,-0.008000016212463379
Cora,0.4,5,0.6,7,-0.008000016212463379
Cora,0.4,5,0.6,8,-0.008000016212463379
Cora,0.4,5,0.6,9,-0.008000016212463379
Cora,0.4,5,0.6,10,-0.008000016212463379
Cora,0.4,5,0.7,0,-0.012000024318695068
Cora,0.4,5,0.7,1,-0.02799999713897705
Cora,0.4,5,0.7,2,-0.04900002479553223
Cora,0.4,5,0.7,3,-0.001999974250793457
Cora,0.4,5,0.7,4,-0.008000016212463379
Cora,0.4,5,0.7,5,-0.008000016212463379
Cora,0.4,5,0.7,6,-0.008000016212463379
Cora,0.4,5,0.7,7,0.0
Cora,0.4,5,0.7,8,-0.008000016212463379
Cora,0.4,5,0.7,9,-0.008000016212463379
Cora,0.4,5,0.7,10,-0.008000016212463379
Cora,0.4,5,0.8,0,0.0
Cora,0.4,5,0.8,1,-0.04399996995925903
Cora,0.4,5,0.8,2,-0.001999974250793457
Cora,0.4,5,0.8,3,0.0
Cora,0.4,5,0.8,4,-0.008000016212463379
Cora,0.4,5,0.8,5,-0.008000016212463379
Cora,0.4,5,0.8,6,0.0
Cora,0.4,5,0.8,7,0.0
Cora,0.4,5,0.8,8,-0.008000016212463379
Cora,0.4,5,0.8,9,0.0
Cora,0.4,5,0.8,10,-0.001999974250793457
Cora,0.4,5,0.9,0,-0.012000024318695068
Cora,0.4,5,0.9,1,0.00700002908706665
Cora,0.4,5,0.9,2,0.0
Cora,0.4,5,0.9,3,-0.001999974250793457
Cora,0.4,5,0.9,4,0.0
Cora,0.4,5,0.9,5,-0.008000016212463379
Cora,0.4,5,0.9,6,0.0
Cora,0.4,5,0.9,7,-0.008000016212463379
Cora,0.4,5,0.9,8,-0.001999974250793457
Cora,0.4,5,0.9,9,0.0
Cora,0.4,5,0.9,10,-0.008000016212463379
Cora,0.4,6,0.0,0,0.03900003433227539
Cora,0.4,6,0.0,1,0.016000032424926758
Cora,0.4,6,0.0,2,0.050000011920928955
Cora,0.4,6,0.0,3,0.057000041007995605
Cora,0.4,6,0.0,4,0.08700001239776611
Cora,0.4,6,0.0,5,0.0020000338554382324
Cora,0.4,6,0.0,6,0.04000002145767212
Cora,0.4,6,0.0,7,0.02799999713897705
Cora,0.4,6,0.0,8,0.08100003004074097
Cora,0.4,6,0.0,9,0.06200003623962402
Cora,0.4,6,0.0,10,0.00700002908706665
Cora,0.4,6,0.1,0,0.04700005054473877
Cora,0.4,6,0.1,1,0.01100003719329834
Cora,0.4,6,0.1,2,0.04000002145767212
Cora,0.4,6,0.1,3,0.07400000095367432
Cora,0.4,6,0.1,4,0.06499999761581421
Cora,0.4,6,0.1,5,0.008000016212463379
Cora,0.4,6,0.1,6,0.06000000238418579
Cora,0.4,6,0.1,7,0.04900002479553223
Cora,0.4,6,0.1,8,0.05200004577636719
Cora,0.4,6,0.1,9,0.04100000858306885
Cora,0.4,6,0.1,10,0.01900005340576172
Cora,0.4,6,0.2,0,0.0350000262260437
Cora,0.4,6,0.2,1,0.021000027656555176
Cora,0.4,6,0.2,2,0.01100003719329834
Cora,0.4,6,0.2,3,-0.007999956607818604
Cora,0.4,6,0.2,4,0.01100003719329834
Cora,0.4,6,0.2,5,0.024000048637390137
Cora,0.4,6,0.2,6,-0.003999948501586914
Cora,0.4,6,0.2,7,0.009000003337860107
Cora,0.4,6,0.2,8,-0.015999972820281982
Cora,0.4,6,0.2,9,0.01100003719329834
Cora,0.4,6,0.2,10,-0.013999998569488525
Cora,0.4,6,0.3,0,0.021000027656555176
Cora,0.4,6,0.3,1,0.04500001668930054
Cora,0.4,6,0.3,2,0.017000019550323486
Cora,0.4,6,0.3,3,0.0
Cora,0.4,6,0.3,4,-0.02399998903274536
Cora,0.4,6,0.3,5,-0.012999951839447021
Cora,0.4,6,0.3,6,-0.01699995994567871
Cora,0.4,6,0.3,7,-0.013999998569488525
Cora,0.4,6,0.3,8,-0.013999998569488525
Cora,0.4,6,0.3,9,-0.013999998569488525
Cora,0.4,6,0.3,10,-0.013999998569488525
Cora,0.4,6,0.4,0,0.04300004243850708
Cora,0.4,6,0.4,1,0.0020000338554382324
Cora,0.4,6,0.4,2,-0.009000003337860107
Cora,0.4,6,0.4,3,-0.014999985694885254
Cora,0.4,6,0.4,4,-0.010999977588653564
Cora,0.4,6,0.4,5,-0.009000003337860107
Cora,0.4,6,0.4,6,-0.0009999871253967285
Cora,0.4,6,0.4,7,0.01100003719329834
Cora,0.4,6,0.4,8,-0.0009999871253967285
Cora,0.4,6,0.4,9,-0.0009999871253967285
Cora,0.4,6,0.4,10,-0.0009999871253967285
Cora,0.4,6,0.5,0,0.033000051975250244
Cora,0.4,6,0.5,1,0.003000020980834961
Cora,0.4,6,0.5,2,0.0020000338554382324
Cora,0.4,6,0.5,3,-0.003999948501586914
Cora,0.4,6,0.5,4,-0.0009999871253967285
Cora,0.4,6,0.5,5,-0.0009999871253967285
Cora,0.4,6,0.5,6,-0.0009999871253967285
Cora,0.4,6,0.5,7,-0.0009999871253967285
Cora,0.4,6,0.5,8,-0.0009999871253967285
Cora,0.4,6,0.5,9,-0.0009999871253967285
Cora,0.4,6,0.5,10,-0.006999969482421875
Cora,0.4,6,0.6,0,0.03100001811981201
Cora,0.4,6,0.6,1,-0.018999993801116943
Cora,0.4,6,0.6,2,-0.010999977588653564
Cora,0.4,6,0.6,3,-0.006999969482421875
Cora,0.4,6,0.6,4,-0.006999969482421875
Cora,0.4,6,0.6,5,0.0
Cora,0.4,6,0.6,6,-0.006999969482421875
Cora,0.4,6,0.6,7,-0.006999969482421875
Cora,0.4,6,0.6,8,0.0
Cora,0.4,6,0.6,9,-0.006999969482421875
Cora,0.4,6,0.6,10,0.0
Cora,0.4,6,0.7,0,-0.013999998569488525
Cora,0.4,6,0.7,1,0.0
Cora,0.4,6,0.7,2,-0.018999993801116943
Cora,0.4,6,0.7,3,-0.006999969482421875
Cora,0.4,6,0.7,4,-0.006999969482421875
Cora,0.4,6,0.7,5,0.0
Cora,0.4,6,0.7,6,0.0
Cora,0.4,6,0.7,7,0.0
Cora,0.4,6,0.7,8,0.0
Cora,0.4,6,0.7,9,0.0
Cora,0.4,6,0.7,10,0.001000046730041504
Cora,0.4,6,0.8,0,0.010000050067901611
Cora,0.4,6,0.8,1,-0.006999969482421875
Cora,0.4,6,0.8,2,-0.006999969482421875
Cora,0.4,6,0.8,3,-0.006999969482421875
Cora,0.4,6,0.8,4,0.0
Cora,0.4,6,0.8,5,0.0
Cora,0.4,6,0.8,6,0.0
Cora,0.4,6,0.8,7,0.0
Cora,0.4,6,0.8,8,0.0
Cora,0.4,6,0.8,9,0.0
Cora,0.4,6,0.8,10,0.0
Cora,0.4,6,0.9,0,-0.010999977588653564
Cora,0.4,6,0.9,1,-0.013999998569488525
Cora,0.4,6,0.9,2,-0.006999969482421875
Cora,0.4,6,0.9,3,0.0
Cora,0.4,6,0.9,4,0.0
Cora,0.4,6,0.9,5,0.0
Cora,0.4,6,0.9,6,0.0
Cora,0.4,6,0.9,7,0.0
Cora,0.4,6,0.9,8,0.0
Cora,0.4,6,0.9,9,0.0
Cora,0.4,6,0.9,10,0.0
Cora,0.4,7,0.0,0,0.04799997806549072
Cora,0.4,7,0.0,1,0.039999961853027344
Cora,0.4,7,0.0,2,0.050000011920928955
Cora,0.4,7,0.0,3,0.06199997663497925
Cora,0.4,7,0.0,4,0.05900001525878906
Cora,0.4,7,0.0,5,0.019999980926513672
Cora,0.4,7,0.0,6,0.08099997043609619
Cora,0.4,7,0.0,7,0.011999964714050293
Cora,0.4,7,0.0,8,0.029999971389770508
Cora,0.4,7,0.0,9,0.06199997663497925
Cora,0.4,7,0.0,10,0.07300001382827759
Cora,0.4,7,0.1,0,0.08700001239776611
Cora,0.4,7,0.1,1,0.03100001811981201
Cora,0.4,7,0.1,2,0.041999995708465576
Cora,0.4,7,0.1,3,0.04899996519088745
Cora,0.4,7,0.1,4,0.04500001668930054
Cora,0.4,7,0.1,5,0.05699998140335083
Cora,0.4,7,0.1,6,0.046000003814697266
Cora,0.4,7,0.1,7,0.02499997615814209
Cora,0.4,7,0.1,8,0.046000003814697266
Cora,0.4,7,0.1,9,0.046999990940093994
Cora,0.4,7,0.1,10,0.017000019550323486
Cora,0.4,7,0.2,0,0.008000016212463379
Cora,0.4,7,0.2,1,0.014999985694885254
Cora,0.4,7,0.2,2,0.0209999680519104
Cora,0.4,7,0.2,3,0.004999995231628418
Cora,0.4,7,0.2,4,0.0009999871253967285
Cora,0.4,7,0.2,5,-0.013999998569488525
Cora,0.4,7,0.2,6,-0.03400003910064697
Cora,0.4,7,0.2,7,0.0029999613761901855
Cora,0.4,7,0.2,8,0.0009999871253967285
Cora,0.4,7,0.2,9,0.019999980926513672
Cora,0.4,7,0.2,10,0.006999969482421875
Cora,0.4,7,0.3,0,0.0559999942779541
Cora,0.4,7,0.3,1,0.02799999713897705
Cora,0.4,7,0.3,2,0.02399998903274536
Cora,0.4,7,0.3,3,0.004999995231628418
Cora,0.4,7,0.3,4,0.004999995231628418
Cora,0.4,7,0.3,5,-0.00700002908706665
Cora,0.4,7,0.3,6,0.029999971389770508
Cora,0.4,7,0.3,7,0.029999971389770508
Cora,0.4,7,0.3,8,-0.008000016212463379
Cora,0.4,7,0.3,9,-0.008000016212463379
Cora,0.4,7,0.3,10,-0.0040000081062316895
Cora,0.4,7,0.4,0,0.05500000715255737
Cora,0.4,7,0.4,1,0.023000001907348633
Cora,0.4,7,0.4,2,-0.01100003719329834
Cora,0.4,7,0.4,3,0.027000010013580322
Cora,0.4,7,0.4,4,-0.008000016212463379
Cora,0.4,7,0.4,5,-0.0040000081062316895
Cora,0.4,7,0.4,6,0.02499997615814209
Cora,0.4,7,0.4,7,0.02499997615814209
Cora,0.4,7,0.4,8,0.02499997615814209
Cora,0.4,7,0.4,9,0.02499997615814209
Cora,0.4,7,0.4,10,0.02499997615814209
Cora,0.4,7,0.5,0,-0.004999995231628418
Cora,0.4,7,0.5,1,0.018999993801116943
Cora,0.4,7,0.5,2,0.008000016212463379
Cora,0.4,7,0.5,3,0.023000001907348633
Cora,0.4,7,0.5,4,-0.0040000081062316895
Cora,0.4,7,0.5,5,0.02499997615814209
Cora,0.4,7,0.5,6,0.02499997615814209
Cora,0.4,7,0.5,7,0.02499997615814209
Cora,0.4,7,0.5,8,0.02499997615814209
Cora,0.4,7,0.5,9,0.02499997615814209
Cora,0.4,7,0.5,10,0.02499997615814209
Cora,0.4,7,0.6,0,0.02599996328353882
Cora,0.4,7,0.6,1,-0.0009999871253967285
Cora,0.4,7,0.6,2,0.02499997615814209
Cora,0.4,7,0.6,3,-0.008000016212463379
Cora,0.4,7,0.6,4,0.02499997615814209
Cora,0.4,7,0.6,5,0.02499997615814209
Cora,0.4,7,0.6,6,0.02499997615814209
Cora,0.4,7,0.6,7,0.02499997615814209
Cora,0.4,7,0.6,8,0.02499997615814209
Cora,0.4,7,0.6,9,0.02499997615814209
Cora,0.4,7,0.6,10,0.02499997615814209
Cora,0.4,7,0.7,0,0.02899998426437378
Cora,0.4,7,0.7,1,0.0009999871253967285
Cora,0.4,7,0.7,2,0.02499997615814209
Cora,0.4,7,0.7,3,0.0
Cora,0.4,7,0.7,4,0.02499997615814209
Cora,0.4,7,0.7,5,0.0
Cora,0.4,7,0.7,6,0.0
Cora,0.4,7,0.7,7,0.004999995231628418
Cora,0.4,7,0.7,8,0.004999995231628418
Cora,0.4,7,0.7,9,0.02499997615814209
Cora,0.4,7,0.7,10,0.004999995231628418
Cora,0.4,7,0.8,0,0.015999972820281982
Cora,0.4,7,0.8,1,-0.003000020980834961
Cora,0.4,7,0.8,2,-0.004999995231628418
Cora,0.4,7,0.8,3,0.004999995231628418
Cora,0.4,7,0.8,4,0.004999995231628418
Cora,0.4,7,0.8,5,0.0
Cora,0.4,7,0.8,6,0.0
Cora,0.4,7,0.8,7,0.0
Cora,0.4,7,0.8,8,0.0
Cora,0.4,7,0.8,9,0.0
Cora,0.4,7,0.8,10,0.004999995231628418
Cora,0.4,7,0.9,0,0.001999974250793457
Cora,0.4,7,0.9,1,-0.003000020980834961
Cora,0.4,7,0.9,2,0.004999995231628418
Cora,0.4,7,0.9,3,0.0
Cora,0.4,7,0.9,4,0.0
Cora,0.4,7,0.9,5,0.0
Cora,0.4,7,0.9,6,0.004999995231628418
Cora,0.4,7,0.9,7,0.0
Cora,0.4,7,0.9,8,0.004999995231628418
Cora,0.4,7,0.9,9,0.004999995231628418
Cora,0.4,7,0.9,10,0.0
Cora,0.4,8,0.0,0,0.0559999942779541
Cora,0.4,8,0.0,1,0.06499999761581421
Cora,0.4,8,0.0,2,-0.013999998569488525
Cora,0.4,8,0.0,3,0.022000014781951904
Cora,0.4,8,0.0,4,0.018999993801116943
Cora,0.4,8,0.0,5,0.09500002861022949
Cora,0.4,8,0.0,6,0.02799999713897705
Cora,0.4,8,0.0,7,0.06800001859664917
Cora,0.4,8,0.0,8,0.046999990940093994
Cora,0.4,8,0.0,9,0.08100003004074097
Cora,0.4,8,0.0,10,0.008000016212463379
Cora,0.4,8,0.1,0,0.017000019550323486
Cora,0.4,8,0.1,1,0.03900003433227539
Cora,0.4,8,0.1,2,0.09400004148483276
Cora,0.4,8,0.1,3,0.030000030994415283
Cora,0.4,8,0.1,4,0.025000035762786865
Cora,0.4,8,0.1,5,0.09000003337860107
Cora,0.4,8,0.1,6,0.013999998569488525
Cora,0.4,8,0.1,7,0.06300002336502075
Cora,0.4,8,0.1,8,0.08100003004074097
Cora,0.4,8,0.1,9,0.06499999761581421
Cora,0.4,8,0.1,10,0.08100003004074097
Cora,0.4,8,0.2,0,-0.01199999451637268
Cora,0.4,8,0.2,1,0.06400001049041748
Cora,0.4,8,0.2,2,0.07499998807907104
Cora,0.4,8,0.2,3,0.06499999761581421
Cora,0.4,8,0.2,4,0.050999999046325684
Cora,0.4,8,0.2,5,0.041999995708465576
Cora,0.4,8,0.2,6,0.010000020265579224
Cora,0.4,8,0.2,7,0.021000027656555176
Cora,0.4,8,0.2,8,-0.006999999284744263
Cora,0.4,8,0.2,9,0.03299999237060547
Cora,0.4,8,0.2,10,-0.01299998164176941
Cora,0.4,8,0.3,0,0.008000016212463379
Cora,0.4,8,0.3,1,0.04100000858306885
Cora,0.4,8,0.3,2,0.021000027656555176
Cora,0.4,8,0.3,3,0.03900003433227539
Cora,0.4,8,0.3,4,-0.009999990463256836
Cora,0.4,8,0.3,5,0.014999985694885254
Cora,0.4,8,0.3,6,0.013999998569488525
Cora,0.4,8,0.3,7,-0.004999995231628418
Cora,0.4,8,0.3,8,0.018000006675720215
Cora,0.4,8,0.3,9,0.016000032424926758
Cora,0.4,8,0.3,10,0.018000006675720215
Cora,0.4,8,0.4,0,0.054000020027160645
Cora,0.4,8,0.4,1,0.03400003910064697
Cora,0.4,8,0.4,2,0.04100000858306885
Cora,0.4,8,0.4,3,0.006000012159347534
Cora,0.4,8,0.4,4,0.016000032424926758
Cora,0.4,8,0.4,5,0.003000020980834961
Cora,0.4,8,0.4,6,0.016000032424926758
Cora,0.4,8,0.4,7,0.003000020980834961
Cora,0.4,8,0.4,8,0.003000020980834961
Cora,0.4,8,0.4,9,0.003000020980834961
Cora,0.4,8,0.4,10,0.003000020980834961
Cora,0.4,8,0.5,0,0.11300003528594971
Cora,0.4,8,0.5,1,0.03299999237060547
Cora,0.4,8,0.5,2,0.010000020265579224
Cora,0.4,8,0.5,3,0.006999999284744263
Cora,0.4,8,0.5,4,0.003000020980834961
Cora,0.4,8,0.5,5,0.003000020980834961
Cora,0.4,8,0.5,6,0.003000020980834961
Cora,0.4,8,0.5,7,0.003000020980834961
Cora,0.4,8,0.5,8,0.003000020980834961
Cora,0.4,8,0.5,9,0.003000020980834961
Cora,0.4,8,0.5,10,0.003000020980834961
Cora,0.4,8,0.6,0,0.008000016212463379
Cora,0.4,8,0.6,1,0.003000020980834961
Cora,0.4,8,0.6,2,0.011000007390975952
Cora,0.4,8,0.6,3,0.003000020980834961
Cora,0.4,8,0.6,4,0.004999995231628418
Cora,0.4,8,0.6,5,0.004999995231628418
Cora,0.4,8,0.6,6,0.003000020980834961
Cora,0.4,8,0.6,7,0.003000020980834961
Cora,0.4,8,0.6,8,0.003000020980834961
Cora,0.4,8,0.6,9,0.004999995231628418
Cora,0.4,8,0.6,10,0.003000020980834961
Cora,0.4,8,0.7,0,0.050000011920928955
Cora,0.4,8,0.7,1,-0.019999980926513672
Cora,0.4,8,0.7,2,0.0
Cora,0.4,8,0.7,3,0.004999995231628418
Cora,0.4,8,0.7,4,0.003000020980834961
Cora,0.4,8,0.7,5,0.004999995231628418
Cora,0.4,8,0.7,6,0.003000020980834961
Cora,0.4,8,0.7,7,0.004999995231628418
Cora,0.4,8,0.7,8,-0.010999977588653564
Cora,0.4,8,0.7,9,0.004999995231628418
Cora,0.4,8,0.7,10,0.004999995231628418
Cora,0.4,8,0.8,0,0.03200000524520874
Cora,0.4,8,0.8,1,0.004999995231628418
Cora,0.4,8,0.8,2,0.004999995231628418
Cora,0.4,8,0.8,3,0.003000020980834961
Cora,0.4,8,0.8,4,0.003000020980834961
Cora,0.4,8,0.8,5,0.004999995231628418
Cora,0.4,8,0.8,6,0.003000020980834961
Cora,0.4,8,0.8,7,0.006000012159347534
Cora,0.4,8,0.8,8,0.006000012159347534
Cora,0.4,8,0.8,9,0.004999995231628418
Cora,0.4,8,0.8,10,0.0040000081062316895
Cora,0.4,8,0.9,0,0.03400003910064697
Cora,0.4,8,0.9,1,0.0
Cora,0.4,8,0.9,2,0.003000020980834961
Cora,0.4,8,0.9,3,0.003000020980834961
Cora,0.4,8,0.9,4,0.003000020980834961
Cora,0.4,8,0.9,5,-0.0029999911785125732
Cora,0.4,8,0.9,6,-0.010999977588653564
Cora,0.4,8,0.9,7,0.006000012159347534
Cora,0.4,8,0.9,8,0.0
Cora,0.4,8,0.9,9,-0.01299998164176941
Cora,0.4,8,0.9,10,0.0
Cora,0.4,9,0.0,0,0.09800004959106445
Cora,0.4,9,0.0,1,0.06000000238418579
Cora,0.4,9,0.0,2,0.1480000615119934
Cora,0.4,9,0.0,3,0.1170000433921814
Cora,0.4,9,0.0,4,0.12100005149841309
Cora,0.4,9,0.0,5,0.12500005960464478
Cora,0.4,9,0.0,6,0.11000001430511475
Cora,0.4,9,0.0,7,0.09300005435943604
Cora,0.4,9,0.0,8,0.10500001907348633
Cora,0.4,9,0.0,9,0.1290000081062317
Cora,0.4,9,0.0,10,0.09400004148483276
Cora,0.4,9,0.1,0,0.05600005388259888
Cora,0.4,9,0.1,1,0.10600000619888306
Cora,0.4,9,0.1,2,0.0910000205039978
Cora,0.4,9,0.1,3,0.1040000319480896
Cora,0.4,9,0.1,4,0.07100003957748413
Cora,0.4,9,0.1,5,0.11100000143051147
Cora,0.4,9,0.1,6,0.10600000619888306
Cora,0.4,9,0.1,7,0.07900005578994751
Cora,0.4,9,0.1,8,0.08600002527236938
Cora,0.4,9,0.1,9,0.10500001907348633
Cora,0.4,9,0.1,10,0.09500002861022949
Cora,0.4,9,0.2,0,0.10600000619888306
Cora,0.4,9,0.2,1,0.10300004482269287
Cora,0.4,9,0.2,2,0.07600003480911255
Cora,0.4,9,0.2,3,0.08100003004074097
Cora,0.4,9,0.2,4,0.11500000953674316
Cora,0.4,9,0.2,5,0.07100003957748413
Cora,0.4,9,0.2,6,0.058000028133392334
Cora,0.4,9,0.2,7,0.058000028133392334
Cora,0.4,9,0.2,8,0.06300002336502075
Cora,0.4,9,0.2,9,0.04500001668930054
Cora,0.4,9,0.2,10,0.050000011920928955
Cora,0.4,9,0.3,0,0.09500002861022949
Cora,0.4,9,0.3,1,0.08300000429153442
Cora,0.4,9,0.3,2,0.078000009059906
Cora,0.4,9,0.3,3,0.05200004577636719
Cora,0.4,9,0.3,4,0.024000048637390137
Cora,0.4,9,0.3,5,0.05200004577636719
Cora,0.4,9,0.3,6,0.022000014781951904
Cora,0.4,9,0.3,7,0.01500004529953003
Cora,0.4,9,0.3,8,0.027000010013580322
Cora,0.4,9,0.3,9,-0.006999969482421875
Cora,0.4,9,0.3,10,0.022000014781951904
Cora,0.4,9,0.4,0,0.10000002384185791
Cora,0.4,9,0.4,1,0.07600003480911255
Cora,0.4,9,0.4,2,0.023000001907348633
Cora,0.4,9,0.4,3,0.013999998569488525
Cora,0.4,9,0.4,4,0.003000020980834961
Cora,0.4,9,0.4,5,0.003000020980834961
Cora,0.4,9,0.4,6,0.001000046730041504
Cora,0.4,9,0.4,7,0.001000046730041504
Cora,0.4,9,0.4,8,0.001000046730041504
Cora,0.4,9,0.4,9,0.001000046730041504
Cora,0.4,9,0.4,10,0.001000046730041504
Cora,0.4,9,0.5,0,0.08400005102157593
Cora,0.4,9,0.5,1,0.0820000171661377
Cora,0.4,9,0.5,2,0.013999998569488525
Cora,0.4,9,0.5,3,-0.001999974250793457
Cora,0.4,9,0.5,4,-0.006999969482421875
Cora,0.4,9,0.5,5,0.001000046730041504
Cora,0.4,9,0.5,6,0.003000020980834961
Cora,0.4,9,0.5,7,0.001000046730041504
Cora,0.4,9,0.5,8,0.001000046730041504
Cora,0.4,9,0.5,9,0.001000046730041504
Cora,0.4,9,0.5,10,0.001000046730041504
Cora,0.4,9,0.6,0,0.06700003147125244
Cora,0.4,9,0.6,1,0.016000032424926758
Cora,0.4,9,0.6,2,-0.001999974250793457
Cora,0.4,9,0.6,3,0.003000020980834961
Cora,0.4,9,0.6,4,0.001000046730041504
Cora,0.4,9,0.6,5,0.001000046730041504
Cora,0.4,9,0.6,6,0.001000046730041504
Cora,0.4,9,0.6,7,0.001000046730041504
Cora,0.4,9,0.6,8,0.001000046730041504
Cora,0.4,9,0.6,9,0.001000046730041504
Cora,0.4,9,0.6,10,0.001000046730041504
Cora,0.4,9,0.7,0,0.07900005578994751
Cora,0.4,9,0.7,1,0.023000001907348633
Cora,0.4,9,0.7,2,-0.001999974250793457
Cora,0.4,9,0.7,3,0.001000046730041504
Cora,0.4,9,0.7,4,0.0
Cora,0.4,9,0.7,5,0.001000046730041504
Cora,0.4,9,0.7,6,0.001000046730041504
Cora,0.4,9,0.7,7,0.0
Cora,0.4,9,0.7,8,0.001000046730041504
Cora,0.4,9,0.7,9,0.001000046730041504
Cora,0.4,9,0.7,10,0.0
Cora,0.4,9,0.8,0,0.078000009059906
Cora,0.4,9,0.8,1,0.029000043869018555
Cora,0.4,9,0.8,2,0.0
Cora,0.4,9,0.8,3,0.0
Cora,0.4,9,0.8,4,0.0
Cora,0.4,9,0.8,5,0.0
Cora,0.4,9,0.8,6,0.0
Cora,0.4,9,0.8,7,0.0
Cora,0.4,9,0.8,8,0.0
Cora,0.4,9,0.8,9,0.0
Cora,0.4,9,0.8,10,0.0
Cora,0.4,9,0.9,0,0.029000043869018555
Cora,0.4,9,0.9,1,0.009000003337860107
Cora,0.4,9,0.9,2,0.0
Cora,0.4,9,0.9,3,0.0
Cora,0.4,9,0.9,4,0.0
Cora,0.4,9,0.9,5,0.0
Cora,0.4,9,0.9,6,0.0
Cora,0.4,9,0.9,7,0.0
Cora,0.4,9,0.9,8,0.0
Cora,0.4,9,0.9,9,0.0
Cora,0.4,9,0.9,10,0.0
Cora,0.5,0,0.0,0,0.10100001096725464
Cora,0.5,0,0.0,1,0.08599996566772461
Cora,0.5,0,0.0,2,0.07499998807907104
Cora,0.5,0,0.0,3,0.11699998378753662
Cora,0.5,0,0.0,4,0.06799998879432678
Cora,0.5,0,0.0,5,0.03999999165534973
Cora,0.5,0,0.0,6,0.12599998712539673
Cora,0.5,0,0.0,7,0.09700000286102295
Cora,0.5,0,0.0,8,0.07599997520446777
Cora,0.5,0,0.0,9,0.13300001621246338
Cora,0.5,0,0.0,10,0.17500001192092896
Cora,0.5,0,0.1,0,0.1369999647140503
Cora,0.5,0,0.1,1,0.09600001573562622
Cora,0.5,0,0.1,2,0.08899998664855957
Cora,0.5,0,0.1,3,0.09299999475479126
Cora,0.5,0,0.1,4,0.058999985456466675
Cora,0.5,0,0.1,5,0.09999996423721313
Cora,0.5,0,0.1,6,0.07599997520446777
Cora,0.5,0,0.1,7,0.08799999952316284
Cora,0.5,0,0.1,8,0.11599999666213989
Cora,0.5,0,0.1,9,0.16200000047683716
Cora,0.5,0,0.1,10,0.10799998044967651
Cora,0.5,0,0.2,0,0.1549999713897705
Cora,0.5,0,0.2,1,0.12199997901916504
Cora,0.5,0,0.2,2,0.08299997448921204
Cora,0.5,0,0.2,3,0.09499996900558472
Cora,0.5,0,0.2,4,0.09999996423721313
Cora,0.5,0,0.2,5,0.0339999794960022
Cora,0.5,0,0.2,6,0.08100000023841858
Cora,0.5,0,0.2,7,0.015999972820281982
Cora,0.5,0,0.2,8,0.07599997520446777
Cora,0.5,0,0.2,9,0.02899998426437378
Cora,0.5,0,0.2,10,0.054999977350234985
Cora,0.5,0,0.3,0,0.06599998474121094
Cora,0.5,0,0.3,1,0.10899996757507324
Cora,0.5,0,0.3,2,0.07199999690055847
Cora,0.5,0,0.3,3,0.08299997448921204
Cora,0.5,0,0.3,4,0.02899998426437378
Cora,0.5,0,0.3,5,-0.0040000081062316895
Cora,0.5,0,0.3,6,-0.006000012159347534
Cora,0.5,0,0.3,7,0.041999995708465576
Cora,0.5,0,0.3,8,0.050999999046325684
Cora,0.5,0,0.3,9,-0.0040000081062316895
Cora,0.5,0,0.3,10,-0.006000012159347534
Cora,0.5,0,0.4,0,0.11599999666213989
Cora,0.5,0,0.4,1,0.08199998736381531
Cora,0.5,0,0.4,2,0.017999976873397827
Cora,0.5,0,0.4,3,0.025999993085861206
Cora,0.5,0,0.4,4,-0.005000025033950806
Cora,0.5,0,0.4,5,-0.003000020980834961
Cora,0.5,0,0.4,6,0.046999990940093994
Cora,0.5,0,0.4,7,0.046999990940093994
Cora,0.5,0,0.4,8,0.046999990940093994
Cora,0.5,0,0.4,9,0.046999990940093994
Cora,0.5,0,0.4,10,0.046999990940093994
Cora,0.5,0,0.5,0,0.08599996566772461
Cora,0.5,0,0.5,1,0.09299999475479126
Cora,0.5,0,0.5,2,0.022999972105026245
Cora,0.5,0,0.5,3,0.046999990940093994
Cora,0.5,0,0.5,4,0.046999990940093994
Cora,0.5,0,0.5,5,0.046999990940093994
Cora,0.5,0,0.5,6,0.046999990940093994
Cora,0.5,0,0.5,7,0.046999990940093994
Cora,0.5,0,0.5,8,0.046999990940093994
Cora,0.5,0,0.5,9,0.046999990940093994
Cora,0.5,0,0.5,10,0.046999990940093994
Cora,0.5,0,0.6,0,0.06299999356269836
Cora,0.5,0,0.6,1,0.014999985694885254
Cora,0.5,0,0.6,2,0.04399999976158142
Cora,0.5,0,0.6,3,0.046999990940093994
Cora,0.5,0,0.6,4,0.046999990940093994
Cora,0.5,0,0.6,5,0.046999990940093994
Cora,0.5,0,0.6,6,0.046999990940093994
Cora,0.5,0,0.6,7,0.046999990940093994
Cora,0.5,0,0.6,8,0.046999990940093994
Cora,0.5,0,0.6,9,0.046999990940093994
Cora,0.5,0,0.6,10,0.046999990940093994
Cora,0.5,0,0.7,0,0.09600001573562622
Cora,0.5,0,0.7,1,-0.0020000040531158447
Cora,0.5,0,0.7,2,0.04099997878074646
Cora,0.5,0,0.7,3,0.02899998426437378
Cora,0.5,0,0.7,4,0.04099997878074646
Cora,0.5,0,0.7,5,0.046999990940093994
Cora,0.5,0,0.7,6,0.046999990940093994
Cora,0.5,0,0.7,7,0.02899998426437378
Cora,0.5,0,0.7,8,0.034999996423721313
Cora,0.5,0,0.7,9,0.02899998426437378
Cora,0.5,0,0.7,10,0.04099997878074646
Cora,0.5,0,0.8,0,0.0559999942779541
Cora,0.5,0,0.8,1,-0.008000016212463379
Cora,0.5,0,0.8,2,0.04099997878074646
Cora,0.5,0,0.8,3,0.02899998426437378
Cora,0.5,0,0.8,4,-0.0040000081062316895
Cora,0.5,0,0.8,5,0.0
Cora,0.5,0,0.8,6,0.04099997878074646
Cora,0.5,0,0.8,7,-0.0040000081062316895
Cora,0.5,0,0.8,8,-0.0040000081062316895
Cora,0.5,0,0.8,9,0.02899998426437378
Cora,0.5,0,0.8,10,0.034999996423721313
Cora,0.5,0,0.9,0,0.04599997401237488
Cora,0.5,0,0.9,1,0.034999996423721313
Cora,0.5,0,0.9,2,-0.0010000169277191162
Cora,0.5,0,0.9,3,-0.0040000081062316895
Cora,0.5,0,0.9,4,0.034999996423721313
Cora,0.5,0,0.9,5,-0.0040000081062316895
Cora,0.5,0,0.9,6,-0.0010000169277191162
Cora,0.5,0,0.9,7,0.034999996423721313
Cora,0.5,0,0.9,8,0.034999996423721313
Cora,0.5,0,0.9,9,0.0
Cora,0.5,0,0.9,10,0.034999996423721313
Cora,0.5,1,0.0,0,0.08500003814697266
Cora,0.5,1,0.0,1,0.08700001239776611
Cora,0.5,1,0.0,2,0.02799999713897705
Cora,0.5,1,0.0,3,0.017000019550323486
Cora,0.5,1,0.0,4,0.06999999284744263
Cora,0.5,1,0.0,5,0.13200002908706665
Cora,0.5,1,0.0,6,0.027000010013580322
Cora,0.5,1,0.0,7,0.046000003814697266
Cora,0.5,1,0.0,8,0.09900003671646118
Cora,0.5,1,0.0,9,0.07400000095367432
Cora,0.5,1,0.0,10,-0.0059999823570251465
Cora,0.5,1,0.1,0,0.012000024318695068
Cora,0.5,1,0.1,1,0.07899999618530273
Cora,0.5,1,0.1,2,0.06999999284744263
Cora,0.5,1,0.1,3,0.09000003337860107
Cora,0.5,1,0.1,4,0.11599999666213989
Cora,0.5,1,0.1,5,0.06200003623962402
Cora,0.5,1,0.1,6,0.08799999952316284
Cora,0.5,1,0.1,7,0.06400001049041748
Cora,0.5,1,0.1,8,0.05900001525878906
Cora,0.5,1,0.1,9,0.053000032901763916
Cora,0.5,1,0.1,10,0.03600001335144043
Cora,0.5,1,0.2,0,0.02399998903274536
Cora,0.5,1,0.2,1,0.025000035762786865
Cora,0.5,1,0.2,2,0.10300004482269287
Cora,0.5,1,0.2,3,0.026000022888183594
Cora,0.5,1,0.2,4,0.006000041961669922
Cora,0.5,1,0.2,5,0.009999990463256836
Cora,0.5,1,0.2,6,0.046000003814697266
Cora,0.5,1,0.2,7,0.0350000262260437
Cora,0.5,1,0.2,8,0.013999998569488525
Cora,0.5,1,0.2,9,-0.0040000081062316895
Cora,0.5,1,0.2,10,0.02399998903274536
Cora,0.5,1,0.3,0,0.06200003623962402
Cora,0.5,1,0.3,1,0.08399999141693115
Cora,0.5,1,0.3,2,0.020000040531158447
Cora,0.5,1,0.3,3,0.018000006675720215
Cora,0.5,1,0.3,4,-0.017999976873397827
Cora,0.5,1,0.3,5,-0.02899998426437378
Cora,0.5,1,0.3,6,0.016000032424926758
Cora,0.5,1,0.3,7,0.016000032424926758
Cora,0.5,1,0.3,8,0.016000032424926758
Cora,0.5,1,0.3,9,0.016000032424926758
Cora,0.5,1,0.3,10,0.013999998569488525
Cora,0.5,1,0.4,0,0.0350000262260437
Cora,0.5,1,0.4,1,0.046999990940093994
Cora,0.5,1,0.4,2,-0.006999999284744263
Cora,0.5,1,0.4,3,0.006000041961669922
Cora,0.5,1,0.4,4,0.022000014781951904
Cora,0.5,1,0.4,5,0.01500004529953003
Cora,0.5,1,0.4,6,-0.03299999237060547
Cora,0.5,1,0.4,7,0.009999990463256836
Cora,0.5,1,0.4,8,-0.03299999237060547
Cora,0.5,1,0.4,9,0.009999990463256836
Cora,0.5,1,0.4,10,0.009999990463256836
Cora,0.5,1,0.5,0,0.053000032901763916
Cora,0.5,1,0.5,1,0.017000019550323486
Cora,0.5,1,0.5,2,-0.018999993801116943
Cora,0.5,1,0.5,3,-0.0339999794960022
Cora,0.5,1,0.5,4,-0.03299999237060547
Cora,0.5,1,0.5,5,0.009999990463256836
Cora,0.5,1,0.5,6,-0.03299999237060547
Cora,0.5,1,0.5,7,-0.03299999237060547
Cora,0.5,1,0.5,8,0.009999990463256836
Cora,0.5,1,0.5,9,0.009999990463256836
Cora,0.5,1,0.5,10,0.009999990463256836
Cora,0.5,1,0.6,0,0.03800004720687866
Cora,0.5,1,0.6,1,-0.02899998426437378
Cora,0.5,1,0.6,2,-0.03199997544288635
Cora,0.5,1,0.6,3,-0.03700000047683716
Cora,0.5,1,0.6,4,0.009999990463256836
Cora,0.5,1,0.6,5,0.009999990463256836
Cora,0.5,1,0.6,6,0.009999990463256836
Cora,0.5,1,0.6,7,0.009999990463256836
Cora,0.5,1,0.6,8,0.009999990463256836
Cora,0.5,1,0.6,9,0.009999990463256836
Cora,0.5,1,0.6,10,0.009999990463256836
Cora,0.5,1,0.7,0,0.003000020980834961
Cora,0.5,1,0.7,1,0.013000011444091797
Cora,0.5,1,0.7,2,-0.03199997544288635
Cora,0.5,1,0.7,3,0.009999990463256836
Cora,0.5,1,0.7,4,0.009999990463256836
Cora,0.5,1,0.7,5,0.009999990463256836
Cora,0.5,1,0.7,6,0.009999990463256836
Cora,0.5,1,0.7,7,0.009999990463256836
Cora,0.5,1,0.7,8,0.009999990463256836
Cora,0.5,1,0.7,9,0.009999990463256836
Cora,0.5,1,0.7,10,0.009999990463256836
Cora,0.5,1,0.8,0,-0.02499997615814209
Cora,0.5,1,0.8,1,-0.03799998760223389
Cora,0.5,1,0.8,2,0.00700002908706665
Cora,0.5,1,0.8,3,0.01100003719329834
Cora,0.5,1,0.8,4,0.01100003719329834
Cora,0.5,1,0.8,5,-0.001999974250793457
Cora,0.5,1,0.8,6,0.009000003337860107
Cora,0.5,1,0.8,7,0.0
Cora,0.5,1,0.8,8,0.0009999871253967285
Cora,0.5,1,0.8,9,0.009000003337860107
Cora,0.5,1,0.8,10,0.01100003719329834
Cora,0.5,1,0.9,0,0.003000020980834961
Cora,0.5,1,0.9,1,-0.007999986410140991
Cora,0.5,1,0.9,2,0.009000003337860107
Cora,0.5,1,0.9,3,0.0
Cora,0.5,1,0.9,4,-0.001999974250793457
Cora,0.5,1,0.9,5,0.009000003337860107
Cora,0.5,1,0.9,6,0.009000003337860107
Cora,0.5,1,0.9,7,-0.001999974250793457
Cora,0.5,1,0.9,8,0.0
Cora,0.5,1,0.9,9,0.0
Cora,0.5,1,0.9,10,0.0009999871253967285
Cora,0.5,2,0.0,0,0.05399999022483826
Cora,0.5,2,0.0,1,0.06499999761581421
Cora,0.5,2,0.0,2,0.07600000500679016
Cora,0.5,2,0.0,3,0.08899998664855957
Cora,0.5,2,0.0,4,0.09099999070167542
Cora,0.5,2,0.0,5,0.11399999260902405
Cora,0.5,2,0.0,6,0.09000000357627869
Cora,0.5,2,0.0,7,0.11600002646446228
Cora,0.5,2,0.0,8,0.11100003123283386
Cora,0.5,2,0.0,9,0.10400000214576721
Cora,0.5,2,0.0,10,0.14100000262260437
Cora,0.5,2,0.1,0,0.07899999618530273
Cora,0.5,2,0.1,1,0.10200002789497375
Cora,0.5,2,0.1,2,0.050999999046325684
Cora,0.5,2,0.1,3,0.13199999928474426
Cora,0.5,2,0.1,4,0.09599998593330383
Cora,0.5,2,0.1,5,0.057999998331069946
Cora,0.5,2,0.1,6,0.0690000057220459
Cora,0.5,2,0.1,7,0.06400001049041748
Cora,0.5,2,0.1,8,0.05300000309944153
Cora,0.5,2,0.1,9,0.0690000057220459
Cora,0.5,2,0.1,10,0.05500000715255737
Cora,0.5,2,0.2,0,0.07600000500679016
Cora,0.5,2,0.2,1,0.07600000500679016
Cora,0.5,2,0.2,2,0.062000006437301636
Cora,0.5,2,0.2,3,0.06099998950958252
Cora,0.5,2,0.2,4,0.03700000047683716
Cora,0.5,2,0.2,5,0.025999993085861206
Cora,0.5,2,0.2,6,-0.013000011444091797
Cora,0.5,2,0.2,7,0.021999984979629517
Cora,0.5,2,0.2,8,0.01199999451637268
Cora,0.5,2,0.2,9,-0.009000003337860107
Cora,0.5,2,0.2,10,-0.01199999451637268
Cora,0.5,2,0.3,0,0.10599997639656067
Cora,0.5,2,0.3,1,0.046000003814697266
Cora,0.5,2,0.3,2,0.034000009298324585
Cora,0.5,2,0.3,3,0.03700000047683716
Cora,0.5,2,0.3,4,-0.009999990463256836
Cora,0.5,2,0.3,5,0.025000005960464478
Cora,0.5,2,0.3,6,0.018999993801116943
Cora,0.5,2,0.3,7,0.023000001907348633
Cora,0.5,2,0.3,8,0.018999993801116943
Cora,0.5,2,0.3,9,0.02799999713897705
Cora,0.5,2,0.3,10,0.023000001907348633
Cora,0.5,2,0.4,0,0.07899999618530273
Cora,0.5,2,0.4,1,0.03299999237060547
Cora,0.5,2,0.4,2,0.009999990463256836
Cora,0.5,2,0.4,3,-0.0010000169277191162
Cora,0.5,2,0.4,4,0.01600000262260437
Cora,0.5,2,0.4,5,0.01600000262260437
Cora,0.5,2,0.4,6,0.023000001907348633
Cora,0.5,2,0.4,7,0.023000001907348633
Cora,0.5,2,0.4,8,0.023000001907348633
Cora,0.5,2,0.4,9,0.023000001907348633
Cora,0.5,2,0.4,10,0.023000001907348633
Cora,0.5,2,0.5,0,0.050999999046325684
Cora,0.5,2,0.5,1,0.05199998617172241
Cora,0.5,2,0.5,2,-0.0020000040531158447
Cora,0.5,2,0.5,3,0.01600000262260437
Cora,0.5,2,0.5,4,0.023000001907348633
Cora,0.5,2,0.5,5,0.023000001907348633
Cora,0.5,2,0.5,6,0.023000001907348633
Cora,0.5,2,0.5,7,0.023000001907348633
Cora,0.5,2,0.5,8,0.023000001907348633
Cora,0.5,2,0.5,9,0.023000001907348633
Cora,0.5,2,0.5,10,0.023000001907348633
Cora,0.5,2,0.6,0,0.06999999284744263
Cora,0.5,2,0.6,1,0.013000011444091797
Cora,0.5,2,0.6,2,0.02000001072883606
Cora,0.5,2,0.6,3,0.023000001907348633
Cora,0.5,2,0.6,4,0.023000001907348633
Cora,0.5,2,0.6,5,0.023000001907348633
Cora,0.5,2,0.6,6,0.023000001907348633
Cora,0.5,2,0.6,7,0.0029999911785125732
Cora,0.5,2,0.6,8,0.023000001907348633
Cora,0.5,2,0.6,9,0.023000001907348633
Cora,0.5,2,0.6,10,0.023000001907348633
Cora,0.5,2,0.7,0,0.03200000524520874
Cora,0.5,2,0.7,1,0.02000001072883606
Cora,0.5,2,0.7,2,0.02799999713897705
Cora,0.5,2,0.7,3,0.023000001907348633
Cora,0.5,2,0.7,4,0.023000001907348633
Cora,0.5,2,0.7,5,0.023000001907348633
Cora,0.5,2,0.7,6,0.023000001907348633
Cora,0.5,2,0.7,7,0.021999984979629517
Cora,0.5,2,0.7,8,0.023000001907348633
Cora,0.5,2,0.7,9,0.0029999911785125732
Cora,0.5,2,0.7,10,0.023000001907348633
Cora,0.5,2,0.8,0,0.014999985694885254
Cora,0.5,2,0.8,1,0.021999984979629517
Cora,0.5,2,0.8,2,0.0029999911785125732
Cora,0.5,2,0.8,3,0.0029999911785125732
Cora,0.5,2,0.8,4,0.023000001907348633
Cora,0.5,2,0.8,5,0.0029999911785125732
Cora,0.5,2,0.8,6,0.021999984979629517
Cora,0.5,2,0.8,7,0.023000001907348633
Cora,0.5,2,0.8,8,0.023000001907348633
Cora,0.5,2,0.8,9,0.021999984979629517
Cora,0.5,2,0.8,10,0.023000001907348633
Cora,0.5,2,0.9,0,0.030000001192092896
Cora,0.5,2,0.9,1,0.013999998569488525
Cora,0.5,2,0.9,2,0.02000001072883606
Cora,0.5,2,0.9,3,0.0029999911785125732
Cora,0.5,2,0.9,4,0.02000001072883606
Cora,0.5,2,0.9,5,0.02000001072883606
Cora,0.5,2,0.9,6,0.02000001072883606
Cora,0.5,2,0.9,7,0.02000001072883606
Cora,0.5,2,0.9,8,0.021999984979629517
Cora,0.5,2,0.9,9,0.02000001072883606
Cora,0.5,2,0.9,10,0.021999984979629517
Cora,0.5,3,0.0,0,0.050999999046325684
Cora,0.5,3,0.0,1,0.0020000338554382324
Cora,0.5,3,0.0,2,0.0059999823570251465
Cora,0.5,3,0.0,3,0.03600001335144043
Cora,0.5,3,0.0,4,0.08799999952316284
Cora,0.5,3,0.0,5,0.025000035762786865
Cora,0.5,3,0.0,6,0.050000011920928955
Cora,0.5,3,0.0,7,0.07499998807907104
Cora,0.5,3,0.0,8,0.0820000171661377
Cora,0.5,3,0.0,9,0.021000027656555176
Cora,0.5,3,0.0,10,0.03700000047683716
Cora,0.5,3,0.1,0,0.04500001668930054
Cora,0.5,3,0.1,1,0.0559999942779541
Cora,0.5,3,0.1,2,0.0350000262260437
Cora,0.5,3,0.1,3,0.06200003623962402
Cora,0.5,3,0.1,4,0.03100001811981201
Cora,0.5,3,0.1,5,0.0690000057220459
Cora,0.5,3,0.1,6,0.018000006675720215
Cora,0.5,3,0.1,7,0.03799998760223389
Cora,0.5,3,0.1,8,0.05699998140335083
Cora,0.5,3,0.1,9,0.025000035762786865
Cora,0.5,3,0.1,10,0.0350000262260437
Cora,0.5,3,0.2,0,0.03799998760223389
Cora,0.5,3,0.2,1,0.054000020027160645
Cora,0.5,3,0.2,2,0.03100001811981201
Cora,0.5,3,0.2,3,0.06000000238418579
Cora,0.5,3,0.2,4,0.017000019550323486
Cora,0.5,3,0.2,5,0.04000002145767212
Cora,0.5,3,0.2,6,0.026000022888183594
Cora,0.5,3,0.2,7,0.012000024318695068
Cora,0.5,3,0.2,8,-0.001999974250793457
Cora,0.5,3,0.2,9,-0.003000020980834961
Cora,0.5,3,0.2,10,0.018999993801116943
Cora,0.5,3,0.3,0,0.0820000171661377
Cora,0.5,3,0.3,1,0.0559999942779541
Cora,0.5,3,0.3,2,0.008000016212463379
Cora,0.5,3,0.3,3,0.012000024318695068
Cora,0.5,3,0.3,4,0.03200000524520874
Cora,0.5,3,0.3,5,0.023000001907348633
Cora,0.5,3,0.3,6,0.014999985694885254
Cora,0.5,3,0.3,7,0.018000006675720215
Cora,0.5,3,0.3,8,0.018999993801116943
Cora,0.5,3,0.3,9,0.004999995231628418
Cora,0.5,3,0.3,10,0.009999990463256836
Cora,0.5,3,0.4,0,0.078000009059906
Cora,0.5,3,0.4,1,0.027000010013580322
Cora,0.5,3,0.4,2,-0.01600000262260437
Cora,0.5,3,0.4,3,0.023000001907348633
Cora,0.5,3,0.4,4,0.016000032424926758
Cora,0.5,3,0.4,5,-0.021999984979629517
Cora,0.5,3,0.4,6,0.017000019550323486
Cora,0.5,3,0.4,7,0.017000019550323486
Cora,0.5,3,0.4,8,0.00700002908706665
Cora,0.5,3,0.4,9,0.017000019550323486
Cora,0.5,3,0.4,10,-0.004999995231628418
Cora,0.5,3,0.5,0,0.026000022888183594
Cora,0.5,3,0.5,1,0.0009999871253967285
Cora,0.5,3,0.5,2,0.009000003337860107
Cora,0.5,3,0.5,3,0.018000006675720215
Cora,0.5,3,0.5,4,0.017000019550323486
Cora,0.5,3,0.5,5,0.017000019550323486
Cora,0.5,3,0.5,6,0.017000019550323486
Cora,0.5,3,0.5,7,0.0020000338554382324
Cora,0.5,3,0.5,8,0.017000019550323486
Cora,0.5,3,0.5,9,0.017000019550323486
Cora,0.5,3,0.5,10,0.017000019550323486
Cora,0.5,3,0.6,0,0.08300000429153442
Cora,0.5,3,0.6,1,0.02899998426437378
Cora,0.5,3,0.6,2,0.014999985694885254
Cora,0.5,3,0.6,3,-0.009999990463256836
Cora,0.5,3,0.6,4,-0.0040000081062316895
Cora,0.5,3,0.6,5,-0.0040000081062316895
Cora,0.5,3,0.6,6,-0.004999995231628418
Cora,0.5,3,0.6,7,-0.004999995231628418
Cora,0.5,3,0.6,8,-0.004999995231628418
Cora,0.5,3,0.6,9,-0.004999995231628418
Cora,0.5,3,0.6,10,-0.004999995231628418
Cora,0.5,3,0.7,0,-0.0059999823570251465
Cora,0.5,3,0.7,1,0.019999980926513672
Cora,0.5,3,0.7,2,0.003000020980834961
Cora,0.5,3,0.7,3,0.012000024318695068
Cora,0.5,3,0.7,4,-0.004999995231628418
Cora,0.5,3,0.7,5,0.013999998569488525
Cora,0.5,3,0.7,6,0.013999998569488525
Cora,0.5,3,0.7,7,0.013999998569488525
Cora,0.5,3,0.7,8,-0.004999995231628418
Cora,0.5,3,0.7,9,0.013999998569488525
Cora,0.5,3,0.7,10,-0.004999995231628418
Cora,0.5,3,0.8,0,0.03900003433227539
Cora,0.5,3,0.8,1,-0.0009999871253967285
Cora,0.5,3,0.8,2,-0.0059999823570251465
Cora,0.5,3,0.8,3,0.013999998569488525
Cora,0.5,3,0.8,4,0.013999998569488525
Cora,0.5,3,0.8,5,0.013999998569488525
Cora,0.5,3,0.8,6,0.013999998569488525
Cora,0.5,3,0.8,7,-0.003000020980834961
Cora,0.5,3,0.8,8,0.013999998569488525
Cora,0.5,3,0.8,9,0.013999998569488525
Cora,0.5,3,0.8,10,-0.003000020980834961
Cora,0.5,3,0.9,0,0.023000001907348633
Cora,0.5,3,0.9,1,0.0
Cora,0.5,3,0.9,2,0.012000024318695068
Cora,0.5,3,0.9,3,0.013999998569488525
Cora,0.5,3,0.9,4,0.013999998569488525
Cora,0.5,3,0.9,5,0.0
Cora,0.5,3,0.9,6,0.013999998569488525
Cora,0.5,3,0.9,7,0.013999998569488525
Cora,0.5,3,0.9,8,0.013999998569488525
Cora,0.5,3,0.9,9,0.013999998569488525
Cora,0.5,3,0.9,10,0.013999998569488525
Cora,0.5,4,0.0,0,0.03900003433227539
Cora,0.5,4,0.0,1,0.0690000057220459
Cora,0.5,4,0.0,2,0.0910000205039978
Cora,0.5,4,0.0,3,0.023000001907348633
Cora,0.5,4,0.0,4,0.08100003004074097
Cora,0.5,4,0.0,5,0.022000014781951904
Cora,0.5,4,0.0,6,0.050000011920928955
Cora,0.5,4,0.0,7,-0.009999990463256836
Cora,0.5,4,0.0,8,0.0700000524520874
Cora,0.5,4,0.0,9,0.018000006675720215
Cora,0.5,4,0.0,10,0.0480000376701355
Cora,0.5,4,0.1,0,-0.006999969482421875
Cora,0.5,4,0.1,1,0.013000011444091797
Cora,0.5,4,0.1,2,0.04400002956390381
Cora,0.5,4,0.1,3,0.0700000524520874
Cora,0.5,4,0.1,4,0.03800004720687866
Cora,0.5,4,0.1,5,0.023000001907348633
Cora,0.5,4,0.1,6,0.05900001525878906
Cora,0.5,4,0.1,7,0.03100001811981201
Cora,0.5,4,0.1,8,-0.009999990463256836
Cora,0.5,4,0.1,9,0.054000020027160645
Cora,0.5,4,0.1,10,0.020000040531158447
Cora,0.5,4,0.2,0,0.013999998569488525
Cora,0.5,4,0.2,1,0.023000001907348633
Cora,0.5,4,0.2,2,0.033000051975250244
Cora,0.5,4,0.2,3,0.0
Cora,0.5,4,0.2,4,0.008000016212463379
Cora,0.5,4,0.2,5,0.06500005722045898
Cora,0.5,4,0.2,6,-0.0009999871253967285
Cora,0.5,4,0.2,7,0.0
Cora,0.5,4,0.2,8,0.003000020980834961
Cora,0.5,4,0.2,9,-0.014999985694885254
Cora,0.5,4,0.2,10,-0.03199997544288635
Cora,0.5,4,0.3,0,0.06000000238418579
Cora,0.5,4,0.3,1,0.05600005388259888
Cora,0.5,4,0.3,2,0.021000027656555176
Cora,0.5,4,0.3,3,0.029000043869018555
Cora,0.5,4,0.3,4,-0.03299996256828308
Cora,0.5,4,0.3,5,-0.011999964714050293
Cora,0.5,4,0.3,6,0.0
Cora,0.5,4,0.3,7,-0.02399998903274536
Cora,0.5,4,0.3,8,0.0
Cora,0.5,4,0.3,9,0.010000050067901611
Cora,0.5,4,0.3,10,0.0020000338554382324
Cora,0.5,4,0.4,0,-0.0009999871253967285
Cora,0.5,4,0.4,1,0.008000016212463379
Cora,0.5,4,0.4,2,-0.042999982833862305
Cora,0.5,4,0.4,3,0.00700002908706665
Cora,0.5,4,0.4,4,-0.02499997615814209
Cora,0.5,4,0.4,5,-0.039999961853027344
Cora,0.5,4,0.4,6,-0.039999961853027344
Cora,0.5,4,0.4,7,0.0
Cora,0.5,4,0.4,8,0.0
Cora,0.5,4,0.4,9,-0.001999974250793457
Cora,0.5,4,0.4,10,0.0
Cora,0.5,4,0.5,0,0.009000003337860107
Cora,0.5,4,0.5,1,0.005000054836273193
Cora,0.5,4,0.5,2,-0.022999972105026245
Cora,0.5,4,0.5,3,-0.034999966621398926
Cora,0.5,4,0.5,4,-0.054999977350234985
Cora,0.5,4,0.5,5,-0.05199998617172241
Cora,0.5,4,0.5,6,-0.04599997401237488
Cora,0.5,4,0.5,7,-0.001999974250793457
Cora,0.5,4,0.5,8,0.009000003337860107
Cora,0.5,4,0.5,9,0.009000003337860107
Cora,0.5,4,0.5,10,-0.030999988317489624
Cora,0.5,4,0.6,0,0.021000027656555176
Cora,0.5,4,0.6,1,-0.010999977588653564
Cora,0.5,4,0.6,2,-0.05399999022483826
Cora,0.5,4,0.6,3,-0.04599997401237488
Cora,0.5,4,0.6,4,-0.04899996519088745
Cora,0.5,4,0.6,5,-0.05199998617172241
Cora,0.5,4,0.6,6,-0.058999985456466675
Cora,0.5,4,0.6,7,-0.04999998211860657
Cora,0.5,4,0.6,8,-0.04999998211860657
Cora,0.5,4,0.6,9,-0.05799996852874756
Cora,0.5,4,0.6,10,-0.055999964475631714
Cora,0.5,4,0.7,0,-0.038999974727630615
Cora,0.5,4,0.7,1,-0.029999971389770508
Cora,0.5,4,0.7,2,-0.04999998211860657
Cora,0.5,4,0.7,3,-0.04999998211860657
Cora,0.5,4,0.7,4,-0.05399999022483826
Cora,0.5,4,0.7,5,-0.04799997806549072
Cora,0.5,4,0.7,6,0.001000046730041504
Cora,0.5,4,0.7,7,0.001000046730041504
Cora,0.5,4,0.7,8,0.001000046730041504
Cora,0.5,4,0.7,9,-0.06199997663497925
Cora,0.5,4,0.7,10,-0.05399999022483826
Cora,0.5,4,0.8,0,0.01100003719329834
Cora,0.5,4,0.8,1,-0.046999990940093994
Cora,0.5,4,0.8,2,0.003000020980834961
Cora,0.5,4,0.8,3,-0.04999998211860657
Cora,0.5,4,0.8,4,-0.04999998211860657
Cora,0.5,4,0.8,5,0.001000046730041504
Cora,0.5,4,0.8,6,0.006000041961669922
Cora,0.5,4,0.8,7,-0.001999974250793457
Cora,0.5,4,0.8,8,-0.046999990940093994
Cora,0.5,4,0.8,9,-0.046999990940093994
Cora,0.5,4,0.8,10,0.001000046730041504
Cora,0.5,4,0.9,0,-0.046999990940093994
Cora,0.5,4,0.9,1,-0.05399999022483826
Cora,0.5,4,0.9,2,-0.05399999022483826
Cora,0.5,4,0.9,3,-0.05399999022483826
Cora,0.5,4,0.9,4,-0.04999998211860657
Cora,0.5,4,0.9,5,-0.04999998211860657
Cora,0.5,4,0.9,6,-0.046999990940093994
Cora,0.5,4,0.9,7,0.001000046730041504
Cora,0.5,4,0.9,8,-0.0599999725818634
Cora,0.5,4,0.9,9,-0.0599999725818634
Cora,0.5,4,0.9,10,0.006000041961669922
Cora,0.5,5,0.0,0,0.06099998950958252
Cora,0.5,5,0.0,1,0.09299999475479126
Cora,0.5,5,0.0,2,0.08900004625320435
Cora,0.5,5,0.0,3,0.0910000205039978
Cora,0.5,5,0.0,4,0.06600004434585571
Cora,0.5,5,0.0,5,0.08300000429153442
Cora,0.5,5,0.0,6,0.03900003433227539
Cora,0.5,5,0.0,7,0.10900002717971802
Cora,0.5,5,0.0,8,0.054000020027160645
Cora,0.5,5,0.0,9,0.08600002527236938
Cora,0.5,5,0.0,10,0.06099998950958252
Cora,0.5,5,0.1,0,0.11000001430511475
Cora,0.5,5,0.1,1,0.08500003814697266
Cora,0.5,5,0.1,2,0.07500004768371582
Cora,0.5,5,0.1,3,0.09299999475479126
Cora,0.5,5,0.1,4,0.0690000057220459
Cora,0.5,5,0.1,5,0.10600000619888306
Cora,0.5,5,0.1,6,0.07400000095367432
Cora,0.5,5,0.1,7,0.07100003957748413
Cora,0.5,5,0.1,8,0.06600004434585571
Cora,0.5,5,0.1,9,0.0690000057220459
Cora,0.5,5,0.1,10,0.078000009059906
Cora,0.5,5,0.2,0,0.08799999952316284
Cora,0.5,5,0.2,1,0.041999995708465576
Cora,0.5,5,0.2,2,0.06800001859664917
Cora,0.5,5,0.2,3,0.07700002193450928
Cora,0.5,5,0.2,4,0.046999990940093994
Cora,0.5,5,0.2,5,0.04500001668930054
Cora,0.5,5,0.2,6,0.029000043869018555
Cora,0.5,5,0.2,7,0.018000006675720215
Cora,0.5,5,0.2,8,0.021000027656555176
Cora,0.5,5,0.2,9,0.00700002908706665
Cora,0.5,5,0.2,10,0.03799998760223389
Cora,0.5,5,0.3,0,0.0480000376701355
Cora,0.5,5,0.3,1,0.07600003480911255
Cora,0.5,5,0.3,2,0.05200004577636719
Cora,0.5,5,0.3,3,0.022000014781951904
Cora,0.5,5,0.3,4,0.018999993801116943
Cora,0.5,5,0.3,5,-0.007999956607818604
Cora,0.5,5,0.3,6,-0.007999956607818604
Cora,0.5,5,0.3,7,-0.0029999613761901855
Cora,0.5,5,0.3,8,-0.022000014781951904
Cora,0.5,5,0.3,9,-0.022000014781951904
Cora,0.5,5,0.3,10,0.0009999871253967285
Cora,0.5,5,0.4,0,0.08100003004074097
Cora,0.5,5,0.4,1,0.016000032424926758
Cora,0.5,5,0.4,2,0.04500001668930054
Cora,0.5,5,0.4,3,0.0009999871253967285
Cora,0.5,5,0.4,4,-0.0029999613761901855
Cora,0.5,5,0.4,5,0.0040000081062316895
Cora,0.5,5,0.4,6,0.0009999871253967285
Cora,0.5,5,0.4,7,0.0009999871253967285
Cora,0.5,5,0.4,8,0.0009999871253967285
Cora,0.5,5,0.4,9,0.0009999871253967285
Cora,0.5,5,0.4,10,0.0009999871253967285
Cora,0.5,5,0.5,0,0.04500001668930054
Cora,0.5,5,0.5,1,0.013999998569488525
Cora,0.5,5,0.5,2,0.0009999871253967285
Cora,0.5,5,0.5,3,-0.007999956607818604
Cora,0.5,5,0.5,4,-0.009999990463256836
Cora,0.5,5,0.5,5,-0.007999956607818604
Cora,0.5,5,0.5,6,0.04000002145767212
Cora,0.5,5,0.5,7,0.04000002145767212
Cora,0.5,5,0.5,8,0.04000002145767212
Cora,0.5,5,0.5,9,0.04000002145767212
Cora,0.5,5,0.5,10,0.04000002145767212
Cora,0.5,5,0.6,0,0.05200004577636719
Cora,0.5,5,0.6,1,0.030000030994415283
Cora,0.5,5,0.6,2,-0.004999995231628418
Cora,0.5,5,0.6,3,-0.0029999613761901855
Cora,0.5,5,0.6,4,0.03700000047683716
Cora,0.5,5,0.6,5,0.03700000047683716
Cora,0.5,5,0.6,6,0.003000020980834961
Cora,0.5,5,0.6,7,0.03900003433227539
Cora,0.5,5,0.6,8,0.03600001335144043
Cora,0.5,5,0.6,9,0.003000020980834961
Cora,0.5,5,0.6,10,0.03700000047683716
Cora,0.5,5,0.7,0,0.06300002336502075
Cora,0.5,5,0.7,1,0.009999990463256836
Cora,0.5,5,0.7,2,-0.013000011444091797
Cora,0.5,5,0.7,3,0.03600001335144043
Cora,0.5,5,0.7,4,0.03600001335144043
Cora,0.5,5,0.7,5,0.03600001335144043
Cora,0.5,5,0.7,6,0.003000020980834961
Cora,0.5,5,0.7,7,0.03600001335144043
Cora,0.5,5,0.7,8,-0.013999998569488525
Cora,0.5,5,0.7,9,0.03600001335144043
Cora,0.5,5,0.7,10,0.03600001335144043
Cora,0.5,5,0.8,0,0.026000022888183594
Cora,0.5,5,0.8,1,0.012000024318695068
Cora,0.5,5,0.8,2,0.009999990463256836
Cora,0.5,5,0.8,3,0.009999990463256836
Cora,0.5,5,0.8,4,0.009000003337860107
Cora,0.5,5,0.8,5,0.03600001335144043
Cora,0.5,5,0.8,6,0.03600001335144043
Cora,0.5,5,0.8,7,0.03600001335144043
Cora,0.5,5,0.8,8,0.012000024318695068
Cora,0.5,5,0.8,9,0.009999990463256836
Cora,0.5,5,0.8,10,0.03600001335144043
Cora,0.5,5,0.9,0,0.03100001811981201
Cora,0.5,5,0.9,1,0.03600001335144043
Cora,0.5,5,0.9,2,0.009999990463256836
Cora,0.5,5,0.9,3,0.009999990463256836
Cora,0.5,5,0.9,4,0.009999990463256836
Cora,0.5,5,0.9,5,0.03600001335144043
Cora,0.5,5,0.9,6,0.03600001335144043
Cora,0.5,5,0.9,7,0.009999990463256836
Cora,0.5,5,0.9,8,0.009999990463256836
Cora,0.5,5,0.9,9,0.009999990463256836
Cora,0.5,5,0.9,10,0.009999990463256836
Cora,0.5,6,0.0,0,-0.05399999022483826
Cora,0.5,6,0.0,1,-0.03700000047683716
Cora,0.5,6,0.0,2,-0.054999977350234985
Cora,0.5,6,0.0,3,-0.007999986410140991
Cora,0.5,6,0.0,4,-0.06599998474121094
Cora,0.5,6,0.0,5,0.011000007390975952
Cora,0.5,6,0.0,6,-0.06000000238418579
Cora,0.5,6,0.0,7,-0.08899998664855957
Cora,0.5,6,0.0,8,-0.041999995708465576
Cora,0.5,6,0.0,9,-0.03700000047683716
Cora,0.5,6,0.0,10,-0.0339999794960022
Cora,0.5,6,0.1,0,-0.03799998760223389
Cora,0.5,6,0.1,1,-0.11599999666213989
Cora,0.5,6,0.1,2,-0.010999977588653564
Cora,0.5,6,0.1,3,-0.03199997544288635
Cora,0.5,6,0.1,4,0.0559999942779541
Cora,0.5,6,0.1,5,-0.023000001907348633
Cora,0.5,6,0.1,6,-0.01600000262260437
Cora,0.5,6,0.1,7,0.0040000081062316895
Cora,0.5,6,0.1,8,0.011000007390975952
Cora,0.5,6,0.1,9,0.012000024318695068
Cora,0.5,6,0.1,10,0.011000007390975952
Cora,0.5,6,0.2,0,-0.026999980211257935
Cora,0.5,6,0.2,1,-0.020999997854232788
Cora,0.5,6,0.2,2,0.01900002360343933
Cora,0.5,6,0.2,3,-0.03299999237060547
Cora,0.5,6,0.2,4,0.0010000169277191162
Cora,0.5,6,0.2,5,-0.03599998354911804
Cora,0.5,6,0.2,6,-0.018999993801116943
Cora,0.5,6,0.2,7,-0.004999995231628418
Cora,0.5,6,0.2,8,-0.058999985456466675
Cora,0.5,6,0.2,9,0.0020000040531158447
Cora,0.5,6,0.2,10,-0.0059999823570251465
Cora,0.5,6,0.3,0,-0.021999984979629517
Cora,0.5,6,0.3,1,-0.03599998354911804
Cora,0.5,6,0.3,2,-0.041999995708465576
Cora,0.5,6,0.3,3,-0.03599998354911804
Cora,0.5,6,0.3,4,-0.046000003814697266
Cora,0.5,6,0.3,5,-0.013999998569488525
Cora,0.5,6,0.3,6,-0.009000003337860107
Cora,0.5,6,0.3,7,-0.046000003814697266
Cora,0.5,6,0.3,8,-0.01600000262260437
Cora,0.5,6,0.3,9,-0.014999985694885254
Cora,0.5,6,0.3,10,-0.0059999823570251465
Cora,0.5,6,0.4,0,-0.07199999690055847
Cora,0.5,6,0.4,1,0.01600000262260437
Cora,0.5,6,0.4,2,-0.04899999499320984
Cora,0.5,6,0.4,3,-0.04499998688697815
Cora,0.5,6,0.4,4,-0.014999985694885254
Cora,0.5,6,0.4,5,-0.0059999823570251465
Cora,0.5,6,0.4,6,0.006999999284744263
Cora,0.5,6,0.4,7,-0.007999986410140991
Cora,0.5,6,0.4,8,-0.0059999823570251465
Cora,0.5,6,0.4,9,-0.007999986410140991
Cora,0.5,6,0.4,10,-0.0059999823570251465
Cora,0.5,6,0.5,0,-0.09099999070167542
Cora,0.5,6,0.5,1,0.0020000040531158447
Cora,0.5,6,0.5,2,-0.041999995708465576
Cora,0.5,6,0.5,3,-0.03599998354911804
Cora,0.5,6,0.5,4,-0.007999986410140991
Cora,0.5,6,0.5,5,-0.007999986410140991
Cora,0.5,6,0.5,6,-0.0009999871253967285
Cora,0.5,6,0.5,7,-0.0009999871253967285
Cora,0.5,6,0.5,8,-0.0009999871253967285
Cora,0.5,6,0.5,9,0.0
Cora,0.5,6,0.5,10,-0.0009999871253967285
Cora,0.5,6,0.6,0,-0.0169999897480011
Cora,0.5,6,0.6,1,-0.04799997806549072
Cora,0.5,6,0.6,2,-0.014999985694885254
Cora,0.5,6,0.6,3,-0.0009999871253967285
Cora,0.5,6,0.6,4,-0.0009999871253967285
Cora,0.5,6,0.6,5,-0.0009999871253967285
Cora,0.5,6,0.6,6,-0.0009999871253967285
Cora,0.5,6,0.6,7,-0.0009999871253967285
Cora,0.5,6,0.6,8,-0.0009999871253967285
Cora,0.5,6,0.6,9,0.0
Cora,0.5,6,0.6,10,0.0
Cora,0.5,6,0.7,0,-0.010999977588653564
Cora,0.5,6,0.7,1,-0.021999984979629517
Cora,0.5,6,0.7,2,-0.01600000262260437
Cora,0.5,6,0.7,3,-0.0009999871253967285
Cora,0.5,6,0.7,4,0.0
Cora,0.5,6,0.7,5,-0.007999986410140991
Cora,0.5,6,0.7,6,0.0
Cora,0.5,6,0.7,7,-0.0009999871253967285
Cora,0.5,6,0.7,8,0.0
Cora,0.5,6,0.7,9,0.0
Cora,0.5,6,0.7,10,0.0
Cora,0.5,6,0.8,0,-0.07499998807907104
Cora,0.5,6,0.8,1,-0.0339999794960022
Cora,0.5,6,0.8,2,-0.0009999871253967285
Cora,0.5,6,0.8,3,-0.0009999871253967285
Cora,0.5,6,0.8,4,-0.0009999871253967285
Cora,0.5,6,0.8,5,0.0
Cora,0.5,6,0.8,6,-0.0009999871253967285
Cora,0.5,6,0.8,7,0.0
Cora,0.5,6,0.8,8,0.0
Cora,0.5,6,0.8,9,-0.0009999871253967285
Cora,0.5,6,0.8,10,0.0
Cora,0.5,6,0.9,0,-0.06700000166893005
Cora,0.5,6,0.9,1,-0.014999985694885254
Cora,0.5,6,0.9,2,0.0
Cora,0.5,6,0.9,3,0.0
Cora,0.5,6,0.9,4,0.0
Cora,0.5,6,0.9,5,0.0
Cora,0.5,6,0.9,6,0.0
Cora,0.5,6,0.9,7,0.0
Cora,0.5,6,0.9,8,0.0
Cora,0.5,6,0.9,9,0.0
Cora,0.5,6,0.9,10,0.0
Cora,0.5,7,0.0,0,0.021000027656555176
Cora,0.5,7,0.0,1,0.003000020980834961
Cora,0.5,7,0.0,2,0.03200000524520874
Cora,0.5,7,0.0,3,0.028000056743621826
Cora,0.5,7,0.0,4,-0.01699995994567871
Cora,0.5,7,0.0,5,0.005000054836273193
Cora,0.5,7,0.0,6,0.005000054836273193
Cora,0.5,7,0.0,7,0.017000019550323486
Cora,0.5,7,0.0,8,0.03900003433227539
Cora,0.5,7,0.0,9,0.012000024318695068
Cora,0.5,7,0.0,10,0.024000048637390137
Cora,0.5,7,0.1,0,-0.0029999613761901855
Cora,0.5,7,0.1,1,0.03600001335144043
Cora,0.5,7,0.1,2,0.03700000047683716
Cora,0.5,7,0.1,3,-0.019999980926513672
Cora,0.5,7,0.1,4,-0.009999990463256836
Cora,0.5,7,0.1,5,0.005000054836273193
Cora,0.5,7,0.1,6,-0.03700000047683716
Cora,0.5,7,0.1,7,-0.046000003814697266
Cora,0.5,7,0.1,8,0.005000054836273193
Cora,0.5,7,0.1,9,0.013999998569488525
Cora,0.5,7,0.1,10,0.01100003719329834
Cora,0.5,7,0.2,0,-0.006999969482421875
Cora,0.5,7,0.2,1,-0.02399998903274536
Cora,0.5,7,0.2,2,-0.02499997615814209
Cora,0.5,7,0.2,3,0.00700002908706665
Cora,0.5,7,0.2,4,-0.01799994707107544
Cora,0.5,7,0.2,5,-0.02799999713897705
Cora,0.5,7,0.2,6,0.012000024318695068
Cora,0.5,7,0.2,7,-0.011999964714050293
Cora,0.5,7,0.2,8,0.006000041961669922
Cora,0.5,7,0.2,9,-0.001999974250793457
Cora,0.5,7,0.2,10,-0.0029999613761901855
Cora,0.5,7,0.3,0,-0.001999974250793457
Cora,0.5,7,0.3,1,-0.014999985694885254
Cora,0.5,7,0.3,2,-0.02199995517730713
Cora,0.5,7,0.3,3,-0.018999993801116943
Cora,0.5,7,0.3,4,-0.011999964714050293
Cora,0.5,7,0.3,5,-0.008999943733215332
Cora,0.5,7,0.3,6,-0.012999951839447021
Cora,0.5,7,0.3,7,-0.012999951839447021
Cora,0.5,7,0.3,8,-0.012999951839447021
Cora,0.5,7,0.3,9,-0.007999956607818604
Cora,0.5,7,0.3,10,-0.007999956607818604
Cora,0.5,7,0.4,0,0.0
Cora,0.5,7,0.4,1,0.001000046730041504
Cora,0.5,7,0.4,2,0.0
Cora,0.5,7,0.4,3,-0.014999985694885254
Cora,0.5,7,0.4,4,-0.012999951839447021
Cora,0.5,7,0.4,5,-0.003999948501586914
Cora,0.5,7,0.4,6,0.001000046730041504
Cora,0.5,7,0.4,7,0.001000046730041504
Cora,0.5,7,0.4,8,0.001000046730041504
Cora,0.5,7,0.4,9,0.001000046730041504
Cora,0.5,7,0.4,10,0.001000046730041504
Cora,0.5,7,0.5,0,0.05900001525878906
Cora,0.5,7,0.5,1,-0.011999964714050293
Cora,0.5,7,0.5,2,-0.012999951839447021
Cora,0.5,7,0.5,3,-0.012999951839447021
Cora,0.5,7,0.5,4,-0.006999969482421875
Cora,0.5,7,0.5,5,0.001000046730041504
Cora,0.5,7,0.5,6,0.001000046730041504
Cora,0.5,7,0.5,7,0.001000046730041504
Cora,0.5,7,0.5,8,0.001000046730041504
Cora,0.5,7,0.5,9,0.001000046730041504
Cora,0.5,7,0.5,10,0.001000046730041504
Cora,0.5,7,0.6,0,0.00700002908706665
Cora,0.5,7,0.6,1,-0.009999990463256836
Cora,0.5,7,0.6,2,-0.014999985694885254
Cora,0.5,7,0.6,3,-0.012999951839447021
Cora,0.5,7,0.6,4,0.001000046730041504
Cora,0.5,7,0.6,5,0.001000046730041504
Cora,0.5,7,0.6,6,0.001000046730041504
Cora,0.5,7,0.6,7,0.001000046730041504
Cora,0.5,7,0.6,8,0.001000046730041504
Cora,0.5,7,0.6,9,0.001000046730041504
Cora,0.5,7,0.6,10,0.001000046730041504
Cora,0.5,7,0.7,0,-0.015999972820281982
Cora,0.5,7,0.7,1,-0.010999977588653564
Cora,0.5,7,0.7,2,-0.014999985694885254
Cora,0.5,7,0.7,3,0.001000046730041504
Cora,0.5,7,0.7,4,0.0
Cora,0.5,7,0.7,5,0.003000020980834961
Cora,0.5,7,0.7,6,0.003000020980834961
Cora,0.5,7,0.7,7,0.003000020980834961
Cora,0.5,7,0.7,8,0.0
Cora,0.5,7,0.7,9,0.0
Cora,0.5,7,0.7,10,0.001000046730041504
Cora,0.5,7,0.8,0,-0.02499997615814209
Cora,0.5,7,0.8,1,-0.014999985694885254
Cora,0.5,7,0.8,2,-0.011999964714050293
Cora,0.5,7,0.8,3,0.0
Cora,0.5,7,0.8,4,0.0
Cora,0.5,7,0.8,5,0.0
Cora,0.5,7,0.8,6,0.0
Cora,0.5,7,0.8,7,0.003000020980834961
Cora,0.5,7,0.8,8,0.0
Cora,0.5,7,0.8,9,0.003000020980834961
Cora,0.5,7,0.8,10,0.003000020980834961
Cora,0.5,7,0.9,0,-0.006999969482421875
Cora,0.5,7,0.9,1,-0.011999964714050293
Cora,0.5,7,0.9,2,0.0
Cora,0.5,7,0.9,3,0.0
Cora,0.5,7,0.9,4,0.003000020980834961
Cora,0.5,7,0.9,5,0.0
Cora,0.5,7,0.9,6,0.0
Cora,0.5,7,0.9,7,0.0
Cora,0.5,7,0.9,8,0.0
Cora,0.5,7,0.9,9,0.0
Cora,0.5,7,0.9,10,0.0
Cora,0.5,8,0.0,0,0.0729999840259552
Cora,0.5,8,0.0,1,-0.046000003814697266
Cora,0.5,8,0.0,2,-0.014000028371810913
Cora,0.5,8,0.0,3,0.03199997544288635
Cora,0.5,8,0.0,4,0.01299998164176941
Cora,0.5,8,0.0,5,0.02399998903274536
Cora,0.5,8,0.0,6,0.01600000262260437
Cora,0.5,8,0.0,7,0.04899999499320984
Cora,0.5,8,0.0,8,-0.003000020980834961
Cora,0.5,8,0.0,9,0.04099997878074646
Cora,0.5,8,0.0,10,0.023000001907348633
Cora,0.5,8,0.1,0,0.04399999976158142
Cora,0.5,8,0.1,1,-0.033000022172927856
Cora,0.5,8,0.1,2,0.00899997353553772
Cora,0.5,8,0.1,3,0.08499997854232788
Cora,0.5,8,0.1,4,0.01299998164176941
Cora,0.5,8,0.1,5,0.023000001907348633
Cora,0.5,8,0.1,6,0.09000000357627869
Cora,0.5,8,0.1,7,0.07099997997283936
Cora,0.5,8,0.1,8,0.08799999952316284
Cora,0.5,8,0.1,9,0.03799998760223389
Cora,0.5,8,0.1,10,0.042999982833862305
Cora,0.5,8,0.2,0,0.01299998164176941
Cora,0.5,8,0.2,1,0.017999976873397827
Cora,0.5,8,0.2,2,0.04999998211860657
Cora,0.5,8,0.2,3,0.04999998211860657
Cora,0.5,8,0.2,4,0.038999974727630615
Cora,0.5,8,0.2,5,0.04899999499320984
Cora,0.5,8,0.2,6,0.017999976873397827
Cora,0.5,8,0.2,7,-0.0020000040531158447
Cora,0.5,8,0.2,8,0.006999999284744263
Cora,0.5,8,0.2,9,-0.027000010013580322
Cora,0.5,8,0.2,10,0.010999977588653564
Cora,0.5,8,0.3,0,0.006999999284744263
Cora,0.5,8,0.3,1,0.07600000500679016
Cora,0.5,8,0.3,2,-0.006999999284744263
Cora,0.5,8,0.3,3,0.034999996423721313
Cora,0.5,8,0.3,4,0.009999990463256836
Cora,0.5,8,0.3,5,0.00899997353553772
Cora,0.5,8,0.3,6,-0.008000016212463379
Cora,0.5,8,0.3,7,0.004999995231628418
Cora,0.5,8,0.3,8,0.01199999451637268
Cora,0.5,8,0.3,9,0.0059999823570251465
Cora,0.5,8,0.3,10,0.0029999911785125732
Cora,0.5,8,0.4,0,0.06499999761581421
Cora,0.5,8,0.4,1,0.057999998331069946
Cora,0.5,8,0.4,2,0.034999996423721313
Cora,0.5,8,0.4,3,0.00899997353553772
Cora,0.5,8,0.4,4,0.004999995231628418
Cora,0.5,8,0.4,5,0.004999995231628418
Cora,0.5,8,0.4,6,0.0029999911785125732
Cora,0.5,8,0.4,7,0.003999978303909302
Cora,0.5,8,0.4,8,0.003999978303909302
Cora,0.5,8,0.4,9,0.003999978303909302
Cora,0.5,8,0.4,10,0.003999978303909302
Cora,0.5,8,0.5,0,0.025999993085861206
Cora,0.5,8,0.5,1,0.013999998569488525
Cora,0.5,8,0.5,2,0.003999978303909302
Cora,0.5,8,0.5,3,-0.0010000169277191162
Cora,0.5,8,0.5,4,-0.0010000169277191162
Cora,0.5,8,0.5,5,0.01199999451637268
Cora,0.5,8,0.5,6,0.003999978303909302
Cora,0.5,8,0.5,7,0.003999978303909302
Cora,0.5,8,0.5,8,0.0029999911785125732
Cora,0.5,8,0.5,9,0.003999978303909302
Cora,0.5,8,0.5,10,0.0029999911785125732
Cora,0.5,8,0.6,0,0.04799997806549072
Cora,0.5,8,0.6,1,0.013999998569488525
Cora,0.5,8,0.6,2,-0.003000020980834961
Cora,0.5,8,0.6,3,-0.0010000169277191162
Cora,0.5,8,0.6,4,0.0029999911785125732
Cora,0.5,8,0.6,5,0.004999995231628418
Cora,0.5,8,0.6,6,0.004999995231628418
Cora,0.5,8,0.6,7,0.004999995231628418
Cora,0.5,8,0.6,8,0.0029999911785125732
Cora,0.5,8,0.6,9,0.0029999911785125732
Cora,0.5,8,0.6,10,0.0029999911785125732
Cora,0.5,8,0.7,0,0.007999986410140991
Cora,0.5,8,0.7,1,-0.0010000169277191162
Cora,0.5,8,0.7,2,0.0029999911785125732
Cora,0.5,8,0.7,3,0.004999995231628418
Cora,0.5,8,0.7,4,-0.003000020980834961
Cora,0.5,8,0.7,5,0.004999995231628418
Cora,0.5,8,0.7,6,0.004999995231628418
Cora,0.5,8,0.7,7,0.0029999911785125732
Cora,0.5,8,0.7,8,-0.003000020980834961
Cora,0.5,8,0.7,9,0.0009999871253967285
Cora,0.5,8,0.7,10,0.004999995231628418
Cora,0.5,8,0.8,0,0.058999985456466675
Cora,0.5,8,0.8,1,-0.0040000081062316895
Cora,0.5,8,0.8,2,0.0029999911785125732
Cora,0.5,8,0.8,3,0.0009999871253967285
Cora,0.5,8,0.8,4,0.004999995231628418
Cora,0.5,8,0.8,5,-0.0010000169277191162
Cora,0.5,8,0.8,6,-0.003000020980834961
Cora,0.5,8,0.8,7,-0.0010000169277191162
Cora,0.5,8,0.8,8,0.0009999871253967285
Cora,0.5,8,0.8,9,-0.003000020980834961
Cora,0.5,8,0.8,10,-0.003000020980834961
Cora,0.5,8,0.9,0,0.03599998354911804
Cora,0.5,8,0.9,1,-0.006999999284744263
Cora,0.5,8,0.9,2,0.003999978303909302
Cora,0.5,8,0.9,3,-0.003000020980834961
Cora,0.5,8,0.9,4,-0.0010000169277191162
Cora,0.5,8,0.9,5,0.0029999911785125732
Cora,0.5,8,0.9,6,0.0029999911785125732
Cora,0.5,8,0.9,7,-0.003000020980834961
Cora,0.5,8,0.9,8,-0.003000020980834961
Cora,0.5,8,0.9,9,-0.0010000169277191162
Cora,0.5,8,0.9,10,-0.003000020980834961
Cora,0.5,9,0.0,0,0.09000003337860107
Cora,0.5,9,0.0,1,0.06800001859664917
Cora,0.5,9,0.0,2,0.12300002574920654
Cora,0.5,9,0.0,3,0.11599999666213989
Cora,0.5,9,0.0,4,0.09200000762939453
Cora,0.5,9,0.0,5,0.10100001096725464
Cora,0.5,9,0.0,6,-0.006999999284744263
Cora,0.5,9,0.0,7,0.09400004148483276
Cora,0.5,9,0.0,8,0.11300003528594971
Cora,0.5,9,0.0,9,0.14399999380111694
Cora,0.5,9,0.0,10,0.11400002241134644
Cora,0.5,9,0.1,0,0.11599999666213989
Cora,0.5,9,0.1,1,0.10900002717971802
Cora,0.5,9,0.1,2,0.09700000286102295
Cora,0.5,9,0.1,3,0.09900003671646118
Cora,0.5,9,0.1,4,0.10100001096725464
Cora,0.5,9,0.1,5,0.07899999618530273
Cora,0.5,9,0.1,6,0.07899999618530273
Cora,0.5,9,0.1,7,0.07700002193450928
Cora,0.5,9,0.1,8,0.08100003004074097
Cora,0.5,9,0.1,9,0.046000003814697266
Cora,0.5,9,0.1,10,0.08500003814697266
Cora,0.5,9,0.2,0,0.09600001573562622
Cora,0.5,9,0.2,1,0.10800004005432129
Cora,0.5,9,0.2,2,0.10500001907348633
Cora,0.5,9,0.2,3,0.0559999942779541
Cora,0.5,9,0.2,4,0.05199998617172241
Cora,0.5,9,0.2,5,0.020999997854232788
Cora,0.5,9,0.2,6,0.01900002360343933
Cora,0.5,9,0.2,7,0.04000002145767212
Cora,0.5,9,0.2,8,0.03700000047683716
Cora,0.5,9,0.2,9,0.025000035762786865
Cora,0.5,9,0.2,10,0.02399998903274536
Cora,0.5,9,0.3,0,0.09600001573562622
Cora,0.5,9,0.3,1,0.06000000238418579
Cora,0.5,9,0.3,2,0.01900002360343933
Cora,0.5,9,0.3,3,0.026000022888183594
Cora,0.5,9,0.3,4,0.009000003337860107
Cora,0.5,9,0.3,5,-0.006999999284744263
Cora,0.5,9,0.3,6,-0.003999978303909302
Cora,0.5,9,0.3,7,0.01600000262260437
Cora,0.5,9,0.3,8,-0.01299998164176941
Cora,0.5,9,0.3,9,0.010000020265579224
Cora,0.5,9,0.3,10,-0.013999998569488525
Cora,0.5,9,0.4,0,0.04000002145767212
Cora,0.5,9,0.4,1,0.050999999046325684
Cora,0.5,9,0.4,2,0.03100001811981201
Cora,0.5,9,0.4,3,-0.010999977588653564
Cora,0.5,9,0.4,4,0.0020000040531158447
Cora,0.5,9,0.4,5,-0.01299998164176941
Cora,0.5,9,0.4,6,-0.0029999911785125732
Cora,0.5,9,0.4,7,0.03299999237060547
Cora,0.5,9,0.4,8,-0.0029999911785125732
Cora,0.5,9,0.4,9,-0.0029999911785125732
Cora,0.5,9,0.4,10,-0.0029999911785125732
Cora,0.5,9,0.5,0,0.06099998950958252
Cora,0.5,9,0.5,1,0.07600003480911255
Cora,0.5,9,0.5,2,-0.009000003337860107
Cora,0.5,9,0.5,3,-0.010999977588653564
Cora,0.5,9,0.5,4,-0.01299998164176941
Cora,0.5,9,0.5,5,-0.0029999911785125732
Cora,0.5,9,0.5,6,-0.0029999911785125732
Cora,0.5,9,0.5,7,-0.0029999911785125732
Cora,0.5,9,0.5,8,-0.0059999823570251465
Cora,0.5,9,0.5,9,-0.0029999911785125732
Cora,0.5,9,0.5,10,-0.0029999911785125732
Cora,0.5,9,0.6,0,0.06099998950958252
Cora,0.5,9,0.6,1,0.02799999713897705
Cora,0.5,9,0.6,2,-0.0029999911785125732
Cora,0.5,9,0.6,3,-0.01299998164176941
Cora,0.5,9,0.6,4,-0.0029999911785125732
Cora,0.5,9,0.6,5,-0.0029999911785125732
Cora,0.5,9,0.6,6,-0.0029999911785125732
Cora,0.5,9,0.6,7,-0.0029999911785125732
Cora,0.5,9,0.6,8,-0.0029999911785125732
Cora,0.5,9,0.6,9,-0.0029999911785125732
Cora,0.5,9,0.6,10,-0.0029999911785125732
Cora,0.5,9,0.7,0,0.03299999237060547
Cora,0.5,9,0.7,1,-0.0059999823570251465
Cora,0.5,9,0.7,2,-0.01199999451637268
Cora,0.5,9,0.7,3,-0.0029999911785125732
Cora,0.5,9,0.7,4,-0.0059999823570251465
Cora,0.5,9,0.7,5,-0.0029999911785125732
Cora,0.5,9,0.7,6,-0.0059999823570251465
Cora,0.5,9,0.7,7,-0.0059999823570251465
Cora,0.5,9,0.7,8,-0.0059999823570251465
Cora,0.5,9,0.7,9,-0.0059999823570251465
Cora,0.5,9,0.7,10,-0.0029999911785125732
Cora,0.5,9,0.8,0,0.03400003910064697
Cora,0.5,9,0.8,1,-0.009000003337860107
Cora,0.5,9,0.8,2,-0.009000003337860107
Cora,0.5,9,0.8,3,-0.0059999823570251465
Cora,0.5,9,0.8,4,0.0
Cora,0.5,9,0.8,5,-0.0059999823570251465
Cora,0.5,9,0.8,6,-0.0059999823570251465
Cora,0.5,9,0.8,7,0.0
Cora,0.5,9,0.8,8,-0.0059999823570251465
Cora,0.5,9,0.8,9,-0.0059999823570251465
Cora,0.5,9,0.8,10,-0.0059999823570251465
Cora,0.5,9,0.9,0,0.054000020027160645
Cora,0.5,9,0.9,1,-0.0029999911785125732
Cora,0.5,9,0.9,2,-0.0059999823570251465
Cora,0.5,9,0.9,3,0.0
Cora,0.5,9,0.9,4,0.0
Cora,0.5,9,0.9,5,0.0
Cora,0.5,9,0.9,6,0.0
Cora,0.5,9,0.9,7,0.0
Cora,0.5,9,0.9,8,0.0
Cora,0.5,9,0.9,9,0.0
Cora,0.5,9,0.9,10,-0.0059999823570251465
