dataset,noise_rate,seed,rem_thresh,rel_thresh,gain
Cora,0.1,0,0.1,0.0,0.024000048637390137
Cora,0.1,0,0.1,0.1,0.024000048637390137
Cora,0.1,0,0.1,0.2,0.024000048637390137
Cora,0.1,0,0.1,0.3,0.024000048637390137
Cora,0.1,0,0.1,0.4,0.024000048637390137
Cora,0.1,0,0.1,0.5,0.024000048637390137
Cora,0.1,0,0.1,0.6,0.024000048637390137
Cora,0.1,0,0.1,0.7,0.024000048637390137
Cora,0.1,0,0.1,0.8,0.024000048637390137
Cora,0.1,0,0.1,0.9,0.024000048637390137
Cora,0.1,0,0.1,1.0,0.024000048637390137
Cora,0.1,0,0.2,0.0,0.024000048637390137
Cora,0.1,0,0.2,0.1,0.024000048637390137
Cora,0.1,0,0.2,0.2,0.024000048637390137
Cora,0.1,0,0.2,0.3,0.024000048637390137
Cora,0.1,0,0.2,0.4,0.024000048637390137
Cora,0.1,0,0.2,0.5,0.024000048637390137
Cora,0.1,0,0.2,0.6,0.024000048637390137
Cora,0.1,0,0.2,0.7,0.024000048637390137
Cora,0.1,0,0.2,0.8,0.024000048637390137
Cora,0.1,0,0.2,0.9,0.024000048637390137
Cora,0.1,0,0.2,1.0,0.024000048637390137
Cora,0.1,0,0.3,0.0,0.0040000081062316895
Cora,0.1,0,0.3,0.1,0.0
Cora,0.1,0,0.3,0.2,0.0
Cora,0.1,0,0.3,0.3,0.0
Cora,0.1,0,0.3,0.4,0.0
Cora,0.1,0,0.3,0.5,0.0
Cora,0.1,0,0.3,0.6,0.0
Cora,0.1,0,0.3,0.7,0.006000041961669922
Cora,0.1,0,0.3,0.8,0.006000041961669922
Cora,0.1,0,0.3,0.9,0.006000041961669922
Cora,0.1,0,0.3,1.0,0.006000041961669922
Cora,0.1,0,0.4,0.0,0.0040000081062316895
Cora,0.1,0,0.4,0.1,0.0
Cora,0.1,0,0.4,0.2,0.0
Cora,0.1,0,0.4,0.3,0.0
Cora,0.1,0,0.4,0.4,0.0
Cora,0.1,0,0.4,0.5,0.0
Cora,0.1,0,0.4,0.6,0.0
Cora,0.1,0,0.4,0.7,0.006000041961669922
Cora,0.1,0,0.4,0.8,0.006000041961669922
Cora,0.1,0,0.4,0.9,0.006000041961669922
Cora,0.1,0,0.4,1.0,0.006000041961669922
Cora,0.1,0,0.5,0.0,-0.0009999871253967285
Cora,0.1,0,0.5,0.1,-0.004999995231628418
Cora,0.1,0,0.5,0.2,-0.004999995231628418
Cora,0.1,0,0.5,0.3,-0.004999995231628418
Cora,0.1,0,0.5,0.4,-0.004999995231628418
Cora,0.1,0,0.5,0.5,-0.004999995231628418
Cora,0.1,0,0.5,0.6,-0.004999995231628418
Cora,0.1,0,0.5,0.7,0.004999995231628418
Cora,0.1,0,0.5,0.8,0.004999995231628418
Cora,0.1,0,0.5,0.9,0.004999995231628418
Cora,0.1,0,0.5,1.0,0.004999995231628418
Cora,0.1,0,0.6,0.0,-0.0009999871253967285
Cora,0.1,0,0.6,0.1,-0.004999995231628418
Cora,0.1,0,0.6,0.2,-0.004999995231628418
Cora,0.1,0,0.6,0.3,-0.004999995231628418
Cora,0.1,0,0.6,0.4,-0.004999995231628418
Cora,0.1,0,0.6,0.5,-0.004999995231628418
Cora,0.1,0,0.6,0.6,-0.004999995231628418
Cora,0.1,0,0.6,0.7,0.004999995231628418
Cora,0.1,0,0.6,0.8,0.004999995231628418
Cora,0.1,0,0.6,0.9,0.004999995231628418
Cora,0.1,0,0.6,1.0,0.004999995231628418
Cora,0.1,0,0.7,0.0,-0.0009999871253967285
Cora,0.1,0,0.7,0.1,-0.004999995231628418
Cora,0.1,0,0.7,0.2,-0.004999995231628418
Cora,0.1,0,0.7,0.3,-0.004999995231628418
Cora,0.1,0,0.7,0.4,-0.004999995231628418
Cora,0.1,0,0.7,0.5,-0.004999995231628418
Cora,0.1,0,0.7,0.6,-0.004999995231628418
Cora,0.1,0,0.7,0.7,0.004999995231628418
Cora,0.1,0,0.7,0.8,0.004999995231628418
Cora,0.1,0,0.7,0.9,0.004999995231628418
Cora,0.1,0,0.7,1.0,0.004999995231628418
Cora,0.1,0,0.8,0.0,-0.0009999871253967285
Cora,0.1,0,0.8,0.1,-0.004999995231628418
Cora,0.1,0,0.8,0.2,-0.004999995231628418
Cora,0.1,0,0.8,0.3,-0.004999995231628418
Cora,0.1,0,0.8,0.4,-0.004999995231628418
Cora,0.1,0,0.8,0.5,-0.004999995231628418
Cora,0.1,0,0.8,0.6,-0.004999995231628418
Cora,0.1,0,0.8,0.7,0.004999995231628418
Cora,0.1,0,0.8,0.8,0.004999995231628418
Cora,0.1,0,0.8,0.9,0.004999995231628418
Cora,0.1,0,0.8,1.0,0.004999995231628418
Cora,0.1,0,0.9,0.0,-0.0009999871253967285
Cora,0.1,0,0.9,0.1,-0.004999995231628418
Cora,0.1,0,0.9,0.2,-0.004999995231628418
Cora,0.1,0,0.9,0.3,-0.004999995231628418
Cora,0.1,0,0.9,0.4,-0.004999995231628418
Cora,0.1,0,0.9,0.5,-0.004999995231628418
Cora,0.1,0,0.9,0.6,-0.004999995231628418
Cora,0.1,0,0.9,0.7,0.004999995231628418
Cora,0.1,0,0.9,0.8,0.004999995231628418
Cora,0.1,0,0.9,0.9,0.004999995231628418
Cora,0.1,0,0.9,1.0,0.004999995231628418
Cora,0.1,0,1.0,0.0,-0.0009999871253967285
Cora,0.1,0,1.0,0.1,-0.004999995231628418
Cora,0.1,0,1.0,0.2,-0.004999995231628418
Cora,0.1,0,1.0,0.3,-0.004999995231628418
Cora,0.1,0,1.0,0.4,-0.004999995231628418
Cora,0.1,0,1.0,0.5,-0.004999995231628418
Cora,0.1,0,1.0,0.6,-0.004999995231628418
Cora,0.1,0,1.0,0.7,0.004999995231628418
Cora,0.1,0,1.0,0.8,0.004999995231628418
Cora,0.1,0,1.0,0.9,0.004999995231628418
Cora,0.1,0,1.0,1.0,0.004999995231628418
Cora,0.1,1,0.1,0.0,-0.0009999871253967285
Cora,0.1,1,0.1,0.1,0.004999995231628418
Cora,0.1,1,0.1,0.2,0.004999995231628418
Cora,0.1,1,0.1,0.3,0.001999974250793457
Cora,0.1,1,0.1,0.4,0.001999974250793457
Cora,0.1,1,0.1,0.5,0.001999974250793457
Cora,0.1,1,0.1,0.6,0.001999974250793457
Cora,0.1,1,0.1,0.7,0.001999974250793457
Cora,0.1,1,0.1,0.8,0.001999974250793457
Cora,0.1,1,0.1,0.9,0.001999974250793457
Cora,0.1,1,0.1,1.0,0.001999974250793457
Cora,0.1,1,0.2,0.0,0.0
Cora,0.1,1,0.2,0.1,-0.004999995231628418
Cora,0.1,1,0.2,0.2,0.001999974250793457
Cora,0.1,1,0.2,0.3,0.0040000081062316895
Cora,0.1,1,0.2,0.4,0.0040000081062316895
Cora,0.1,1,0.2,0.5,0.0040000081062316895
Cora,0.1,1,0.2,0.6,0.0040000081062316895
Cora,0.1,1,0.2,0.7,0.0040000081062316895
Cora,0.1,1,0.2,0.8,0.0040000081062316895
Cora,0.1,1,0.2,0.9,0.0040000081062316895
Cora,0.1,1,0.2,1.0,0.0040000081062316895
Cora,0.1,1,0.3,0.0,0.0
Cora,0.1,1,0.3,0.1,-0.004999995231628418
Cora,0.1,1,0.3,0.2,0.001999974250793457
Cora,0.1,1,0.3,0.3,0.0040000081062316895
Cora,0.1,1,0.3,0.4,0.0040000081062316895
Cora,0.1,1,0.3,0.5,0.0040000081062316895
Cora,0.1,1,0.3,0.6,0.0040000081062316895
Cora,0.1,1,0.3,0.7,0.0040000081062316895
Cora,0.1,1,0.3,0.8,0.0040000081062316895
Cora,0.1,1,0.3,0.9,0.0040000081062316895
Cora,0.1,1,0.3,1.0,0.0040000081062316895
Cora,0.1,1,0.4,0.0,0.0
Cora,0.1,1,0.4,0.1,-0.004999995231628418
Cora,0.1,1,0.4,0.2,0.001999974250793457
Cora,0.1,1,0.4,0.3,0.0040000081062316895
Cora,0.1,1,0.4,0.4,0.0040000081062316895
Cora,0.1,1,0.4,0.5,0.0040000081062316895
Cora,0.1,1,0.4,0.6,0.0040000081062316895
Cora,0.1,1,0.4,0.7,0.0040000081062316895
Cora,0.1,1,0.4,0.8,0.0040000081062316895
Cora,0.1,1,0.4,0.9,0.0040000081062316895
Cora,0.1,1,0.4,1.0,0.0040000081062316895
Cora,0.1,1,0.5,0.0,0.0
Cora,0.1,1,0.5,0.1,-0.004999995231628418
Cora,0.1,1,0.5,0.2,0.001999974250793457
Cora,0.1,1,0.5,0.3,0.0040000081062316895
Cora,0.1,1,0.5,0.4,0.0040000081062316895
Cora,0.1,1,0.5,0.5,0.0040000081062316895
Cora,0.1,1,0.5,0.6,0.0040000081062316895
Cora,0.1,1,0.5,0.7,0.0040000081062316895
Cora,0.1,1,0.5,0.8,0.0040000081062316895
Cora,0.1,1,0.5,0.9,0.0040000081062316895
Cora,0.1,1,0.5,1.0,0.0040000081062316895
Cora,0.1,1,0.6,0.0,0.0
Cora,0.1,1,0.6,0.1,-0.004999995231628418
Cora,0.1,1,0.6,0.2,0.001999974250793457
Cora,0.1,1,0.6,0.3,0.0040000081062316895
Cora,0.1,1,0.6,0.4,0.0040000081062316895
Cora,0.1,1,0.6,0.5,0.0040000081062316895
Cora,0.1,1,0.6,0.6,0.0040000081062316895
Cora,0.1,1,0.6,0.7,0.0040000081062316895
Cora,0.1,1,0.6,0.8,0.0040000081062316895
Cora,0.1,1,0.6,0.9,0.0040000081062316895
Cora,0.1,1,0.6,1.0,0.0040000081062316895
Cora,0.1,1,0.7,0.0,0.0
Cora,0.1,1,0.7,0.1,-0.004999995231628418
Cora,0.1,1,0.7,0.2,0.001999974250793457
Cora,0.1,1,0.7,0.3,0.0040000081062316895
Cora,0.1,1,0.7,0.4,0.0040000081062316895
Cora,0.1,1,0.7,0.5,0.0040000081062316895
Cora,0.1,1,0.7,0.6,0.0040000081062316895
Cora,0.1,1,0.7,0.7,0.0040000081062316895
Cora,0.1,1,0.7,0.8,0.0040000081062316895
Cora,0.1,1,0.7,0.9,0.0040000081062316895
Cora,0.1,1,0.7,1.0,0.0040000081062316895
Cora,0.1,1,0.8,0.0,0.0
Cora,0.1,1,0.8,0.1,-0.004999995231628418
Cora,0.1,1,0.8,0.2,0.001999974250793457
Cora,0.1,1,0.8,0.3,0.0040000081062316895
Cora,0.1,1,0.8,0.4,0.0040000081062316895
Cora,0.1,1,0.8,0.5,0.0040000081062316895
Cora,0.1,1,0.8,0.6,0.0040000081062316895
Cora,0.1,1,0.8,0.7,0.0040000081062316895
Cora,0.1,1,0.8,0.8,0.0040000081062316895
Cora,0.1,1,0.8,0.9,0.0040000081062316895
Cora,0.1,1,0.8,1.0,0.0040000081062316895
Cora,0.1,1,0.9,0.0,0.0
Cora,0.1,1,0.9,0.1,-0.004999995231628418
Cora,0.1,1,0.9,0.2,0.001999974250793457
Cora,0.1,1,0.9,0.3,0.0040000081062316895
Cora,0.1,1,0.9,0.4,0.0040000081062316895
Cora,0.1,1,0.9,0.5,0.0040000081062316895
Cora,0.1,1,0.9,0.6,0.0040000081062316895
Cora,0.1,1,0.9,0.7,0.0040000081062316895
Cora,0.1,1,0.9,0.8,0.0040000081062316895
Cora,0.1,1,0.9,0.9,0.0040000081062316895
Cora,0.1,1,0.9,1.0,0.0040000081062316895
Cora,0.1,1,1.0,0.0,0.0
Cora,0.1,1,1.0,0.1,-0.004999995231628418
Cora,0.1,1,1.0,0.2,0.001999974250793457
Cora,0.1,1,1.0,0.3,0.0040000081062316895
Cora,0.1,1,1.0,0.4,0.0040000081062316895
Cora,0.1,1,1.0,0.5,0.0040000081062316895
Cora,0.1,1,1.0,0.6,0.0040000081062316895
Cora,0.1,1,1.0,0.7,0.0040000081062316895
Cora,0.1,1,1.0,0.8,0.0040000081062316895
Cora,0.1,1,1.0,0.9,0.0040000081062316895
Cora,0.1,1,1.0,1.0,0.0040000081062316895
Cora,0.1,2,0.1,0.0,0.02399998903274536
Cora,0.1,2,0.1,0.1,0.018999993801116943
Cora,0.1,2,0.1,0.2,0.018999993801116943
Cora,0.1,2,0.1,0.3,0.018999993801116943
Cora,0.1,2,0.1,0.4,0.018999993801116943
Cora,0.1,2,0.1,0.5,0.018999993801116943
Cora,0.1,2,0.1,0.6,0.018999993801116943
Cora,0.1,2,0.1,0.7,0.018999993801116943
Cora,0.1,2,0.1,0.8,0.018999993801116943
Cora,0.1,2,0.1,0.9,0.018999993801116943
Cora,0.1,2,0.1,1.0,0.019999980926513672
Cora,0.1,2,0.2,0.0,0.02199995517730713
Cora,0.1,2,0.2,0.1,0.018999993801116943
Cora,0.1,2,0.2,0.2,0.018999993801116943
Cora,0.1,2,0.2,0.3,0.018999993801116943
Cora,0.1,2,0.2,0.4,0.018999993801116943
Cora,0.1,2,0.2,0.5,0.018999993801116943
Cora,0.1,2,0.2,0.6,0.018999993801116943
Cora,0.1,2,0.2,0.7,0.018999993801116943
Cora,0.1,2,0.2,0.8,0.018999993801116943
Cora,0.1,2,0.2,0.9,0.018999993801116943
Cora,0.1,2,0.2,1.0,0.018999993801116943
Cora,0.1,2,0.3,0.0,0.02199995517730713
Cora,0.1,2,0.3,0.1,0.018999993801116943
Cora,0.1,2,0.3,0.2,0.018999993801116943
Cora,0.1,2,0.3,0.3,0.018999993801116943
Cora,0.1,2,0.3,0.4,0.018999993801116943
Cora,0.1,2,0.3,0.5,0.018999993801116943
Cora,0.1,2,0.3,0.6,0.018999993801116943
Cora,0.1,2,0.3,0.7,0.018999993801116943
Cora,0.1,2,0.3,0.8,0.018999993801116943
Cora,0.1,2,0.3,0.9,0.018999993801116943
Cora,0.1,2,0.3,1.0,0.018999993801116943
Cora,0.1,2,0.4,0.0,0.02199995517730713
Cora,0.1,2,0.4,0.1,0.018999993801116943
Cora,0.1,2,0.4,0.2,0.018999993801116943
Cora,0.1,2,0.4,0.3,0.018999993801116943
Cora,0.1,2,0.4,0.4,0.018999993801116943
Cora,0.1,2,0.4,0.5,0.018999993801116943
Cora,0.1,2,0.4,0.6,0.018999993801116943
Cora,0.1,2,0.4,0.7,0.018999993801116943
Cora,0.1,2,0.4,0.8,0.018999993801116943
Cora,0.1,2,0.4,0.9,0.018999993801116943
Cora,0.1,2,0.4,1.0,0.018999993801116943
Cora,0.1,2,0.5,0.0,0.02199995517730713
Cora,0.1,2,0.5,0.1,0.018999993801116943
Cora,0.1,2,0.5,0.2,0.018999993801116943
Cora,0.1,2,0.5,0.3,0.018999993801116943
Cora,0.1,2,0.5,0.4,0.018999993801116943
Cora,0.1,2,0.5,0.5,0.018999993801116943
Cora,0.1,2,0.5,0.6,0.018999993801116943
Cora,0.1,2,0.5,0.7,0.018999993801116943
Cora,0.1,2,0.5,0.8,0.018999993801116943
Cora,0.1,2,0.5,0.9,0.018999993801116943
Cora,0.1,2,0.5,1.0,0.018999993801116943
Cora,0.1,2,0.6,0.0,0.02199995517730713
Cora,0.1,2,0.6,0.1,0.018999993801116943
Cora,0.1,2,0.6,0.2,0.018999993801116943
Cora,0.1,2,0.6,0.3,0.018999993801116943
Cora,0.1,2,0.6,0.4,0.018999993801116943
Cora,0.1,2,0.6,0.5,0.018999993801116943
Cora,0.1,2,0.6,0.6,0.018999993801116943
Cora,0.1,2,0.6,0.7,0.018999993801116943
Cora,0.1,2,0.6,0.8,0.018999993801116943
Cora,0.1,2,0.6,0.9,0.018999993801116943
Cora,0.1,2,0.6,1.0,0.018999993801116943
Cora,0.1,2,0.7,0.0,0.02199995517730713
Cora,0.1,2,0.7,0.1,0.018999993801116943
Cora,0.1,2,0.7,0.2,0.018999993801116943
Cora,0.1,2,0.7,0.3,0.018999993801116943
Cora,0.1,2,0.7,0.4,0.018999993801116943
Cora,0.1,2,0.7,0.5,0.018999993801116943
Cora,0.1,2,0.7,0.6,0.018999993801116943
Cora,0.1,2,0.7,0.7,0.018999993801116943
Cora,0.1,2,0.7,0.8,0.018999993801116943
Cora,0.1,2,0.7,0.9,0.018999993801116943
Cora,0.1,2,0.7,1.0,0.018999993801116943
Cora,0.1,2,0.8,0.0,0.02199995517730713
Cora,0.1,2,0.8,0.1,0.018999993801116943
Cora,0.1,2,0.8,0.2,0.018999993801116943
Cora,0.1,2,0.8,0.3,0.018999993801116943
Cora,0.1,2,0.8,0.4,0.018999993801116943
Cora,0.1,2,0.8,0.5,0.018999993801116943
Cora,0.1,2,0.8,0.6,0.018999993801116943
Cora,0.1,2,0.8,0.7,0.018999993801116943
Cora,0.1,2,0.8,0.8,0.018999993801116943
Cora,0.1,2,0.8,0.9,0.018999993801116943
Cora,0.1,2,0.8,1.0,0.018999993801116943
Cora,0.1,2,0.9,0.0,0.02199995517730713
Cora,0.1,2,0.9,0.1,0.018999993801116943
Cora,0.1,2,0.9,0.2,0.018999993801116943
Cora,0.1,2,0.9,0.3,0.018999993801116943
Cora,0.1,2,0.9,0.4,0.018999993801116943
Cora,0.1,2,0.9,0.5,0.018999993801116943
Cora,0.1,2,0.9,0.6,0.018999993801116943
Cora,0.1,2,0.9,0.7,0.018999993801116943
Cora,0.1,2,0.9,0.8,0.018999993801116943
Cora,0.1,2,0.9,0.9,0.018999993801116943
Cora,0.1,2,0.9,1.0,0.018999993801116943
Cora,0.1,2,1.0,0.0,0.02199995517730713
Cora,0.1,2,1.0,0.1,0.018999993801116943
Cora,0.1,2,1.0,0.2,0.018999993801116943
Cora,0.1,2,1.0,0.3,0.018999993801116943
Cora,0.1,2,1.0,0.4,0.018999993801116943
Cora,0.1,2,1.0,0.5,0.018999993801116943
Cora,0.1,2,1.0,0.6,0.018999993801116943
Cora,0.1,2,1.0,0.7,0.018999993801116943
Cora,0.1,2,1.0,0.8,0.018999993801116943
Cora,0.1,2,1.0,0.9,0.018999993801116943
Cora,0.1,2,1.0,1.0,0.018999993801116943
Cora,0.1,3,0.1,0.0,-0.004999995231628418
Cora,0.1,3,0.1,0.1,-0.004999995231628418
Cora,0.1,3,0.1,0.2,-0.004999995231628418
Cora,0.1,3,0.1,0.3,-0.004999995231628418
Cora,0.1,3,0.1,0.4,-0.004999995231628418
Cora,0.1,3,0.1,0.5,-0.004999995231628418
Cora,0.1,3,0.1,0.6,-0.004999995231628418
Cora,0.1,3,0.1,0.7,-0.004999995231628418
Cora,0.1,3,0.1,0.8,-0.012000024318695068
Cora,0.1,3,0.1,0.9,-0.012000024318695068
Cora,0.1,3,0.1,1.0,-0.012000024318695068
Cora,0.1,3,0.2,0.0,0.004999995231628418
Cora,0.1,3,0.2,0.1,0.004999995231628418
Cora,0.1,3,0.2,0.2,0.004999995231628418
Cora,0.1,3,0.2,0.3,0.004999995231628418
Cora,0.1,3,0.2,0.4,0.004999995231628418
Cora,0.1,3,0.2,0.5,0.004999995231628418
Cora,0.1,3,0.2,0.6,0.004999995231628418
Cora,0.1,3,0.2,0.7,0.004999995231628418
Cora,0.1,3,0.2,0.8,0.0040000081062316895
Cora,0.1,3,0.2,0.9,0.0040000081062316895
Cora,0.1,3,0.2,1.0,0.0040000081062316895
Cora,0.1,3,0.3,0.0,0.0040000081062316895
Cora,0.1,3,0.3,0.1,0.0040000081062316895
Cora,0.1,3,0.3,0.2,0.0040000081062316895
Cora,0.1,3,0.3,0.3,0.0040000081062316895
Cora,0.1,3,0.3,0.4,0.0040000081062316895
Cora,0.1,3,0.3,0.5,0.0040000081062316895
Cora,0.1,3,0.3,0.6,0.0040000081062316895
Cora,0.1,3,0.3,0.7,0.0040000081062316895
Cora,0.1,3,0.3,0.8,0.006999969482421875
Cora,0.1,3,0.3,0.9,0.006999969482421875
Cora,0.1,3,0.3,1.0,0.006999969482421875
Cora,0.1,3,0.4,0.0,0.004999995231628418
Cora,0.1,3,0.4,0.1,0.004999995231628418
Cora,0.1,3,0.4,0.2,0.004999995231628418
Cora,0.1,3,0.4,0.3,0.004999995231628418
Cora,0.1,3,0.4,0.4,0.004999995231628418
Cora,0.1,3,0.4,0.5,0.004999995231628418
Cora,0.1,3,0.4,0.6,0.004999995231628418
Cora,0.1,3,0.4,0.7,0.004999995231628418
Cora,0.1,3,0.4,0.8,0.009000003337860107
Cora,0.1,3,0.4,0.9,0.009000003337860107
Cora,0.1,3,0.4,1.0,0.009000003337860107
Cora,0.1,3,0.5,0.0,0.008000016212463379
Cora,0.1,3,0.5,0.1,0.008000016212463379
Cora,0.1,3,0.5,0.2,0.008000016212463379
Cora,0.1,3,0.5,0.3,0.008000016212463379
Cora,0.1,3,0.5,0.4,0.008000016212463379
Cora,0.1,3,0.5,0.5,0.008000016212463379
Cora,0.1,3,0.5,0.6,0.008000016212463379
Cora,0.1,3,0.5,0.7,0.008000016212463379
Cora,0.1,3,0.5,0.8,0.004999995231628418
Cora,0.1,3,0.5,0.9,0.004999995231628418
Cora,0.1,3,0.5,1.0,0.004999995231628418
Cora,0.1,3,0.6,0.0,0.0029999613761901855
Cora,0.1,3,0.6,0.1,0.0029999613761901855
Cora,0.1,3,0.6,0.2,0.0029999613761901855
Cora,0.1,3,0.6,0.3,0.0029999613761901855
Cora,0.1,3,0.6,0.4,0.0029999613761901855
Cora,0.1,3,0.6,0.5,0.0029999613761901855
Cora,0.1,3,0.6,0.6,0.0029999613761901855
Cora,0.1,3,0.6,0.7,0.0029999613761901855
Cora,0.1,3,0.6,0.8,0.0009999871253967285
Cora,0.1,3,0.6,0.9,0.0009999871253967285
Cora,0.1,3,0.6,1.0,0.0009999871253967285
Cora,0.1,3,0.7,0.0,0.0029999613761901855
Cora,0.1,3,0.7,0.1,0.0029999613761901855
Cora,0.1,3,0.7,0.2,0.0029999613761901855
Cora,0.1,3,0.7,0.3,0.0029999613761901855
Cora,0.1,3,0.7,0.4,0.0029999613761901855
Cora,0.1,3,0.7,0.5,0.0029999613761901855
Cora,0.1,3,0.7,0.6,0.0029999613761901855
Cora,0.1,3,0.7,0.7,0.0029999613761901855
Cora,0.1,3,0.7,0.8,0.0009999871253967285
Cora,0.1,3,0.7,0.9,0.0009999871253967285
Cora,0.1,3,0.7,1.0,0.0009999871253967285
Cora,0.1,3,0.8,0.0,0.0029999613761901855
Cora,0.1,3,0.8,0.1,0.0029999613761901855
Cora,0.1,3,0.8,0.2,0.0029999613761901855
Cora,0.1,3,0.8,0.3,0.0029999613761901855
Cora,0.1,3,0.8,0.4,0.0029999613761901855
Cora,0.1,3,0.8,0.5,0.0029999613761901855
Cora,0.1,3,0.8,0.6,0.0029999613761901855
Cora,0.1,3,0.8,0.7,0.0029999613761901855
Cora,0.1,3,0.8,0.8,0.0009999871253967285
Cora,0.1,3,0.8,0.9,0.0009999871253967285
Cora,0.1,3,0.8,1.0,0.0009999871253967285
Cora,0.1,3,0.9,0.0,0.0029999613761901855
Cora,0.1,3,0.9,0.1,0.0029999613761901855
Cora,0.1,3,0.9,0.2,0.0029999613761901855
Cora,0.1,3,0.9,0.3,0.0029999613761901855
Cora,0.1,3,0.9,0.4,0.0029999613761901855
Cora,0.1,3,0.9,0.5,0.0029999613761901855
Cora,0.1,3,0.9,0.6,0.0029999613761901855
Cora,0.1,3,0.9,0.7,0.0029999613761901855
Cora,0.1,3,0.9,0.8,0.0009999871253967285
Cora,0.1,3,0.9,0.9,0.0009999871253967285
Cora,0.1,3,0.9,1.0,0.0009999871253967285
Cora,0.1,3,1.0,0.0,0.0029999613761901855
Cora,0.1,3,1.0,0.1,0.0029999613761901855
Cora,0.1,3,1.0,0.2,0.0029999613761901855
Cora,0.1,3,1.0,0.3,0.0029999613761901855
Cora,0.1,3,1.0,0.4,0.0029999613761901855
Cora,0.1,3,1.0,0.5,0.0029999613761901855
Cora,0.1,3,1.0,0.6,0.0029999613761901855
Cora,0.1,3,1.0,0.7,0.0029999613761901855
Cora,0.1,3,1.0,0.8,0.0009999871253967285
Cora,0.1,3,1.0,0.9,0.0009999871253967285
Cora,0.1,3,1.0,1.0,0.0009999871253967285
Cora,0.1,4,0.1,0.0,0.02399998903274536
Cora,0.1,4,0.1,0.1,0.0209999680519104
Cora,0.1,4,0.1,0.2,0.0209999680519104
Cora,0.1,4,0.1,0.3,0.027000010013580322
Cora,0.1,4,0.1,0.4,0.027000010013580322
Cora,0.1,4,0.1,0.5,0.027000010013580322
Cora,0.1,4,0.1,0.6,0.010999977588653564
Cora,0.1,4,0.1,0.7,0.02899998426437378
Cora,0.1,4,0.1,0.8,0.02899998426437378
Cora,0.1,4,0.1,0.9,0.02899998426437378
Cora,0.1,4,0.1,1.0,0.02899998426437378
Cora,0.1,4,0.2,0.0,-0.012000024318695068
Cora,0.1,4,0.2,0.1,-0.010999977588653564
Cora,0.1,4,0.2,0.2,-0.010999977588653564
Cora,0.1,4,0.2,0.3,-0.008000016212463379
Cora,0.1,4,0.2,0.4,-0.008000016212463379
Cora,0.1,4,0.2,0.5,-0.008000016212463379
Cora,0.1,4,0.2,0.6,-0.0059999823570251465
Cora,0.1,4,0.2,0.7,-0.009999990463256836
Cora,0.1,4,0.2,0.8,-0.009999990463256836
Cora,0.1,4,0.2,0.9,-0.009999990463256836
Cora,0.1,4,0.2,1.0,-0.009999990463256836
Cora,0.1,4,0.3,0.0,-0.012000024318695068
Cora,0.1,4,0.3,0.1,-0.010999977588653564
Cora,0.1,4,0.3,0.2,-0.010999977588653564
Cora,0.1,4,0.3,0.3,-0.008000016212463379
Cora,0.1,4,0.3,0.4,-0.008000016212463379
Cora,0.1,4,0.3,0.5,-0.008000016212463379
Cora,0.1,4,0.3,0.6,-0.0059999823570251465
Cora,0.1,4,0.3,0.7,-0.009999990463256836
Cora,0.1,4,0.3,0.8,-0.009999990463256836
Cora,0.1,4,0.3,0.9,-0.009999990463256836
Cora,0.1,4,0.3,1.0,-0.009999990463256836
Cora,0.1,4,0.4,0.0,-0.0009999871253967285
Cora,0.1,4,0.4,0.1,0.0009999871253967285
Cora,0.1,4,0.4,0.2,0.0009999871253967285
Cora,0.1,4,0.4,0.3,0.0
Cora,0.1,4,0.4,0.4,0.0
Cora,0.1,4,0.4,0.5,0.0
Cora,0.1,4,0.4,0.6,-0.0009999871253967285
Cora,0.1,4,0.4,0.7,0.001999974250793457
Cora,0.1,4,0.4,0.8,0.001999974250793457
Cora,0.1,4,0.4,0.9,0.001999974250793457
Cora,0.1,4,0.4,1.0,0.001999974250793457
Cora,0.1,4,0.5,0.0,-0.0009999871253967285
Cora,0.1,4,0.5,0.1,0.0009999871253967285
Cora,0.1,4,0.5,0.2,0.0009999871253967285
Cora,0.1,4,0.5,0.3,0.004999995231628418
Cora,0.1,4,0.5,0.4,0.004999995231628418
Cora,0.1,4,0.5,0.5,0.004999995231628418
Cora,0.1,4,0.5,0.6,0.0009999871253967285
Cora,0.1,4,0.5,0.7,0.001999974250793457
Cora,0.1,4,0.5,0.8,0.001999974250793457
Cora,0.1,4,0.5,0.9,0.001999974250793457
Cora,0.1,4,0.5,1.0,0.001999974250793457
Cora,0.1,4,0.6,0.0,-0.0009999871253967285
Cora,0.1,4,0.6,0.1,0.0009999871253967285
Cora,0.1,4,0.6,0.2,0.0009999871253967285
Cora,0.1,4,0.6,0.3,0.004999995231628418
Cora,0.1,4,0.6,0.4,0.004999995231628418
Cora,0.1,4,0.6,0.5,0.004999995231628418
Cora,0.1,4,0.6,0.6,0.0009999871253967285
Cora,0.1,4,0.6,0.7,0.001999974250793457
Cora,0.1,4,0.6,0.8,0.001999974250793457
Cora,0.1,4,0.6,0.9,0.001999974250793457
Cora,0.1,4,0.6,1.0,0.001999974250793457
Cora,0.1,4,0.7,0.0,-0.0009999871253967285
Cora,0.1,4,0.7,0.1,0.0009999871253967285
Cora,0.1,4,0.7,0.2,0.0009999871253967285
Cora,0.1,4,0.7,0.3,0.004999995231628418
Cora,0.1,4,0.7,0.4,0.004999995231628418
Cora,0.1,4,0.7,0.5,0.004999995231628418
Cora,0.1,4,0.7,0.6,0.0009999871253967285
Cora,0.1,4,0.7,0.7,0.001999974250793457
Cora,0.1,4,0.7,0.8,0.001999974250793457
Cora,0.1,4,0.7,0.9,0.001999974250793457
Cora,0.1,4,0.7,1.0,0.001999974250793457
Cora,0.1,4,0.8,0.0,-0.0009999871253967285
Cora,0.1,4,0.8,0.1,0.0009999871253967285
Cora,0.1,4,0.8,0.2,0.0009999871253967285
Cora,0.1,4,0.8,0.3,0.004999995231628418
Cora,0.1,4,0.8,0.4,0.004999995231628418
Cora,0.1,4,0.8,0.5,0.004999995231628418
Cora,0.1,4,0.8,0.6,0.0009999871253967285
Cora,0.1,4,0.8,0.7,0.001999974250793457
Cora,0.1,4,0.8,0.8,0.001999974250793457
Cora,0.1,4,0.8,0.9,0.001999974250793457
Cora,0.1,4,0.8,1.0,0.001999974250793457
Cora,0.1,4,0.9,0.0,-0.0009999871253967285
Cora,0.1,4,0.9,0.1,0.0009999871253967285
Cora,0.1,4,0.9,0.2,0.0009999871253967285
Cora,0.1,4,0.9,0.3,0.004999995231628418
Cora,0.1,4,0.9,0.4,0.004999995231628418
Cora,0.1,4,0.9,0.5,0.004999995231628418
Cora,0.1,4,0.9,0.6,0.0009999871253967285
Cora,0.1,4,0.9,0.7,0.001999974250793457
Cora,0.1,4,0.9,0.8,0.001999974250793457
Cora,0.1,4,0.9,0.9,0.001999974250793457
Cora,0.1,4,0.9,1.0,0.001999974250793457
Cora,0.1,4,1.0,0.0,-0.0009999871253967285
Cora,0.1,4,1.0,0.1,0.0009999871253967285
Cora,0.1,4,1.0,0.2,0.0009999871253967285
Cora,0.1,4,1.0,0.3,0.004999995231628418
Cora,0.1,4,1.0,0.4,0.004999995231628418
Cora,0.1,4,1.0,0.5,0.004999995231628418
Cora,0.1,4,1.0,0.6,0.0009999871253967285
Cora,0.1,4,1.0,0.7,0.001999974250793457
Cora,0.1,4,1.0,0.8,0.001999974250793457
Cora,0.1,4,1.0,0.9,0.001999974250793457
Cora,0.1,4,1.0,1.0,0.001999974250793457
Cora,0.1,5,0.1,0.0,-0.003000020980834961
Cora,0.1,5,0.1,0.1,-0.003000020980834961
Cora,0.1,5,0.1,0.2,-0.003000020980834961
Cora,0.1,5,0.1,0.3,-0.003000020980834961
Cora,0.1,5,0.1,0.4,-0.003000020980834961
Cora,0.1,5,0.1,0.5,-0.003000020980834961
Cora,0.1,5,0.1,0.6,-0.003000020980834961
Cora,0.1,5,0.1,0.7,-0.003000020980834961
Cora,0.1,5,0.1,0.8,-0.003000020980834961
Cora,0.1,5,0.1,0.9,-0.003000020980834961
Cora,0.1,5,0.1,1.0,-0.003000020980834961
Cora,0.1,5,0.2,0.0,0.018000006675720215
Cora,0.1,5,0.2,0.1,0.018000006675720215
Cora,0.1,5,0.2,0.2,0.018000006675720215
Cora,0.1,5,0.2,0.3,0.018000006675720215
Cora,0.1,5,0.2,0.4,0.018000006675720215
Cora,0.1,5,0.2,0.5,0.018000006675720215
Cora,0.1,5,0.2,0.6,0.018000006675720215
Cora,0.1,5,0.2,0.7,0.018000006675720215
Cora,0.1,5,0.2,0.8,0.018000006675720215
Cora,0.1,5,0.2,0.9,0.018000006675720215
Cora,0.1,5,0.2,1.0,0.018000006675720215
Cora,0.1,5,0.3,0.0,0.018000006675720215
Cora,0.1,5,0.3,0.1,0.018000006675720215
Cora,0.1,5,0.3,0.2,0.018000006675720215
Cora,0.1,5,0.3,0.3,0.018000006675720215
Cora,0.1,5,0.3,0.4,0.018000006675720215
Cora,0.1,5,0.3,0.5,0.018000006675720215
Cora,0.1,5,0.3,0.6,0.018000006675720215
Cora,0.1,5,0.3,0.7,0.018000006675720215
Cora,0.1,5,0.3,0.8,0.018000006675720215
Cora,0.1,5,0.3,0.9,0.018000006675720215
Cora,0.1,5,0.3,1.0,0.018000006675720215
Cora,0.1,5,0.4,0.0,0.0
Cora,0.1,5,0.4,0.1,0.0
Cora,0.1,5,0.4,0.2,0.0
Cora,0.1,5,0.4,0.3,0.0
Cora,0.1,5,0.4,0.4,0.0
Cora,0.1,5,0.4,0.5,0.0
Cora,0.1,5,0.4,0.6,0.0
Cora,0.1,5,0.4,0.7,0.0
Cora,0.1,5,0.4,0.8,0.0
Cora,0.1,5,0.4,0.9,0.0
Cora,0.1,5,0.4,1.0,0.0
Cora,0.1,5,0.5,0.0,0.0
Cora,0.1,5,0.5,0.1,0.0
Cora,0.1,5,0.5,0.2,0.0
Cora,0.1,5,0.5,0.3,0.0
Cora,0.1,5,0.5,0.4,0.0
Cora,0.1,5,0.5,0.5,0.0
Cora,0.1,5,0.5,0.6,0.0
Cora,0.1,5,0.5,0.7,0.0
Cora,0.1,5,0.5,0.8,0.0
Cora,0.1,5,0.5,0.9,0.0
Cora,0.1,5,0.5,1.0,0.0
Cora,0.1,5,0.6,0.0,0.0
Cora,0.1,5,0.6,0.1,0.0
Cora,0.1,5,0.6,0.2,0.0
Cora,0.1,5,0.6,0.3,0.0
Cora,0.1,5,0.6,0.4,0.0
Cora,0.1,5,0.6,0.5,0.0
Cora,0.1,5,0.6,0.6,0.0
Cora,0.1,5,0.6,0.7,0.0
Cora,0.1,5,0.6,0.8,0.0
Cora,0.1,5,0.6,0.9,0.0
Cora,0.1,5,0.6,1.0,0.0
Cora,0.1,5,0.7,0.0,0.0
Cora,0.1,5,0.7,0.1,0.0
Cora,0.1,5,0.7,0.2,0.0
Cora,0.1,5,0.7,0.3,0.0
Cora,0.1,5,0.7,0.4,0.0
Cora,0.1,5,0.7,0.5,0.0
Cora,0.1,5,0.7,0.6,0.0
Cora,0.1,5,0.7,0.7,0.0
Cora,0.1,5,0.7,0.8,0.0
Cora,0.1,5,0.7,0.9,0.0
Cora,0.1,5,0.7,1.0,0.0
Cora,0.1,5,0.8,0.0,0.0
Cora,0.1,5,0.8,0.1,0.0
Cora,0.1,5,0.8,0.2,0.0
Cora,0.1,5,0.8,0.3,0.0
Cora,0.1,5,0.8,0.4,0.0
Cora,0.1,5,0.8,0.5,0.0
Cora,0.1,5,0.8,0.6,0.0
Cora,0.1,5,0.8,0.7,0.0
Cora,0.1,5,0.8,0.8,0.0
Cora,0.1,5,0.8,0.9,0.0
Cora,0.1,5,0.8,1.0,0.0
Cora,0.1,5,0.9,0.0,0.0
Cora,0.1,5,0.9,0.1,0.0
Cora,0.1,5,0.9,0.2,0.0
Cora,0.1,5,0.9,0.3,0.0
Cora,0.1,5,0.9,0.4,0.0
Cora,0.1,5,0.9,0.5,0.0
Cora,0.1,5,0.9,0.6,0.0
Cora,0.1,5,0.9,0.7,0.0
Cora,0.1,5,0.9,0.8,0.0
Cora,0.1,5,0.9,0.9,0.0
Cora,0.1,5,0.9,1.0,0.0
Cora,0.1,5,1.0,0.0,0.0
Cora,0.1,5,1.0,0.1,0.0
Cora,0.1,5,1.0,0.2,0.0
Cora,0.1,5,1.0,0.3,0.0
Cora,0.1,5,1.0,0.4,0.0
Cora,0.1,5,1.0,0.5,0.0
Cora,0.1,5,1.0,0.6,0.0
Cora,0.1,5,1.0,0.7,0.0
Cora,0.1,5,1.0,0.8,0.0
Cora,0.1,5,1.0,0.9,0.0
Cora,0.1,5,1.0,1.0,0.0
Cora,0.1,6,0.1,0.0,0.006000041961669922
Cora,0.1,6,0.1,0.1,0.012000024318695068
Cora,0.1,6,0.1,0.2,0.012000024318695068
Cora,0.1,6,0.1,0.3,0.01100003719329834
Cora,0.1,6,0.1,0.4,0.01100003719329834
Cora,0.1,6,0.1,0.5,0.01100003719329834
Cora,0.1,6,0.1,0.6,0.01100003719329834
Cora,0.1,6,0.1,0.7,0.01100003719329834
Cora,0.1,6,0.1,0.8,0.01100003719329834
Cora,0.1,6,0.1,0.9,0.009000003337860107
Cora,0.1,6,0.1,1.0,0.009000003337860107
Cora,0.1,6,0.2,0.0,0.01100003719329834
Cora,0.1,6,0.2,0.1,0.008000016212463379
Cora,0.1,6,0.2,0.2,0.008000016212463379
Cora,0.1,6,0.2,0.3,0.012000024318695068
Cora,0.1,6,0.2,0.4,0.012000024318695068
Cora,0.1,6,0.2,0.5,0.012000024318695068
Cora,0.1,6,0.2,0.6,0.012000024318695068
Cora,0.1,6,0.2,0.7,0.012000024318695068
Cora,0.1,6,0.2,0.8,0.012000024318695068
Cora,0.1,6,0.2,0.9,0.00700002908706665
Cora,0.1,6,0.2,1.0,0.00700002908706665
Cora,0.1,6,0.3,0.0,0.006000041961669922
Cora,0.1,6,0.3,0.1,0.006000041961669922
Cora,0.1,6,0.3,0.2,0.006000041961669922
Cora,0.1,6,0.3,0.3,0.001000046730041504
Cora,0.1,6,0.3,0.4,0.001000046730041504
Cora,0.1,6,0.3,0.5,0.001000046730041504
Cora,0.1,6,0.3,0.6,0.001000046730041504
Cora,0.1,6,0.3,0.7,0.001000046730041504
Cora,0.1,6,0.3,0.8,0.001000046730041504
Cora,0.1,6,0.3,0.9,0.00700002908706665
Cora,0.1,6,0.3,1.0,0.00700002908706665
Cora,0.1,6,0.4,0.0,0.008000016212463379
Cora,0.1,6,0.4,0.1,0.0040000081062316895
Cora,0.1,6,0.4,0.2,0.0040000081062316895
Cora,0.1,6,0.4,0.3,0.012000024318695068
Cora,0.1,6,0.4,0.4,0.012000024318695068
Cora,0.1,6,0.4,0.5,0.012000024318695068
Cora,0.1,6,0.4,0.6,0.012000024318695068
Cora,0.1,6,0.4,0.7,0.012000024318695068
Cora,0.1,6,0.4,0.8,0.012000024318695068
Cora,0.1,6,0.4,0.9,0.013999998569488525
Cora,0.1,6,0.4,1.0,0.013999998569488525
Cora,0.1,6,0.5,0.0,0.008000016212463379
Cora,0.1,6,0.5,0.1,0.0040000081062316895
Cora,0.1,6,0.5,0.2,0.0040000081062316895
Cora,0.1,6,0.5,0.3,0.012000024318695068
Cora,0.1,6,0.5,0.4,0.012000024318695068
Cora,0.1,6,0.5,0.5,0.012000024318695068
Cora,0.1,6,0.5,0.6,0.012000024318695068
Cora,0.1,6,0.5,0.7,0.012000024318695068
Cora,0.1,6,0.5,0.8,0.012000024318695068
Cora,0.1,6,0.5,0.9,0.013999998569488525
Cora,0.1,6,0.5,1.0,0.013999998569488525
Cora,0.1,6,0.6,0.0,0.008000016212463379
Cora,0.1,6,0.6,0.1,0.0040000081062316895
Cora,0.1,6,0.6,0.2,0.0040000081062316895
Cora,0.1,6,0.6,0.3,0.012000024318695068
Cora,0.1,6,0.6,0.4,0.012000024318695068
Cora,0.1,6,0.6,0.5,0.012000024318695068
Cora,0.1,6,0.6,0.6,0.012000024318695068
Cora,0.1,6,0.6,0.7,0.012000024318695068
Cora,0.1,6,0.6,0.8,0.012000024318695068
Cora,0.1,6,0.6,0.9,0.013999998569488525
Cora,0.1,6,0.6,1.0,0.013999998569488525
Cora,0.1,6,0.7,0.0,0.008000016212463379
Cora,0.1,6,0.7,0.1,0.0040000081062316895
Cora,0.1,6,0.7,0.2,0.0040000081062316895
Cora,0.1,6,0.7,0.3,0.012000024318695068
Cora,0.1,6,0.7,0.4,0.012000024318695068
Cora,0.1,6,0.7,0.5,0.012000024318695068
Cora,0.1,6,0.7,0.6,0.012000024318695068
Cora,0.1,6,0.7,0.7,0.012000024318695068
Cora,0.1,6,0.7,0.8,0.012000024318695068
Cora,0.1,6,0.7,0.9,0.013999998569488525
Cora,0.1,6,0.7,1.0,0.013999998569488525
Cora,0.1,6,0.8,0.0,0.008000016212463379
Cora,0.1,6,0.8,0.1,0.0040000081062316895
Cora,0.1,6,0.8,0.2,0.0040000081062316895
Cora,0.1,6,0.8,0.3,0.012000024318695068
Cora,0.1,6,0.8,0.4,0.012000024318695068
Cora,0.1,6,0.8,0.5,0.012000024318695068
Cora,0.1,6,0.8,0.6,0.012000024318695068
Cora,0.1,6,0.8,0.7,0.012000024318695068
Cora,0.1,6,0.8,0.8,0.012000024318695068
Cora,0.1,6,0.8,0.9,0.013999998569488525
Cora,0.1,6,0.8,1.0,0.013999998569488525
Cora,0.1,6,0.9,0.0,0.008000016212463379
Cora,0.1,6,0.9,0.1,0.0040000081062316895
Cora,0.1,6,0.9,0.2,0.0040000081062316895
Cora,0.1,6,0.9,0.3,0.012000024318695068
Cora,0.1,6,0.9,0.4,0.012000024318695068
Cora,0.1,6,0.9,0.5,0.012000024318695068
Cora,0.1,6,0.9,0.6,0.012000024318695068
Cora,0.1,6,0.9,0.7,0.012000024318695068
Cora,0.1,6,0.9,0.8,0.012000024318695068
Cora,0.1,6,0.9,0.9,0.013999998569488525
Cora,0.1,6,0.9,1.0,0.013999998569488525
Cora,0.1,6,1.0,0.0,0.008000016212463379
Cora,0.1,6,1.0,0.1,0.0040000081062316895
Cora,0.1,6,1.0,0.2,0.0040000081062316895
Cora,0.1,6,1.0,0.3,0.012000024318695068
Cora,0.1,6,1.0,0.4,0.012000024318695068
Cora,0.1,6,1.0,0.5,0.012000024318695068
Cora,0.1,6,1.0,0.6,0.012000024318695068
Cora,0.1,6,1.0,0.7,0.012000024318695068
Cora,0.1,6,1.0,0.8,0.012000024318695068
Cora,0.1,6,1.0,0.9,0.013999998569488525
Cora,0.1,6,1.0,1.0,0.013999998569488525
Cora,0.1,7,0.1,0.0,0.03200000524520874
Cora,0.1,7,0.1,0.1,0.03200000524520874
Cora,0.1,7,0.1,0.2,0.03299999237060547
Cora,0.1,7,0.1,0.3,0.03299999237060547
Cora,0.1,7,0.1,0.4,0.03600001335144043
Cora,0.1,7,0.1,0.5,0.02799999713897705
Cora,0.1,7,0.1,0.6,0.02799999713897705
Cora,0.1,7,0.1,0.7,0.02799999713897705
Cora,0.1,7,0.1,0.8,0.02799999713897705
Cora,0.1,7,0.1,0.9,0.02799999713897705
Cora,0.1,7,0.1,1.0,0.02799999713897705
Cora,0.1,7,0.2,0.0,0.03200000524520874
Cora,0.1,7,0.2,0.1,0.03200000524520874
Cora,0.1,7,0.2,0.2,0.03200000524520874
Cora,0.1,7,0.2,0.3,0.03200000524520874
Cora,0.1,7,0.2,0.4,0.03299999237060547
Cora,0.1,7,0.2,0.5,0.02899998426437378
Cora,0.1,7,0.2,0.6,0.02899998426437378
Cora,0.1,7,0.2,0.7,0.02899998426437378
Cora,0.1,7,0.2,0.8,0.02899998426437378
Cora,0.1,7,0.2,0.9,0.02899998426437378
Cora,0.1,7,0.2,1.0,0.02899998426437378
Cora,0.1,7,0.3,0.0,0.015999972820281982
Cora,0.1,7,0.3,0.1,0.015999972820281982
Cora,0.1,7,0.3,0.2,0.015999972820281982
Cora,0.1,7,0.3,0.3,0.015999972820281982
Cora,0.1,7,0.3,0.4,0.014999985694885254
Cora,0.1,7,0.3,0.5,0.02399998903274536
Cora,0.1,7,0.3,0.6,0.02399998903274536
Cora,0.1,7,0.3,0.7,0.02399998903274536
Cora,0.1,7,0.3,0.8,0.02399998903274536
Cora,0.1,7,0.3,0.9,0.02399998903274536
Cora,0.1,7,0.3,1.0,0.02399998903274536
Cora,0.1,7,0.4,0.0,0.015999972820281982
Cora,0.1,7,0.4,0.1,0.015999972820281982
Cora,0.1,7,0.4,0.2,0.015999972820281982
Cora,0.1,7,0.4,0.3,0.015999972820281982
Cora,0.1,7,0.4,0.4,0.014999985694885254
Cora,0.1,7,0.4,0.5,0.02399998903274536
Cora,0.1,7,0.4,0.6,0.02399998903274536
Cora,0.1,7,0.4,0.7,0.02399998903274536
Cora,0.1,7,0.4,0.8,0.02399998903274536
Cora,0.1,7,0.4,0.9,0.02399998903274536
Cora,0.1,7,0.4,1.0,0.02399998903274536
Cora,0.1,7,0.5,0.0,0.009999990463256836
Cora,0.1,7,0.5,0.1,0.009999990463256836
Cora,0.1,7,0.5,0.2,0.009999990463256836
Cora,0.1,7,0.5,0.3,0.009999990463256836
Cora,0.1,7,0.5,0.4,0.0059999823570251465
Cora,0.1,7,0.5,0.5,0.0059999823570251465
Cora,0.1,7,0.5,0.6,0.0059999823570251465
Cora,0.1,7,0.5,0.7,0.0059999823570251465
Cora,0.1,7,0.5,0.8,0.0059999823570251465
Cora,0.1,7,0.5,0.9,0.0059999823570251465
Cora,0.1,7,0.5,1.0,0.0059999823570251465
Cora,0.1,7,0.6,0.0,0.009999990463256836
Cora,0.1,7,0.6,0.1,0.009999990463256836
Cora,0.1,7,0.6,0.2,0.009999990463256836
Cora,0.1,7,0.6,0.3,0.009999990463256836
Cora,0.1,7,0.6,0.4,0.0059999823570251465
Cora,0.1,7,0.6,0.5,0.0059999823570251465
Cora,0.1,7,0.6,0.6,0.0059999823570251465
Cora,0.1,7,0.6,0.7,0.0059999823570251465
Cora,0.1,7,0.6,0.8,0.0059999823570251465
Cora,0.1,7,0.6,0.9,0.0059999823570251465
Cora,0.1,7,0.6,1.0,0.0059999823570251465
Cora,0.1,7,0.7,0.0,0.009999990463256836
Cora,0.1,7,0.7,0.1,0.009999990463256836
Cora,0.1,7,0.7,0.2,0.009999990463256836
Cora,0.1,7,0.7,0.3,0.009999990463256836
Cora,0.1,7,0.7,0.4,0.0059999823570251465
Cora,0.1,7,0.7,0.5,0.0059999823570251465
Cora,0.1,7,0.7,0.6,0.0059999823570251465
Cora,0.1,7,0.7,0.7,0.0059999823570251465
Cora,0.1,7,0.7,0.8,0.0059999823570251465
Cora,0.1,7,0.7,0.9,0.0059999823570251465
Cora,0.1,7,0.7,1.0,0.0059999823570251465
Cora,0.1,7,0.8,0.0,0.009999990463256836
Cora,0.1,7,0.8,0.1,0.009999990463256836
Cora,0.1,7,0.8,0.2,0.009999990463256836
Cora,0.1,7,0.8,0.3,0.009999990463256836
Cora,0.1,7,0.8,0.4,0.0059999823570251465
Cora,0.1,7,0.8,0.5,0.0059999823570251465
Cora,0.1,7,0.8,0.6,0.0059999823570251465
Cora,0.1,7,0.8,0.7,0.0059999823570251465
Cora,0.1,7,0.8,0.8,0.0059999823570251465
Cora,0.1,7,0.8,0.9,0.0059999823570251465
Cora,0.1,7,0.8,1.0,0.0059999823570251465
Cora,0.1,7,0.9,0.0,0.009999990463256836
Cora,0.1,7,0.9,0.1,0.009999990463256836
Cora,0.1,7,0.9,0.2,0.009999990463256836
Cora,0.1,7,0.9,0.3,0.009999990463256836
Cora,0.1,7,0.9,0.4,0.0059999823570251465
Cora,0.1,7,0.9,0.5,0.0059999823570251465
Cora,0.1,7,0.9,0.6,0.0059999823570251465
Cora,0.1,7,0.9,0.7,0.0059999823570251465
Cora,0.1,7,0.9,0.8,0.0059999823570251465
Cora,0.1,7,0.9,0.9,0.0059999823570251465
Cora,0.1,7,0.9,1.0,0.0059999823570251465
Cora,0.1,7,1.0,0.0,0.009999990463256836
Cora,0.1,7,1.0,0.1,0.009999990463256836
Cora,0.1,7,1.0,0.2,0.009999990463256836
Cora,0.1,7,1.0,0.3,0.009999990463256836
Cora,0.1,7,1.0,0.4,0.0059999823570251465
Cora,0.1,7,1.0,0.5,0.0059999823570251465
Cora,0.1,7,1.0,0.6,0.0059999823570251465
Cora,0.1,7,1.0,0.7,0.0059999823570251465
Cora,0.1,7,1.0,0.8,0.0059999823570251465
Cora,0.1,7,1.0,0.9,0.0059999823570251465
Cora,0.1,7,1.0,1.0,0.0059999823570251465
Cora,0.1,8,0.1,0.0,-0.0020000338554382324
Cora,0.1,8,0.1,0.1,-0.0040000081062316895
Cora,0.1,8,0.1,0.2,0.0009999871253967285
Cora,0.1,8,0.1,0.3,0.0009999871253967285
Cora,0.1,8,0.1,0.4,0.0009999871253967285
Cora,0.1,8,0.1,0.5,0.001999974250793457
Cora,0.1,8,0.1,0.6,0.001999974250793457
Cora,0.1,8,0.1,0.7,0.001999974250793457
Cora,0.1,8,0.1,0.8,0.001999974250793457
Cora,0.1,8,0.1,0.9,0.001999974250793457
Cora,0.1,8,0.1,1.0,0.001999974250793457
Cora,0.1,8,0.2,0.0,-0.0020000338554382324
Cora,0.1,8,0.2,0.1,-0.0040000081062316895
Cora,0.1,8,0.2,0.2,0.0009999871253967285
Cora,0.1,8,0.2,0.3,0.0009999871253967285
Cora,0.1,8,0.2,0.4,0.0009999871253967285
Cora,0.1,8,0.2,0.5,0.001999974250793457
Cora,0.1,8,0.2,0.6,0.001999974250793457
Cora,0.1,8,0.2,0.7,0.001999974250793457
Cora,0.1,8,0.2,0.8,0.001999974250793457
Cora,0.1,8,0.2,0.9,0.001999974250793457
Cora,0.1,8,0.2,1.0,0.001999974250793457
Cora,0.1,8,0.3,0.0,-0.0020000338554382324
Cora,0.1,8,0.3,0.1,-0.0040000081062316895
Cora,0.1,8,0.3,0.2,0.0009999871253967285
Cora,0.1,8,0.3,0.3,0.0009999871253967285
Cora,0.1,8,0.3,0.4,0.0009999871253967285
Cora,0.1,8,0.3,0.5,0.001999974250793457
Cora,0.1,8,0.3,0.6,0.001999974250793457
Cora,0.1,8,0.3,0.7,0.001999974250793457
Cora,0.1,8,0.3,0.8,0.001999974250793457
Cora,0.1,8,0.3,0.9,0.001999974250793457
Cora,0.1,8,0.3,1.0,0.001999974250793457
Cora,0.1,8,0.4,0.0,-0.0020000338554382324
Cora,0.1,8,0.4,0.1,-0.0040000081062316895
Cora,0.1,8,0.4,0.2,0.0009999871253967285
Cora,0.1,8,0.4,0.3,0.0009999871253967285
Cora,0.1,8,0.4,0.4,0.0009999871253967285
Cora,0.1,8,0.4,0.5,0.001999974250793457
Cora,0.1,8,0.4,0.6,0.001999974250793457
Cora,0.1,8,0.4,0.7,0.001999974250793457
Cora,0.1,8,0.4,0.8,0.001999974250793457
Cora,0.1,8,0.4,0.9,0.001999974250793457
Cora,0.1,8,0.4,1.0,0.001999974250793457
Cora,0.1,8,0.5,0.0,0.004999995231628418
Cora,0.1,8,0.5,0.1,0.003999948501586914
Cora,0.1,8,0.5,0.2,0.0059999823570251465
Cora,0.1,8,0.5,0.3,0.004999995231628418
Cora,0.1,8,0.5,0.4,0.004999995231628418
Cora,0.1,8,0.5,0.5,0.009999990463256836
Cora,0.1,8,0.5,0.6,0.009999990463256836
Cora,0.1,8,0.5,0.7,0.009999990463256836
Cora,0.1,8,0.5,0.8,0.009999990463256836
Cora,0.1,8,0.5,0.9,0.009999990463256836
Cora,0.1,8,0.5,1.0,0.009999990463256836
Cora,0.1,8,0.6,0.0,0.004999995231628418
Cora,0.1,8,0.6,0.1,0.003999948501586914
Cora,0.1,8,0.6,0.2,0.0059999823570251465
Cora,0.1,8,0.6,0.3,0.004999995231628418
Cora,0.1,8,0.6,0.4,0.004999995231628418
Cora,0.1,8,0.6,0.5,0.009999990463256836
Cora,0.1,8,0.6,0.6,0.009999990463256836
Cora,0.1,8,0.6,0.7,0.009999990463256836
Cora,0.1,8,0.6,0.8,0.009999990463256836
Cora,0.1,8,0.6,0.9,0.009999990463256836
Cora,0.1,8,0.6,1.0,0.009999990463256836
Cora,0.1,8,0.7,0.0,0.004999995231628418
Cora,0.1,8,0.7,0.1,0.003999948501586914
Cora,0.1,8,0.7,0.2,0.004999995231628418
Cora,0.1,8,0.7,0.3,0.004999995231628418
Cora,0.1,8,0.7,0.4,0.004999995231628418
Cora,0.1,8,0.7,0.5,0.009999990463256836
Cora,0.1,8,0.7,0.6,0.009999990463256836
Cora,0.1,8,0.7,0.7,0.009999990463256836
Cora,0.1,8,0.7,0.8,0.009999990463256836
Cora,0.1,8,0.7,0.9,0.009999990463256836
Cora,0.1,8,0.7,1.0,0.009999990463256836
Cora,0.1,8,0.8,0.0,0.004999995231628418
Cora,0.1,8,0.8,0.1,0.003999948501586914
Cora,0.1,8,0.8,0.2,0.004999995231628418
Cora,0.1,8,0.8,0.3,0.004999995231628418
Cora,0.1,8,0.8,0.4,0.0059999823570251465
Cora,0.1,8,0.8,0.5,0.009999990463256836
Cora,0.1,8,0.8,0.6,0.009999990463256836
Cora,0.1,8,0.8,0.7,0.009999990463256836
Cora,0.1,8,0.8,0.8,0.009999990463256836
Cora,0.1,8,0.8,0.9,0.009999990463256836
Cora,0.1,8,0.8,1.0,0.009999990463256836
Cora,0.1,8,0.9,0.0,0.004999995231628418
Cora,0.1,8,0.9,0.1,0.003999948501586914
Cora,0.1,8,0.9,0.2,0.004999995231628418
Cora,0.1,8,0.9,0.3,0.004999995231628418
Cora,0.1,8,0.9,0.4,0.0059999823570251465
Cora,0.1,8,0.9,0.5,0.009999990463256836
Cora,0.1,8,0.9,0.6,0.009999990463256836
Cora,0.1,8,0.9,0.7,0.009999990463256836
Cora,0.1,8,0.9,0.8,0.009999990463256836
Cora,0.1,8,0.9,0.9,0.009999990463256836
Cora,0.1,8,0.9,1.0,0.009999990463256836
Cora,0.1,8,1.0,0.0,0.004999995231628418
Cora,0.1,8,1.0,0.1,0.003999948501586914
Cora,0.1,8,1.0,0.2,0.0059999823570251465
Cora,0.1,8,1.0,0.3,0.004999995231628418
Cora,0.1,8,1.0,0.4,0.004999995231628418
Cora,0.1,8,1.0,0.5,0.009999990463256836
Cora,0.1,8,1.0,0.6,0.009999990463256836
Cora,0.1,8,1.0,0.7,0.009999990463256836
Cora,0.1,8,1.0,0.8,0.009999990463256836
Cora,0.1,8,1.0,0.9,0.009999990463256836
Cora,0.1,8,1.0,1.0,0.009999990463256836
Cora,0.1,9,0.1,0.0,0.03799998760223389
Cora,0.1,9,0.1,0.1,0.03900003433227539
Cora,0.1,9,0.1,0.2,0.02799999713897705
Cora,0.1,9,0.1,0.3,0.02799999713897705
Cora,0.1,9,0.1,0.4,0.02799999713897705
Cora,0.1,9,0.1,0.5,0.02799999713897705
Cora,0.1,9,0.1,0.6,0.02799999713897705
Cora,0.1,9,0.1,0.7,0.02799999713897705
Cora,0.1,9,0.1,0.8,0.02799999713897705
Cora,0.1,9,0.1,0.9,0.02799999713897705
Cora,0.1,9,0.1,1.0,0.02799999713897705
Cora,0.1,9,0.2,0.0,0.023000001907348633
Cora,0.1,9,0.2,0.1,0.023000001907348633
Cora,0.1,9,0.2,0.2,0.003000020980834961
Cora,0.1,9,0.2,0.3,0.003000020980834961
Cora,0.1,9,0.2,0.4,0.003000020980834961
Cora,0.1,9,0.2,0.5,0.003000020980834961
Cora,0.1,9,0.2,0.6,0.003000020980834961
Cora,0.1,9,0.2,0.7,0.003000020980834961
Cora,0.1,9,0.2,0.8,0.003000020980834961
Cora,0.1,9,0.2,0.9,0.003000020980834961
Cora,0.1,9,0.2,1.0,0.003000020980834961
Cora,0.1,9,0.3,0.0,0.023000001907348633
Cora,0.1,9,0.3,0.1,0.023000001907348633
Cora,0.1,9,0.3,0.2,0.003000020980834961
Cora,0.1,9,0.3,0.3,0.003000020980834961
Cora,0.1,9,0.3,0.4,0.003000020980834961
Cora,0.1,9,0.3,0.5,0.003000020980834961
Cora,0.1,9,0.3,0.6,0.003000020980834961
Cora,0.1,9,0.3,0.7,0.003000020980834961
Cora,0.1,9,0.3,0.8,0.003000020980834961
Cora,0.1,9,0.3,0.9,0.003000020980834961
Cora,0.1,9,0.3,1.0,0.003000020980834961
Cora,0.1,9,0.4,0.0,0.023000001907348633
Cora,0.1,9,0.4,0.1,0.02399998903274536
Cora,0.1,9,0.4,0.2,0.006000041961669922
Cora,0.1,9,0.4,0.3,0.006000041961669922
Cora,0.1,9,0.4,0.4,0.006000041961669922
Cora,0.1,9,0.4,0.5,0.006000041961669922
Cora,0.1,9,0.4,0.6,0.006000041961669922
Cora,0.1,9,0.4,0.7,0.006000041961669922
Cora,0.1,9,0.4,0.8,0.006000041961669922
Cora,0.1,9,0.4,0.9,0.006000041961669922
Cora,0.1,9,0.4,1.0,0.006000041961669922
Cora,0.1,9,0.5,0.0,0.023000001907348633
Cora,0.1,9,0.5,0.1,0.02399998903274536
Cora,0.1,9,0.5,0.2,0.006000041961669922
Cora,0.1,9,0.5,0.3,0.006000041961669922
Cora,0.1,9,0.5,0.4,0.006000041961669922
Cora,0.1,9,0.5,0.5,0.006000041961669922
Cora,0.1,9,0.5,0.6,0.006000041961669922
Cora,0.1,9,0.5,0.7,0.006000041961669922
Cora,0.1,9,0.5,0.8,0.006000041961669922
Cora,0.1,9,0.5,0.9,0.006000041961669922
Cora,0.1,9,0.5,1.0,0.006000041961669922
Cora,0.1,9,0.6,0.0,0.023000001907348633
Cora,0.1,9,0.6,0.1,0.02399998903274536
Cora,0.1,9,0.6,0.2,0.006000041961669922
Cora,0.1,9,0.6,0.3,0.006000041961669922
Cora,0.1,9,0.6,0.4,0.006000041961669922
Cora,0.1,9,0.6,0.5,0.006000041961669922
Cora,0.1,9,0.6,0.6,0.006000041961669922
Cora,0.1,9,0.6,0.7,0.006000041961669922
Cora,0.1,9,0.6,0.8,0.006000041961669922
Cora,0.1,9,0.6,0.9,0.006000041961669922
Cora,0.1,9,0.6,1.0,0.006000041961669922
Cora,0.1,9,0.7,0.0,0.023000001907348633
Cora,0.1,9,0.7,0.1,0.02399998903274536
Cora,0.1,9,0.7,0.2,0.006000041961669922
Cora,0.1,9,0.7,0.3,0.006000041961669922
Cora,0.1,9,0.7,0.4,0.006000041961669922
Cora,0.1,9,0.7,0.5,0.006000041961669922
Cora,0.1,9,0.7,0.6,0.006000041961669922
Cora,0.1,9,0.7,0.7,0.006000041961669922
Cora,0.1,9,0.7,0.8,0.006000041961669922
Cora,0.1,9,0.7,0.9,0.006000041961669922
Cora,0.1,9,0.7,1.0,0.006000041961669922
Cora,0.1,9,0.8,0.0,0.023000001907348633
Cora,0.1,9,0.8,0.1,0.02399998903274536
Cora,0.1,9,0.8,0.2,0.006000041961669922
Cora,0.1,9,0.8,0.3,0.006000041961669922
Cora,0.1,9,0.8,0.4,0.006000041961669922
Cora,0.1,9,0.8,0.5,0.006000041961669922
Cora,0.1,9,0.8,0.6,0.006000041961669922
Cora,0.1,9,0.8,0.7,0.006000041961669922
Cora,0.1,9,0.8,0.8,0.006000041961669922
Cora,0.1,9,0.8,0.9,0.006000041961669922
Cora,0.1,9,0.8,1.0,0.006000041961669922
Cora,0.1,9,0.9,0.0,0.023000001907348633
Cora,0.1,9,0.9,0.1,0.02399998903274536
Cora,0.1,9,0.9,0.2,0.006000041961669922
Cora,0.1,9,0.9,0.3,0.006000041961669922
Cora,0.1,9,0.9,0.4,0.006000041961669922
Cora,0.1,9,0.9,0.5,0.006000041961669922
Cora,0.1,9,0.9,0.6,0.006000041961669922
Cora,0.1,9,0.9,0.7,0.006000041961669922
Cora,0.1,9,0.9,0.8,0.006000041961669922
Cora,0.1,9,0.9,0.9,0.006000041961669922
Cora,0.1,9,0.9,1.0,0.006000041961669922
Cora,0.1,9,1.0,0.0,0.023000001907348633
Cora,0.1,9,1.0,0.1,0.02399998903274536
Cora,0.1,9,1.0,0.2,0.006000041961669922
Cora,0.1,9,1.0,0.3,0.006000041961669922
Cora,0.1,9,1.0,0.4,0.006000041961669922
Cora,0.1,9,1.0,0.5,0.006000041961669922
Cora,0.1,9,1.0,0.6,0.006000041961669922
Cora,0.1,9,1.0,0.7,0.006000041961669922
Cora,0.1,9,1.0,0.8,0.006000041961669922
Cora,0.1,9,1.0,0.9,0.006000041961669922
Cora,0.1,9,1.0,1.0,0.006000041961669922
Cora,0.2,0,0.1,0.0,0.03600001335144043
Cora,0.2,0,0.1,0.1,0.0350000262260437
Cora,0.2,0,0.1,0.2,0.03600001335144043
Cora,0.2,0,0.1,0.3,0.03600001335144043
Cora,0.2,0,0.1,0.4,0.03600001335144043
Cora,0.2,0,0.1,0.5,0.03600001335144043
Cora,0.2,0,0.1,0.6,0.03600001335144043
Cora,0.2,0,0.1,0.7,0.03600001335144043
Cora,0.2,0,0.1,0.8,0.03600001335144043
Cora,0.2,0,0.1,0.9,0.03600001335144043
Cora,0.2,0,0.1,1.0,0.03600001335144043
Cora,0.2,0,0.2,0.0,0.023000001907348633
Cora,0.2,0,0.2,0.1,0.009999990463256836
Cora,0.2,0,0.2,0.2,0.02799999713897705
Cora,0.2,0,0.2,0.3,0.02799999713897705
Cora,0.2,0,0.2,0.4,0.02799999713897705
Cora,0.2,0,0.2,0.5,0.02799999713897705
Cora,0.2,0,0.2,0.6,0.02799999713897705
Cora,0.2,0,0.2,0.7,0.02799999713897705
Cora,0.2,0,0.2,0.8,0.02799999713897705
Cora,0.2,0,0.2,0.9,0.02799999713897705
Cora,0.2,0,0.2,1.0,0.02799999713897705
Cora,0.2,0,0.3,0.0,0.023000001907348633
Cora,0.2,0,0.3,0.1,0.009999990463256836
Cora,0.2,0,0.3,0.2,0.02799999713897705
Cora,0.2,0,0.3,0.3,0.02799999713897705
Cora,0.2,0,0.3,0.4,0.02799999713897705
Cora,0.2,0,0.3,0.5,0.02799999713897705
Cora,0.2,0,0.3,0.6,0.02799999713897705
Cora,0.2,0,0.3,0.7,0.02799999713897705
Cora,0.2,0,0.3,0.8,0.02799999713897705
Cora,0.2,0,0.3,0.9,0.02799999713897705
Cora,0.2,0,0.3,1.0,0.02799999713897705
Cora,0.2,0,0.4,0.0,0.003000020980834961
Cora,0.2,0,0.4,0.1,0.0059999823570251465
Cora,0.2,0,0.4,0.2,0.0
Cora,0.2,0,0.4,0.3,0.0
Cora,0.2,0,0.4,0.4,0.0
Cora,0.2,0,0.4,0.5,0.0
Cora,0.2,0,0.4,0.6,0.0
Cora,0.2,0,0.4,0.7,0.0
Cora,0.2,0,0.4,0.8,0.0
Cora,0.2,0,0.4,0.9,0.0
Cora,0.2,0,0.4,1.0,0.0
Cora,0.2,0,0.5,0.0,0.003000020980834961
Cora,0.2,0,0.5,0.1,0.0059999823570251465
Cora,0.2,0,0.5,0.2,0.0
Cora,0.2,0,0.5,0.3,0.0
Cora,0.2,0,0.5,0.4,0.0
Cora,0.2,0,0.5,0.5,0.0
Cora,0.2,0,0.5,0.6,0.0
Cora,0.2,0,0.5,0.7,0.0
Cora,0.2,0,0.5,0.8,0.0
Cora,0.2,0,0.5,0.9,0.0
Cora,0.2,0,0.5,1.0,0.0
Cora,0.2,0,0.6,0.0,0.003000020980834961
Cora,0.2,0,0.6,0.1,0.0059999823570251465
Cora,0.2,0,0.6,0.2,0.0
Cora,0.2,0,0.6,0.3,0.0
Cora,0.2,0,0.6,0.4,0.0
Cora,0.2,0,0.6,0.5,0.0
Cora,0.2,0,0.6,0.6,0.0
Cora,0.2,0,0.6,0.7,0.0
Cora,0.2,0,0.6,0.8,0.0
Cora,0.2,0,0.6,0.9,0.0
Cora,0.2,0,0.6,1.0,0.0
Cora,0.2,0,0.7,0.0,0.003000020980834961
Cora,0.2,0,0.7,0.1,0.0059999823570251465
Cora,0.2,0,0.7,0.2,0.0
Cora,0.2,0,0.7,0.3,0.0
Cora,0.2,0,0.7,0.4,0.0
Cora,0.2,0,0.7,0.5,0.0
Cora,0.2,0,0.7,0.6,0.0
Cora,0.2,0,0.7,0.7,0.0
Cora,0.2,0,0.7,0.8,0.0
Cora,0.2,0,0.7,0.9,0.0
Cora,0.2,0,0.7,1.0,0.0
Cora,0.2,0,0.8,0.0,0.003000020980834961
Cora,0.2,0,0.8,0.1,0.0059999823570251465
Cora,0.2,0,0.8,0.2,0.0
Cora,0.2,0,0.8,0.3,0.0
Cora,0.2,0,0.8,0.4,0.0
Cora,0.2,0,0.8,0.5,0.0
Cora,0.2,0,0.8,0.6,0.0
Cora,0.2,0,0.8,0.7,0.0
Cora,0.2,0,0.8,0.8,0.0
Cora,0.2,0,0.8,0.9,0.0
Cora,0.2,0,0.8,1.0,0.0
Cora,0.2,0,0.9,0.0,0.003000020980834961
Cora,0.2,0,0.9,0.1,0.0059999823570251465
Cora,0.2,0,0.9,0.2,0.0
Cora,0.2,0,0.9,0.3,0.0
Cora,0.2,0,0.9,0.4,0.0
Cora,0.2,0,0.9,0.5,0.0
Cora,0.2,0,0.9,0.6,0.0
Cora,0.2,0,0.9,0.7,0.0
Cora,0.2,0,0.9,0.8,0.0
Cora,0.2,0,0.9,0.9,0.0
Cora,0.2,0,0.9,1.0,0.0
Cora,0.2,0,1.0,0.0,0.003000020980834961
Cora,0.2,0,1.0,0.1,0.0059999823570251465
Cora,0.2,0,1.0,0.2,0.0
Cora,0.2,0,1.0,0.3,0.0
Cora,0.2,0,1.0,0.4,0.0
Cora,0.2,0,1.0,0.5,0.0
Cora,0.2,0,1.0,0.6,0.0
Cora,0.2,0,1.0,0.7,0.0
Cora,0.2,0,1.0,0.8,0.0
Cora,0.2,0,1.0,0.9,0.0
Cora,0.2,0,1.0,1.0,0.0
Cora,0.2,1,0.1,0.0,0.07300001382827759
Cora,0.2,1,0.1,0.1,0.07400000095367432
Cora,0.2,1,0.1,0.2,0.07400000095367432
Cora,0.2,1,0.1,0.3,0.07200002670288086
Cora,0.2,1,0.1,0.4,0.07300001382827759
Cora,0.2,1,0.1,0.5,0.07300001382827759
Cora,0.2,1,0.1,0.6,0.07300001382827759
Cora,0.2,1,0.1,0.7,0.07300001382827759
Cora,0.2,1,0.1,0.8,0.07300001382827759
Cora,0.2,1,0.1,0.9,0.07300001382827759
Cora,0.2,1,0.1,1.0,0.07300001382827759
Cora,0.2,1,0.2,0.0,0.03800004720687866
Cora,0.2,1,0.2,0.1,0.03600001335144043
Cora,0.2,1,0.2,0.2,0.0350000262260437
Cora,0.2,1,0.2,0.3,0.030000030994415283
Cora,0.2,1,0.2,0.4,0.03700000047683716
Cora,0.2,1,0.2,0.5,0.03700000047683716
Cora,0.2,1,0.2,0.6,0.03700000047683716
Cora,0.2,1,0.2,0.7,0.03700000047683716
Cora,0.2,1,0.2,0.8,0.03700000047683716
Cora,0.2,1,0.2,0.9,0.028000056743621826
Cora,0.2,1,0.2,1.0,0.028000056743621826
Cora,0.2,1,0.3,0.0,0.03800004720687866
Cora,0.2,1,0.3,0.1,0.03600001335144043
Cora,0.2,1,0.3,0.2,0.0350000262260437
Cora,0.2,1,0.3,0.3,0.030000030994415283
Cora,0.2,1,0.3,0.4,0.03700000047683716
Cora,0.2,1,0.3,0.5,0.03700000047683716
Cora,0.2,1,0.3,0.6,0.03700000047683716
Cora,0.2,1,0.3,0.7,0.03700000047683716
Cora,0.2,1,0.3,0.8,0.03700000047683716
Cora,0.2,1,0.3,0.9,0.028000056743621826
Cora,0.2,1,0.3,1.0,0.028000056743621826
Cora,0.2,1,0.4,0.0,0.030000030994415283
Cora,0.2,1,0.4,0.1,0.020000040531158447
Cora,0.2,1,0.4,0.2,0.024000048637390137
Cora,0.2,1,0.4,0.3,0.023000001907348633
Cora,0.2,1,0.4,0.4,0.022000014781951904
Cora,0.2,1,0.4,0.5,0.022000014781951904
Cora,0.2,1,0.4,0.6,0.022000014781951904
Cora,0.2,1,0.4,0.7,0.022000014781951904
Cora,0.2,1,0.4,0.8,0.022000014781951904
Cora,0.2,1,0.4,0.9,0.021000027656555176
Cora,0.2,1,0.4,1.0,0.021000027656555176
Cora,0.2,1,0.5,0.0,0.030000030994415283
Cora,0.2,1,0.5,0.1,0.020000040531158447
Cora,0.2,1,0.5,0.2,0.024000048637390137
Cora,0.2,1,0.5,0.3,0.023000001907348633
Cora,0.2,1,0.5,0.4,0.022000014781951904
Cora,0.2,1,0.5,0.5,0.022000014781951904
Cora,0.2,1,0.5,0.6,0.022000014781951904
Cora,0.2,1,0.5,0.7,0.022000014781951904
Cora,0.2,1,0.5,0.8,0.022000014781951904
Cora,0.2,1,0.5,0.9,0.021000027656555176
Cora,0.2,1,0.5,1.0,0.021000027656555176
Cora,0.2,1,0.6,0.0,0.030000030994415283
Cora,0.2,1,0.6,0.1,0.020000040531158447
Cora,0.2,1,0.6,0.2,0.024000048637390137
Cora,0.2,1,0.6,0.3,0.023000001907348633
Cora,0.2,1,0.6,0.4,0.022000014781951904
Cora,0.2,1,0.6,0.5,0.022000014781951904
Cora,0.2,1,0.6,0.6,0.022000014781951904
Cora,0.2,1,0.6,0.7,0.022000014781951904
Cora,0.2,1,0.6,0.8,0.022000014781951904
Cora,0.2,1,0.6,0.9,0.021000027656555176
Cora,0.2,1,0.6,1.0,0.021000027656555176
Cora,0.2,1,0.7,0.0,0.030000030994415283
Cora,0.2,1,0.7,0.1,0.020000040531158447
Cora,0.2,1,0.7,0.2,0.024000048637390137
Cora,0.2,1,0.7,0.3,0.023000001907348633
Cora,0.2,1,0.7,0.4,0.022000014781951904
Cora,0.2,1,0.7,0.5,0.022000014781951904
Cora,0.2,1,0.7,0.6,0.022000014781951904
Cora,0.2,1,0.7,0.7,0.022000014781951904
Cora,0.2,1,0.7,0.8,0.022000014781951904
Cora,0.2,1,0.7,0.9,0.021000027656555176
Cora,0.2,1,0.7,1.0,0.021000027656555176
Cora,0.2,1,0.8,0.0,0.030000030994415283
Cora,0.2,1,0.8,0.1,0.020000040531158447
Cora,0.2,1,0.8,0.2,0.024000048637390137
Cora,0.2,1,0.8,0.3,0.023000001907348633
Cora,0.2,1,0.8,0.4,0.022000014781951904
Cora,0.2,1,0.8,0.5,0.022000014781951904
Cora,0.2,1,0.8,0.6,0.022000014781951904
Cora,0.2,1,0.8,0.7,0.022000014781951904
Cora,0.2,1,0.8,0.8,0.022000014781951904
Cora,0.2,1,0.8,0.9,0.021000027656555176
Cora,0.2,1,0.8,1.0,0.021000027656555176
Cora,0.2,1,0.9,0.0,0.030000030994415283
Cora,0.2,1,0.9,0.1,0.020000040531158447
Cora,0.2,1,0.9,0.2,0.024000048637390137
Cora,0.2,1,0.9,0.3,0.023000001907348633
Cora,0.2,1,0.9,0.4,0.022000014781951904
Cora,0.2,1,0.9,0.5,0.022000014781951904
Cora,0.2,1,0.9,0.6,0.022000014781951904
Cora,0.2,1,0.9,0.7,0.022000014781951904
Cora,0.2,1,0.9,0.8,0.022000014781951904
Cora,0.2,1,0.9,0.9,0.021000027656555176
Cora,0.2,1,0.9,1.0,0.021000027656555176
Cora,0.2,1,1.0,0.0,0.030000030994415283
Cora,0.2,1,1.0,0.1,0.020000040531158447
Cora,0.2,1,1.0,0.2,0.024000048637390137
Cora,0.2,1,1.0,0.3,0.023000001907348633
Cora,0.2,1,1.0,0.4,0.022000014781951904
Cora,0.2,1,1.0,0.5,0.022000014781951904
Cora,0.2,1,1.0,0.6,0.022000014781951904
Cora,0.2,1,1.0,0.7,0.022000014781951904
Cora,0.2,1,1.0,0.8,0.022000014781951904
Cora,0.2,1,1.0,0.9,0.021000027656555176
Cora,0.2,1,1.0,1.0,0.021000027656555176
Cora,0.2,2,0.1,0.0,0.06999999284744263
Cora,0.2,2,0.1,0.1,0.0679999589920044
Cora,0.2,2,0.1,0.2,0.06299996376037598
Cora,0.2,2,0.1,0.3,0.06299996376037598
Cora,0.2,2,0.1,0.4,0.06299996376037598
Cora,0.2,2,0.1,0.5,0.06199997663497925
Cora,0.2,2,0.1,0.6,0.06199997663497925
Cora,0.2,2,0.1,0.7,0.06199997663497925
Cora,0.2,2,0.1,0.8,0.06199997663497925
Cora,0.2,2,0.1,0.9,0.06199997663497925
Cora,0.2,2,0.1,1.0,0.06199997663497925
Cora,0.2,2,0.2,0.0,0.05199998617172241
Cora,0.2,2,0.2,0.1,0.05500000715255737
Cora,0.2,2,0.2,0.2,0.05199998617172241
Cora,0.2,2,0.2,0.3,0.05199998617172241
Cora,0.2,2,0.2,0.4,0.05199998617172241
Cora,0.2,2,0.2,0.5,0.05500000715255737
Cora,0.2,2,0.2,0.6,0.05500000715255737
Cora,0.2,2,0.2,0.7,0.05500000715255737
Cora,0.2,2,0.2,0.8,0.05500000715255737
Cora,0.2,2,0.2,0.9,0.05500000715255737
Cora,0.2,2,0.2,1.0,0.05500000715255737
Cora,0.2,2,0.3,0.0,0.05199998617172241
Cora,0.2,2,0.3,0.1,0.05500000715255737
Cora,0.2,2,0.3,0.2,0.05199998617172241
Cora,0.2,2,0.3,0.3,0.05199998617172241
Cora,0.2,2,0.3,0.4,0.05199998617172241
Cora,0.2,2,0.3,0.5,0.05500000715255737
Cora,0.2,2,0.3,0.6,0.05500000715255737
Cora,0.2,2,0.3,0.7,0.05500000715255737
Cora,0.2,2,0.3,0.8,0.05500000715255737
Cora,0.2,2,0.3,0.9,0.05500000715255737
Cora,0.2,2,0.3,1.0,0.05500000715255737
Cora,0.2,2,0.4,0.0,0.05199998617172241
Cora,0.2,2,0.4,0.1,0.05500000715255737
Cora,0.2,2,0.4,0.2,0.05199998617172241
Cora,0.2,2,0.4,0.3,0.05199998617172241
Cora,0.2,2,0.4,0.4,0.05199998617172241
Cora,0.2,2,0.4,0.5,0.05500000715255737
Cora,0.2,2,0.4,0.6,0.05500000715255737
Cora,0.2,2,0.4,0.7,0.05500000715255737
Cora,0.2,2,0.4,0.8,0.05500000715255737
Cora,0.2,2,0.4,0.9,0.05500000715255737
Cora,0.2,2,0.4,1.0,0.05500000715255737
Cora,0.2,2,0.5,0.0,0.046999990940093994
Cora,0.2,2,0.5,0.1,0.04899996519088745
Cora,0.2,2,0.5,0.2,0.05299997329711914
Cora,0.2,2,0.5,0.3,0.05299997329711914
Cora,0.2,2,0.5,0.4,0.05299997329711914
Cora,0.2,2,0.5,0.5,0.050999999046325684
Cora,0.2,2,0.5,0.6,0.050999999046325684
Cora,0.2,2,0.5,0.7,0.050999999046325684
Cora,0.2,2,0.5,0.8,0.050999999046325684
Cora,0.2,2,0.5,0.9,0.050999999046325684
Cora,0.2,2,0.5,1.0,0.050999999046325684
Cora,0.2,2,0.6,0.0,0.046999990940093994
Cora,0.2,2,0.6,0.1,0.04899996519088745
Cora,0.2,2,0.6,0.2,0.05299997329711914
Cora,0.2,2,0.6,0.3,0.05299997329711914
Cora,0.2,2,0.6,0.4,0.05299997329711914
Cora,0.2,2,0.6,0.5,0.050999999046325684
Cora,0.2,2,0.6,0.6,0.050999999046325684
Cora,0.2,2,0.6,0.7,0.050999999046325684
Cora,0.2,2,0.6,0.8,0.050999999046325684
Cora,0.2,2,0.6,0.9,0.050999999046325684
Cora,0.2,2,0.6,1.0,0.050999999046325684
Cora,0.2,2,0.7,0.0,0.046999990940093994
Cora,0.2,2,0.7,0.1,0.04899996519088745
Cora,0.2,2,0.7,0.2,0.05299997329711914
Cora,0.2,2,0.7,0.3,0.05299997329711914
Cora,0.2,2,0.7,0.4,0.05299997329711914
Cora,0.2,2,0.7,0.5,0.050999999046325684
Cora,0.2,2,0.7,0.6,0.050999999046325684
Cora,0.2,2,0.7,0.7,0.050999999046325684
Cora,0.2,2,0.7,0.8,0.050999999046325684
Cora,0.2,2,0.7,0.9,0.050999999046325684
Cora,0.2,2,0.7,1.0,0.050999999046325684
Cora,0.2,2,0.8,0.0,0.046999990940093994
Cora,0.2,2,0.8,0.1,0.04899996519088745
Cora,0.2,2,0.8,0.2,0.05299997329711914
Cora,0.2,2,0.8,0.3,0.05299997329711914
Cora,0.2,2,0.8,0.4,0.05299997329711914
Cora,0.2,2,0.8,0.5,0.050999999046325684
Cora,0.2,2,0.8,0.6,0.050999999046325684
Cora,0.2,2,0.8,0.7,0.050999999046325684
Cora,0.2,2,0.8,0.8,0.050999999046325684
Cora,0.2,2,0.8,0.9,0.050999999046325684
Cora,0.2,2,0.8,1.0,0.050999999046325684
Cora,0.2,2,0.9,0.0,0.046999990940093994
Cora,0.2,2,0.9,0.1,0.04899996519088745
Cora,0.2,2,0.9,0.2,0.05299997329711914
Cora,0.2,2,0.9,0.3,0.05299997329711914
Cora,0.2,2,0.9,0.4,0.05299997329711914
Cora,0.2,2,0.9,0.5,0.050999999046325684
Cora,0.2,2,0.9,0.6,0.050999999046325684
Cora,0.2,2,0.9,0.7,0.050999999046325684
Cora,0.2,2,0.9,0.8,0.050999999046325684
Cora,0.2,2,0.9,0.9,0.050999999046325684
Cora,0.2,2,0.9,1.0,0.050999999046325684
Cora,0.2,2,1.0,0.0,0.046999990940093994
Cora,0.2,2,1.0,0.1,0.04899996519088745
Cora,0.2,2,1.0,0.2,0.05299997329711914
Cora,0.2,2,1.0,0.3,0.05299997329711914
Cora,0.2,2,1.0,0.4,0.05299997329711914
Cora,0.2,2,1.0,0.5,0.050999999046325684
Cora,0.2,2,1.0,0.6,0.050999999046325684
Cora,0.2,2,1.0,0.7,0.050999999046325684
Cora,0.2,2,1.0,0.8,0.050999999046325684
Cora,0.2,2,1.0,0.9,0.050999999046325684
Cora,0.2,2,1.0,1.0,0.050999999046325684
Cora,0.2,3,0.1,0.0,-0.009000003337860107
Cora,0.2,3,0.1,0.1,0.010999977588653564
Cora,0.2,3,0.1,0.2,-0.012000024318695068
Cora,0.2,3,0.1,0.3,0.010999977588653564
Cora,0.2,3,0.1,0.4,-0.012000024318695068
Cora,0.2,3,0.1,0.5,0.010999977588653564
Cora,0.2,3,0.1,0.6,0.007999956607818604
Cora,0.2,3,0.1,0.7,0.007999956607818604
Cora,0.2,3,0.1,0.8,0.007999956607818604
Cora,0.2,3,0.1,0.9,-0.00700002908706665
Cora,0.2,3,0.1,1.0,-0.00700002908706665
Cora,0.2,3,0.2,0.0,-0.009000003337860107
Cora,0.2,3,0.2,0.1,0.010999977588653564
Cora,0.2,3,0.2,0.2,0.010999977588653564
Cora,0.2,3,0.2,0.3,0.010999977588653564
Cora,0.2,3,0.2,0.4,-0.012000024318695068
Cora,0.2,3,0.2,0.5,0.010999977588653564
Cora,0.2,3,0.2,0.6,0.007999956607818604
Cora,0.2,3,0.2,0.7,0.007999956607818604
Cora,0.2,3,0.2,0.8,0.007999956607818604
Cora,0.2,3,0.2,0.9,-0.00700002908706665
Cora,0.2,3,0.2,1.0,-0.00700002908706665
Cora,0.2,3,0.3,0.0,-0.003000020980834961
Cora,0.2,3,0.3,0.1,0.019999980926513672
Cora,0.2,3,0.3,0.2,0.019999980926513672
Cora,0.2,3,0.3,0.3,0.019999980926513672
Cora,0.2,3,0.3,0.4,0.019999980926513672
Cora,0.2,3,0.3,0.5,0.019999980926513672
Cora,0.2,3,0.3,0.6,0.001999974250793457
Cora,0.2,3,0.3,0.7,0.001999974250793457
Cora,0.2,3,0.3,0.8,0.001999974250793457
Cora,0.2,3,0.3,0.9,0.009999990463256836
Cora,0.2,3,0.3,1.0,-0.0009999871253967285
Cora,0.2,3,0.4,0.0,-0.003000020980834961
Cora,0.2,3,0.4,0.1,0.019999980926513672
Cora,0.2,3,0.4,0.2,0.019999980926513672
Cora,0.2,3,0.4,0.3,0.019999980926513672
Cora,0.2,3,0.4,0.4,0.019999980926513672
Cora,0.2,3,0.4,0.5,0.019999980926513672
Cora,0.2,3,0.4,0.6,0.001999974250793457
Cora,0.2,3,0.4,0.7,0.001999974250793457
Cora,0.2,3,0.4,0.8,0.001999974250793457
Cora,0.2,3,0.4,0.9,-0.0009999871253967285
Cora,0.2,3,0.4,1.0,-0.0009999871253967285
Cora,0.2,3,0.5,0.0,-0.003000020980834961
Cora,0.2,3,0.5,0.1,0.019999980926513672
Cora,0.2,3,0.5,0.2,0.019999980926513672
Cora,0.2,3,0.5,0.3,0.019999980926513672
Cora,0.2,3,0.5,0.4,0.019999980926513672
Cora,0.2,3,0.5,0.5,0.019999980926513672
Cora,0.2,3,0.5,0.6,0.001999974250793457
Cora,0.2,3,0.5,0.7,0.001999974250793457
Cora,0.2,3,0.5,0.8,0.001999974250793457
Cora,0.2,3,0.5,0.9,0.009999990463256836
Cora,0.2,3,0.5,1.0,0.009999990463256836
Cora,0.2,3,0.6,0.0,-0.003000020980834961
Cora,0.2,3,0.6,0.1,0.019999980926513672
Cora,0.2,3,0.6,0.2,0.019999980926513672
Cora,0.2,3,0.6,0.3,0.019999980926513672
Cora,0.2,3,0.6,0.4,0.019999980926513672
Cora,0.2,3,0.6,0.5,0.019999980926513672
Cora,0.2,3,0.6,0.6,0.001999974250793457
Cora,0.2,3,0.6,0.7,0.001999974250793457
Cora,0.2,3,0.6,0.8,0.001999974250793457
Cora,0.2,3,0.6,0.9,-0.0009999871253967285
Cora,0.2,3,0.6,1.0,-0.0009999871253967285
Cora,0.2,3,0.7,0.0,-0.003000020980834961
Cora,0.2,3,0.7,0.1,0.019999980926513672
Cora,0.2,3,0.7,0.2,0.019999980926513672
Cora,0.2,3,0.7,0.3,0.019999980926513672
Cora,0.2,3,0.7,0.4,0.019999980926513672
Cora,0.2,3,0.7,0.5,0.019999980926513672
Cora,0.2,3,0.7,0.6,0.001999974250793457
Cora,0.2,3,0.7,0.7,0.001999974250793457
Cora,0.2,3,0.7,0.8,0.001999974250793457
Cora,0.2,3,0.7,0.9,-0.0009999871253967285
Cora,0.2,3,0.7,1.0,0.009999990463256836
Cora,0.2,3,0.8,0.0,-0.003000020980834961
Cora,0.2,3,0.8,0.1,0.019999980926513672
Cora,0.2,3,0.8,0.2,0.019999980926513672
Cora,0.2,3,0.8,0.3,0.019999980926513672
Cora,0.2,3,0.8,0.4,0.019999980926513672
Cora,0.2,3,0.8,0.5,0.019999980926513672
Cora,0.2,3,0.8,0.6,0.001999974250793457
Cora,0.2,3,0.8,0.7,0.001999974250793457
Cora,0.2,3,0.8,0.8,0.001999974250793457
Cora,0.2,3,0.8,0.9,0.009999990463256836
Cora,0.2,3,0.8,1.0,-0.0009999871253967285
Cora,0.2,3,0.9,0.0,-0.003000020980834961
Cora,0.2,3,0.9,0.1,0.019999980926513672
Cora,0.2,3,0.9,0.2,0.019999980926513672
Cora,0.2,3,0.9,0.3,0.019999980926513672
Cora,0.2,3,0.9,0.4,0.019999980926513672
Cora,0.2,3,0.9,0.5,0.019999980926513672
Cora,0.2,3,0.9,0.6,0.001999974250793457
Cora,0.2,3,0.9,0.7,0.001999974250793457
Cora,0.2,3,0.9,0.8,0.001999974250793457
Cora,0.2,3,0.9,0.9,-0.0009999871253967285
Cora,0.2,3,0.9,1.0,-0.0009999871253967285
Cora,0.2,3,1.0,0.0,-0.003000020980834961
Cora,0.2,3,1.0,0.1,0.019999980926513672
Cora,0.2,3,1.0,0.2,0.019999980926513672
Cora,0.2,3,1.0,0.3,0.019999980926513672
Cora,0.2,3,1.0,0.4,0.019999980926513672
Cora,0.2,3,1.0,0.5,0.019999980926513672
Cora,0.2,3,1.0,0.6,0.001999974250793457
Cora,0.2,3,1.0,0.7,0.001999974250793457
Cora,0.2,3,1.0,0.8,0.001999974250793457
Cora,0.2,3,1.0,0.9,-0.0009999871253967285
Cora,0.2,3,1.0,1.0,-0.0009999871253967285
Cora,0.2,4,0.1,0.0,0.03700000047683716
Cora,0.2,4,0.1,0.1,0.042999982833862305
Cora,0.2,4,0.1,0.2,0.042999982833862305
Cora,0.2,4,0.1,0.3,0.042999982833862305
Cora,0.2,4,0.1,0.4,0.042999982833862305
Cora,0.2,4,0.1,0.5,0.03799998760223389
Cora,0.2,4,0.1,0.6,0.03799998760223389
Cora,0.2,4,0.1,0.7,0.03799998760223389
Cora,0.2,4,0.1,0.8,0.03799998760223389
Cora,0.2,4,0.1,0.9,0.03799998760223389
Cora,0.2,4,0.1,1.0,0.03799998760223389
Cora,0.2,4,0.2,0.0,0.022999942302703857
Cora,0.2,4,0.2,0.1,0.019999980926513672
Cora,0.2,4,0.2,0.2,0.019999980926513672
Cora,0.2,4,0.2,0.3,0.019999980926513672
Cora,0.2,4,0.2,0.4,0.019999980926513672
Cora,0.2,4,0.2,0.5,0.012999951839447021
Cora,0.2,4,0.2,0.6,0.012999951839447021
Cora,0.2,4,0.2,0.7,0.012999951839447021
Cora,0.2,4,0.2,0.8,0.012999951839447021
Cora,0.2,4,0.2,0.9,0.012999951839447021
Cora,0.2,4,0.2,1.0,0.012999951839447021
Cora,0.2,4,0.3,0.0,0.022999942302703857
Cora,0.2,4,0.3,0.1,0.019999980926513672
Cora,0.2,4,0.3,0.2,0.019999980926513672
Cora,0.2,4,0.3,0.3,0.019999980926513672
Cora,0.2,4,0.3,0.4,0.019999980926513672
Cora,0.2,4,0.3,0.5,0.012999951839447021
Cora,0.2,4,0.3,0.6,0.012999951839447021
Cora,0.2,4,0.3,0.7,0.012999951839447021
Cora,0.2,4,0.3,0.8,0.012999951839447021
Cora,0.2,4,0.3,0.9,0.012999951839447021
Cora,0.2,4,0.3,1.0,0.012999951839447021
Cora,0.2,4,0.4,0.0,0.022999942302703857
Cora,0.2,4,0.4,0.1,0.019999980926513672
Cora,0.2,4,0.4,0.2,0.019999980926513672
Cora,0.2,4,0.4,0.3,0.019999980926513672
Cora,0.2,4,0.4,0.4,0.019999980926513672
Cora,0.2,4,0.4,0.5,0.012999951839447021
Cora,0.2,4,0.4,0.6,0.012999951839447021
Cora,0.2,4,0.4,0.7,0.012999951839447021
Cora,0.2,4,0.4,0.8,0.012999951839447021
Cora,0.2,4,0.4,0.9,0.012999951839447021
Cora,0.2,4,0.4,1.0,0.012999951839447021
Cora,0.2,4,0.5,0.0,0.007999956607818604
Cora,0.2,4,0.5,0.1,0.004999995231628418
Cora,0.2,4,0.5,0.2,0.004999995231628418
Cora,0.2,4,0.5,0.3,0.004999995231628418
Cora,0.2,4,0.5,0.4,0.004999995231628418
Cora,0.2,4,0.5,0.5,0.006999969482421875
Cora,0.2,4,0.5,0.6,0.006999969482421875
Cora,0.2,4,0.5,0.7,0.006999969482421875
Cora,0.2,4,0.5,0.8,0.006999969482421875
Cora,0.2,4,0.5,0.9,0.006999969482421875
Cora,0.2,4,0.5,1.0,0.006999969482421875
Cora,0.2,4,0.6,0.0,0.007999956607818604
Cora,0.2,4,0.6,0.1,0.004999995231628418
Cora,0.2,4,0.6,0.2,0.004999995231628418
Cora,0.2,4,0.6,0.3,0.004999995231628418
Cora,0.2,4,0.6,0.4,0.004999995231628418
Cora,0.2,4,0.6,0.5,0.006999969482421875
Cora,0.2,4,0.6,0.6,0.006999969482421875
Cora,0.2,4,0.6,0.7,0.006999969482421875
Cora,0.2,4,0.6,0.8,0.006999969482421875
Cora,0.2,4,0.6,0.9,0.006999969482421875
Cora,0.2,4,0.6,1.0,0.006999969482421875
Cora,0.2,4,0.7,0.0,0.007999956607818604
Cora,0.2,4,0.7,0.1,0.004999995231628418
Cora,0.2,4,0.7,0.2,0.004999995231628418
Cora,0.2,4,0.7,0.3,0.004999995231628418
Cora,0.2,4,0.7,0.4,0.004999995231628418
Cora,0.2,4,0.7,0.5,0.006999969482421875
Cora,0.2,4,0.7,0.6,0.006999969482421875
Cora,0.2,4,0.7,0.7,0.006999969482421875
Cora,0.2,4,0.7,0.8,0.006999969482421875
Cora,0.2,4,0.7,0.9,0.006999969482421875
Cora,0.2,4,0.7,1.0,0.006999969482421875
Cora,0.2,4,0.8,0.0,0.007999956607818604
Cora,0.2,4,0.8,0.1,0.004999995231628418
Cora,0.2,4,0.8,0.2,0.004999995231628418
Cora,0.2,4,0.8,0.3,0.004999995231628418
Cora,0.2,4,0.8,0.4,0.004999995231628418
Cora,0.2,4,0.8,0.5,0.006999969482421875
Cora,0.2,4,0.8,0.6,0.006999969482421875
Cora,0.2,4,0.8,0.7,0.006999969482421875
Cora,0.2,4,0.8,0.8,0.006999969482421875
Cora,0.2,4,0.8,0.9,0.006999969482421875
Cora,0.2,4,0.8,1.0,0.006999969482421875
Cora,0.2,4,0.9,0.0,0.007999956607818604
Cora,0.2,4,0.9,0.1,0.004999995231628418
Cora,0.2,4,0.9,0.2,0.004999995231628418
Cora,0.2,4,0.9,0.3,0.004999995231628418
Cora,0.2,4,0.9,0.4,0.004999995231628418
Cora,0.2,4,0.9,0.5,0.006999969482421875
Cora,0.2,4,0.9,0.6,0.006999969482421875
Cora,0.2,4,0.9,0.7,0.006999969482421875
Cora,0.2,4,0.9,0.8,0.006999969482421875
Cora,0.2,4,0.9,0.9,0.006999969482421875
Cora,0.2,4,0.9,1.0,0.006999969482421875
Cora,0.2,4,1.0,0.0,0.007999956607818604
Cora,0.2,4,1.0,0.1,0.004999995231628418
Cora,0.2,4,1.0,0.2,0.004999995231628418
Cora,0.2,4,1.0,0.3,0.004999995231628418
Cora,0.2,4,1.0,0.4,0.004999995231628418
Cora,0.2,4,1.0,0.5,0.006999969482421875
Cora,0.2,4,1.0,0.6,0.006999969482421875
Cora,0.2,4,1.0,0.7,0.006999969482421875
Cora,0.2,4,1.0,0.8,0.006999969482421875
Cora,0.2,4,1.0,0.9,0.006999969482421875
Cora,0.2,4,1.0,1.0,0.006999969482421875
Cora,0.2,5,0.1,0.0,0.014999985694885254
Cora,0.2,5,0.1,0.1,0.015999972820281982
Cora,0.2,5,0.1,0.2,0.015999972820281982
Cora,0.2,5,0.1,0.3,0.015999972820281982
Cora,0.2,5,0.1,0.4,0.01699995994567871
Cora,0.2,5,0.1,0.5,0.01699995994567871
Cora,0.2,5,0.1,0.6,0.01699995994567871
Cora,0.2,5,0.1,0.7,0.01699995994567871
Cora,0.2,5,0.1,0.8,0.01699995994567871
Cora,0.2,5,0.1,0.9,0.01699995994567871
Cora,0.2,5,0.1,1.0,0.01699995994567871
Cora,0.2,5,0.2,0.0,0.0009999871253967285
Cora,0.2,5,0.2,0.1,0.0009999871253967285
Cora,0.2,5,0.2,0.2,0.0009999871253967285
Cora,0.2,5,0.2,0.3,0.0009999871253967285
Cora,0.2,5,0.2,0.4,0.001999974250793457
Cora,0.2,5,0.2,0.5,0.001999974250793457
Cora,0.2,5,0.2,0.6,0.001999974250793457
Cora,0.2,5,0.2,0.7,0.001999974250793457
Cora,0.2,5,0.2,0.8,0.001999974250793457
Cora,0.2,5,0.2,0.9,0.001999974250793457
Cora,0.2,5,0.2,1.0,0.001999974250793457
Cora,0.2,5,0.3,0.0,0.0059999823570251465
Cora,0.2,5,0.3,0.1,0.004999995231628418
Cora,0.2,5,0.3,0.2,0.004999995231628418
Cora,0.2,5,0.3,0.3,0.004999995231628418
Cora,0.2,5,0.3,0.4,0.0040000081062316895
Cora,0.2,5,0.3,0.5,0.0040000081062316895
Cora,0.2,5,0.3,0.6,0.0040000081062316895
Cora,0.2,5,0.3,0.7,0.0040000081062316895
Cora,0.2,5,0.3,0.8,0.0040000081062316895
Cora,0.2,5,0.3,0.9,0.0040000081062316895
Cora,0.2,5,0.3,1.0,0.0040000081062316895
Cora,0.2,5,0.4,0.0,0.0059999823570251465
Cora,0.2,5,0.4,0.1,0.004999995231628418
Cora,0.2,5,0.4,0.2,0.004999995231628418
Cora,0.2,5,0.4,0.3,0.004999995231628418
Cora,0.2,5,0.4,0.4,0.0040000081062316895
Cora,0.2,5,0.4,0.5,0.0040000081062316895
Cora,0.2,5,0.4,0.6,0.0040000081062316895
Cora,0.2,5,0.4,0.7,0.0040000081062316895
Cora,0.2,5,0.4,0.8,0.0040000081062316895
Cora,0.2,5,0.4,0.9,0.0040000081062316895
Cora,0.2,5,0.4,1.0,0.0040000081062316895
Cora,0.2,5,0.5,0.0,-0.003000020980834961
Cora,0.2,5,0.5,0.1,-0.001000046730041504
Cora,0.2,5,0.5,0.2,-0.001000046730041504
Cora,0.2,5,0.5,0.3,-0.001000046730041504
Cora,0.2,5,0.5,0.4,-0.0020000338554382324
Cora,0.2,5,0.5,0.5,-0.0020000338554382324
Cora,0.2,5,0.5,0.6,-0.0020000338554382324
Cora,0.2,5,0.5,0.7,-0.0020000338554382324
Cora,0.2,5,0.5,0.8,-0.0020000338554382324
Cora,0.2,5,0.5,0.9,-0.0020000338554382324
Cora,0.2,5,0.5,1.0,-0.0020000338554382324
Cora,0.2,5,0.6,0.0,-0.003000020980834961
Cora,0.2,5,0.6,0.1,-0.001000046730041504
Cora,0.2,5,0.6,0.2,-0.001000046730041504
Cora,0.2,5,0.6,0.3,-0.001000046730041504
Cora,0.2,5,0.6,0.4,-0.0020000338554382324
Cora,0.2,5,0.6,0.5,-0.0020000338554382324
Cora,0.2,5,0.6,0.6,-0.0020000338554382324
Cora,0.2,5,0.6,0.7,-0.0020000338554382324
Cora,0.2,5,0.6,0.8,-0.0020000338554382324
Cora,0.2,5,0.6,0.9,-0.0020000338554382324
Cora,0.2,5,0.6,1.0,-0.0020000338554382324
Cora,0.2,5,0.7,0.0,-0.003000020980834961
Cora,0.2,5,0.7,0.1,-0.001000046730041504
Cora,0.2,5,0.7,0.2,-0.001000046730041504
Cora,0.2,5,0.7,0.3,-0.001000046730041504
Cora,0.2,5,0.7,0.4,-0.0020000338554382324
Cora,0.2,5,0.7,0.5,-0.0020000338554382324
Cora,0.2,5,0.7,0.6,-0.0020000338554382324
Cora,0.2,5,0.7,0.7,-0.0020000338554382324
Cora,0.2,5,0.7,0.8,-0.0020000338554382324
Cora,0.2,5,0.7,0.9,-0.0020000338554382324
Cora,0.2,5,0.7,1.0,-0.0020000338554382324
Cora,0.2,5,0.8,0.0,-0.00700002908706665
Cora,0.2,5,0.8,0.1,-0.003000020980834961
Cora,0.2,5,0.8,0.2,-0.003000020980834961
Cora,0.2,5,0.8,0.3,-0.003000020980834961
Cora,0.2,5,0.8,0.4,-0.008000016212463379
Cora,0.2,5,0.8,0.5,-0.008000016212463379
Cora,0.2,5,0.8,0.6,-0.008000016212463379
Cora,0.2,5,0.8,0.7,-0.008000016212463379
Cora,0.2,5,0.8,0.8,-0.008000016212463379
Cora,0.2,5,0.8,0.9,-0.008000016212463379
Cora,0.2,5,0.8,1.0,-0.008000016212463379
Cora,0.2,5,0.9,0.0,-0.00700002908706665
Cora,0.2,5,0.9,0.1,-0.003000020980834961
Cora,0.2,5,0.9,0.2,-0.003000020980834961
Cora,0.2,5,0.9,0.3,-0.003000020980834961
Cora,0.2,5,0.9,0.4,-0.008000016212463379
Cora,0.2,5,0.9,0.5,-0.008000016212463379
Cora,0.2,5,0.9,0.6,-0.008000016212463379
Cora,0.2,5,0.9,0.7,-0.008000016212463379
Cora,0.2,5,0.9,0.8,-0.008000016212463379
Cora,0.2,5,0.9,0.9,-0.008000016212463379
Cora,0.2,5,0.9,1.0,-0.008000016212463379
Cora,0.2,5,1.0,0.0,-0.00700002908706665
Cora,0.2,5,1.0,0.1,-0.003000020980834961
Cora,0.2,5,1.0,0.2,-0.003000020980834961
Cora,0.2,5,1.0,0.3,-0.003000020980834961
Cora,0.2,5,1.0,0.4,-0.008000016212463379
Cora,0.2,5,1.0,0.5,-0.008000016212463379
Cora,0.2,5,1.0,0.6,-0.008000016212463379
Cora,0.2,5,1.0,0.7,-0.008000016212463379
Cora,0.2,5,1.0,0.8,-0.008000016212463379
Cora,0.2,5,1.0,0.9,-0.008000016212463379
Cora,0.2,5,1.0,1.0,-0.008000016212463379
Cora,0.2,6,0.1,0.0,0.018999993801116943
Cora,0.2,6,0.1,0.1,0.018999993801116943
Cora,0.2,6,0.1,0.2,0.02399998903274536
Cora,0.2,6,0.1,0.3,0.02399998903274536
Cora,0.2,6,0.1,0.4,0.023000001907348633
Cora,0.2,6,0.1,0.5,0.02399998903274536
Cora,0.2,6,0.1,0.6,0.02399998903274536
Cora,0.2,6,0.1,0.7,0.02399998903274536
Cora,0.2,6,0.1,0.8,0.02399998903274536
Cora,0.2,6,0.1,0.9,0.02399998903274536
Cora,0.2,6,0.1,1.0,0.02399998903274536
Cora,0.2,6,0.2,0.0,0.0009999871253967285
Cora,0.2,6,0.2,0.1,0.0040000081062316895
Cora,0.2,6,0.2,0.2,0.001999974250793457
Cora,0.2,6,0.2,0.3,0.001999974250793457
Cora,0.2,6,0.2,0.4,0.001999974250793457
Cora,0.2,6,0.2,0.5,0.001999974250793457
Cora,0.2,6,0.2,0.6,0.001999974250793457
Cora,0.2,6,0.2,0.7,0.001999974250793457
Cora,0.2,6,0.2,0.8,0.001999974250793457
Cora,0.2,6,0.2,0.9,0.001999974250793457
Cora,0.2,6,0.2,1.0,0.001999974250793457
Cora,0.2,6,0.3,0.0,0.004999995231628418
Cora,0.2,6,0.3,0.1,0.004999995231628418
Cora,0.2,6,0.3,0.2,0.004999995231628418
Cora,0.2,6,0.3,0.3,0.004999995231628418
Cora,0.2,6,0.3,0.4,0.004999995231628418
Cora,0.2,6,0.3,0.5,0.004999995231628418
Cora,0.2,6,0.3,0.6,0.004999995231628418
Cora,0.2,6,0.3,0.7,0.004999995231628418
Cora,0.2,6,0.3,0.8,0.004999995231628418
Cora,0.2,6,0.3,0.9,0.004999995231628418
Cora,0.2,6,0.3,1.0,0.004999995231628418
Cora,0.2,6,0.4,0.0,0.004999995231628418
Cora,0.2,6,0.4,0.1,0.004999995231628418
Cora,0.2,6,0.4,0.2,0.004999995231628418
Cora,0.2,6,0.4,0.3,0.004999995231628418
Cora,0.2,6,0.4,0.4,0.004999995231628418
Cora,0.2,6,0.4,0.5,0.004999995231628418
Cora,0.2,6,0.4,0.6,0.004999995231628418
Cora,0.2,6,0.4,0.7,0.004999995231628418
Cora,0.2,6,0.4,0.8,0.004999995231628418
Cora,0.2,6,0.4,0.9,0.004999995231628418
Cora,0.2,6,0.4,1.0,0.004999995231628418
Cora,0.2,6,0.5,0.0,0.004999995231628418
Cora,0.2,6,0.5,0.1,0.004999995231628418
Cora,0.2,6,0.5,0.2,0.004999995231628418
Cora,0.2,6,0.5,0.3,0.004999995231628418
Cora,0.2,6,0.5,0.4,0.004999995231628418
Cora,0.2,6,0.5,0.5,0.004999995231628418
Cora,0.2,6,0.5,0.6,0.004999995231628418
Cora,0.2,6,0.5,0.7,0.004999995231628418
Cora,0.2,6,0.5,0.8,0.004999995231628418
Cora,0.2,6,0.5,0.9,0.004999995231628418
Cora,0.2,6,0.5,1.0,0.004999995231628418
Cora,0.2,6,0.6,0.0,0.004999995231628418
Cora,0.2,6,0.6,0.1,0.004999995231628418
Cora,0.2,6,0.6,0.2,0.004999995231628418
Cora,0.2,6,0.6,0.3,0.004999995231628418
Cora,0.2,6,0.6,0.4,0.004999995231628418
Cora,0.2,6,0.6,0.5,0.004999995231628418
Cora,0.2,6,0.6,0.6,0.004999995231628418
Cora,0.2,6,0.6,0.7,0.004999995231628418
Cora,0.2,6,0.6,0.8,0.004999995231628418
Cora,0.2,6,0.6,0.9,0.004999995231628418
Cora,0.2,6,0.6,1.0,0.004999995231628418
Cora,0.2,6,0.7,0.0,0.004999995231628418
Cora,0.2,6,0.7,0.1,0.004999995231628418
Cora,0.2,6,0.7,0.2,0.004999995231628418
Cora,0.2,6,0.7,0.3,0.004999995231628418
Cora,0.2,6,0.7,0.4,0.004999995231628418
Cora,0.2,6,0.7,0.5,0.004999995231628418
Cora,0.2,6,0.7,0.6,0.004999995231628418
Cora,0.2,6,0.7,0.7,0.004999995231628418
Cora,0.2,6,0.7,0.8,0.004999995231628418
Cora,0.2,6,0.7,0.9,0.004999995231628418
Cora,0.2,6,0.7,1.0,0.004999995231628418
Cora,0.2,6,0.8,0.0,0.004999995231628418
Cora,0.2,6,0.8,0.1,0.004999995231628418
Cora,0.2,6,0.8,0.2,0.004999995231628418
Cora,0.2,6,0.8,0.3,0.004999995231628418
Cora,0.2,6,0.8,0.4,0.004999995231628418
Cora,0.2,6,0.8,0.5,0.004999995231628418
Cora,0.2,6,0.8,0.6,0.004999995231628418
Cora,0.2,6,0.8,0.7,0.004999995231628418
Cora,0.2,6,0.8,0.8,0.004999995231628418
Cora,0.2,6,0.8,0.9,0.004999995231628418
Cora,0.2,6,0.8,1.0,0.004999995231628418
Cora,0.2,6,0.9,0.0,-0.003000020980834961
Cora,0.2,6,0.9,0.1,0.013999998569488525
Cora,0.2,6,0.9,0.2,0.0059999823570251465
Cora,0.2,6,0.9,0.3,0.0059999823570251465
Cora,0.2,6,0.9,0.4,0.0059999823570251465
Cora,0.2,6,0.9,0.5,0.0059999823570251465
Cora,0.2,6,0.9,0.6,0.0059999823570251465
Cora,0.2,6,0.9,0.7,0.0059999823570251465
Cora,0.2,6,0.9,0.8,0.0059999823570251465
Cora,0.2,6,0.9,0.9,0.0059999823570251465
Cora,0.2,6,0.9,1.0,0.0059999823570251465
Cora,0.2,6,1.0,0.0,-0.003000020980834961
Cora,0.2,6,1.0,0.1,0.013999998569488525
Cora,0.2,6,1.0,0.2,0.0059999823570251465
Cora,0.2,6,1.0,0.3,0.0059999823570251465
Cora,0.2,6,1.0,0.4,0.0059999823570251465
Cora,0.2,6,1.0,0.5,0.0059999823570251465
Cora,0.2,6,1.0,0.6,0.0059999823570251465
Cora,0.2,6,1.0,0.7,0.0059999823570251465
Cora,0.2,6,1.0,0.8,0.0059999823570251465
Cora,0.2,6,1.0,0.9,0.0059999823570251465
Cora,0.2,6,1.0,1.0,0.0059999823570251465
Cora,0.2,7,0.1,0.0,-0.0339999794960022
Cora,0.2,7,0.1,0.1,-0.0339999794960022
Cora,0.2,7,0.1,0.2,-0.034999966621398926
Cora,0.2,7,0.1,0.3,-0.03299999237060547
Cora,0.2,7,0.1,0.4,-0.006999969482421875
Cora,0.2,7,0.1,0.5,-0.006999969482421875
Cora,0.2,7,0.1,0.6,-0.006999969482421875
Cora,0.2,7,0.1,0.7,-0.006999969482421875
Cora,0.2,7,0.1,0.8,-0.006999969482421875
Cora,0.2,7,0.1,0.9,-0.006999969482421875
Cora,0.2,7,0.1,1.0,-0.006999969482421875
Cora,0.2,7,0.2,0.0,-0.034999966621398926
Cora,0.2,7,0.2,0.1,-0.034999966621398926
Cora,0.2,7,0.2,0.2,-0.0339999794960022
Cora,0.2,7,0.2,0.3,-0.029999971389770508
Cora,0.2,7,0.2,0.4,-0.038999974727630615
Cora,0.2,7,0.2,0.5,-0.038999974727630615
Cora,0.2,7,0.2,0.6,-0.038999974727630615
Cora,0.2,7,0.2,0.7,-0.038999974727630615
Cora,0.2,7,0.2,0.8,-0.038999974727630615
Cora,0.2,7,0.2,0.9,-0.038999974727630615
Cora,0.2,7,0.2,1.0,-0.038999974727630615
Cora,0.2,7,0.3,0.0,-0.04999995231628418
Cora,0.2,7,0.3,0.1,-0.04999995231628418
Cora,0.2,7,0.3,0.2,-0.050999999046325684
Cora,0.2,7,0.3,0.3,-0.03299999237060547
Cora,0.2,7,0.3,0.4,-0.010999977588653564
Cora,0.2,7,0.3,0.5,-0.010999977588653564
Cora,0.2,7,0.3,0.6,-0.010999977588653564
Cora,0.2,7,0.3,0.7,-0.010999977588653564
Cora,0.2,7,0.3,0.8,-0.010999977588653564
Cora,0.2,7,0.3,0.9,-0.010999977588653564
Cora,0.2,7,0.3,1.0,-0.010999977588653564
Cora,0.2,7,0.4,0.0,-0.04999995231628418
Cora,0.2,7,0.4,0.1,-0.04999995231628418
Cora,0.2,7,0.4,0.2,-0.050999999046325684
Cora,0.2,7,0.4,0.3,-0.03299999237060547
Cora,0.2,7,0.4,0.4,-0.010999977588653564
Cora,0.2,7,0.4,0.5,-0.010999977588653564
Cora,0.2,7,0.4,0.6,-0.010999977588653564
Cora,0.2,7,0.4,0.7,-0.010999977588653564
Cora,0.2,7,0.4,0.8,-0.010999977588653564
Cora,0.2,7,0.4,0.9,-0.010999977588653564
Cora,0.2,7,0.4,1.0,-0.010999977588653564
Cora,0.2,7,0.5,0.0,-0.0029999613761901855
Cora,0.2,7,0.5,0.1,-0.0029999613761901855
Cora,0.2,7,0.5,0.2,-0.04799997806549072
Cora,0.2,7,0.5,0.3,-0.0029999613761901855
Cora,0.2,7,0.5,0.4,-0.0549999475479126
Cora,0.2,7,0.5,0.5,-0.0549999475479126
Cora,0.2,7,0.5,0.6,-0.0549999475479126
Cora,0.2,7,0.5,0.7,-0.0549999475479126
Cora,0.2,7,0.5,0.8,-0.0549999475479126
Cora,0.2,7,0.5,0.9,-0.0549999475479126
Cora,0.2,7,0.5,1.0,-0.0549999475479126
Cora,0.2,7,0.6,0.0,0.0040000081062316895
Cora,0.2,7,0.6,0.1,0.0040000081062316895
Cora,0.2,7,0.6,0.2,0.005000054836273193
Cora,0.2,7,0.6,0.3,0.0040000081062316895
Cora,0.2,7,0.6,0.4,-0.0549999475479126
Cora,0.2,7,0.6,0.5,-0.0549999475479126
Cora,0.2,7,0.6,0.6,-0.0549999475479126
Cora,0.2,7,0.6,0.7,-0.0549999475479126
Cora,0.2,7,0.6,0.8,-0.0549999475479126
Cora,0.2,7,0.6,0.9,-0.0549999475479126
Cora,0.2,7,0.6,1.0,-0.0549999475479126
Cora,0.2,7,0.7,0.0,0.0040000081062316895
Cora,0.2,7,0.7,0.1,0.0040000081062316895
Cora,0.2,7,0.7,0.2,0.005000054836273193
Cora,0.2,7,0.7,0.3,0.0040000081062316895
Cora,0.2,7,0.7,0.4,-0.0549999475479126
Cora,0.2,7,0.7,0.5,-0.0549999475479126
Cora,0.2,7,0.7,0.6,-0.0549999475479126
Cora,0.2,7,0.7,0.7,-0.0549999475479126
Cora,0.2,7,0.7,0.8,-0.0549999475479126
Cora,0.2,7,0.7,0.9,-0.0549999475479126
Cora,0.2,7,0.7,1.0,-0.0549999475479126
Cora,0.2,7,0.8,0.0,0.0040000081062316895
Cora,0.2,7,0.8,0.1,0.0040000081062316895
Cora,0.2,7,0.8,0.2,0.005000054836273193
Cora,0.2,7,0.8,0.3,0.0040000081062316895
Cora,0.2,7,0.8,0.4,-0.0549999475479126
Cora,0.2,7,0.8,0.5,-0.0549999475479126
Cora,0.2,7,0.8,0.6,-0.0549999475479126
Cora,0.2,7,0.8,0.7,-0.0549999475479126
Cora,0.2,7,0.8,0.8,-0.0549999475479126
Cora,0.2,7,0.8,0.9,-0.0549999475479126
Cora,0.2,7,0.8,1.0,-0.0549999475479126
Cora,0.2,7,0.9,0.0,0.0040000081062316895
Cora,0.2,7,0.9,0.1,0.0040000081062316895
Cora,0.2,7,0.9,0.2,0.005000054836273193
Cora,0.2,7,0.9,0.3,0.0040000081062316895
Cora,0.2,7,0.9,0.4,-0.0549999475479126
Cora,0.2,7,0.9,0.5,-0.0549999475479126
Cora,0.2,7,0.9,0.6,-0.0549999475479126
Cora,0.2,7,0.9,0.7,-0.0549999475479126
Cora,0.2,7,0.9,0.8,-0.0549999475479126
Cora,0.2,7,0.9,0.9,-0.0549999475479126
Cora,0.2,7,0.9,1.0,-0.0549999475479126
Cora,0.2,7,1.0,0.0,0.0040000081062316895
Cora,0.2,7,1.0,0.1,0.0040000081062316895
Cora,0.2,7,1.0,0.2,0.005000054836273193
Cora,0.2,7,1.0,0.3,0.0040000081062316895
Cora,0.2,7,1.0,0.4,-0.0549999475479126
Cora,0.2,7,1.0,0.5,-0.0549999475479126
Cora,0.2,7,1.0,0.6,-0.0549999475479126
Cora,0.2,7,1.0,0.7,-0.0549999475479126
Cora,0.2,7,1.0,0.8,-0.0549999475479126
Cora,0.2,7,1.0,0.9,-0.0549999475479126
Cora,0.2,7,1.0,1.0,-0.0549999475479126
Cora,0.2,8,0.1,0.0,0.03900003433227539
Cora,0.2,8,0.1,0.1,0.04500001668930054
Cora,0.2,8,0.1,0.2,0.04500001668930054
Cora,0.2,8,0.1,0.3,0.05200004577636719
Cora,0.2,8,0.1,0.4,0.05200004577636719
Cora,0.2,8,0.1,0.5,0.05200004577636719
Cora,0.2,8,0.1,0.6,0.05200004577636719
Cora,0.2,8,0.1,0.7,0.04500001668930054
Cora,0.2,8,0.1,0.8,0.04500001668930054
Cora,0.2,8,0.1,0.9,0.0350000262260437
Cora,0.2,8,0.1,1.0,0.0350000262260437
Cora,0.2,8,0.2,0.0,0.018000006675720215
Cora,0.2,8,0.2,0.1,0.020000040531158447
Cora,0.2,8,0.2,0.2,0.020000040531158447
Cora,0.2,8,0.2,0.3,0.03700000047683716
Cora,0.2,8,0.2,0.4,0.03700000047683716
Cora,0.2,8,0.2,0.5,0.03700000047683716
Cora,0.2,8,0.2,0.6,0.03700000047683716
Cora,0.2,8,0.2,0.7,0.03900003433227539
Cora,0.2,8,0.2,0.8,0.03900003433227539
Cora,0.2,8,0.2,0.9,0.04100000858306885
Cora,0.2,8,0.2,1.0,0.04100000858306885
Cora,0.2,8,0.3,0.0,0.018000006675720215
Cora,0.2,8,0.3,0.1,0.020000040531158447
Cora,0.2,8,0.3,0.2,0.020000040531158447
Cora,0.2,8,0.3,0.3,0.03700000047683716
Cora,0.2,8,0.3,0.4,0.03700000047683716
Cora,0.2,8,0.3,0.5,0.03700000047683716
Cora,0.2,8,0.3,0.6,0.03700000047683716
Cora,0.2,8,0.3,0.7,0.03900003433227539
Cora,0.2,8,0.3,0.8,0.03900003433227539
Cora,0.2,8,0.3,0.9,0.04100000858306885
Cora,0.2,8,0.3,1.0,0.04100000858306885
Cora,0.2,8,0.4,0.0,0.018000006675720215
Cora,0.2,8,0.4,0.1,0.020000040531158447
Cora,0.2,8,0.4,0.2,0.020000040531158447
Cora,0.2,8,0.4,0.3,0.03700000047683716
Cora,0.2,8,0.4,0.4,0.03700000047683716
Cora,0.2,8,0.4,0.5,0.03700000047683716
Cora,0.2,8,0.4,0.6,0.03700000047683716
Cora,0.2,8,0.4,0.7,0.03900003433227539
Cora,0.2,8,0.4,0.8,0.03900003433227539
Cora,0.2,8,0.4,0.9,0.04100000858306885
Cora,0.2,8,0.4,1.0,0.04100000858306885
Cora,0.2,8,0.5,0.0,0.018000006675720215
Cora,0.2,8,0.5,0.1,0.020000040531158447
Cora,0.2,8,0.5,0.2,0.020000040531158447
Cora,0.2,8,0.5,0.3,0.03700000047683716
Cora,0.2,8,0.5,0.4,0.03700000047683716
Cora,0.2,8,0.5,0.5,0.03700000047683716
Cora,0.2,8,0.5,0.6,0.03700000047683716
Cora,0.2,8,0.5,0.7,0.03900003433227539
Cora,0.2,8,0.5,0.8,0.03900003433227539
Cora,0.2,8,0.5,0.9,0.04100000858306885
Cora,0.2,8,0.5,1.0,0.04100000858306885
Cora,0.2,8,0.6,0.0,0.009000003337860107
Cora,0.2,8,0.6,0.1,0.00700002908706665
Cora,0.2,8,0.6,0.2,0.00700002908706665
Cora,0.2,8,0.6,0.3,0.013999998569488525
Cora,0.2,8,0.6,0.4,0.013999998569488525
Cora,0.2,8,0.6,0.5,0.013999998569488525
Cora,0.2,8,0.6,0.6,0.013999998569488525
Cora,0.2,8,0.6,0.7,0.010000050067901611
Cora,0.2,8,0.6,0.8,0.010000050067901611
Cora,0.2,8,0.6,0.9,0.010000050067901611
Cora,0.2,8,0.6,1.0,0.010000050067901611
Cora,0.2,8,0.7,0.0,0.009000003337860107
Cora,0.2,8,0.7,0.1,0.00700002908706665
Cora,0.2,8,0.7,0.2,0.00700002908706665
Cora,0.2,8,0.7,0.3,0.013999998569488525
Cora,0.2,8,0.7,0.4,0.013999998569488525
Cora,0.2,8,0.7,0.5,0.013999998569488525
Cora,0.2,8,0.7,0.6,0.013999998569488525
Cora,0.2,8,0.7,0.7,0.010000050067901611
Cora,0.2,8,0.7,0.8,0.010000050067901611
Cora,0.2,8,0.7,0.9,0.010000050067901611
Cora,0.2,8,0.7,1.0,0.010000050067901611
Cora,0.2,8,0.8,0.0,0.009000003337860107
Cora,0.2,8,0.8,0.1,0.00700002908706665
Cora,0.2,8,0.8,0.2,0.00700002908706665
Cora,0.2,8,0.8,0.3,0.013999998569488525
Cora,0.2,8,0.8,0.4,0.013999998569488525
Cora,0.2,8,0.8,0.5,0.013999998569488525
Cora,0.2,8,0.8,0.6,0.013999998569488525
Cora,0.2,8,0.8,0.7,0.010000050067901611
Cora,0.2,8,0.8,0.8,0.010000050067901611
Cora,0.2,8,0.8,0.9,0.010000050067901611
Cora,0.2,8,0.8,1.0,0.010000050067901611
Cora,0.2,8,0.9,0.0,0.009000003337860107
Cora,0.2,8,0.9,0.1,0.00700002908706665
Cora,0.2,8,0.9,0.2,0.00700002908706665
Cora,0.2,8,0.9,0.3,0.013999998569488525
Cora,0.2,8,0.9,0.4,0.013999998569488525
Cora,0.2,8,0.9,0.5,0.013999998569488525
Cora,0.2,8,0.9,0.6,0.013999998569488525
Cora,0.2,8,0.9,0.7,0.010000050067901611
Cora,0.2,8,0.9,0.8,0.010000050067901611
Cora,0.2,8,0.9,0.9,0.010000050067901611
Cora,0.2,8,0.9,1.0,0.010000050067901611
Cora,0.2,8,1.0,0.0,0.009000003337860107
Cora,0.2,8,1.0,0.1,0.00700002908706665
Cora,0.2,8,1.0,0.2,0.00700002908706665
Cora,0.2,8,1.0,0.3,0.013999998569488525
Cora,0.2,8,1.0,0.4,0.013999998569488525
Cora,0.2,8,1.0,0.5,0.013999998569488525
Cora,0.2,8,1.0,0.6,0.013999998569488525
Cora,0.2,8,1.0,0.7,0.010000050067901611
Cora,0.2,8,1.0,0.8,0.010000050067901611
Cora,0.2,8,1.0,0.9,0.010000050067901611
Cora,0.2,8,1.0,1.0,0.010000050067901611
Cora,0.2,9,0.1,0.0,0.025000035762786865
Cora,0.2,9,0.1,0.1,0.030000030994415283
Cora,0.2,9,0.1,0.2,-0.004999995231628418
Cora,0.2,9,0.1,0.3,-0.0040000081062316895
Cora,0.2,9,0.1,0.4,-0.0059999823570251465
Cora,0.2,9,0.1,0.5,-0.0059999823570251465
Cora,0.2,9,0.1,0.6,-0.0059999823570251465
Cora,0.2,9,0.1,0.7,-0.0059999823570251465
Cora,0.2,9,0.1,0.8,-0.0059999823570251465
Cora,0.2,9,0.1,0.9,-0.0059999823570251465
Cora,0.2,9,0.1,1.0,-0.0059999823570251465
Cora,0.2,9,0.2,0.0,0.008000016212463379
Cora,0.2,9,0.2,0.1,0.009999990463256836
Cora,0.2,9,0.2,0.2,0.008000016212463379
Cora,0.2,9,0.2,0.3,0.0009999871253967285
Cora,0.2,9,0.2,0.4,0.0040000081062316895
Cora,0.2,9,0.2,0.5,0.0040000081062316895
Cora,0.2,9,0.2,0.6,0.0040000081062316895
Cora,0.2,9,0.2,0.7,0.0040000081062316895
Cora,0.2,9,0.2,0.8,0.0040000081062316895
Cora,0.2,9,0.2,0.9,0.0040000081062316895
Cora,0.2,9,0.2,1.0,0.0040000081062316895
Cora,0.2,9,0.3,0.0,0.03700000047683716
Cora,0.2,9,0.3,0.1,0.03799998760223389
Cora,0.2,9,0.3,0.2,0.018000006675720215
Cora,0.2,9,0.3,0.3,0.014999985694885254
Cora,0.2,9,0.3,0.4,0.014999985694885254
Cora,0.2,9,0.3,0.5,0.014999985694885254
Cora,0.2,9,0.3,0.6,0.014999985694885254
Cora,0.2,9,0.3,0.7,0.014999985694885254
Cora,0.2,9,0.3,0.8,0.014999985694885254
Cora,0.2,9,0.3,0.9,0.014999985694885254
Cora,0.2,9,0.3,1.0,0.014999985694885254
Cora,0.2,9,0.4,0.0,0.03700000047683716
Cora,0.2,9,0.4,0.1,0.03799998760223389
Cora,0.2,9,0.4,0.2,0.018000006675720215
Cora,0.2,9,0.4,0.3,0.014999985694885254
Cora,0.2,9,0.4,0.4,0.014999985694885254
Cora,0.2,9,0.4,0.5,0.014999985694885254
Cora,0.2,9,0.4,0.6,0.014999985694885254
Cora,0.2,9,0.4,0.7,0.014999985694885254
Cora,0.2,9,0.4,0.8,0.014999985694885254
Cora,0.2,9,0.4,0.9,0.014999985694885254
Cora,0.2,9,0.4,1.0,0.014999985694885254
Cora,0.2,9,0.5,0.0,0.03700000047683716
Cora,0.2,9,0.5,0.1,0.03799998760223389
Cora,0.2,9,0.5,0.2,0.018000006675720215
Cora,0.2,9,0.5,0.3,0.014999985694885254
Cora,0.2,9,0.5,0.4,0.014999985694885254
Cora,0.2,9,0.5,0.5,0.014999985694885254
Cora,0.2,9,0.5,0.6,0.014999985694885254
Cora,0.2,9,0.5,0.7,0.014999985694885254
Cora,0.2,9,0.5,0.8,0.014999985694885254
Cora,0.2,9,0.5,0.9,0.014999985694885254
Cora,0.2,9,0.5,1.0,0.014999985694885254
Cora,0.2,9,0.6,0.0,0.03700000047683716
Cora,0.2,9,0.6,0.1,0.03799998760223389
Cora,0.2,9,0.6,0.2,0.018000006675720215
Cora,0.2,9,0.6,0.3,0.014999985694885254
Cora,0.2,9,0.6,0.4,0.014999985694885254
Cora,0.2,9,0.6,0.5,0.014999985694885254
Cora,0.2,9,0.6,0.6,0.014999985694885254
Cora,0.2,9,0.6,0.7,0.014999985694885254
Cora,0.2,9,0.6,0.8,0.014999985694885254
Cora,0.2,9,0.6,0.9,0.014999985694885254
Cora,0.2,9,0.6,1.0,0.014999985694885254
Cora,0.2,9,0.7,0.0,0.03700000047683716
Cora,0.2,9,0.7,0.1,0.03799998760223389
Cora,0.2,9,0.7,0.2,0.018000006675720215
Cora,0.2,9,0.7,0.3,0.014999985694885254
Cora,0.2,9,0.7,0.4,0.014999985694885254
Cora,0.2,9,0.7,0.5,0.014999985694885254
Cora,0.2,9,0.7,0.6,0.014999985694885254
Cora,0.2,9,0.7,0.7,0.014999985694885254
Cora,0.2,9,0.7,0.8,0.014999985694885254
Cora,0.2,9,0.7,0.9,0.014999985694885254
Cora,0.2,9,0.7,1.0,0.014999985694885254
Cora,0.2,9,0.8,0.0,0.03700000047683716
Cora,0.2,9,0.8,0.1,0.03799998760223389
Cora,0.2,9,0.8,0.2,0.018000006675720215
Cora,0.2,9,0.8,0.3,0.014999985694885254
Cora,0.2,9,0.8,0.4,0.014999985694885254
Cora,0.2,9,0.8,0.5,0.014999985694885254
Cora,0.2,9,0.8,0.6,0.014999985694885254
Cora,0.2,9,0.8,0.7,0.014999985694885254
Cora,0.2,9,0.8,0.8,0.014999985694885254
Cora,0.2,9,0.8,0.9,0.014999985694885254
Cora,0.2,9,0.8,1.0,0.014999985694885254
Cora,0.2,9,0.9,0.0,0.03700000047683716
Cora,0.2,9,0.9,0.1,0.03799998760223389
Cora,0.2,9,0.9,0.2,0.018000006675720215
Cora,0.2,9,0.9,0.3,0.014999985694885254
Cora,0.2,9,0.9,0.4,0.014999985694885254
Cora,0.2,9,0.9,0.5,0.014999985694885254
Cora,0.2,9,0.9,0.6,0.014999985694885254
Cora,0.2,9,0.9,0.7,0.014999985694885254
Cora,0.2,9,0.9,0.8,0.014999985694885254
Cora,0.2,9,0.9,0.9,0.014999985694885254
Cora,0.2,9,0.9,1.0,0.014999985694885254
Cora,0.2,9,1.0,0.0,0.03700000047683716
Cora,0.2,9,1.0,0.1,0.03799998760223389
Cora,0.2,9,1.0,0.2,0.018000006675720215
Cora,0.2,9,1.0,0.3,0.014999985694885254
Cora,0.2,9,1.0,0.4,0.014999985694885254
Cora,0.2,9,1.0,0.5,0.014999985694885254
Cora,0.2,9,1.0,0.6,0.014999985694885254
Cora,0.2,9,1.0,0.7,0.014999985694885254
Cora,0.2,9,1.0,0.8,0.014999985694885254
Cora,0.2,9,1.0,0.9,0.014999985694885254
Cora,0.2,9,1.0,1.0,0.014999985694885254
Cora,0.3,0,0.1,0.0,0.078000009059906
Cora,0.3,0,0.1,0.1,0.078000009059906
Cora,0.3,0,0.1,0.2,0.061000049114227295
Cora,0.3,0,0.1,0.3,0.05500000715255737
Cora,0.3,0,0.1,0.4,0.05500000715255737
Cora,0.3,0,0.1,0.5,0.07200002670288086
Cora,0.3,0,0.1,0.6,0.07200002670288086
Cora,0.3,0,0.1,0.7,0.07200002670288086
Cora,0.3,0,0.1,0.8,0.07200002670288086
Cora,0.3,0,0.1,0.9,0.07200002670288086
Cora,0.3,0,0.1,1.0,0.07200002670288086
Cora,0.3,0,0.2,0.0,0.061000049114227295
Cora,0.3,0,0.2,0.1,0.05900001525878906
Cora,0.3,0,0.2,0.2,0.06200003623962402
Cora,0.3,0,0.2,0.3,0.046000003814697266
Cora,0.3,0,0.2,0.4,0.046000003814697266
Cora,0.3,0,0.2,0.5,0.06200003623962402
Cora,0.3,0,0.2,0.6,0.06200003623962402
Cora,0.3,0,0.2,0.7,0.06200003623962402
Cora,0.3,0,0.2,0.8,0.06200003623962402
Cora,0.3,0,0.2,0.9,0.06200003623962402
Cora,0.3,0,0.2,1.0,0.06200003623962402
Cora,0.3,0,0.3,0.0,0.058000028133392334
Cora,0.3,0,0.3,0.1,0.05500000715255737
Cora,0.3,0,0.3,0.2,0.057000041007995605
Cora,0.3,0,0.3,0.3,0.05600005388259888
Cora,0.3,0,0.3,0.4,0.05600005388259888
Cora,0.3,0,0.3,0.5,0.04200005531311035
Cora,0.3,0,0.3,0.6,0.04200005531311035
Cora,0.3,0,0.3,0.7,0.04200005531311035
Cora,0.3,0,0.3,0.8,0.04200005531311035
Cora,0.3,0,0.3,0.9,0.04200005531311035
Cora,0.3,0,0.3,1.0,0.04200005531311035
Cora,0.3,0,0.4,0.0,0.05500000715255737
Cora,0.3,0,0.4,0.1,0.053000032901763916
Cora,0.3,0,0.4,0.2,0.05500000715255737
Cora,0.3,0,0.4,0.3,0.05600005388259888
Cora,0.3,0,0.4,0.4,0.05600005388259888
Cora,0.3,0,0.4,0.5,0.058000028133392334
Cora,0.3,0,0.4,0.6,0.058000028133392334
Cora,0.3,0,0.4,0.7,0.058000028133392334
Cora,0.3,0,0.4,0.8,0.058000028133392334
Cora,0.3,0,0.4,0.9,0.058000028133392334
Cora,0.3,0,0.4,1.0,0.058000028133392334
Cora,0.3,0,0.5,0.0,0.024000048637390137
Cora,0.3,0,0.5,0.1,0.01500004529953003
Cora,0.3,0,0.5,0.2,0.04400002956390381
Cora,0.3,0,0.5,0.3,0.021000027656555176
Cora,0.3,0,0.5,0.4,0.021000027656555176
Cora,0.3,0,0.5,0.5,0.033000051975250244
Cora,0.3,0,0.5,0.6,0.033000051975250244
Cora,0.3,0,0.5,0.7,0.033000051975250244
Cora,0.3,0,0.5,0.8,0.033000051975250244
Cora,0.3,0,0.5,0.9,0.033000051975250244
Cora,0.3,0,0.5,1.0,0.033000051975250244
Cora,0.3,0,0.6,0.0,0.024000048637390137
Cora,0.3,0,0.6,0.1,0.01500004529953003
Cora,0.3,0,0.6,0.2,0.04400002956390381
Cora,0.3,0,0.6,0.3,0.021000027656555176
Cora,0.3,0,0.6,0.4,0.021000027656555176
Cora,0.3,0,0.6,0.5,0.033000051975250244
Cora,0.3,0,0.6,0.6,0.033000051975250244
Cora,0.3,0,0.6,0.7,0.033000051975250244
Cora,0.3,0,0.6,0.8,0.033000051975250244
Cora,0.3,0,0.6,0.9,0.033000051975250244
Cora,0.3,0,0.6,1.0,0.033000051975250244
Cora,0.3,0,0.7,0.0,0.024000048637390137
Cora,0.3,0,0.7,0.1,0.01500004529953003
Cora,0.3,0,0.7,0.2,0.04400002956390381
Cora,0.3,0,0.7,0.3,0.021000027656555176
Cora,0.3,0,0.7,0.4,0.021000027656555176
Cora,0.3,0,0.7,0.5,0.033000051975250244
Cora,0.3,0,0.7,0.6,0.033000051975250244
Cora,0.3,0,0.7,0.7,0.033000051975250244
Cora,0.3,0,0.7,0.8,0.033000051975250244
Cora,0.3,0,0.7,0.9,0.033000051975250244
Cora,0.3,0,0.7,1.0,0.033000051975250244
Cora,0.3,0,0.8,0.0,0.024000048637390137
Cora,0.3,0,0.8,0.1,0.01500004529953003
Cora,0.3,0,0.8,0.2,0.04400002956390381
Cora,0.3,0,0.8,0.3,0.021000027656555176
Cora,0.3,0,0.8,0.4,0.021000027656555176
Cora,0.3,0,0.8,0.5,0.033000051975250244
Cora,0.3,0,0.8,0.6,0.033000051975250244
Cora,0.3,0,0.8,0.7,0.033000051975250244
Cora,0.3,0,0.8,0.8,0.033000051975250244
Cora,0.3,0,0.8,0.9,0.033000051975250244
Cora,0.3,0,0.8,1.0,0.033000051975250244
Cora,0.3,0,0.9,0.0,0.024000048637390137
Cora,0.3,0,0.9,0.1,0.01500004529953003
Cora,0.3,0,0.9,0.2,0.04400002956390381
Cora,0.3,0,0.9,0.3,0.021000027656555176
Cora,0.3,0,0.9,0.4,0.021000027656555176
Cora,0.3,0,0.9,0.5,0.033000051975250244
Cora,0.3,0,0.9,0.6,0.033000051975250244
Cora,0.3,0,0.9,0.7,0.033000051975250244
Cora,0.3,0,0.9,0.8,0.033000051975250244
Cora,0.3,0,0.9,0.9,0.033000051975250244
Cora,0.3,0,0.9,1.0,0.033000051975250244
Cora,0.3,0,1.0,0.0,0.024000048637390137
Cora,0.3,0,1.0,0.1,0.01500004529953003
Cora,0.3,0,1.0,0.2,0.04400002956390381
Cora,0.3,0,1.0,0.3,0.021000027656555176
Cora,0.3,0,1.0,0.4,0.021000027656555176
Cora,0.3,0,1.0,0.5,0.033000051975250244
Cora,0.3,0,1.0,0.6,0.033000051975250244
Cora,0.3,0,1.0,0.7,0.033000051975250244
Cora,0.3,0,1.0,0.8,0.033000051975250244
Cora,0.3,0,1.0,0.9,0.033000051975250244
Cora,0.3,0,1.0,1.0,0.033000051975250244
Cora,0.3,1,0.1,0.0,0.030000030994415283
Cora,0.3,1,0.1,0.1,0.027000010013580322
Cora,0.3,1,0.1,0.2,0.027000010013580322
Cora,0.3,1,0.1,0.3,0.029000043869018555
Cora,0.3,1,0.1,0.4,0.023000001907348633
Cora,0.3,1,0.1,0.5,0.023000001907348633
Cora,0.3,1,0.1,0.6,0.023000001907348633
Cora,0.3,1,0.1,0.7,0.023000001907348633
Cora,0.3,1,0.1,0.8,0.023000001907348633
Cora,0.3,1,0.1,0.9,0.023000001907348633
Cora,0.3,1,0.1,1.0,0.023000001907348633
Cora,0.3,1,0.2,0.0,-0.023000001907348633
Cora,0.3,1,0.2,0.1,-0.02399998903274536
Cora,0.3,1,0.2,0.2,-0.02399998903274536
Cora,0.3,1,0.2,0.3,-0.023000001907348633
Cora,0.3,1,0.2,0.4,-0.02499997615814209
Cora,0.3,1,0.2,0.5,-0.02499997615814209
Cora,0.3,1,0.2,0.6,-0.02499997615814209
Cora,0.3,1,0.2,0.7,-0.02499997615814209
Cora,0.3,1,0.2,0.8,-0.02499997615814209
Cora,0.3,1,0.2,0.9,-0.02499997615814209
Cora,0.3,1,0.2,1.0,-0.02499997615814209
Cora,0.3,1,0.3,0.0,0.018000006675720215
Cora,0.3,1,0.3,0.1,0.012000024318695068
Cora,0.3,1,0.3,0.2,0.012000024318695068
Cora,0.3,1,0.3,0.3,0.018000006675720215
Cora,0.3,1,0.3,0.4,0.012000024318695068
Cora,0.3,1,0.3,0.5,0.012000024318695068
Cora,0.3,1,0.3,0.6,0.012000024318695068
Cora,0.3,1,0.3,0.7,0.012000024318695068
Cora,0.3,1,0.3,0.8,0.012000024318695068
Cora,0.3,1,0.3,0.9,0.012000024318695068
Cora,0.3,1,0.3,1.0,0.012000024318695068
Cora,0.3,1,0.4,0.0,0.018000006675720215
Cora,0.3,1,0.4,0.1,0.012000024318695068
Cora,0.3,1,0.4,0.2,0.012000024318695068
Cora,0.3,1,0.4,0.3,0.018000006675720215
Cora,0.3,1,0.4,0.4,0.012000024318695068
Cora,0.3,1,0.4,0.5,0.012000024318695068
Cora,0.3,1,0.4,0.6,0.012000024318695068
Cora,0.3,1,0.4,0.7,0.012000024318695068
Cora,0.3,1,0.4,0.8,0.012000024318695068
Cora,0.3,1,0.4,0.9,0.012000024318695068
Cora,0.3,1,0.4,1.0,0.012000024318695068
Cora,0.3,1,0.5,0.0,0.00700002908706665
Cora,0.3,1,0.5,0.1,0.004999995231628418
Cora,0.3,1,0.5,0.2,0.004999995231628418
Cora,0.3,1,0.5,0.3,0.009999990463256836
Cora,0.3,1,0.5,0.4,0.0009999871253967285
Cora,0.3,1,0.5,0.5,0.0009999871253967285
Cora,0.3,1,0.5,0.6,0.0009999871253967285
Cora,0.3,1,0.5,0.7,0.0009999871253967285
Cora,0.3,1,0.5,0.8,0.0009999871253967285
Cora,0.3,1,0.5,0.9,0.0009999871253967285
Cora,0.3,1,0.5,1.0,0.0009999871253967285
Cora,0.3,1,0.6,0.0,0.00700002908706665
Cora,0.3,1,0.6,0.1,0.004999995231628418
Cora,0.3,1,0.6,0.2,0.004999995231628418
Cora,0.3,1,0.6,0.3,0.009999990463256836
Cora,0.3,1,0.6,0.4,0.0009999871253967285
Cora,0.3,1,0.6,0.5,0.0009999871253967285
Cora,0.3,1,0.6,0.6,0.0009999871253967285
Cora,0.3,1,0.6,0.7,0.0009999871253967285
Cora,0.3,1,0.6,0.8,0.0009999871253967285
Cora,0.3,1,0.6,0.9,0.0009999871253967285
Cora,0.3,1,0.6,1.0,0.0009999871253967285
Cora,0.3,1,0.7,0.0,0.00700002908706665
Cora,0.3,1,0.7,0.1,0.004999995231628418
Cora,0.3,1,0.7,0.2,0.004999995231628418
Cora,0.3,1,0.7,0.3,0.009999990463256836
Cora,0.3,1,0.7,0.4,0.0009999871253967285
Cora,0.3,1,0.7,0.5,0.0009999871253967285
Cora,0.3,1,0.7,0.6,0.0009999871253967285
Cora,0.3,1,0.7,0.7,0.0009999871253967285
Cora,0.3,1,0.7,0.8,0.0009999871253967285
Cora,0.3,1,0.7,0.9,0.0009999871253967285
Cora,0.3,1,0.7,1.0,0.0009999871253967285
Cora,0.3,1,0.8,0.0,0.00700002908706665
Cora,0.3,1,0.8,0.1,0.004999995231628418
Cora,0.3,1,0.8,0.2,0.004999995231628418
Cora,0.3,1,0.8,0.3,0.009999990463256836
Cora,0.3,1,0.8,0.4,0.0009999871253967285
Cora,0.3,1,0.8,0.5,0.0009999871253967285
Cora,0.3,1,0.8,0.6,0.0009999871253967285
Cora,0.3,1,0.8,0.7,0.0009999871253967285
Cora,0.3,1,0.8,0.8,0.0009999871253967285
Cora,0.3,1,0.8,0.9,0.0009999871253967285
Cora,0.3,1,0.8,1.0,0.0009999871253967285
Cora,0.3,1,0.9,0.0,0.00700002908706665
Cora,0.3,1,0.9,0.1,0.004999995231628418
Cora,0.3,1,0.9,0.2,0.004999995231628418
Cora,0.3,1,0.9,0.3,0.009999990463256836
Cora,0.3,1,0.9,0.4,0.0009999871253967285
Cora,0.3,1,0.9,0.5,0.0009999871253967285
Cora,0.3,1,0.9,0.6,0.0009999871253967285
Cora,0.3,1,0.9,0.7,0.0009999871253967285
Cora,0.3,1,0.9,0.8,0.0009999871253967285
Cora,0.3,1,0.9,0.9,0.0009999871253967285
Cora,0.3,1,0.9,1.0,0.0009999871253967285
Cora,0.3,1,1.0,0.0,0.00700002908706665
Cora,0.3,1,1.0,0.1,0.004999995231628418
Cora,0.3,1,1.0,0.2,0.004999995231628418
Cora,0.3,1,1.0,0.3,0.009999990463256836
Cora,0.3,1,1.0,0.4,0.0009999871253967285
Cora,0.3,1,1.0,0.5,0.0009999871253967285
Cora,0.3,1,1.0,0.6,0.0009999871253967285
Cora,0.3,1,1.0,0.7,0.0009999871253967285
Cora,0.3,1,1.0,0.8,0.0009999871253967285
Cora,0.3,1,1.0,0.9,0.0009999871253967285
Cora,0.3,1,1.0,1.0,0.0009999871253967285
Cora,0.3,2,0.1,0.0,0.03600001335144043
Cora,0.3,2,0.1,0.1,0.04100000858306885
Cora,0.3,2,0.1,0.2,0.04100000858306885
Cora,0.3,2,0.1,0.3,0.04000002145767212
Cora,0.3,2,0.1,0.4,0.04100000858306885
Cora,0.3,2,0.1,0.5,0.04100000858306885
Cora,0.3,2,0.1,0.6,0.04100000858306885
Cora,0.3,2,0.1,0.7,0.04100000858306885
Cora,0.3,2,0.1,0.8,0.04100000858306885
Cora,0.3,2,0.1,0.9,0.04100000858306885
Cora,0.3,2,0.1,1.0,0.03799998760223389
Cora,0.3,2,0.2,0.0,0.03900003433227539
Cora,0.3,2,0.2,0.1,0.04000002145767212
Cora,0.3,2,0.2,0.2,0.04000002145767212
Cora,0.3,2,0.2,0.3,0.042999982833862305
Cora,0.3,2,0.2,0.4,0.046000003814697266
Cora,0.3,2,0.2,0.5,0.046000003814697266
Cora,0.3,2,0.2,0.6,0.046000003814697266
Cora,0.3,2,0.2,0.7,0.046000003814697266
Cora,0.3,2,0.2,0.8,0.046000003814697266
Cora,0.3,2,0.2,0.9,0.046000003814697266
Cora,0.3,2,0.2,1.0,0.0350000262260437
Cora,0.3,2,0.3,0.0,0.03600001335144043
Cora,0.3,2,0.3,0.1,0.03900003433227539
Cora,0.3,2,0.3,0.2,0.03900003433227539
Cora,0.3,2,0.3,0.3,0.0350000262260437
Cora,0.3,2,0.3,0.4,0.041999995708465576
Cora,0.3,2,0.3,0.5,0.041999995708465576
Cora,0.3,2,0.3,0.6,0.041999995708465576
Cora,0.3,2,0.3,0.7,0.041999995708465576
Cora,0.3,2,0.3,0.8,0.041999995708465576
Cora,0.3,2,0.3,0.9,0.041999995708465576
Cora,0.3,2,0.3,1.0,0.03900003433227539
Cora,0.3,2,0.4,0.0,0.03600001335144043
Cora,0.3,2,0.4,0.1,0.03900003433227539
Cora,0.3,2,0.4,0.2,0.03900003433227539
Cora,0.3,2,0.4,0.3,0.0350000262260437
Cora,0.3,2,0.4,0.4,0.041999995708465576
Cora,0.3,2,0.4,0.5,0.041999995708465576
Cora,0.3,2,0.4,0.6,0.041999995708465576
Cora,0.3,2,0.4,0.7,0.041999995708465576
Cora,0.3,2,0.4,0.8,0.041999995708465576
Cora,0.3,2,0.4,0.9,0.041999995708465576
Cora,0.3,2,0.4,1.0,0.03900003433227539
Cora,0.3,2,0.5,0.0,0.03600001335144043
Cora,0.3,2,0.5,0.1,0.03900003433227539
Cora,0.3,2,0.5,0.2,0.03900003433227539
Cora,0.3,2,0.5,0.3,0.0350000262260437
Cora,0.3,2,0.5,0.4,0.041999995708465576
Cora,0.3,2,0.5,0.5,0.041999995708465576
Cora,0.3,2,0.5,0.6,0.041999995708465576
Cora,0.3,2,0.5,0.7,0.041999995708465576
Cora,0.3,2,0.5,0.8,0.041999995708465576
Cora,0.3,2,0.5,0.9,0.041999995708465576
Cora,0.3,2,0.5,1.0,0.03900003433227539
Cora,0.3,2,0.6,0.0,0.030000030994415283
Cora,0.3,2,0.6,0.1,0.03100001811981201
Cora,0.3,2,0.6,0.2,0.03100001811981201
Cora,0.3,2,0.6,0.3,0.04900002479553223
Cora,0.3,2,0.6,0.4,0.03100001811981201
Cora,0.3,2,0.6,0.5,0.03100001811981201
Cora,0.3,2,0.6,0.6,0.03100001811981201
Cora,0.3,2,0.6,0.7,0.03100001811981201
Cora,0.3,2,0.6,0.8,0.03100001811981201
Cora,0.3,2,0.6,0.9,0.03100001811981201
Cora,0.3,2,0.6,1.0,0.02899998426437378
Cora,0.3,2,0.7,0.0,0.030000030994415283
Cora,0.3,2,0.7,0.1,0.03100001811981201
Cora,0.3,2,0.7,0.2,0.03100001811981201
Cora,0.3,2,0.7,0.3,0.04900002479553223
Cora,0.3,2,0.7,0.4,0.03100001811981201
Cora,0.3,2,0.7,0.5,0.03100001811981201
Cora,0.3,2,0.7,0.6,0.03100001811981201
Cora,0.3,2,0.7,0.7,0.03100001811981201
Cora,0.3,2,0.7,0.8,0.03100001811981201
Cora,0.3,2,0.7,0.9,0.03100001811981201
Cora,0.3,2,0.7,1.0,0.02899998426437378
Cora,0.3,2,0.8,0.0,0.030000030994415283
Cora,0.3,2,0.8,0.1,0.03100001811981201
Cora,0.3,2,0.8,0.2,0.03100001811981201
Cora,0.3,2,0.8,0.3,0.04900002479553223
Cora,0.3,2,0.8,0.4,0.03100001811981201
Cora,0.3,2,0.8,0.5,0.03100001811981201
Cora,0.3,2,0.8,0.6,0.03100001811981201
Cora,0.3,2,0.8,0.7,0.03100001811981201
Cora,0.3,2,0.8,0.8,0.03100001811981201
Cora,0.3,2,0.8,0.9,0.03100001811981201
Cora,0.3,2,0.8,1.0,0.02899998426437378
Cora,0.3,2,0.9,0.0,0.030000030994415283
Cora,0.3,2,0.9,0.1,0.03100001811981201
Cora,0.3,2,0.9,0.2,0.03100001811981201
Cora,0.3,2,0.9,0.3,0.04900002479553223
Cora,0.3,2,0.9,0.4,0.03100001811981201
Cora,0.3,2,0.9,0.5,0.03100001811981201
Cora,0.3,2,0.9,0.6,0.03100001811981201
Cora,0.3,2,0.9,0.7,0.03100001811981201
Cora,0.3,2,0.9,0.8,0.03100001811981201
Cora,0.3,2,0.9,0.9,0.03100001811981201
Cora,0.3,2,0.9,1.0,0.02899998426437378
Cora,0.3,2,1.0,0.0,0.030000030994415283
Cora,0.3,2,1.0,0.1,0.03100001811981201
Cora,0.3,2,1.0,0.2,0.03100001811981201
Cora,0.3,2,1.0,0.3,0.04900002479553223
Cora,0.3,2,1.0,0.4,0.03100001811981201
Cora,0.3,2,1.0,0.5,0.03100001811981201
Cora,0.3,2,1.0,0.6,0.03100001811981201
Cora,0.3,2,1.0,0.7,0.03100001811981201
Cora,0.3,2,1.0,0.8,0.03100001811981201
Cora,0.3,2,1.0,0.9,0.03100001811981201
Cora,0.3,2,1.0,1.0,0.02899998426437378
Cora,0.3,3,0.1,0.0,0.01799994707107544
Cora,0.3,3,0.1,0.1,0.01799994707107544
Cora,0.3,3,0.1,0.2,0.01799994707107544
Cora,0.3,3,0.1,0.3,0.023000001907348633
Cora,0.3,3,0.1,0.4,0.013999998569488525
Cora,0.3,3,0.1,0.5,0.013999998569488525
Cora,0.3,3,0.1,0.6,0.013999998569488525
Cora,0.3,3,0.1,0.7,0.013999998569488525
Cora,0.3,3,0.1,0.8,0.013999998569488525
Cora,0.3,3,0.1,0.9,0.013999998569488525
Cora,0.3,3,0.1,1.0,0.013999998569488525
Cora,0.3,3,0.2,0.0,0.003999948501586914
Cora,0.3,3,0.2,0.1,0.011999964714050293
Cora,0.3,3,0.2,0.2,0.011999964714050293
Cora,0.3,3,0.2,0.3,0.011999964714050293
Cora,0.3,3,0.2,0.4,0.011999964714050293
Cora,0.3,3,0.2,0.5,0.011999964714050293
Cora,0.3,3,0.2,0.6,0.011999964714050293
Cora,0.3,3,0.2,0.7,0.011999964714050293
Cora,0.3,3,0.2,0.8,0.011999964714050293
Cora,0.3,3,0.2,0.9,0.011999964714050293
Cora,0.3,3,0.2,1.0,0.011999964714050293
Cora,0.3,3,0.3,0.0,0.015999972820281982
Cora,0.3,3,0.3,0.1,0.023000001907348633
Cora,0.3,3,0.3,0.2,0.023000001907348633
Cora,0.3,3,0.3,0.3,0.019999980926513672
Cora,0.3,3,0.3,0.4,0.015999972820281982
Cora,0.3,3,0.3,0.5,0.015999972820281982
Cora,0.3,3,0.3,0.6,0.015999972820281982
Cora,0.3,3,0.3,0.7,0.015999972820281982
Cora,0.3,3,0.3,0.8,0.015999972820281982
Cora,0.3,3,0.3,0.9,0.015999972820281982
Cora,0.3,3,0.3,1.0,0.015999972820281982
Cora,0.3,3,0.4,0.0,0.015999972820281982
Cora,0.3,3,0.4,0.1,0.023000001907348633
Cora,0.3,3,0.4,0.2,0.023000001907348633
Cora,0.3,3,0.4,0.3,0.019999980926513672
Cora,0.3,3,0.4,0.4,0.015999972820281982
Cora,0.3,3,0.4,0.5,0.015999972820281982
Cora,0.3,3,0.4,0.6,0.015999972820281982
Cora,0.3,3,0.4,0.7,0.015999972820281982
Cora,0.3,3,0.4,0.8,0.015999972820281982
Cora,0.3,3,0.4,0.9,0.015999972820281982
Cora,0.3,3,0.4,1.0,0.015999972820281982
Cora,0.3,3,0.5,0.0,0.015999972820281982
Cora,0.3,3,0.5,0.1,0.023000001907348633
Cora,0.3,3,0.5,0.2,0.023000001907348633
Cora,0.3,3,0.5,0.3,0.019999980926513672
Cora,0.3,3,0.5,0.4,0.015999972820281982
Cora,0.3,3,0.5,0.5,0.015999972820281982
Cora,0.3,3,0.5,0.6,0.015999972820281982
Cora,0.3,3,0.5,0.7,0.015999972820281982
Cora,0.3,3,0.5,0.8,0.015999972820281982
Cora,0.3,3,0.5,0.9,0.015999972820281982
Cora,0.3,3,0.5,1.0,0.015999972820281982
Cora,0.3,3,0.6,0.0,0.015999972820281982
Cora,0.3,3,0.6,0.1,0.023000001907348633
Cora,0.3,3,0.6,0.2,0.023000001907348633
Cora,0.3,3,0.6,0.3,0.019999980926513672
Cora,0.3,3,0.6,0.4,0.015999972820281982
Cora,0.3,3,0.6,0.5,0.015999972820281982
Cora,0.3,3,0.6,0.6,0.015999972820281982
Cora,0.3,3,0.6,0.7,0.015999972820281982
Cora,0.3,3,0.6,0.8,0.015999972820281982
Cora,0.3,3,0.6,0.9,0.015999972820281982
Cora,0.3,3,0.6,1.0,0.015999972820281982
Cora,0.3,3,0.7,0.0,0.015999972820281982
Cora,0.3,3,0.7,0.1,0.023000001907348633
Cora,0.3,3,0.7,0.2,0.023000001907348633
Cora,0.3,3,0.7,0.3,0.019999980926513672
Cora,0.3,3,0.7,0.4,0.015999972820281982
Cora,0.3,3,0.7,0.5,0.015999972820281982
Cora,0.3,3,0.7,0.6,0.015999972820281982
Cora,0.3,3,0.7,0.7,0.015999972820281982
Cora,0.3,3,0.7,0.8,0.015999972820281982
Cora,0.3,3,0.7,0.9,0.015999972820281982
Cora,0.3,3,0.7,1.0,0.015999972820281982
Cora,0.3,3,0.8,0.0,0.015999972820281982
Cora,0.3,3,0.8,0.1,0.023000001907348633
Cora,0.3,3,0.8,0.2,0.023000001907348633
Cora,0.3,3,0.8,0.3,0.019999980926513672
Cora,0.3,3,0.8,0.4,0.015999972820281982
Cora,0.3,3,0.8,0.5,0.015999972820281982
Cora,0.3,3,0.8,0.6,0.015999972820281982
Cora,0.3,3,0.8,0.7,0.015999972820281982
Cora,0.3,3,0.8,0.8,0.015999972820281982
Cora,0.3,3,0.8,0.9,0.015999972820281982
Cora,0.3,3,0.8,1.0,0.015999972820281982
Cora,0.3,3,0.9,0.0,0.015999972820281982
Cora,0.3,3,0.9,0.1,0.023000001907348633
Cora,0.3,3,0.9,0.2,0.023000001907348633
Cora,0.3,3,0.9,0.3,0.019999980926513672
Cora,0.3,3,0.9,0.4,0.015999972820281982
Cora,0.3,3,0.9,0.5,0.015999972820281982
Cora,0.3,3,0.9,0.6,0.015999972820281982
Cora,0.3,3,0.9,0.7,0.015999972820281982
Cora,0.3,3,0.9,0.8,0.015999972820281982
Cora,0.3,3,0.9,0.9,0.015999972820281982
Cora,0.3,3,0.9,1.0,0.015999972820281982
Cora,0.3,3,1.0,0.0,0.015999972820281982
Cora,0.3,3,1.0,0.1,0.023000001907348633
Cora,0.3,3,1.0,0.2,0.023000001907348633
Cora,0.3,3,1.0,0.3,0.019999980926513672
Cora,0.3,3,1.0,0.4,0.015999972820281982
Cora,0.3,3,1.0,0.5,0.015999972820281982
Cora,0.3,3,1.0,0.6,0.015999972820281982
Cora,0.3,3,1.0,0.7,0.015999972820281982
Cora,0.3,3,1.0,0.8,0.015999972820281982
Cora,0.3,3,1.0,0.9,0.015999972820281982
Cora,0.3,3,1.0,1.0,0.015999972820281982
Cora,0.3,4,0.1,0.0,0.0480000376701355
Cora,0.3,4,0.1,0.1,0.046999990940093994
Cora,0.3,4,0.1,0.2,0.046999990940093994
Cora,0.3,4,0.1,0.3,0.05200004577636719
Cora,0.3,4,0.1,0.4,0.05200004577636719
Cora,0.3,4,0.1,0.5,0.0480000376701355
Cora,0.3,4,0.1,0.6,0.0480000376701355
Cora,0.3,4,0.1,0.7,0.054000020027160645
Cora,0.3,4,0.1,0.8,0.054000020027160645
Cora,0.3,4,0.1,0.9,0.054000020027160645
Cora,0.3,4,0.1,1.0,0.054000020027160645
Cora,0.3,4,0.2,0.0,0.018000006675720215
Cora,0.3,4,0.2,0.1,0.020000040531158447
Cora,0.3,4,0.2,0.2,0.020000040531158447
Cora,0.3,4,0.2,0.3,0.020000040531158447
Cora,0.3,4,0.2,0.4,0.020000040531158447
Cora,0.3,4,0.2,0.5,0.06200003623962402
Cora,0.3,4,0.2,0.6,0.06200003623962402
Cora,0.3,4,0.2,0.7,0.020000040531158447
Cora,0.3,4,0.2,0.8,0.020000040531158447
Cora,0.3,4,0.2,0.9,0.020000040531158447
Cora,0.3,4,0.2,1.0,0.020000040531158447
Cora,0.3,4,0.3,0.0,0.018000006675720215
Cora,0.3,4,0.3,0.1,0.020000040531158447
Cora,0.3,4,0.3,0.2,0.020000040531158447
Cora,0.3,4,0.3,0.3,0.020000040531158447
Cora,0.3,4,0.3,0.4,0.020000040531158447
Cora,0.3,4,0.3,0.5,0.06200003623962402
Cora,0.3,4,0.3,0.6,0.06200003623962402
Cora,0.3,4,0.3,0.7,0.020000040531158447
Cora,0.3,4,0.3,0.8,0.020000040531158447
Cora,0.3,4,0.3,0.9,0.020000040531158447
Cora,0.3,4,0.3,1.0,0.020000040531158447
Cora,0.3,4,0.4,0.0,0.018000006675720215
Cora,0.3,4,0.4,0.1,0.020000040531158447
Cora,0.3,4,0.4,0.2,0.020000040531158447
Cora,0.3,4,0.4,0.3,0.020000040531158447
Cora,0.3,4,0.4,0.4,0.020000040531158447
Cora,0.3,4,0.4,0.5,0.06200003623962402
Cora,0.3,4,0.4,0.6,0.06200003623962402
Cora,0.3,4,0.4,0.7,0.020000040531158447
Cora,0.3,4,0.4,0.8,0.020000040531158447
Cora,0.3,4,0.4,0.9,0.020000040531158447
Cora,0.3,4,0.4,1.0,0.020000040531158447
Cora,0.3,4,0.5,0.0,0.018000006675720215
Cora,0.3,4,0.5,0.1,0.020000040531158447
Cora,0.3,4,0.5,0.2,0.020000040531158447
Cora,0.3,4,0.5,0.3,0.020000040531158447
Cora,0.3,4,0.5,0.4,0.020000040531158447
Cora,0.3,4,0.5,0.5,0.06200003623962402
Cora,0.3,4,0.5,0.6,0.06200003623962402
Cora,0.3,4,0.5,0.7,0.020000040531158447
Cora,0.3,4,0.5,0.8,0.020000040531158447
Cora,0.3,4,0.5,0.9,0.020000040531158447
Cora,0.3,4,0.5,1.0,0.020000040531158447
Cora,0.3,4,0.6,0.0,0.018000006675720215
Cora,0.3,4,0.6,0.1,0.020000040531158447
Cora,0.3,4,0.6,0.2,0.020000040531158447
Cora,0.3,4,0.6,0.3,0.020000040531158447
Cora,0.3,4,0.6,0.4,0.020000040531158447
Cora,0.3,4,0.6,0.5,0.06200003623962402
Cora,0.3,4,0.6,0.6,0.06200003623962402
Cora,0.3,4,0.6,0.7,0.020000040531158447
Cora,0.3,4,0.6,0.8,0.020000040531158447
Cora,0.3,4,0.6,0.9,0.020000040531158447
Cora,0.3,4,0.6,1.0,0.020000040531158447
Cora,0.3,4,0.7,0.0,0.018999993801116943
Cora,0.3,4,0.7,0.1,0.021000027656555176
Cora,0.3,4,0.7,0.2,0.021000027656555176
Cora,0.3,4,0.7,0.3,0.01500004529953003
Cora,0.3,4,0.7,0.4,0.01500004529953003
Cora,0.3,4,0.7,0.5,0.03100001811981201
Cora,0.3,4,0.7,0.6,0.03100001811981201
Cora,0.3,4,0.7,0.7,0.06099998950958252
Cora,0.3,4,0.7,0.8,0.06099998950958252
Cora,0.3,4,0.7,0.9,0.06099998950958252
Cora,0.3,4,0.7,1.0,0.06099998950958252
Cora,0.3,4,0.8,0.0,0.018999993801116943
Cora,0.3,4,0.8,0.1,0.021000027656555176
Cora,0.3,4,0.8,0.2,0.021000027656555176
Cora,0.3,4,0.8,0.3,0.01500004529953003
Cora,0.3,4,0.8,0.4,0.01500004529953003
Cora,0.3,4,0.8,0.5,0.03100001811981201
Cora,0.3,4,0.8,0.6,0.03100001811981201
Cora,0.3,4,0.8,0.7,0.06099998950958252
Cora,0.3,4,0.8,0.8,0.06099998950958252
Cora,0.3,4,0.8,0.9,0.06099998950958252
Cora,0.3,4,0.8,1.0,0.06099998950958252
Cora,0.3,4,0.9,0.0,0.013999998569488525
Cora,0.3,4,0.9,0.1,0.02399998903274536
Cora,0.3,4,0.9,0.2,0.02399998903274536
Cora,0.3,4,0.9,0.3,0.018999993801116943
Cora,0.3,4,0.9,0.4,0.018999993801116943
Cora,0.3,4,0.9,0.5,0.01500004529953003
Cora,0.3,4,0.9,0.6,0.01500004529953003
Cora,0.3,4,0.9,0.7,0.050999999046325684
Cora,0.3,4,0.9,0.8,0.050999999046325684
Cora,0.3,4,0.9,0.9,0.050999999046325684
Cora,0.3,4,0.9,1.0,0.050999999046325684
Cora,0.3,4,1.0,0.0,0.013999998569488525
Cora,0.3,4,1.0,0.1,0.02399998903274536
Cora,0.3,4,1.0,0.2,0.02399998903274536
Cora,0.3,4,1.0,0.3,0.018999993801116943
Cora,0.3,4,1.0,0.4,0.018999993801116943
Cora,0.3,4,1.0,0.5,0.01500004529953003
Cora,0.3,4,1.0,0.6,0.01500004529953003
Cora,0.3,4,1.0,0.7,0.050999999046325684
Cora,0.3,4,1.0,0.8,0.050999999046325684
Cora,0.3,4,1.0,0.9,0.050999999046325684
Cora,0.3,4,1.0,1.0,0.050999999046325684
Cora,0.3,5,0.1,0.0,0.004999995231628418
Cora,0.3,5,0.1,0.1,0.009000003337860107
Cora,0.3,5,0.1,0.2,0.0009999871253967285
Cora,0.3,5,0.1,0.3,0.0009999871253967285
Cora,0.3,5,0.1,0.4,0.0009999871253967285
Cora,0.3,5,0.1,0.5,0.0009999871253967285
Cora,0.3,5,0.1,0.6,0.0009999871253967285
Cora,0.3,5,0.1,0.7,0.0009999871253967285
Cora,0.3,5,0.1,0.8,0.0
Cora,0.3,5,0.1,0.9,0.0
Cora,0.3,5,0.1,1.0,0.0
Cora,0.3,5,0.2,0.0,0.014999985694885254
Cora,0.3,5,0.2,0.1,-0.006999969482421875
Cora,0.3,5,0.2,0.2,0.017000019550323486
Cora,0.3,5,0.2,0.3,0.017000019550323486
Cora,0.3,5,0.2,0.4,0.017000019550323486
Cora,0.3,5,0.2,0.5,0.017000019550323486
Cora,0.3,5,0.2,0.6,0.017000019550323486
Cora,0.3,5,0.2,0.7,0.017000019550323486
Cora,0.3,5,0.2,0.8,0.021000027656555176
Cora,0.3,5,0.2,0.9,0.021000027656555176
Cora,0.3,5,0.2,1.0,0.021000027656555176
Cora,0.3,5,0.3,0.0,0.009999990463256836
Cora,0.3,5,0.3,0.1,0.012000024318695068
Cora,0.3,5,0.3,0.2,0.009000003337860107
Cora,0.3,5,0.3,0.3,0.009000003337860107
Cora,0.3,5,0.3,0.4,0.009000003337860107
Cora,0.3,5,0.3,0.5,0.009000003337860107
Cora,0.3,5,0.3,0.6,0.009000003337860107
Cora,0.3,5,0.3,0.7,0.009000003337860107
Cora,0.3,5,0.3,0.8,0.009999990463256836
Cora,0.3,5,0.3,0.9,0.009999990463256836
Cora,0.3,5,0.3,1.0,0.009999990463256836
Cora,0.3,5,0.4,0.0,0.004999995231628418
Cora,0.3,5,0.4,0.1,0.00700002908706665
Cora,0.3,5,0.4,0.2,0.006000041961669922
Cora,0.3,5,0.4,0.3,0.006000041961669922
Cora,0.3,5,0.4,0.4,0.006000041961669922
Cora,0.3,5,0.4,0.5,0.006000041961669922
Cora,0.3,5,0.4,0.6,0.006000041961669922
Cora,0.3,5,0.4,0.7,0.006000041961669922
Cora,0.3,5,0.4,0.8,0.004999995231628418
Cora,0.3,5,0.4,0.9,0.004999995231628418
Cora,0.3,5,0.4,1.0,0.004999995231628418
Cora,0.3,5,0.5,0.0,-0.001999974250793457
Cora,0.3,5,0.5,0.1,0.004999995231628418
Cora,0.3,5,0.5,0.2,0.012000024318695068
Cora,0.3,5,0.5,0.3,0.012000024318695068
Cora,0.3,5,0.5,0.4,0.012000024318695068
Cora,0.3,5,0.5,0.5,0.012000024318695068
Cora,0.3,5,0.5,0.6,0.012000024318695068
Cora,0.3,5,0.5,0.7,0.012000024318695068
Cora,0.3,5,0.5,0.8,0.0040000081062316895
Cora,0.3,5,0.5,0.9,0.0040000081062316895
Cora,0.3,5,0.5,1.0,0.0040000081062316895
Cora,0.3,5,0.6,0.0,-0.001999974250793457
Cora,0.3,5,0.6,0.1,0.004999995231628418
Cora,0.3,5,0.6,0.2,0.012000024318695068
Cora,0.3,5,0.6,0.3,0.012000024318695068
Cora,0.3,5,0.6,0.4,0.012000024318695068
Cora,0.3,5,0.6,0.5,0.012000024318695068
Cora,0.3,5,0.6,0.6,0.012000024318695068
Cora,0.3,5,0.6,0.7,0.012000024318695068
Cora,0.3,5,0.6,0.8,0.0040000081062316895
Cora,0.3,5,0.6,0.9,0.0040000081062316895
Cora,0.3,5,0.6,1.0,0.0040000081062316895
Cora,0.3,5,0.7,0.0,-0.001999974250793457
Cora,0.3,5,0.7,0.1,0.004999995231628418
Cora,0.3,5,0.7,0.2,0.012000024318695068
Cora,0.3,5,0.7,0.3,0.012000024318695068
Cora,0.3,5,0.7,0.4,0.012000024318695068
Cora,0.3,5,0.7,0.5,0.012000024318695068
Cora,0.3,5,0.7,0.6,0.012000024318695068
Cora,0.3,5,0.7,0.7,0.012000024318695068
Cora,0.3,5,0.7,0.8,0.0040000081062316895
Cora,0.3,5,0.7,0.9,0.0040000081062316895
Cora,0.3,5,0.7,1.0,0.0040000081062316895
Cora,0.3,5,0.8,0.0,-0.001999974250793457
Cora,0.3,5,0.8,0.1,0.004999995231628418
Cora,0.3,5,0.8,0.2,0.012000024318695068
Cora,0.3,5,0.8,0.3,0.012000024318695068
Cora,0.3,5,0.8,0.4,0.012000024318695068
Cora,0.3,5,0.8,0.5,0.012000024318695068
Cora,0.3,5,0.8,0.6,0.012000024318695068
Cora,0.3,5,0.8,0.7,0.012000024318695068
Cora,0.3,5,0.8,0.8,0.0040000081062316895
Cora,0.3,5,0.8,0.9,0.0040000081062316895
Cora,0.3,5,0.8,1.0,0.0040000081062316895
Cora,0.3,5,0.9,0.0,-0.001999974250793457
Cora,0.3,5,0.9,0.1,0.004999995231628418
Cora,0.3,5,0.9,0.2,0.012000024318695068
Cora,0.3,5,0.9,0.3,0.012000024318695068
Cora,0.3,5,0.9,0.4,0.012000024318695068
Cora,0.3,5,0.9,0.5,0.012000024318695068
Cora,0.3,5,0.9,0.6,0.012000024318695068
Cora,0.3,5,0.9,0.7,0.012000024318695068
Cora,0.3,5,0.9,0.8,0.0040000081062316895
Cora,0.3,5,0.9,0.9,0.0040000081062316895
Cora,0.3,5,0.9,1.0,0.0040000081062316895
Cora,0.3,5,1.0,0.0,-0.001999974250793457
Cora,0.3,5,1.0,0.1,0.004999995231628418
Cora,0.3,5,1.0,0.2,0.012000024318695068
Cora,0.3,5,1.0,0.3,0.012000024318695068
Cora,0.3,5,1.0,0.4,0.012000024318695068
Cora,0.3,5,1.0,0.5,0.012000024318695068
Cora,0.3,5,1.0,0.6,0.012000024318695068
Cora,0.3,5,1.0,0.7,0.012000024318695068
Cora,0.3,5,1.0,0.8,0.0040000081062316895
Cora,0.3,5,1.0,0.9,0.0040000081062316895
Cora,0.3,5,1.0,1.0,0.0040000081062316895
Cora,0.3,6,0.1,0.0,0.046000003814697266
Cora,0.3,6,0.1,0.1,0.050000011920928955
Cora,0.3,6,0.1,0.2,0.04000002145767212
Cora,0.3,6,0.1,0.3,0.057000041007995605
Cora,0.3,6,0.1,0.4,0.057000041007995605
Cora,0.3,6,0.1,0.5,0.057000041007995605
Cora,0.3,6,0.1,0.6,0.057000041007995605
Cora,0.3,6,0.1,0.7,0.050000011920928955
Cora,0.3,6,0.1,0.8,0.04500001668930054
Cora,0.3,6,0.1,0.9,0.04500001668930054
Cora,0.3,6,0.1,1.0,0.04500001668930054
Cora,0.3,6,0.2,0.0,0.024000048637390137
Cora,0.3,6,0.2,0.1,0.03200000524520874
Cora,0.3,6,0.2,0.2,0.026000022888183594
Cora,0.3,6,0.2,0.3,0.03400003910064697
Cora,0.3,6,0.2,0.4,0.03400003910064697
Cora,0.3,6,0.2,0.5,0.03400003910064697
Cora,0.3,6,0.2,0.6,0.03400003910064697
Cora,0.3,6,0.2,0.7,0.028000056743621826
Cora,0.3,6,0.2,0.8,0.03400003910064697
Cora,0.3,6,0.2,0.9,0.03400003910064697
Cora,0.3,6,0.2,1.0,0.03400003910064697
Cora,0.3,6,0.3,0.0,0.026000022888183594
Cora,0.3,6,0.3,0.1,0.03100001811981201
Cora,0.3,6,0.3,0.2,0.020000040531158447
Cora,0.3,6,0.3,0.3,0.028000056743621826
Cora,0.3,6,0.3,0.4,0.028000056743621826
Cora,0.3,6,0.3,0.5,0.028000056743621826
Cora,0.3,6,0.3,0.6,0.028000056743621826
Cora,0.3,6,0.3,0.7,0.025000035762786865
Cora,0.3,6,0.3,0.8,0.026000022888183594
Cora,0.3,6,0.3,0.9,0.026000022888183594
Cora,0.3,6,0.3,1.0,0.026000022888183594
Cora,0.3,6,0.4,0.0,0.029000043869018555
Cora,0.3,6,0.4,0.1,0.03100001811981201
Cora,0.3,6,0.4,0.2,0.024000048637390137
Cora,0.3,6,0.4,0.3,0.028000056743621826
Cora,0.3,6,0.4,0.4,0.028000056743621826
Cora,0.3,6,0.4,0.5,0.028000056743621826
Cora,0.3,6,0.4,0.6,0.028000056743621826
Cora,0.3,6,0.4,0.7,0.026000022888183594
Cora,0.3,6,0.4,0.8,0.026000022888183594
Cora,0.3,6,0.4,0.9,0.026000022888183594
Cora,0.3,6,0.4,1.0,0.026000022888183594
Cora,0.3,6,0.5,0.0,0.029000043869018555
Cora,0.3,6,0.5,0.1,0.03100001811981201
Cora,0.3,6,0.5,0.2,0.024000048637390137
Cora,0.3,6,0.5,0.3,0.028000056743621826
Cora,0.3,6,0.5,0.4,0.028000056743621826
Cora,0.3,6,0.5,0.5,0.028000056743621826
Cora,0.3,6,0.5,0.6,0.026000022888183594
Cora,0.3,6,0.5,0.7,0.026000022888183594
Cora,0.3,6,0.5,0.8,0.026000022888183594
Cora,0.3,6,0.5,0.9,0.026000022888183594
Cora,0.3,6,0.5,1.0,0.026000022888183594
Cora,0.3,6,0.6,0.0,0.029000043869018555
Cora,0.3,6,0.6,0.1,0.03100001811981201
Cora,0.3,6,0.6,0.2,0.024000048637390137
Cora,0.3,6,0.6,0.3,0.028000056743621826
Cora,0.3,6,0.6,0.4,0.028000056743621826
Cora,0.3,6,0.6,0.5,0.028000056743621826
Cora,0.3,6,0.6,0.6,0.028000056743621826
Cora,0.3,6,0.6,0.7,0.026000022888183594
Cora,0.3,6,0.6,0.8,0.026000022888183594
Cora,0.3,6,0.6,0.9,0.026000022888183594
Cora,0.3,6,0.6,1.0,0.026000022888183594
Cora,0.3,6,0.7,0.0,0.029000043869018555
Cora,0.3,6,0.7,0.1,0.03100001811981201
Cora,0.3,6,0.7,0.2,0.024000048637390137
Cora,0.3,6,0.7,0.3,0.028000056743621826
Cora,0.3,6,0.7,0.4,0.026000022888183594
Cora,0.3,6,0.7,0.5,0.028000056743621826
Cora,0.3,6,0.7,0.6,0.028000056743621826
Cora,0.3,6,0.7,0.7,0.026000022888183594
Cora,0.3,6,0.7,0.8,0.026000022888183594
Cora,0.3,6,0.7,0.9,0.026000022888183594
Cora,0.3,6,0.7,1.0,0.026000022888183594
Cora,0.3,6,0.8,0.0,0.029000043869018555
Cora,0.3,6,0.8,0.1,0.03100001811981201
Cora,0.3,6,0.8,0.2,0.024000048637390137
Cora,0.3,6,0.8,0.3,0.028000056743621826
Cora,0.3,6,0.8,0.4,0.028000056743621826
Cora,0.3,6,0.8,0.5,0.028000056743621826
Cora,0.3,6,0.8,0.6,0.028000056743621826
Cora,0.3,6,0.8,0.7,0.026000022888183594
Cora,0.3,6,0.8,0.8,0.026000022888183594
Cora,0.3,6,0.8,0.9,0.026000022888183594
Cora,0.3,6,0.8,1.0,0.026000022888183594
Cora,0.3,6,0.9,0.0,0.029000043869018555
Cora,0.3,6,0.9,0.1,0.03100001811981201
Cora,0.3,6,0.9,0.2,0.024000048637390137
Cora,0.3,6,0.9,0.3,0.028000056743621826
Cora,0.3,6,0.9,0.4,0.028000056743621826
Cora,0.3,6,0.9,0.5,0.028000056743621826
Cora,0.3,6,0.9,0.6,0.028000056743621826
Cora,0.3,6,0.9,0.7,0.026000022888183594
Cora,0.3,6,0.9,0.8,0.026000022888183594
Cora,0.3,6,0.9,0.9,0.026000022888183594
Cora,0.3,6,0.9,1.0,0.026000022888183594
Cora,0.3,6,1.0,0.0,0.029000043869018555
Cora,0.3,6,1.0,0.1,0.03100001811981201
Cora,0.3,6,1.0,0.2,0.024000048637390137
Cora,0.3,6,1.0,0.3,0.028000056743621826
Cora,0.3,6,1.0,0.4,0.028000056743621826
Cora,0.3,6,1.0,0.5,0.028000056743621826
Cora,0.3,6,1.0,0.6,0.028000056743621826
Cora,0.3,6,1.0,0.7,0.026000022888183594
Cora,0.3,6,1.0,0.8,0.026000022888183594
Cora,0.3,6,1.0,0.9,0.026000022888183594
Cora,0.3,6,1.0,1.0,0.026000022888183594
Cora,0.3,7,0.1,0.0,-0.011999964714050293
Cora,0.3,7,0.1,0.1,-0.011999964714050293
Cora,0.3,7,0.1,0.2,-0.011999964714050293
Cora,0.3,7,0.1,0.3,-0.011999964714050293
Cora,0.3,7,0.1,0.4,-0.011999964714050293
Cora,0.3,7,0.1,0.5,-0.011999964714050293
Cora,0.3,7,0.1,0.6,-0.011999964714050293
Cora,0.3,7,0.1,0.7,-0.011999964714050293
Cora,0.3,7,0.1,0.8,-0.015999972820281982
Cora,0.3,7,0.1,0.9,-0.015999972820281982
Cora,0.3,7,0.1,1.0,-0.015999972820281982
Cora,0.3,7,0.2,0.0,-0.004999995231628418
Cora,0.3,7,0.2,0.1,-0.004999995231628418
Cora,0.3,7,0.2,0.2,-0.004999995231628418
Cora,0.3,7,0.2,0.3,-0.004999995231628418
Cora,0.3,7,0.2,0.4,-0.004999995231628418
Cora,0.3,7,0.2,0.5,-0.004999995231628418
Cora,0.3,7,0.2,0.6,-0.004999995231628418
Cora,0.3,7,0.2,0.7,-0.004999995231628418
Cora,0.3,7,0.2,0.8,-0.006999969482421875
Cora,0.3,7,0.2,0.9,-0.006999969482421875
Cora,0.3,7,0.2,1.0,-0.006999969482421875
Cora,0.3,7,0.3,0.0,-0.0029999613761901855
Cora,0.3,7,0.3,0.1,-0.0029999613761901855
Cora,0.3,7,0.3,0.2,-0.0029999613761901855
Cora,0.3,7,0.3,0.3,-0.0029999613761901855
Cora,0.3,7,0.3,0.4,-0.0029999613761901855
Cora,0.3,7,0.3,0.5,-0.0029999613761901855
Cora,0.3,7,0.3,0.6,-0.0029999613761901855
Cora,0.3,7,0.3,0.7,-0.0029999613761901855
Cora,0.3,7,0.3,0.8,-0.006999969482421875
Cora,0.3,7,0.3,0.9,-0.006999969482421875
Cora,0.3,7,0.3,1.0,-0.006999969482421875
Cora,0.3,7,0.4,0.0,-0.0029999613761901855
Cora,0.3,7,0.4,0.1,-0.0029999613761901855
Cora,0.3,7,0.4,0.2,-0.0029999613761901855
Cora,0.3,7,0.4,0.3,-0.0029999613761901855
Cora,0.3,7,0.4,0.4,-0.0029999613761901855
Cora,0.3,7,0.4,0.5,-0.0029999613761901855
Cora,0.3,7,0.4,0.6,-0.0029999613761901855
Cora,0.3,7,0.4,0.7,-0.0029999613761901855
Cora,0.3,7,0.4,0.8,-0.006999969482421875
Cora,0.3,7,0.4,0.9,-0.006999969482421875
Cora,0.3,7,0.4,1.0,-0.006999969482421875
Cora,0.3,7,0.5,0.0,-0.0029999613761901855
Cora,0.3,7,0.5,0.1,-0.0029999613761901855
Cora,0.3,7,0.5,0.2,-0.0029999613761901855
Cora,0.3,7,0.5,0.3,-0.0029999613761901855
Cora,0.3,7,0.5,0.4,-0.0029999613761901855
Cora,0.3,7,0.5,0.5,-0.0029999613761901855
Cora,0.3,7,0.5,0.6,-0.0029999613761901855
Cora,0.3,7,0.5,0.7,-0.0029999613761901855
Cora,0.3,7,0.5,0.8,-0.006999969482421875
Cora,0.3,7,0.5,0.9,-0.006999969482421875
Cora,0.3,7,0.5,1.0,-0.006999969482421875
Cora,0.3,7,0.6,0.0,-0.0029999613761901855
Cora,0.3,7,0.6,0.1,-0.0029999613761901855
Cora,0.3,7,0.6,0.2,-0.0029999613761901855
Cora,0.3,7,0.6,0.3,-0.0029999613761901855
Cora,0.3,7,0.6,0.4,-0.0029999613761901855
Cora,0.3,7,0.6,0.5,-0.0029999613761901855
Cora,0.3,7,0.6,0.6,-0.0029999613761901855
Cora,0.3,7,0.6,0.7,-0.0029999613761901855
Cora,0.3,7,0.6,0.8,-0.006999969482421875
Cora,0.3,7,0.6,0.9,-0.006999969482421875
Cora,0.3,7,0.6,1.0,-0.006999969482421875
Cora,0.3,7,0.7,0.0,-0.0029999613761901855
Cora,0.3,7,0.7,0.1,-0.0029999613761901855
Cora,0.3,7,0.7,0.2,-0.0029999613761901855
Cora,0.3,7,0.7,0.3,-0.0029999613761901855
Cora,0.3,7,0.7,0.4,-0.0029999613761901855
Cora,0.3,7,0.7,0.5,-0.0029999613761901855
Cora,0.3,7,0.7,0.6,-0.0029999613761901855
Cora,0.3,7,0.7,0.7,-0.0029999613761901855
Cora,0.3,7,0.7,0.8,-0.006999969482421875
Cora,0.3,7,0.7,0.9,-0.006999969482421875
Cora,0.3,7,0.7,1.0,-0.006999969482421875
Cora,0.3,7,0.8,0.0,-0.0029999613761901855
Cora,0.3,7,0.8,0.1,-0.0029999613761901855
Cora,0.3,7,0.8,0.2,-0.0029999613761901855
Cora,0.3,7,0.8,0.3,-0.0029999613761901855
Cora,0.3,7,0.8,0.4,-0.0029999613761901855
Cora,0.3,7,0.8,0.5,-0.0029999613761901855
Cora,0.3,7,0.8,0.6,-0.0029999613761901855
Cora,0.3,7,0.8,0.7,-0.0029999613761901855
Cora,0.3,7,0.8,0.8,-0.006999969482421875
Cora,0.3,7,0.8,0.9,-0.006999969482421875
Cora,0.3,7,0.8,1.0,-0.006999969482421875
Cora,0.3,7,0.9,0.0,-0.0029999613761901855
Cora,0.3,7,0.9,0.1,-0.0029999613761901855
Cora,0.3,7,0.9,0.2,-0.0029999613761901855
Cora,0.3,7,0.9,0.3,-0.0029999613761901855
Cora,0.3,7,0.9,0.4,-0.0029999613761901855
Cora,0.3,7,0.9,0.5,-0.0029999613761901855
Cora,0.3,7,0.9,0.6,-0.0029999613761901855
Cora,0.3,7,0.9,0.7,-0.0029999613761901855
Cora,0.3,7,0.9,0.8,-0.006999969482421875
Cora,0.3,7,0.9,0.9,-0.006999969482421875
Cora,0.3,7,0.9,1.0,-0.006999969482421875
Cora,0.3,7,1.0,0.0,-0.0029999613761901855
Cora,0.3,7,1.0,0.1,-0.0029999613761901855
Cora,0.3,7,1.0,0.2,-0.0029999613761901855
Cora,0.3,7,1.0,0.3,-0.0029999613761901855
Cora,0.3,7,1.0,0.4,-0.0029999613761901855
Cora,0.3,7,1.0,0.5,-0.0029999613761901855
Cora,0.3,7,1.0,0.6,-0.0029999613761901855
Cora,0.3,7,1.0,0.7,-0.0029999613761901855
Cora,0.3,7,1.0,0.8,-0.006999969482421875
Cora,0.3,7,1.0,0.9,-0.006999969482421875
Cora,0.3,7,1.0,1.0,-0.006999969482421875
Cora,0.3,8,0.1,0.0,0.023000001907348633
Cora,0.3,8,0.1,0.1,0.029999971389770508
Cora,0.3,8,0.1,0.2,0.02199995517730713
Cora,0.3,8,0.1,0.3,0.02199995517730713
Cora,0.3,8,0.1,0.4,0.02499997615814209
Cora,0.3,8,0.1,0.5,0.02499997615814209
Cora,0.3,8,0.1,0.6,0.02499997615814209
Cora,0.3,8,0.1,0.7,0.02499997615814209
Cora,0.3,8,0.1,0.8,0.02499997615814209
Cora,0.3,8,0.1,0.9,0.02499997615814209
Cora,0.3,8,0.1,1.0,0.02499997615814209
Cora,0.3,8,0.2,0.0,0.011999964714050293
Cora,0.3,8,0.2,0.1,0.02499997615814209
Cora,0.3,8,0.2,0.2,0.011999964714050293
Cora,0.3,8,0.2,0.3,0.011999964714050293
Cora,0.3,8,0.2,0.4,0.01799994707107544
Cora,0.3,8,0.2,0.5,0.01799994707107544
Cora,0.3,8,0.2,0.6,0.01799994707107544
Cora,0.3,8,0.2,0.7,0.01799994707107544
Cora,0.3,8,0.2,0.8,0.01799994707107544
Cora,0.3,8,0.2,0.9,0.01799994707107544
Cora,0.3,8,0.2,1.0,0.01799994707107544
Cora,0.3,8,0.3,0.0,0.018999993801116943
Cora,0.3,8,0.3,0.1,0.0029999613761901855
Cora,0.3,8,0.3,0.2,0.019999980926513672
Cora,0.3,8,0.3,0.3,0.019999980926513672
Cora,0.3,8,0.3,0.4,0.018999993801116943
Cora,0.3,8,0.3,0.5,0.018999993801116943
Cora,0.3,8,0.3,0.6,0.018999993801116943
Cora,0.3,8,0.3,0.7,0.018999993801116943
Cora,0.3,8,0.3,0.8,0.018999993801116943
Cora,0.3,8,0.3,0.9,0.018999993801116943
Cora,0.3,8,0.3,1.0,0.018999993801116943
Cora,0.3,8,0.4,0.0,0.010999977588653564
Cora,0.3,8,0.4,0.1,0.009999990463256836
Cora,0.3,8,0.4,0.2,0.012999951839447021
Cora,0.3,8,0.4,0.3,0.012999951839447021
Cora,0.3,8,0.4,0.4,0.007999956607818604
Cora,0.3,8,0.4,0.5,0.007999956607818604
Cora,0.3,8,0.4,0.6,0.007999956607818604
Cora,0.3,8,0.4,0.7,0.007999956607818604
Cora,0.3,8,0.4,0.8,0.007999956607818604
Cora,0.3,8,0.4,0.9,0.007999956607818604
Cora,0.3,8,0.4,1.0,0.007999956607818604
Cora,0.3,8,0.5,0.0,0.010999977588653564
Cora,0.3,8,0.5,0.1,0.009999990463256836
Cora,0.3,8,0.5,0.2,0.012999951839447021
Cora,0.3,8,0.5,0.3,0.012999951839447021
Cora,0.3,8,0.5,0.4,0.007999956607818604
Cora,0.3,8,0.5,0.5,0.007999956607818604
Cora,0.3,8,0.5,0.6,0.007999956607818604
Cora,0.3,8,0.5,0.7,0.007999956607818604
Cora,0.3,8,0.5,0.8,0.007999956607818604
Cora,0.3,8,0.5,0.9,0.007999956607818604
Cora,0.3,8,0.5,1.0,0.007999956607818604
Cora,0.3,8,0.6,0.0,0.010999977588653564
Cora,0.3,8,0.6,0.1,0.009999990463256836
Cora,0.3,8,0.6,0.2,0.012999951839447021
Cora,0.3,8,0.6,0.3,0.012999951839447021
Cora,0.3,8,0.6,0.4,0.007999956607818604
Cora,0.3,8,0.6,0.5,0.007999956607818604
Cora,0.3,8,0.6,0.6,0.007999956607818604
Cora,0.3,8,0.6,0.7,0.007999956607818604
Cora,0.3,8,0.6,0.8,0.007999956607818604
Cora,0.3,8,0.6,0.9,0.007999956607818604
Cora,0.3,8,0.6,1.0,0.007999956607818604
Cora,0.3,8,0.7,0.0,0.010999977588653564
Cora,0.3,8,0.7,0.1,0.009999990463256836
Cora,0.3,8,0.7,0.2,0.012999951839447021
Cora,0.3,8,0.7,0.3,0.012999951839447021
Cora,0.3,8,0.7,0.4,0.007999956607818604
Cora,0.3,8,0.7,0.5,0.007999956607818604
Cora,0.3,8,0.7,0.6,0.007999956607818604
Cora,0.3,8,0.7,0.7,0.007999956607818604
Cora,0.3,8,0.7,0.8,0.007999956607818604
Cora,0.3,8,0.7,0.9,0.007999956607818604
Cora,0.3,8,0.7,1.0,0.007999956607818604
Cora,0.3,8,0.8,0.0,0.010999977588653564
Cora,0.3,8,0.8,0.1,0.009999990463256836
Cora,0.3,8,0.8,0.2,0.012999951839447021
Cora,0.3,8,0.8,0.3,0.012999951839447021
Cora,0.3,8,0.8,0.4,0.007999956607818604
Cora,0.3,8,0.8,0.5,0.007999956607818604
Cora,0.3,8,0.8,0.6,0.007999956607818604
Cora,0.3,8,0.8,0.7,0.007999956607818604
Cora,0.3,8,0.8,0.8,0.007999956607818604
Cora,0.3,8,0.8,0.9,0.007999956607818604
Cora,0.3,8,0.8,1.0,0.007999956607818604
Cora,0.3,8,0.9,0.0,0.010999977588653564
Cora,0.3,8,0.9,0.1,0.009999990463256836
Cora,0.3,8,0.9,0.2,0.012999951839447021
Cora,0.3,8,0.9,0.3,0.012999951839447021
Cora,0.3,8,0.9,0.4,0.007999956607818604
Cora,0.3,8,0.9,0.5,0.007999956607818604
Cora,0.3,8,0.9,0.6,0.007999956607818604
Cora,0.3,8,0.9,0.7,0.007999956607818604
Cora,0.3,8,0.9,0.8,0.007999956607818604
Cora,0.3,8,0.9,0.9,0.007999956607818604
Cora,0.3,8,0.9,1.0,0.007999956607818604
Cora,0.3,8,1.0,0.0,0.010999977588653564
Cora,0.3,8,1.0,0.1,0.009999990463256836
Cora,0.3,8,1.0,0.2,0.012999951839447021
Cora,0.3,8,1.0,0.3,0.012999951839447021
Cora,0.3,8,1.0,0.4,0.007999956607818604
Cora,0.3,8,1.0,0.5,0.007999956607818604
Cora,0.3,8,1.0,0.6,0.007999956607818604
Cora,0.3,8,1.0,0.7,0.007999956607818604
Cora,0.3,8,1.0,0.8,0.007999956607818604
Cora,0.3,8,1.0,0.9,0.007999956607818604
Cora,0.3,8,1.0,1.0,0.007999956607818604
Cora,0.3,9,0.1,0.0,0.0559999942779541
Cora,0.3,9,0.1,0.1,0.04000002145767212
Cora,0.3,9,0.1,0.2,0.04000002145767212
Cora,0.3,9,0.1,0.3,0.0559999942779541
Cora,0.3,9,0.1,0.4,0.0559999942779541
Cora,0.3,9,0.1,0.5,0.042999982833862305
Cora,0.3,9,0.1,0.6,0.042999982833862305
Cora,0.3,9,0.1,0.7,0.042999982833862305
Cora,0.3,9,0.1,0.8,0.042999982833862305
Cora,0.3,9,0.1,0.9,0.0559999942779541
Cora,0.3,9,0.1,1.0,0.0559999942779541
Cora,0.3,9,0.2,0.0,0.0339999794960022
Cora,0.3,9,0.2,0.1,0.02799999713897705
Cora,0.3,9,0.2,0.2,0.02799999713897705
Cora,0.3,9,0.2,0.3,0.03299999237060547
Cora,0.3,9,0.2,0.4,0.03299999237060547
Cora,0.3,9,0.2,0.5,0.03600001335144043
Cora,0.3,9,0.2,0.6,0.03600001335144043
Cora,0.3,9,0.2,0.7,0.03600001335144043
Cora,0.3,9,0.2,0.8,0.03600001335144043
Cora,0.3,9,0.2,0.9,0.03600001335144043
Cora,0.3,9,0.2,1.0,0.03600001335144043
Cora,0.3,9,0.3,0.0,0.026000022888183594
Cora,0.3,9,0.3,0.1,0.02799999713897705
Cora,0.3,9,0.3,0.2,0.02799999713897705
Cora,0.3,9,0.3,0.3,0.02499997615814209
Cora,0.3,9,0.3,0.4,0.02499997615814209
Cora,0.3,9,0.3,0.5,0.04400002956390381
Cora,0.3,9,0.3,0.6,0.04400002956390381
Cora,0.3,9,0.3,0.7,0.04400002956390381
Cora,0.3,9,0.3,0.8,0.04400002956390381
Cora,0.3,9,0.3,0.9,0.02799999713897705
Cora,0.3,9,0.3,1.0,0.02799999713897705
Cora,0.3,9,0.4,0.0,0.026000022888183594
Cora,0.3,9,0.4,0.1,0.02799999713897705
Cora,0.3,9,0.4,0.2,0.02799999713897705
Cora,0.3,9,0.4,0.3,0.02499997615814209
Cora,0.3,9,0.4,0.4,0.02499997615814209
Cora,0.3,9,0.4,0.5,0.04400002956390381
Cora,0.3,9,0.4,0.6,0.04400002956390381
Cora,0.3,9,0.4,0.7,0.04400002956390381
Cora,0.3,9,0.4,0.8,0.04400002956390381
Cora,0.3,9,0.4,0.9,0.02799999713897705
Cora,0.3,9,0.4,1.0,0.02799999713897705
Cora,0.3,9,0.5,0.0,0.022000014781951904
Cora,0.3,9,0.5,0.1,0.023000001907348633
Cora,0.3,9,0.5,0.2,0.023000001907348633
Cora,0.3,9,0.5,0.3,0.04400002956390381
Cora,0.3,9,0.5,0.4,0.04400002956390381
Cora,0.3,9,0.5,0.5,0.019999980926513672
Cora,0.3,9,0.5,0.6,0.019999980926513672
Cora,0.3,9,0.5,0.7,0.019999980926513672
Cora,0.3,9,0.5,0.8,0.019999980926513672
Cora,0.3,9,0.5,0.9,0.054000020027160645
Cora,0.3,9,0.5,1.0,0.054000020027160645
Cora,0.3,9,0.6,0.0,0.003000020980834961
Cora,0.3,9,0.6,0.1,0.0040000081062316895
Cora,0.3,9,0.6,0.2,0.0040000081062316895
Cora,0.3,9,0.6,0.3,0.016000032424926758
Cora,0.3,9,0.6,0.4,0.016000032424926758
Cora,0.3,9,0.6,0.5,0.0040000081062316895
Cora,0.3,9,0.6,0.6,0.0040000081062316895
Cora,0.3,9,0.6,0.7,0.0040000081062316895
Cora,0.3,9,0.6,0.8,0.0040000081062316895
Cora,0.3,9,0.6,0.9,0.041999995708465576
Cora,0.3,9,0.6,1.0,0.041999995708465576
Cora,0.3,9,0.7,0.0,0.003000020980834961
Cora,0.3,9,0.7,0.1,0.0040000081062316895
Cora,0.3,9,0.7,0.2,0.0040000081062316895
Cora,0.3,9,0.7,0.3,0.016000032424926758
Cora,0.3,9,0.7,0.4,0.016000032424926758
Cora,0.3,9,0.7,0.5,0.0040000081062316895
Cora,0.3,9,0.7,0.6,0.0040000081062316895
Cora,0.3,9,0.7,0.7,0.0040000081062316895
Cora,0.3,9,0.7,0.8,0.0040000081062316895
Cora,0.3,9,0.7,0.9,0.041999995708465576
Cora,0.3,9,0.7,1.0,0.041999995708465576
Cora,0.3,9,0.8,0.0,0.003000020980834961
Cora,0.3,9,0.8,0.1,0.0040000081062316895
Cora,0.3,9,0.8,0.2,0.0040000081062316895
Cora,0.3,9,0.8,0.3,0.016000032424926758
Cora,0.3,9,0.8,0.4,0.016000032424926758
Cora,0.3,9,0.8,0.5,0.0040000081062316895
Cora,0.3,9,0.8,0.6,0.0040000081062316895
Cora,0.3,9,0.8,0.7,0.0040000081062316895
Cora,0.3,9,0.8,0.8,0.0040000081062316895
Cora,0.3,9,0.8,0.9,0.041999995708465576
Cora,0.3,9,0.8,1.0,0.041999995708465576
Cora,0.3,9,0.9,0.0,0.003000020980834961
Cora,0.3,9,0.9,0.1,0.0040000081062316895
Cora,0.3,9,0.9,0.2,0.0040000081062316895
Cora,0.3,9,0.9,0.3,0.016000032424926758
Cora,0.3,9,0.9,0.4,0.016000032424926758
Cora,0.3,9,0.9,0.5,0.0040000081062316895
Cora,0.3,9,0.9,0.6,0.0040000081062316895
Cora,0.3,9,0.9,0.7,0.0040000081062316895
Cora,0.3,9,0.9,0.8,0.0040000081062316895
Cora,0.3,9,0.9,0.9,0.041999995708465576
Cora,0.3,9,0.9,1.0,0.041999995708465576
Cora,0.3,9,1.0,0.0,0.003000020980834961
Cora,0.3,9,1.0,0.1,0.0040000081062316895
Cora,0.3,9,1.0,0.2,0.0040000081062316895
Cora,0.3,9,1.0,0.3,0.016000032424926758
Cora,0.3,9,1.0,0.4,0.016000032424926758
Cora,0.3,9,1.0,0.5,0.0040000081062316895
Cora,0.3,9,1.0,0.6,0.0040000081062316895
Cora,0.3,9,1.0,0.7,0.0040000081062316895
Cora,0.3,9,1.0,0.8,0.0040000081062316895
Cora,0.3,9,1.0,0.9,0.041999995708465576
Cora,0.3,9,1.0,1.0,0.041999995708465576
Cora,0.4,0,0.1,0.0,0.038000017404556274
Cora,0.4,0,0.1,0.1,0.04300001263618469
Cora,0.4,0,0.1,0.2,0.04300001263618469
Cora,0.4,0,0.1,0.3,0.04300001263618469
Cora,0.4,0,0.1,0.4,0.04300001263618469
Cora,0.4,0,0.1,0.5,0.04300001263618469
Cora,0.4,0,0.1,0.6,0.04300001263618469
Cora,0.4,0,0.1,0.7,0.04300001263618469
Cora,0.4,0,0.1,0.8,0.026000022888183594
Cora,0.4,0,0.1,0.9,0.026000022888183594
Cora,0.4,0,0.1,1.0,0.02799999713897705
Cora,0.4,0,0.2,0.0,0.04300001263618469
Cora,0.4,0,0.2,0.1,0.04700002074241638
Cora,0.4,0,0.2,0.2,0.04499998688697815
Cora,0.4,0,0.2,0.3,0.04499998688697815
Cora,0.4,0,0.2,0.4,0.04700002074241638
Cora,0.4,0,0.2,0.5,0.04700002074241638
Cora,0.4,0,0.2,0.6,0.04700002074241638
Cora,0.4,0,0.2,0.7,0.04700002074241638
Cora,0.4,0,0.2,0.8,0.034999996423721313
Cora,0.4,0,0.2,0.9,0.034999996423721313
Cora,0.4,0,0.2,1.0,0.03600001335144043
Cora,0.4,0,0.3,0.0,0.041999995708465576
Cora,0.4,0,0.3,0.1,0.04499998688697815
Cora,0.4,0,0.3,0.2,0.04700002074241638
Cora,0.4,0,0.3,0.3,0.04700002074241638
Cora,0.4,0,0.3,0.4,0.04399999976158142
Cora,0.4,0,0.3,0.5,0.04399999976158142
Cora,0.4,0,0.3,0.6,0.04399999976158142
Cora,0.4,0,0.3,0.7,0.04399999976158142
Cora,0.4,0,0.3,0.8,0.01600000262260437
Cora,0.4,0,0.3,0.9,0.01600000262260437
Cora,0.4,0,0.3,1.0,0.03600001335144043
Cora,0.4,0,0.4,0.0,0.041999995708465576
Cora,0.4,0,0.4,0.1,0.04499998688697815
Cora,0.4,0,0.4,0.2,0.04700002074241638
Cora,0.4,0,0.4,0.3,0.04700002074241638
Cora,0.4,0,0.4,0.4,0.04399999976158142
Cora,0.4,0,0.4,0.5,0.04399999976158142
Cora,0.4,0,0.4,0.6,0.04399999976158142
Cora,0.4,0,0.4,0.7,0.04399999976158142
Cora,0.4,0,0.4,0.8,0.01600000262260437
Cora,0.4,0,0.4,0.9,0.01600000262260437
Cora,0.4,0,0.4,1.0,0.03600001335144043
Cora,0.4,0,0.5,0.0,0.041999995708465576
Cora,0.4,0,0.5,0.1,0.04499998688697815
Cora,0.4,0,0.5,0.2,0.04700002074241638
Cora,0.4,0,0.5,0.3,0.04700002074241638
Cora,0.4,0,0.5,0.4,0.04399999976158142
Cora,0.4,0,0.5,0.5,0.04399999976158142
Cora,0.4,0,0.5,0.6,0.04399999976158142
Cora,0.4,0,0.5,0.7,0.04399999976158142
Cora,0.4,0,0.5,0.8,0.01600000262260437
Cora,0.4,0,0.5,0.9,0.01600000262260437
Cora,0.4,0,0.5,1.0,0.03600001335144043
Cora,0.4,0,0.6,0.0,0.041999995708465576
Cora,0.4,0,0.6,0.1,0.04499998688697815
Cora,0.4,0,0.6,0.2,0.04700002074241638
Cora,0.4,0,0.6,0.3,0.04700002074241638
Cora,0.4,0,0.6,0.4,0.04399999976158142
Cora,0.4,0,0.6,0.5,0.04399999976158142
Cora,0.4,0,0.6,0.6,0.04399999976158142
Cora,0.4,0,0.6,0.7,0.04399999976158142
Cora,0.4,0,0.6,0.8,0.01600000262260437
Cora,0.4,0,0.6,0.9,0.01600000262260437
Cora,0.4,0,0.6,1.0,0.03600001335144043
Cora,0.4,0,0.7,0.0,0.041999995708465576
Cora,0.4,0,0.7,0.1,0.04499998688697815
Cora,0.4,0,0.7,0.2,0.04700002074241638
Cora,0.4,0,0.7,0.3,0.04700002074241638
Cora,0.4,0,0.7,0.4,0.04399999976158142
Cora,0.4,0,0.7,0.5,0.04399999976158142
Cora,0.4,0,0.7,0.6,0.04399999976158142
Cora,0.4,0,0.7,0.7,0.04399999976158142
Cora,0.4,0,0.7,0.8,0.01600000262260437
Cora,0.4,0,0.7,0.9,0.01600000262260437
Cora,0.4,0,0.7,1.0,0.03600001335144043
Cora,0.4,0,0.8,0.0,0.041999995708465576
Cora,0.4,0,0.8,0.1,0.04499998688697815
Cora,0.4,0,0.8,0.2,0.04700002074241638
Cora,0.4,0,0.8,0.3,0.04700002074241638
Cora,0.4,0,0.8,0.4,0.04399999976158142
Cora,0.4,0,0.8,0.5,0.04399999976158142
Cora,0.4,0,0.8,0.6,0.04399999976158142
Cora,0.4,0,0.8,0.7,0.04399999976158142
Cora,0.4,0,0.8,0.8,0.01600000262260437
Cora,0.4,0,0.8,0.9,0.01600000262260437
Cora,0.4,0,0.8,1.0,0.03600001335144043
Cora,0.4,0,0.9,0.0,0.041999995708465576
Cora,0.4,0,0.9,0.1,0.04499998688697815
Cora,0.4,0,0.9,0.2,0.04700002074241638
Cora,0.4,0,0.9,0.3,0.04700002074241638
Cora,0.4,0,0.9,0.4,0.04399999976158142
Cora,0.4,0,0.9,0.5,0.04399999976158142
Cora,0.4,0,0.9,0.6,0.04399999976158142
Cora,0.4,0,0.9,0.7,0.04399999976158142
Cora,0.4,0,0.9,0.8,0.01600000262260437
Cora,0.4,0,0.9,0.9,0.01600000262260437
Cora,0.4,0,0.9,1.0,0.03600001335144043
Cora,0.4,0,1.0,0.0,0.041999995708465576
Cora,0.4,0,1.0,0.1,0.04499998688697815
Cora,0.4,0,1.0,0.2,0.04700002074241638
Cora,0.4,0,1.0,0.3,0.04700002074241638
Cora,0.4,0,1.0,0.4,0.04399999976158142
Cora,0.4,0,1.0,0.5,0.04399999976158142
Cora,0.4,0,1.0,0.6,0.04399999976158142
Cora,0.4,0,1.0,0.7,0.04399999976158142
Cora,0.4,0,1.0,0.8,0.01600000262260437
Cora,0.4,0,1.0,0.9,0.01600000262260437
Cora,0.4,0,1.0,1.0,0.03600001335144043
Cora,0.4,1,0.1,0.0,0.0
Cora,0.4,1,0.1,0.1,-0.0059999823570251465
Cora,0.4,1,0.1,0.2,-0.008000016212463379
Cora,0.4,1,0.1,0.3,-0.008000016212463379
Cora,0.4,1,0.1,0.4,-0.008000016212463379
Cora,0.4,1,0.1,0.5,-0.00700002908706665
Cora,0.4,1,0.1,0.6,-0.00700002908706665
Cora,0.4,1,0.1,0.7,-0.00700002908706665
Cora,0.4,1,0.1,0.8,-0.00700002908706665
Cora,0.4,1,0.1,0.9,-0.00700002908706665
Cora,0.4,1,0.1,1.0,-0.00700002908706665
Cora,0.4,1,0.2,0.0,0.004999995231628418
Cora,0.4,1,0.2,0.1,-0.03100001811981201
Cora,0.4,1,0.2,0.2,-0.03100001811981201
Cora,0.4,1,0.2,0.3,-0.03100001811981201
Cora,0.4,1,0.2,0.4,-0.03100001811981201
Cora,0.4,1,0.2,0.5,-0.02899998426437378
Cora,0.4,1,0.2,0.6,-0.02899998426437378
Cora,0.4,1,0.2,0.7,-0.02899998426437378
Cora,0.4,1,0.2,0.8,-0.02899998426437378
Cora,0.4,1,0.2,0.9,-0.02899998426437378
Cora,0.4,1,0.2,1.0,-0.02899998426437378
Cora,0.4,1,0.3,0.0,0.004999995231628418
Cora,0.4,1,0.3,0.1,-0.010999977588653564
Cora,0.4,1,0.3,0.2,-0.02399998903274536
Cora,0.4,1,0.3,0.3,-0.02399998903274536
Cora,0.4,1,0.3,0.4,-0.02399998903274536
Cora,0.4,1,0.3,0.5,-0.025000035762786865
Cora,0.4,1,0.3,0.6,-0.025000035762786865
Cora,0.4,1,0.3,0.7,-0.025000035762786865
Cora,0.4,1,0.3,0.8,-0.025000035762786865
Cora,0.4,1,0.3,0.9,-0.025000035762786865
Cora,0.4,1,0.3,1.0,-0.025000035762786865
Cora,0.4,1,0.4,0.0,0.004999995231628418
Cora,0.4,1,0.4,0.1,-0.010999977588653564
Cora,0.4,1,0.4,0.2,-0.02399998903274536
Cora,0.4,1,0.4,0.3,-0.02399998903274536
Cora,0.4,1,0.4,0.4,-0.02399998903274536
Cora,0.4,1,0.4,0.5,-0.025000035762786865
Cora,0.4,1,0.4,0.6,-0.025000035762786865
Cora,0.4,1,0.4,0.7,-0.025000035762786865
Cora,0.4,1,0.4,0.8,-0.025000035762786865
Cora,0.4,1,0.4,0.9,-0.025000035762786865
Cora,0.4,1,0.4,1.0,-0.025000035762786865
Cora,0.4,1,0.5,0.0,0.004999995231628418
Cora,0.4,1,0.5,0.1,-0.010999977588653564
Cora,0.4,1,0.5,0.2,-0.02399998903274536
Cora,0.4,1,0.5,0.3,-0.02399998903274536
Cora,0.4,1,0.5,0.4,-0.02399998903274536
Cora,0.4,1,0.5,0.5,-0.025000035762786865
Cora,0.4,1,0.5,0.6,-0.025000035762786865
Cora,0.4,1,0.5,0.7,-0.025000035762786865
Cora,0.4,1,0.5,0.8,-0.025000035762786865
Cora,0.4,1,0.5,0.9,-0.025000035762786865
Cora,0.4,1,0.5,1.0,-0.025000035762786865
Cora,0.4,1,0.6,0.0,-0.0040000081062316895
Cora,0.4,1,0.6,0.1,-0.009999990463256836
Cora,0.4,1,0.6,0.2,-0.009000003337860107
Cora,0.4,1,0.6,0.3,-0.009000003337860107
Cora,0.4,1,0.6,0.4,-0.009000003337860107
Cora,0.4,1,0.6,0.5,-0.009000003337860107
Cora,0.4,1,0.6,0.6,-0.009000003337860107
Cora,0.4,1,0.6,0.7,-0.009000003337860107
Cora,0.4,1,0.6,0.8,-0.009000003337860107
Cora,0.4,1,0.6,0.9,-0.009000003337860107
Cora,0.4,1,0.6,1.0,-0.009000003337860107
Cora,0.4,1,0.7,0.0,-0.0040000081062316895
Cora,0.4,1,0.7,0.1,-0.009999990463256836
Cora,0.4,1,0.7,0.2,-0.009000003337860107
Cora,0.4,1,0.7,0.3,-0.009000003337860107
Cora,0.4,1,0.7,0.4,-0.009000003337860107
Cora,0.4,1,0.7,0.5,-0.009000003337860107
Cora,0.4,1,0.7,0.6,-0.009000003337860107
Cora,0.4,1,0.7,0.7,-0.009000003337860107
Cora,0.4,1,0.7,0.8,-0.009000003337860107
Cora,0.4,1,0.7,0.9,-0.009000003337860107
Cora,0.4,1,0.7,1.0,-0.009000003337860107
Cora,0.4,1,0.8,0.0,-0.0040000081062316895
Cora,0.4,1,0.8,0.1,-0.009999990463256836
Cora,0.4,1,0.8,0.2,-0.009000003337860107
Cora,0.4,1,0.8,0.3,-0.009000003337860107
Cora,0.4,1,0.8,0.4,-0.009000003337860107
Cora,0.4,1,0.8,0.5,-0.009000003337860107
Cora,0.4,1,0.8,0.6,-0.009000003337860107
Cora,0.4,1,0.8,0.7,-0.009000003337860107
Cora,0.4,1,0.8,0.8,-0.009000003337860107
Cora,0.4,1,0.8,0.9,-0.009000003337860107
Cora,0.4,1,0.8,1.0,-0.009000003337860107
Cora,0.4,1,0.9,0.0,-0.0040000081062316895
Cora,0.4,1,0.9,0.1,-0.009999990463256836
Cora,0.4,1,0.9,0.2,-0.009000003337860107
Cora,0.4,1,0.9,0.3,-0.009000003337860107
Cora,0.4,1,0.9,0.4,-0.009000003337860107
Cora,0.4,1,0.9,0.5,-0.009000003337860107
Cora,0.4,1,0.9,0.6,-0.009000003337860107
Cora,0.4,1,0.9,0.7,-0.009000003337860107
Cora,0.4,1,0.9,0.8,-0.009000003337860107
Cora,0.4,1,0.9,0.9,-0.009000003337860107
Cora,0.4,1,0.9,1.0,-0.009000003337860107
Cora,0.4,1,1.0,0.0,-0.0040000081062316895
Cora,0.4,1,1.0,0.1,-0.009999990463256836
Cora,0.4,1,1.0,0.2,-0.009000003337860107
Cora,0.4,1,1.0,0.3,-0.009000003337860107
Cora,0.4,1,1.0,0.4,-0.009000003337860107
Cora,0.4,1,1.0,0.5,-0.009000003337860107
Cora,0.4,1,1.0,0.6,-0.009000003337860107
Cora,0.4,1,1.0,0.7,-0.009000003337860107
Cora,0.4,1,1.0,0.8,-0.009000003337860107
Cora,0.4,1,1.0,0.9,-0.009000003337860107
Cora,0.4,1,1.0,1.0,-0.009000003337860107
Cora,0.4,2,0.1,0.0,-0.001999974250793457
Cora,0.4,2,0.1,0.1,-0.001999974250793457
Cora,0.4,2,0.1,0.2,-0.001999974250793457
Cora,0.4,2,0.1,0.3,0.0
Cora,0.4,2,0.1,0.4,-0.001999974250793457
Cora,0.4,2,0.1,0.5,-0.001999974250793457
Cora,0.4,2,0.1,0.6,-0.001999974250793457
Cora,0.4,2,0.1,0.7,-0.001999974250793457
Cora,0.4,2,0.1,0.8,-0.007999986410140991
Cora,0.4,2,0.1,0.9,-0.007999986410140991
Cora,0.4,2,0.1,1.0,-0.007999986410140991
Cora,0.4,2,0.2,0.0,-0.003999978303909302
Cora,0.4,2,0.2,0.1,-0.013999998569488525
Cora,0.4,2,0.2,0.2,-0.013999998569488525
Cora,0.4,2,0.2,0.3,-0.013999998569488525
Cora,0.4,2,0.2,0.4,-0.003999978303909302
Cora,0.4,2,0.2,0.5,-0.003999978303909302
Cora,0.4,2,0.2,0.6,-0.003999978303909302
Cora,0.4,2,0.2,0.7,-0.003999978303909302
Cora,0.4,2,0.2,0.8,-0.01199999451637268
Cora,0.4,2,0.2,0.9,-0.01199999451637268
Cora,0.4,2,0.2,1.0,-0.01199999451637268
Cora,0.4,2,0.3,0.0,0.02000001072883606
Cora,0.4,2,0.3,0.1,0.022000014781951904
Cora,0.4,2,0.3,0.2,0.022000014781951904
Cora,0.4,2,0.3,0.3,0.020999997854232788
Cora,0.4,2,0.3,0.4,0.0040000081062316895
Cora,0.4,2,0.3,0.5,0.0040000081062316895
Cora,0.4,2,0.3,0.6,0.0040000081062316895
Cora,0.4,2,0.3,0.7,0.0040000081062316895
Cora,0.4,2,0.3,0.8,0.013999998569488525
Cora,0.4,2,0.3,0.9,0.013999998569488525
Cora,0.4,2,0.3,1.0,0.013999998569488525
Cora,0.4,2,0.4,0.0,-0.025999993085861206
Cora,0.4,2,0.4,0.1,-0.021999984979629517
Cora,0.4,2,0.4,0.2,-0.021999984979629517
Cora,0.4,2,0.4,0.3,-0.02399998903274536
Cora,0.4,2,0.4,0.4,-0.023000001907348633
Cora,0.4,2,0.4,0.5,-0.023000001907348633
Cora,0.4,2,0.4,0.6,-0.023000001907348633
Cora,0.4,2,0.4,0.7,-0.023000001907348633
Cora,0.4,2,0.4,0.8,-0.02399998903274536
Cora,0.4,2,0.4,0.9,-0.02399998903274536
Cora,0.4,2,0.4,1.0,-0.02399998903274536
Cora,0.4,2,0.5,0.0,0.008000016212463379
Cora,0.4,2,0.5,0.1,0.008000016212463379
Cora,0.4,2,0.5,0.2,0.008000016212463379
Cora,0.4,2,0.5,0.3,0.009000003337860107
Cora,0.4,2,0.5,0.4,-0.003999978303909302
Cora,0.4,2,0.5,0.5,-0.003999978303909302
Cora,0.4,2,0.5,0.6,-0.003999978303909302
Cora,0.4,2,0.5,0.7,-0.003999978303909302
Cora,0.4,2,0.5,0.8,0.0
Cora,0.4,2,0.5,0.9,0.0
Cora,0.4,2,0.5,1.0,0.0
Cora,0.4,2,0.6,0.0,0.008000016212463379
Cora,0.4,2,0.6,0.1,0.008000016212463379
Cora,0.4,2,0.6,0.2,0.008000016212463379
Cora,0.4,2,0.6,0.3,0.009000003337860107
Cora,0.4,2,0.6,0.4,-0.003999978303909302
Cora,0.4,2,0.6,0.5,-0.003999978303909302
Cora,0.4,2,0.6,0.6,-0.003999978303909302
Cora,0.4,2,0.6,0.7,-0.003999978303909302
Cora,0.4,2,0.6,0.8,0.0
Cora,0.4,2,0.6,0.9,0.0
Cora,0.4,2,0.6,1.0,0.0
Cora,0.4,2,0.7,0.0,0.008000016212463379
Cora,0.4,2,0.7,0.1,0.008000016212463379
Cora,0.4,2,0.7,0.2,0.008000016212463379
Cora,0.4,2,0.7,0.3,0.009000003337860107
Cora,0.4,2,0.7,0.4,-0.003999978303909302
Cora,0.4,2,0.7,0.5,-0.003999978303909302
Cora,0.4,2,0.7,0.6,-0.003999978303909302
Cora,0.4,2,0.7,0.7,-0.003999978303909302
Cora,0.4,2,0.7,0.8,0.0
Cora,0.4,2,0.7,0.9,0.0
Cora,0.4,2,0.7,1.0,0.0
Cora,0.4,2,0.8,0.0,0.008000016212463379
Cora,0.4,2,0.8,0.1,0.008000016212463379
Cora,0.4,2,0.8,0.2,0.008000016212463379
Cora,0.4,2,0.8,0.3,0.009000003337860107
Cora,0.4,2,0.8,0.4,-0.003999978303909302
Cora,0.4,2,0.8,0.5,-0.003999978303909302
Cora,0.4,2,0.8,0.6,-0.003999978303909302
Cora,0.4,2,0.8,0.7,-0.003999978303909302
Cora,0.4,2,0.8,0.8,0.0
Cora,0.4,2,0.8,0.9,0.0
Cora,0.4,2,0.8,1.0,0.0
Cora,0.4,2,0.9,0.0,0.008000016212463379
Cora,0.4,2,0.9,0.1,0.008000016212463379
Cora,0.4,2,0.9,0.2,0.008000016212463379
Cora,0.4,2,0.9,0.3,0.009000003337860107
Cora,0.4,2,0.9,0.4,-0.003999978303909302
Cora,0.4,2,0.9,0.5,-0.003999978303909302
Cora,0.4,2,0.9,0.6,-0.003999978303909302
Cora,0.4,2,0.9,0.7,-0.003999978303909302
Cora,0.4,2,0.9,0.8,0.0
Cora,0.4,2,0.9,0.9,0.0
Cora,0.4,2,0.9,1.0,0.0
Cora,0.4,2,1.0,0.0,0.008000016212463379
Cora,0.4,2,1.0,0.1,0.008000016212463379
Cora,0.4,2,1.0,0.2,0.008000016212463379
Cora,0.4,2,1.0,0.3,0.009000003337860107
Cora,0.4,2,1.0,0.4,-0.003999978303909302
Cora,0.4,2,1.0,0.5,-0.003999978303909302
Cora,0.4,2,1.0,0.6,-0.003999978303909302
Cora,0.4,2,1.0,0.7,-0.003999978303909302
Cora,0.4,2,1.0,0.8,0.0
Cora,0.4,2,1.0,0.9,0.0
Cora,0.4,2,1.0,1.0,0.0
Cora,0.4,3,0.1,0.0,0.017000019550323486
Cora,0.4,3,0.1,0.1,0.025000035762786865
Cora,0.4,3,0.1,0.2,0.026000022888183594
Cora,0.4,3,0.1,0.3,0.030000030994415283
Cora,0.4,3,0.1,0.4,0.030000030994415283
Cora,0.4,3,0.1,0.5,0.030000030994415283
Cora,0.4,3,0.1,0.6,0.030000030994415283
Cora,0.4,3,0.1,0.7,0.030000030994415283
Cora,0.4,3,0.1,0.8,0.030000030994415283
Cora,0.4,3,0.1,0.9,0.030000030994415283
Cora,0.4,3,0.1,1.0,0.030000030994415283
Cora,0.4,3,0.2,0.0,0.004999995231628418
Cora,0.4,3,0.2,0.1,0.010999977588653564
Cora,0.4,3,0.2,0.2,0.010999977588653564
Cora,0.4,3,0.2,0.3,0.010999977588653564
Cora,0.4,3,0.2,0.4,0.010999977588653564
Cora,0.4,3,0.2,0.5,0.010999977588653564
Cora,0.4,3,0.2,0.6,0.010999977588653564
Cora,0.4,3,0.2,0.7,0.010999977588653564
Cora,0.4,3,0.2,0.8,0.010999977588653564
Cora,0.4,3,0.2,0.9,0.010999977588653564
Cora,0.4,3,0.2,1.0,0.010999977588653564
Cora,0.4,3,0.3,0.0,0.010999977588653564
Cora,0.4,3,0.3,0.1,0.009000003337860107
Cora,0.4,3,0.3,0.2,0.019999980926513672
Cora,0.4,3,0.3,0.3,0.018999993801116943
Cora,0.4,3,0.3,0.4,0.018999993801116943
Cora,0.4,3,0.3,0.5,0.018999993801116943
Cora,0.4,3,0.3,0.6,0.018999993801116943
Cora,0.4,3,0.3,0.7,0.018999993801116943
Cora,0.4,3,0.3,0.8,0.018999993801116943
Cora,0.4,3,0.3,0.9,0.018999993801116943
Cora,0.4,3,0.3,1.0,0.018999993801116943
Cora,0.4,3,0.4,0.0,-0.009999990463256836
Cora,0.4,3,0.4,0.1,-0.0040000081062316895
Cora,0.4,3,0.4,0.2,0.013999998569488525
Cora,0.4,3,0.4,0.3,-0.004999995231628418
Cora,0.4,3,0.4,0.4,-0.004999995231628418
Cora,0.4,3,0.4,0.5,-0.004999995231628418
Cora,0.4,3,0.4,0.6,-0.004999995231628418
Cora,0.4,3,0.4,0.7,-0.004999995231628418
Cora,0.4,3,0.4,0.8,-0.004999995231628418
Cora,0.4,3,0.4,0.9,-0.004999995231628418
Cora,0.4,3,0.4,1.0,-0.004999995231628418
Cora,0.4,3,0.5,0.0,-0.009999990463256836
Cora,0.4,3,0.5,0.1,-0.0040000081062316895
Cora,0.4,3,0.5,0.2,0.013999998569488525
Cora,0.4,3,0.5,0.3,-0.004999995231628418
Cora,0.4,3,0.5,0.4,-0.004999995231628418
Cora,0.4,3,0.5,0.5,-0.004999995231628418
Cora,0.4,3,0.5,0.6,-0.004999995231628418
Cora,0.4,3,0.5,0.7,-0.004999995231628418
Cora,0.4,3,0.5,0.8,-0.004999995231628418
Cora,0.4,3,0.5,0.9,-0.004999995231628418
Cora,0.4,3,0.5,1.0,-0.004999995231628418
Cora,0.4,3,0.6,0.0,-0.009999990463256836
Cora,0.4,3,0.6,0.1,-0.0040000081062316895
Cora,0.4,3,0.6,0.2,0.013999998569488525
Cora,0.4,3,0.6,0.3,-0.004999995231628418
Cora,0.4,3,0.6,0.4,-0.004999995231628418
Cora,0.4,3,0.6,0.5,-0.004999995231628418
Cora,0.4,3,0.6,0.6,-0.004999995231628418
Cora,0.4,3,0.6,0.7,-0.004999995231628418
Cora,0.4,3,0.6,0.8,-0.004999995231628418
Cora,0.4,3,0.6,0.9,-0.004999995231628418
Cora,0.4,3,0.6,1.0,-0.004999995231628418
Cora,0.4,3,0.7,0.0,-0.009999990463256836
Cora,0.4,3,0.7,0.1,-0.0040000081062316895
Cora,0.4,3,0.7,0.2,0.013999998569488525
Cora,0.4,3,0.7,0.3,-0.004999995231628418
Cora,0.4,3,0.7,0.4,-0.004999995231628418
Cora,0.4,3,0.7,0.5,-0.004999995231628418
Cora,0.4,3,0.7,0.6,-0.004999995231628418
Cora,0.4,3,0.7,0.7,-0.004999995231628418
Cora,0.4,3,0.7,0.8,-0.004999995231628418
Cora,0.4,3,0.7,0.9,-0.004999995231628418
Cora,0.4,3,0.7,1.0,-0.004999995231628418
Cora,0.4,3,0.8,0.0,-0.009999990463256836
Cora,0.4,3,0.8,0.1,-0.0040000081062316895
Cora,0.4,3,0.8,0.2,0.013999998569488525
Cora,0.4,3,0.8,0.3,-0.004999995231628418
Cora,0.4,3,0.8,0.4,-0.004999995231628418
Cora,0.4,3,0.8,0.5,-0.004999995231628418
Cora,0.4,3,0.8,0.6,-0.004999995231628418
Cora,0.4,3,0.8,0.7,-0.004999995231628418
Cora,0.4,3,0.8,0.8,-0.004999995231628418
Cora,0.4,3,0.8,0.9,-0.004999995231628418
Cora,0.4,3,0.8,1.0,-0.004999995231628418
Cora,0.4,3,0.9,0.0,-0.009999990463256836
Cora,0.4,3,0.9,0.1,-0.0040000081062316895
Cora,0.4,3,0.9,0.2,0.013999998569488525
Cora,0.4,3,0.9,0.3,-0.004999995231628418
Cora,0.4,3,0.9,0.4,-0.004999995231628418
Cora,0.4,3,0.9,0.5,-0.004999995231628418
Cora,0.4,3,0.9,0.6,-0.004999995231628418
Cora,0.4,3,0.9,0.7,-0.004999995231628418
Cora,0.4,3,0.9,0.8,-0.004999995231628418
Cora,0.4,3,0.9,0.9,-0.004999995231628418
Cora,0.4,3,0.9,1.0,-0.004999995231628418
Cora,0.4,3,1.0,0.0,-0.009999990463256836
Cora,0.4,3,1.0,0.1,-0.0040000081062316895
Cora,0.4,3,1.0,0.2,0.013999998569488525
Cora,0.4,3,1.0,0.3,-0.004999995231628418
Cora,0.4,3,1.0,0.4,-0.004999995231628418
Cora,0.4,3,1.0,0.5,-0.004999995231628418
Cora,0.4,3,1.0,0.6,-0.004999995231628418
Cora,0.4,3,1.0,0.7,-0.004999995231628418
Cora,0.4,3,1.0,0.8,-0.004999995231628418
Cora,0.4,3,1.0,0.9,-0.004999995231628418
Cora,0.4,3,1.0,1.0,-0.004999995231628418
Cora,0.4,4,0.1,0.0,0.035999953746795654
Cora,0.4,4,0.1,0.1,0.030999958515167236
Cora,0.4,4,0.1,0.2,0.026999950408935547
Cora,0.4,4,0.1,0.3,0.018999993801116943
Cora,0.4,4,0.1,0.4,0.018999993801116943
Cora,0.4,4,0.1,0.5,0.018999993801116943
Cora,0.4,4,0.1,0.6,0.018999993801116943
Cora,0.4,4,0.1,0.7,0.018999993801116943
Cora,0.4,4,0.1,0.8,0.018999993801116943
Cora,0.4,4,0.1,0.9,0.018999993801116943
Cora,0.4,4,0.1,1.0,0.018999993801116943
Cora,0.4,4,0.2,0.0,0.0339999794960022
Cora,0.4,4,0.2,0.1,0.034999966621398926
Cora,0.4,4,0.2,0.2,0.0339999794960022
Cora,0.4,4,0.2,0.3,0.03200000524520874
Cora,0.4,4,0.2,0.4,0.03200000524520874
Cora,0.4,4,0.2,0.5,0.03200000524520874
Cora,0.4,4,0.2,0.6,0.03200000524520874
Cora,0.4,4,0.2,0.7,0.03200000524520874
Cora,0.4,4,0.2,0.8,0.03200000524520874
Cora,0.4,4,0.2,0.9,0.03200000524520874
Cora,0.4,4,0.2,1.0,0.03200000524520874
Cora,0.4,4,0.3,0.0,0.03200000524520874
Cora,0.4,4,0.3,0.1,0.03200000524520874
Cora,0.4,4,0.3,0.2,0.078000009059906
Cora,0.4,4,0.3,0.3,0.0339999794960022
Cora,0.4,4,0.3,0.4,0.0339999794960022
Cora,0.4,4,0.3,0.5,0.0339999794960022
Cora,0.4,4,0.3,0.6,0.0339999794960022
Cora,0.4,4,0.3,0.7,0.0339999794960022
Cora,0.4,4,0.3,0.8,0.0339999794960022
Cora,0.4,4,0.3,0.9,0.0339999794960022
Cora,0.4,4,0.3,1.0,0.0339999794960022
Cora,0.4,4,0.4,0.0,0.023000001907348633
Cora,0.4,4,0.4,0.1,0.026999950408935547
Cora,0.4,4,0.4,0.2,0.02799999713897705
Cora,0.4,4,0.4,0.3,0.014999985694885254
Cora,0.4,4,0.4,0.4,0.014999985694885254
Cora,0.4,4,0.4,0.5,0.014999985694885254
Cora,0.4,4,0.4,0.6,0.014999985694885254
Cora,0.4,4,0.4,0.7,0.014999985694885254
Cora,0.4,4,0.4,0.8,0.014999985694885254
Cora,0.4,4,0.4,0.9,0.014999985694885254
Cora,0.4,4,0.4,1.0,0.014999985694885254
Cora,0.4,4,0.5,0.0,0.023000001907348633
Cora,0.4,4,0.5,0.1,0.026999950408935547
Cora,0.4,4,0.5,0.2,0.02799999713897705
Cora,0.4,4,0.5,0.3,0.014999985694885254
Cora,0.4,4,0.5,0.4,0.014999985694885254
Cora,0.4,4,0.5,0.5,0.014999985694885254
Cora,0.4,4,0.5,0.6,0.014999985694885254
Cora,0.4,4,0.5,0.7,0.014999985694885254
Cora,0.4,4,0.5,0.8,0.014999985694885254
Cora,0.4,4,0.5,0.9,0.014999985694885254
Cora,0.4,4,0.5,1.0,0.014999985694885254
Cora,0.4,4,0.6,0.0,0.023000001907348633
Cora,0.4,4,0.6,0.1,0.026999950408935547
Cora,0.4,4,0.6,0.2,0.02799999713897705
Cora,0.4,4,0.6,0.3,0.014999985694885254
Cora,0.4,4,0.6,0.4,0.014999985694885254
Cora,0.4,4,0.6,0.5,0.014999985694885254
Cora,0.4,4,0.6,0.6,0.014999985694885254
Cora,0.4,4,0.6,0.7,0.014999985694885254
Cora,0.4,4,0.6,0.8,0.014999985694885254
Cora,0.4,4,0.6,0.9,0.014999985694885254
Cora,0.4,4,0.6,1.0,0.014999985694885254
Cora,0.4,4,0.7,0.0,0.01699995994567871
Cora,0.4,4,0.7,0.1,0.0209999680519104
Cora,0.4,4,0.7,0.2,0.02199995517730713
Cora,0.4,4,0.7,0.3,0.010999977588653564
Cora,0.4,4,0.7,0.4,0.010999977588653564
Cora,0.4,4,0.7,0.5,0.010999977588653564
Cora,0.4,4,0.7,0.6,0.010999977588653564
Cora,0.4,4,0.7,0.7,0.010999977588653564
Cora,0.4,4,0.7,0.8,0.010999977588653564
Cora,0.4,4,0.7,0.9,0.010999977588653564
Cora,0.4,4,0.7,1.0,0.010999977588653564
Cora,0.4,4,0.8,0.0,0.01699995994567871
Cora,0.4,4,0.8,0.1,0.0209999680519104
Cora,0.4,4,0.8,0.2,0.02199995517730713
Cora,0.4,4,0.8,0.3,0.010999977588653564
Cora,0.4,4,0.8,0.4,0.010999977588653564
Cora,0.4,4,0.8,0.5,0.010999977588653564
Cora,0.4,4,0.8,0.6,0.010999977588653564
Cora,0.4,4,0.8,0.7,0.010999977588653564
Cora,0.4,4,0.8,0.8,0.010999977588653564
Cora,0.4,4,0.8,0.9,0.010999977588653564
Cora,0.4,4,0.8,1.0,0.010999977588653564
Cora,0.4,4,0.9,0.0,0.01699995994567871
Cora,0.4,4,0.9,0.1,0.0209999680519104
Cora,0.4,4,0.9,0.2,0.02199995517730713
Cora,0.4,4,0.9,0.3,0.010999977588653564
Cora,0.4,4,0.9,0.4,0.010999977588653564
Cora,0.4,4,0.9,0.5,0.010999977588653564
Cora,0.4,4,0.9,0.6,0.010999977588653564
Cora,0.4,4,0.9,0.7,0.010999977588653564
Cora,0.4,4,0.9,0.8,0.010999977588653564
Cora,0.4,4,0.9,0.9,0.010999977588653564
Cora,0.4,4,0.9,1.0,0.010999977588653564
Cora,0.4,4,1.0,0.0,0.01699995994567871
Cora,0.4,4,1.0,0.1,0.0209999680519104
Cora,0.4,4,1.0,0.2,0.02199995517730713
Cora,0.4,4,1.0,0.3,0.010999977588653564
Cora,0.4,4,1.0,0.4,0.010999977588653564
Cora,0.4,4,1.0,0.5,0.010999977588653564
Cora,0.4,4,1.0,0.6,0.010999977588653564
Cora,0.4,4,1.0,0.7,0.010999977588653564
Cora,0.4,4,1.0,0.8,0.010999977588653564
Cora,0.4,4,1.0,0.9,0.010999977588653564
Cora,0.4,4,1.0,1.0,0.010999977588653564
Cora,0.4,5,0.1,0.0,0.03200000524520874
Cora,0.4,5,0.1,0.1,0.02799999713897705
Cora,0.4,5,0.1,0.2,0.02799999713897705
Cora,0.4,5,0.1,0.3,0.021000027656555176
Cora,0.4,5,0.1,0.4,0.021000027656555176
Cora,0.4,5,0.1,0.5,0.021000027656555176
Cora,0.4,5,0.1,0.6,0.02399998903274536
Cora,0.4,5,0.1,0.7,0.021000027656555176
Cora,0.4,5,0.1,0.8,0.021000027656555176
Cora,0.4,5,0.1,0.9,0.021000027656555176
Cora,0.4,5,0.1,1.0,0.021000027656555176
Cora,0.4,5,0.2,0.0,-0.018000006675720215
Cora,0.4,5,0.2,0.1,-0.018999993801116943
Cora,0.4,5,0.2,0.2,-0.018999993801116943
Cora,0.4,5,0.2,0.3,-0.02399998903274536
Cora,0.4,5,0.2,0.4,-0.02399998903274536
Cora,0.4,5,0.2,0.5,-0.02399998903274536
Cora,0.4,5,0.2,0.6,-0.018000006675720215
Cora,0.4,5,0.2,0.7,-0.010999977588653564
Cora,0.4,5,0.2,0.8,-0.010999977588653564
Cora,0.4,5,0.2,0.9,-0.010999977588653564
Cora,0.4,5,0.2,1.0,-0.010999977588653564
Cora,0.4,5,0.3,0.0,-0.03200000524520874
Cora,0.4,5,0.3,0.1,-0.026000022888183594
Cora,0.4,5,0.3,0.2,-0.026000022888183594
Cora,0.4,5,0.3,0.3,-0.02799999713897705
Cora,0.4,5,0.3,0.4,-0.02799999713897705
Cora,0.4,5,0.3,0.5,-0.02799999713897705
Cora,0.4,5,0.3,0.6,-0.02899998426437378
Cora,0.4,5,0.3,0.7,-0.023000001907348633
Cora,0.4,5,0.3,0.8,-0.023000001907348633
Cora,0.4,5,0.3,0.9,-0.023000001907348633
Cora,0.4,5,0.3,1.0,-0.023000001907348633
Cora,0.4,5,0.4,0.0,-0.029999971389770508
Cora,0.4,5,0.4,0.1,-0.029999971389770508
Cora,0.4,5,0.4,0.2,-0.029999971389770508
Cora,0.4,5,0.4,0.3,-0.03200000524520874
Cora,0.4,5,0.4,0.4,-0.03200000524520874
Cora,0.4,5,0.4,0.5,-0.03200000524520874
Cora,0.4,5,0.4,0.6,-0.02799999713897705
Cora,0.4,5,0.4,0.7,-0.022000014781951904
Cora,0.4,5,0.4,0.8,-0.022000014781951904
Cora,0.4,5,0.4,0.9,-0.022000014781951904
Cora,0.4,5,0.4,1.0,-0.022000014781951904
Cora,0.4,5,0.5,0.0,-0.03600001335144043
Cora,0.4,5,0.5,0.1,-0.04100000858306885
Cora,0.4,5,0.5,0.2,-0.04100000858306885
Cora,0.4,5,0.5,0.3,-0.041999995708465576
Cora,0.4,5,0.5,0.4,-0.041999995708465576
Cora,0.4,5,0.5,0.5,-0.041999995708465576
Cora,0.4,5,0.5,0.6,-0.03299999237060547
Cora,0.4,5,0.5,0.7,-0.008000016212463379
Cora,0.4,5,0.5,0.8,-0.008000016212463379
Cora,0.4,5,0.5,0.9,-0.008000016212463379
Cora,0.4,5,0.5,1.0,-0.008000016212463379
Cora,0.4,5,0.6,0.0,-0.03600001335144043
Cora,0.4,5,0.6,0.1,-0.04100000858306885
Cora,0.4,5,0.6,0.2,-0.04100000858306885
Cora,0.4,5,0.6,0.3,-0.041999995708465576
Cora,0.4,5,0.6,0.4,-0.041999995708465576
Cora,0.4,5,0.6,0.5,-0.041999995708465576
Cora,0.4,5,0.6,0.6,-0.03299999237060547
Cora,0.4,5,0.6,0.7,-0.008000016212463379
Cora,0.4,5,0.6,0.8,-0.008000016212463379
Cora,0.4,5,0.6,0.9,-0.008000016212463379
Cora,0.4,5,0.6,1.0,-0.008000016212463379
Cora,0.4,5,0.7,0.0,-0.03600001335144043
Cora,0.4,5,0.7,0.1,-0.04100000858306885
Cora,0.4,5,0.7,0.2,-0.04100000858306885
Cora,0.4,5,0.7,0.3,-0.041999995708465576
Cora,0.4,5,0.7,0.4,-0.041999995708465576
Cora,0.4,5,0.7,0.5,-0.041999995708465576
Cora,0.4,5,0.7,0.6,-0.03299999237060547
Cora,0.4,5,0.7,0.7,-0.008000016212463379
Cora,0.4,5,0.7,0.8,-0.008000016212463379
Cora,0.4,5,0.7,0.9,-0.008000016212463379
Cora,0.4,5,0.7,1.0,-0.008000016212463379
Cora,0.4,5,0.8,0.0,-0.03600001335144043
Cora,0.4,5,0.8,0.1,-0.04100000858306885
Cora,0.4,5,0.8,0.2,-0.04100000858306885
Cora,0.4,5,0.8,0.3,-0.041999995708465576
Cora,0.4,5,0.8,0.4,-0.041999995708465576
Cora,0.4,5,0.8,0.5,-0.041999995708465576
Cora,0.4,5,0.8,0.6,-0.03299999237060547
Cora,0.4,5,0.8,0.7,-0.008000016212463379
Cora,0.4,5,0.8,0.8,-0.008000016212463379
Cora,0.4,5,0.8,0.9,-0.008000016212463379
Cora,0.4,5,0.8,1.0,-0.008000016212463379
Cora,0.4,5,0.9,0.0,-0.03600001335144043
Cora,0.4,5,0.9,0.1,-0.04100000858306885
Cora,0.4,5,0.9,0.2,-0.04100000858306885
Cora,0.4,5,0.9,0.3,-0.041999995708465576
Cora,0.4,5,0.9,0.4,-0.041999995708465576
Cora,0.4,5,0.9,0.5,-0.041999995708465576
Cora,0.4,5,0.9,0.6,-0.03299999237060547
Cora,0.4,5,0.9,0.7,-0.008000016212463379
Cora,0.4,5,0.9,0.8,-0.008000016212463379
Cora,0.4,5,0.9,0.9,-0.008000016212463379
Cora,0.4,5,0.9,1.0,-0.008000016212463379
Cora,0.4,5,1.0,0.0,-0.03600001335144043
Cora,0.4,5,1.0,0.1,-0.04100000858306885
Cora,0.4,5,1.0,0.2,-0.04100000858306885
Cora,0.4,5,1.0,0.3,-0.041999995708465576
Cora,0.4,5,1.0,0.4,-0.041999995708465576
Cora,0.4,5,1.0,0.5,-0.041999995708465576
Cora,0.4,5,1.0,0.6,-0.03299999237060547
Cora,0.4,5,1.0,0.7,-0.008000016212463379
Cora,0.4,5,1.0,0.8,-0.008000016212463379
Cora,0.4,5,1.0,0.9,-0.008000016212463379
Cora,0.4,5,1.0,1.0,-0.008000016212463379
Cora,0.4,6,0.1,0.0,-0.012999951839447021
Cora,0.4,6,0.1,0.1,-0.003999948501586914
Cora,0.4,6,0.1,0.2,-0.010999977588653564
Cora,0.4,6,0.1,0.3,-0.010999977588653564
Cora,0.4,6,0.1,0.4,-0.01699995994567871
Cora,0.4,6,0.1,0.5,-0.01699995994567871
Cora,0.4,6,0.1,0.6,-0.03299999237060547
Cora,0.4,6,0.1,0.7,-0.0339999794960022
Cora,0.4,6,0.1,0.8,-0.0339999794960022
Cora,0.4,6,0.1,0.9,-0.0339999794960022
Cora,0.4,6,0.1,1.0,-0.0339999794960022
Cora,0.4,6,0.2,0.0,-0.013999998569488525
Cora,0.4,6,0.2,0.1,-0.01699995994567871
Cora,0.4,6,0.2,0.2,-0.012999951839447021
Cora,0.4,6,0.2,0.3,-0.012999951839447021
Cora,0.4,6,0.2,0.4,-0.009000003337860107
Cora,0.4,6,0.2,0.5,-0.009000003337860107
Cora,0.4,6,0.2,0.6,-0.02499997615814209
Cora,0.4,6,0.2,0.7,-0.02799999713897705
Cora,0.4,6,0.2,0.8,-0.02799999713897705
Cora,0.4,6,0.2,0.9,-0.02799999713897705
Cora,0.4,6,0.2,1.0,-0.02799999713897705
Cora,0.4,6,0.3,0.0,-0.013999998569488525
Cora,0.4,6,0.3,0.1,-0.01699995994567871
Cora,0.4,6,0.3,0.2,-0.012999951839447021
Cora,0.4,6,0.3,0.3,-0.012999951839447021
Cora,0.4,6,0.3,0.4,-0.009000003337860107
Cora,0.4,6,0.3,0.5,-0.009000003337860107
Cora,0.4,6,0.3,0.6,-0.02499997615814209
Cora,0.4,6,0.3,0.7,-0.02799999713897705
Cora,0.4,6,0.3,0.8,-0.02799999713897705
Cora,0.4,6,0.3,0.9,-0.02799999713897705
Cora,0.4,6,0.3,1.0,-0.02799999713897705
Cora,0.4,6,0.4,0.0,-0.013999998569488525
Cora,0.4,6,0.4,0.1,-0.01699995994567871
Cora,0.4,6,0.4,0.2,-0.012999951839447021
Cora,0.4,6,0.4,0.3,-0.012999951839447021
Cora,0.4,6,0.4,0.4,-0.009000003337860107
Cora,0.4,6,0.4,0.5,-0.009000003337860107
Cora,0.4,6,0.4,0.6,-0.02499997615814209
Cora,0.4,6,0.4,0.7,-0.02799999713897705
Cora,0.4,6,0.4,0.8,-0.02799999713897705
Cora,0.4,6,0.4,0.9,-0.02799999713897705
Cora,0.4,6,0.4,1.0,-0.02799999713897705
Cora,0.4,6,0.5,0.0,-0.013999998569488525
Cora,0.4,6,0.5,0.1,-0.01699995994567871
Cora,0.4,6,0.5,0.2,-0.012999951839447021
Cora,0.4,6,0.5,0.3,-0.012999951839447021
Cora,0.4,6,0.5,0.4,-0.009000003337860107
Cora,0.4,6,0.5,0.5,-0.009000003337860107
Cora,0.4,6,0.5,0.6,-0.02499997615814209
Cora,0.4,6,0.5,0.7,-0.02799999713897705
Cora,0.4,6,0.5,0.8,-0.02799999713897705
Cora,0.4,6,0.5,0.9,-0.02799999713897705
Cora,0.4,6,0.5,1.0,-0.02799999713897705
Cora,0.4,6,0.6,0.0,-0.013999998569488525
Cora,0.4,6,0.6,0.1,-0.01699995994567871
Cora,0.4,6,0.6,0.2,-0.012999951839447021
Cora,0.4,6,0.6,0.3,-0.012999951839447021
Cora,0.4,6,0.6,0.4,-0.009000003337860107
Cora,0.4,6,0.6,0.5,-0.009000003337860107
Cora,0.4,6,0.6,0.6,-0.02499997615814209
Cora,0.4,6,0.6,0.7,-0.02799999713897705
Cora,0.4,6,0.6,0.8,-0.02799999713897705
Cora,0.4,6,0.6,0.9,-0.02799999713897705
Cora,0.4,6,0.6,1.0,-0.02799999713897705
Cora,0.4,6,0.7,0.0,-0.013999998569488525
Cora,0.4,6,0.7,0.1,-0.01699995994567871
Cora,0.4,6,0.7,0.2,-0.012999951839447021
Cora,0.4,6,0.7,0.3,-0.012999951839447021
Cora,0.4,6,0.7,0.4,-0.009000003337860107
Cora,0.4,6,0.7,0.5,-0.009000003337860107
Cora,0.4,6,0.7,0.6,-0.02499997615814209
Cora,0.4,6,0.7,0.7,-0.02799999713897705
Cora,0.4,6,0.7,0.8,-0.02799999713897705
Cora,0.4,6,0.7,0.9,-0.02799999713897705
Cora,0.4,6,0.7,1.0,-0.02799999713897705
Cora,0.4,6,0.8,0.0,-0.013999998569488525
Cora,0.4,6,0.8,0.1,-0.01699995994567871
Cora,0.4,6,0.8,0.2,-0.012999951839447021
Cora,0.4,6,0.8,0.3,-0.012999951839447021
Cora,0.4,6,0.8,0.4,-0.009000003337860107
Cora,0.4,6,0.8,0.5,-0.009000003337860107
Cora,0.4,6,0.8,0.6,-0.02499997615814209
Cora,0.4,6,0.8,0.7,-0.02799999713897705
Cora,0.4,6,0.8,0.8,-0.02799999713897705
Cora,0.4,6,0.8,0.9,-0.02799999713897705
Cora,0.4,6,0.8,1.0,-0.02799999713897705
Cora,0.4,6,0.9,0.0,-0.013999998569488525
Cora,0.4,6,0.9,0.1,-0.01699995994567871
Cora,0.4,6,0.9,0.2,-0.012999951839447021
Cora,0.4,6,0.9,0.3,-0.012999951839447021
Cora,0.4,6,0.9,0.4,-0.009000003337860107
Cora,0.4,6,0.9,0.5,-0.009000003337860107
Cora,0.4,6,0.9,0.6,-0.02499997615814209
Cora,0.4,6,0.9,0.7,-0.02799999713897705
Cora,0.4,6,0.9,0.8,-0.02799999713897705
Cora,0.4,6,0.9,0.9,-0.02799999713897705
Cora,0.4,6,0.9,1.0,-0.02799999713897705
Cora,0.4,6,1.0,0.0,-0.013999998569488525
Cora,0.4,6,1.0,0.1,-0.01699995994567871
Cora,0.4,6,1.0,0.2,-0.012999951839447021
Cora,0.4,6,1.0,0.3,-0.012999951839447021
Cora,0.4,6,1.0,0.4,-0.009000003337860107
Cora,0.4,6,1.0,0.5,-0.009000003337860107
Cora,0.4,6,1.0,0.6,-0.02499997615814209
Cora,0.4,6,1.0,0.7,-0.02799999713897705
Cora,0.4,6,1.0,0.8,-0.02799999713897705
Cora,0.4,6,1.0,0.9,-0.02799999713897705
Cora,0.4,6,1.0,1.0,-0.02799999713897705
Cora,0.4,7,0.1,0.0,0.019999980926513672
Cora,0.4,7,0.1,0.1,0.014999985694885254
Cora,0.4,7,0.1,0.2,0.014999985694885254
Cora,0.4,7,0.1,0.3,0.011999964714050293
Cora,0.4,7,0.1,0.4,0.011999964714050293
Cora,0.4,7,0.1,0.5,0.017000019550323486
Cora,0.4,7,0.1,0.6,0.017000019550323486
Cora,0.4,7,0.1,0.7,0.017000019550323486
Cora,0.4,7,0.1,0.8,0.017000019550323486
Cora,0.4,7,0.1,0.9,0.017000019550323486
Cora,0.4,7,0.1,1.0,0.017000019550323486
Cora,0.4,7,0.2,0.0,0.013999998569488525
Cora,0.4,7,0.2,0.1,0.0059999823570251465
Cora,0.4,7,0.2,0.2,0.0059999823570251465
Cora,0.4,7,0.2,0.3,0.006999969482421875
Cora,0.4,7,0.2,0.4,0.006999969482421875
Cora,0.4,7,0.2,0.5,0.013999998569488525
Cora,0.4,7,0.2,0.6,0.013999998569488525
Cora,0.4,7,0.2,0.7,0.013999998569488525
Cora,0.4,7,0.2,0.8,0.013999998569488525
Cora,0.4,7,0.2,0.9,0.013999998569488525
Cora,0.4,7,0.2,1.0,0.013999998569488525
Cora,0.4,7,0.3,0.0,-0.0040000081062316895
Cora,0.4,7,0.3,0.1,-0.009000003337860107
Cora,0.4,7,0.3,0.2,-0.009000003337860107
Cora,0.4,7,0.3,0.3,-0.009000003337860107
Cora,0.4,7,0.3,0.4,-0.009000003337860107
Cora,0.4,7,0.3,0.5,-0.003000020980834961
Cora,0.4,7,0.3,0.6,-0.003000020980834961
Cora,0.4,7,0.3,0.7,-0.003000020980834961
Cora,0.4,7,0.3,0.8,-0.003000020980834961
Cora,0.4,7,0.3,0.9,-0.003000020980834961
Cora,0.4,7,0.3,1.0,-0.003000020980834961
Cora,0.4,7,0.4,0.0,0.006999969482421875
Cora,0.4,7,0.4,0.1,0.0059999823570251465
Cora,0.4,7,0.4,0.2,0.0059999823570251465
Cora,0.4,7,0.4,0.3,0.009000003337860107
Cora,0.4,7,0.4,0.4,0.009000003337860107
Cora,0.4,7,0.4,0.5,0.009000003337860107
Cora,0.4,7,0.4,0.6,0.009000003337860107
Cora,0.4,7,0.4,0.7,0.009000003337860107
Cora,0.4,7,0.4,0.8,0.009000003337860107
Cora,0.4,7,0.4,0.9,0.009000003337860107
Cora,0.4,7,0.4,1.0,0.009000003337860107
Cora,0.4,7,0.5,0.0,-0.0059999823570251465
Cora,0.4,7,0.5,0.1,-0.00700002908706665
Cora,0.4,7,0.5,0.2,-0.00700002908706665
Cora,0.4,7,0.5,0.3,-0.003000020980834961
Cora,0.4,7,0.5,0.4,-0.003000020980834961
Cora,0.4,7,0.5,0.5,0.0
Cora,0.4,7,0.5,0.6,0.0
Cora,0.4,7,0.5,0.7,0.0
Cora,0.4,7,0.5,0.8,0.0
Cora,0.4,7,0.5,0.9,0.0
Cora,0.4,7,0.5,1.0,0.0
Cora,0.4,7,0.6,0.0,-0.0059999823570251465
Cora,0.4,7,0.6,0.1,-0.00700002908706665
Cora,0.4,7,0.6,0.2,-0.00700002908706665
Cora,0.4,7,0.6,0.3,-0.003000020980834961
Cora,0.4,7,0.6,0.4,-0.003000020980834961
Cora,0.4,7,0.6,0.5,0.0
Cora,0.4,7,0.6,0.6,0.0
Cora,0.4,7,0.6,0.7,0.0
Cora,0.4,7,0.6,0.8,0.0
Cora,0.4,7,0.6,0.9,0.0
Cora,0.4,7,0.6,1.0,0.0
Cora,0.4,7,0.7,0.0,-0.0059999823570251465
Cora,0.4,7,0.7,0.1,-0.00700002908706665
Cora,0.4,7,0.7,0.2,-0.00700002908706665
Cora,0.4,7,0.7,0.3,-0.003000020980834961
Cora,0.4,7,0.7,0.4,-0.003000020980834961
Cora,0.4,7,0.7,0.5,0.0
Cora,0.4,7,0.7,0.6,0.0
Cora,0.4,7,0.7,0.7,0.0
Cora,0.4,7,0.7,0.8,0.0
Cora,0.4,7,0.7,0.9,0.0
Cora,0.4,7,0.7,1.0,0.0
Cora,0.4,7,0.8,0.0,-0.0059999823570251465
Cora,0.4,7,0.8,0.1,-0.00700002908706665
Cora,0.4,7,0.8,0.2,-0.00700002908706665
Cora,0.4,7,0.8,0.3,-0.003000020980834961
Cora,0.4,7,0.8,0.4,-0.003000020980834961
Cora,0.4,7,0.8,0.5,0.0
Cora,0.4,7,0.8,0.6,0.0
Cora,0.4,7,0.8,0.7,0.0
Cora,0.4,7,0.8,0.8,0.0
Cora,0.4,7,0.8,0.9,0.0
Cora,0.4,7,0.8,1.0,0.0
Cora,0.4,7,0.9,0.0,-0.0020000338554382324
Cora,0.4,7,0.9,0.1,-0.008000016212463379
Cora,0.4,7,0.9,0.2,-0.008000016212463379
Cora,0.4,7,0.9,0.3,-0.004999995231628418
Cora,0.4,7,0.9,0.4,-0.004999995231628418
Cora,0.4,7,0.9,0.5,-0.0009999871253967285
Cora,0.4,7,0.9,0.6,-0.0009999871253967285
Cora,0.4,7,0.9,0.7,-0.0009999871253967285
Cora,0.4,7,0.9,0.8,-0.0009999871253967285
Cora,0.4,7,0.9,0.9,-0.0009999871253967285
Cora,0.4,7,0.9,1.0,-0.0009999871253967285
Cora,0.4,7,1.0,0.0,-0.0020000338554382324
Cora,0.4,7,1.0,0.1,-0.008000016212463379
Cora,0.4,7,1.0,0.2,-0.008000016212463379
Cora,0.4,7,1.0,0.3,-0.004999995231628418
Cora,0.4,7,1.0,0.4,-0.004999995231628418
Cora,0.4,7,1.0,0.5,-0.0009999871253967285
Cora,0.4,7,1.0,0.6,-0.0009999871253967285
Cora,0.4,7,1.0,0.7,-0.0009999871253967285
Cora,0.4,7,1.0,0.8,-0.0009999871253967285
Cora,0.4,7,1.0,0.9,-0.0009999871253967285
Cora,0.4,7,1.0,1.0,-0.0009999871253967285
Cora,0.4,8,0.1,0.0,0.04100000858306885
Cora,0.4,8,0.1,0.1,0.04400002956390381
Cora,0.4,8,0.1,0.2,0.04400002956390381
Cora,0.4,8,0.1,0.3,0.04900002479553223
Cora,0.4,8,0.1,0.4,0.04900002479553223
Cora,0.4,8,0.1,0.5,0.04900002479553223
Cora,0.4,8,0.1,0.6,0.04900002479553223
Cora,0.4,8,0.1,0.7,0.0480000376701355
Cora,0.4,8,0.1,0.8,0.0480000376701355
Cora,0.4,8,0.1,0.9,0.0480000376701355
Cora,0.4,8,0.1,1.0,0.0480000376701355
Cora,0.4,8,0.2,0.0,0.019999980926513672
Cora,0.4,8,0.2,0.1,0.014999985694885254
Cora,0.4,8,0.2,0.2,0.014999985694885254
Cora,0.4,8,0.2,0.3,0.02399998903274536
Cora,0.4,8,0.2,0.4,0.02399998903274536
Cora,0.4,8,0.2,0.5,0.02399998903274536
Cora,0.4,8,0.2,0.6,0.02399998903274536
Cora,0.4,8,0.2,0.7,0.016000032424926758
Cora,0.4,8,0.2,0.8,0.016000032424926758
Cora,0.4,8,0.2,0.9,0.016000032424926758
Cora,0.4,8,0.2,1.0,0.016000032424926758
Cora,0.4,8,0.3,0.0,0.014999985694885254
Cora,0.4,8,0.3,0.1,0.018999993801116943
Cora,0.4,8,0.3,0.2,0.018999993801116943
Cora,0.4,8,0.3,0.3,0.013000011444091797
Cora,0.4,8,0.3,0.4,0.013000011444091797
Cora,0.4,8,0.3,0.5,0.013000011444091797
Cora,0.4,8,0.3,0.6,0.013000011444091797
Cora,0.4,8,0.3,0.7,0.018000006675720215
Cora,0.4,8,0.3,0.8,0.018000006675720215
Cora,0.4,8,0.3,0.9,0.018000006675720215
Cora,0.4,8,0.3,1.0,0.018000006675720215
Cora,0.4,8,0.4,0.0,0.01199999451637268
Cora,0.4,8,0.4,0.1,0.010000020265579224
Cora,0.4,8,0.4,0.2,0.010000020265579224
Cora,0.4,8,0.4,0.3,0.021000027656555176
Cora,0.4,8,0.4,0.4,0.021000027656555176
Cora,0.4,8,0.4,0.5,0.021000027656555176
Cora,0.4,8,0.4,0.6,0.021000027656555176
Cora,0.4,8,0.4,0.7,0.010000020265579224
Cora,0.4,8,0.4,0.8,0.010000020265579224
Cora,0.4,8,0.4,0.9,0.010000020265579224
Cora,0.4,8,0.4,1.0,0.010000020265579224
Cora,0.4,8,0.5,0.0,0.0
Cora,0.4,8,0.5,0.1,0.006000012159347534
Cora,0.4,8,0.5,0.2,0.006000012159347534
Cora,0.4,8,0.5,0.3,0.011000007390975952
Cora,0.4,8,0.5,0.4,0.011000007390975952
Cora,0.4,8,0.5,0.5,0.011000007390975952
Cora,0.4,8,0.5,0.6,0.011000007390975952
Cora,0.4,8,0.5,0.7,0.006999999284744263
Cora,0.4,8,0.5,0.8,0.006999999284744263
Cora,0.4,8,0.5,0.9,0.006999999284744263
Cora,0.4,8,0.5,1.0,0.006999999284744263
Cora,0.4,8,0.6,0.0,0.0
Cora,0.4,8,0.6,0.1,0.006000012159347534
Cora,0.4,8,0.6,0.2,0.006000012159347534
Cora,0.4,8,0.6,0.3,0.011000007390975952
Cora,0.4,8,0.6,0.4,0.011000007390975952
Cora,0.4,8,0.6,0.5,0.011000007390975952
Cora,0.4,8,0.6,0.6,0.011000007390975952
Cora,0.4,8,0.6,0.7,0.006999999284744263
Cora,0.4,8,0.6,0.8,0.006999999284744263
Cora,0.4,8,0.6,0.9,0.006999999284744263
Cora,0.4,8,0.6,1.0,0.006999999284744263
Cora,0.4,8,0.7,0.0,0.0
Cora,0.4,8,0.7,0.1,0.006000012159347534
Cora,0.4,8,0.7,0.2,0.006000012159347534
Cora,0.4,8,0.7,0.3,0.011000007390975952
Cora,0.4,8,0.7,0.4,0.011000007390975952
Cora,0.4,8,0.7,0.5,0.011000007390975952
Cora,0.4,8,0.7,0.6,0.011000007390975952
Cora,0.4,8,0.7,0.7,0.006999999284744263
Cora,0.4,8,0.7,0.8,0.006999999284744263
Cora,0.4,8,0.7,0.9,0.006999999284744263
Cora,0.4,8,0.7,1.0,0.006999999284744263
Cora,0.4,8,0.8,0.0,0.0
Cora,0.4,8,0.8,0.1,0.006000012159347534
Cora,0.4,8,0.8,0.2,0.006000012159347534
Cora,0.4,8,0.8,0.3,0.011000007390975952
Cora,0.4,8,0.8,0.4,0.011000007390975952
Cora,0.4,8,0.8,0.5,0.011000007390975952
Cora,0.4,8,0.8,0.6,0.011000007390975952
Cora,0.4,8,0.8,0.7,0.006999999284744263
Cora,0.4,8,0.8,0.8,0.006999999284744263
Cora,0.4,8,0.8,0.9,0.006999999284744263
Cora,0.4,8,0.8,1.0,0.006999999284744263
Cora,0.4,8,0.9,0.0,0.0
Cora,0.4,8,0.9,0.1,0.006000012159347534
Cora,0.4,8,0.9,0.2,0.006000012159347534
Cora,0.4,8,0.9,0.3,0.011000007390975952
Cora,0.4,8,0.9,0.4,0.011000007390975952
Cora,0.4,8,0.9,0.5,0.011000007390975952
Cora,0.4,8,0.9,0.6,0.011000007390975952
Cora,0.4,8,0.9,0.7,0.006999999284744263
Cora,0.4,8,0.9,0.8,0.006999999284744263
Cora,0.4,8,0.9,0.9,0.006999999284744263
Cora,0.4,8,0.9,1.0,0.006999999284744263
Cora,0.4,8,1.0,0.0,0.0
Cora,0.4,8,1.0,0.1,0.006000012159347534
Cora,0.4,8,1.0,0.2,0.006000012159347534
Cora,0.4,8,1.0,0.3,0.011000007390975952
Cora,0.4,8,1.0,0.4,0.011000007390975952
Cora,0.4,8,1.0,0.5,0.011000007390975952
Cora,0.4,8,1.0,0.6,0.011000007390975952
Cora,0.4,8,1.0,0.7,0.006999999284744263
Cora,0.4,8,1.0,0.8,0.006999999284744263
Cora,0.4,8,1.0,0.9,0.006999999284744263
Cora,0.4,8,1.0,1.0,0.006999999284744263
Cora,0.4,9,0.1,0.0,0.025000035762786865
Cora,0.4,9,0.1,0.1,0.03100001811981201
Cora,0.4,9,0.1,0.2,0.03700000047683716
Cora,0.4,9,0.1,0.3,0.03700000047683716
Cora,0.4,9,0.1,0.4,0.033000051975250244
Cora,0.4,9,0.1,0.5,0.03200000524520874
Cora,0.4,9,0.1,0.6,0.03200000524520874
Cora,0.4,9,0.1,0.7,0.03200000524520874
Cora,0.4,9,0.1,0.8,0.03600001335144043
Cora,0.4,9,0.1,0.9,0.03600001335144043
Cora,0.4,9,0.1,1.0,0.025000035762786865
Cora,0.4,9,0.2,0.0,0.06300002336502075
Cora,0.4,9,0.2,0.1,0.05200004577636719
Cora,0.4,9,0.2,0.2,0.05500000715255737
Cora,0.4,9,0.2,0.3,0.05500000715255737
Cora,0.4,9,0.2,0.4,0.04100000858306885
Cora,0.4,9,0.2,0.5,0.04500001668930054
Cora,0.4,9,0.2,0.6,0.04500001668930054
Cora,0.4,9,0.2,0.7,0.04500001668930054
Cora,0.4,9,0.2,0.8,0.04200005531311035
Cora,0.4,9,0.2,0.9,0.04200005531311035
Cora,0.4,9,0.2,1.0,0.03900003433227539
Cora,0.4,9,0.3,0.0,0.06300002336502075
Cora,0.4,9,0.3,0.1,0.05200004577636719
Cora,0.4,9,0.3,0.2,0.05500000715255737
Cora,0.4,9,0.3,0.3,0.05500000715255737
Cora,0.4,9,0.3,0.4,0.04100000858306885
Cora,0.4,9,0.3,0.5,0.04500001668930054
Cora,0.4,9,0.3,0.6,0.04500001668930054
Cora,0.4,9,0.3,0.7,0.04500001668930054
Cora,0.4,9,0.3,0.8,0.04200005531311035
Cora,0.4,9,0.3,0.9,0.04200005531311035
Cora,0.4,9,0.3,1.0,0.03900003433227539
Cora,0.4,9,0.4,0.0,0.050000011920928955
Cora,0.4,9,0.4,0.1,0.050000011920928955
Cora,0.4,9,0.4,0.2,0.050000011920928955
Cora,0.4,9,0.4,0.3,0.050000011920928955
Cora,0.4,9,0.4,0.4,0.04200005531311035
Cora,0.4,9,0.4,0.5,0.04400002956390381
Cora,0.4,9,0.4,0.6,0.04400002956390381
Cora,0.4,9,0.4,0.7,0.04400002956390381
Cora,0.4,9,0.4,0.8,0.04700005054473877
Cora,0.4,9,0.4,0.9,0.04700005054473877
Cora,0.4,9,0.4,1.0,0.046000003814697266
Cora,0.4,9,0.5,0.0,0.050000011920928955
Cora,0.4,9,0.5,0.1,0.050000011920928955
Cora,0.4,9,0.5,0.2,0.050000011920928955
Cora,0.4,9,0.5,0.3,0.050000011920928955
Cora,0.4,9,0.5,0.4,0.04200005531311035
Cora,0.4,9,0.5,0.5,0.04400002956390381
Cora,0.4,9,0.5,0.6,0.04400002956390381
Cora,0.4,9,0.5,0.7,0.04400002956390381
Cora,0.4,9,0.5,0.8,0.04700005054473877
Cora,0.4,9,0.5,0.9,0.04700005054473877
Cora,0.4,9,0.5,1.0,0.046000003814697266
Cora,0.4,9,0.6,0.0,0.050000011920928955
Cora,0.4,9,0.6,0.1,0.050000011920928955
Cora,0.4,9,0.6,0.2,0.050000011920928955
Cora,0.4,9,0.6,0.3,0.050000011920928955
Cora,0.4,9,0.6,0.4,0.04200005531311035
Cora,0.4,9,0.6,0.5,0.04400002956390381
Cora,0.4,9,0.6,0.6,0.04400002956390381
Cora,0.4,9,0.6,0.7,0.04400002956390381
Cora,0.4,9,0.6,0.8,0.04700005054473877
Cora,0.4,9,0.6,0.9,0.04700005054473877
Cora,0.4,9,0.6,1.0,0.046000003814697266
Cora,0.4,9,0.7,0.0,0.050000011920928955
Cora,0.4,9,0.7,0.1,0.050000011920928955
Cora,0.4,9,0.7,0.2,0.050000011920928955
Cora,0.4,9,0.7,0.3,0.050000011920928955
Cora,0.4,9,0.7,0.4,0.04200005531311035
Cora,0.4,9,0.7,0.5,0.04400002956390381
Cora,0.4,9,0.7,0.6,0.04400002956390381
Cora,0.4,9,0.7,0.7,0.04400002956390381
Cora,0.4,9,0.7,0.8,0.04700005054473877
Cora,0.4,9,0.7,0.9,0.04700005054473877
Cora,0.4,9,0.7,1.0,0.046000003814697266
Cora,0.4,9,0.8,0.0,0.050000011920928955
Cora,0.4,9,0.8,0.1,0.050000011920928955
Cora,0.4,9,0.8,0.2,0.050000011920928955
Cora,0.4,9,0.8,0.3,0.050000011920928955
Cora,0.4,9,0.8,0.4,0.04200005531311035
Cora,0.4,9,0.8,0.5,0.04400002956390381
Cora,0.4,9,0.8,0.6,0.04400002956390381
Cora,0.4,9,0.8,0.7,0.04400002956390381
Cora,0.4,9,0.8,0.8,0.04700005054473877
Cora,0.4,9,0.8,0.9,0.04700005054473877
Cora,0.4,9,0.8,1.0,0.046000003814697266
Cora,0.4,9,0.9,0.0,0.050000011920928955
Cora,0.4,9,0.9,0.1,0.050000011920928955
Cora,0.4,9,0.9,0.2,0.050000011920928955
Cora,0.4,9,0.9,0.3,0.050000011920928955
Cora,0.4,9,0.9,0.4,0.04200005531311035
Cora,0.4,9,0.9,0.5,0.04400002956390381
Cora,0.4,9,0.9,0.6,0.04400002956390381
Cora,0.4,9,0.9,0.7,0.04400002956390381
Cora,0.4,9,0.9,0.8,0.04700005054473877
Cora,0.4,9,0.9,0.9,0.04700005054473877
Cora,0.4,9,0.9,1.0,0.046000003814697266
Cora,0.4,9,1.0,0.0,0.050000011920928955
Cora,0.4,9,1.0,0.1,0.050000011920928955
Cora,0.4,9,1.0,0.2,0.050000011920928955
Cora,0.4,9,1.0,0.3,0.050000011920928955
Cora,0.4,9,1.0,0.4,0.04200005531311035
Cora,0.4,9,1.0,0.5,0.04400002956390381
Cora,0.4,9,1.0,0.6,0.04400002956390381
Cora,0.4,9,1.0,0.7,0.04400002956390381
Cora,0.4,9,1.0,0.8,0.04700005054473877
Cora,0.4,9,1.0,0.9,0.04700005054473877
Cora,0.4,9,1.0,1.0,0.046000003814697266
Cora,0.5,0,0.1,0.0,0.017999976873397827
Cora,0.5,0,0.1,0.1,0.05399999022483826
Cora,0.5,0,0.1,0.2,0.054999977350234985
Cora,0.5,0,0.1,0.3,0.054999977350234985
Cora,0.5,0,0.1,0.4,0.0729999840259552
Cora,0.5,0,0.1,0.5,0.0729999840259552
Cora,0.5,0,0.1,0.6,0.0729999840259552
Cora,0.5,0,0.1,0.7,0.08299997448921204
Cora,0.5,0,0.1,0.8,0.08299997448921204
Cora,0.5,0,0.1,0.9,0.08299997448921204
Cora,0.5,0,0.1,1.0,0.08299997448921204
Cora,0.5,0,0.2,0.0,0.022999972105026245
Cora,0.5,0,0.2,0.1,0.04899999499320984
Cora,0.5,0,0.2,0.2,0.030000001192092896
Cora,0.5,0,0.2,0.3,0.030000001192092896
Cora,0.5,0,0.2,0.4,0.04499998688697815
Cora,0.5,0,0.2,0.5,0.04499998688697815
Cora,0.5,0,0.2,0.6,0.04499998688697815
Cora,0.5,0,0.2,0.7,0.08700001239776611
Cora,0.5,0,0.2,0.8,0.08700001239776611
Cora,0.5,0,0.2,0.9,0.08700001239776611
Cora,0.5,0,0.2,1.0,0.04999998211860657
Cora,0.5,0,0.3,0.0,0.0559999942779541
Cora,0.5,0,0.3,0.1,0.057999998331069946
Cora,0.5,0,0.3,0.2,0.07599997520446777
Cora,0.5,0,0.3,0.3,0.07599997520446777
Cora,0.5,0,0.3,0.4,0.08399999141693115
Cora,0.5,0,0.3,0.5,0.08399999141693115
Cora,0.5,0,0.3,0.6,0.08399999141693115
Cora,0.5,0,0.3,0.7,0.04999998211860657
Cora,0.5,0,0.3,0.8,0.04999998211860657
Cora,0.5,0,0.3,0.9,0.04999998211860657
Cora,0.5,0,0.3,1.0,0.05199998617172241
Cora,0.5,0,0.4,0.0,0.0559999942779541
Cora,0.5,0,0.4,0.1,0.057999998331069946
Cora,0.5,0,0.4,0.2,0.07599997520446777
Cora,0.5,0,0.4,0.3,0.07599997520446777
Cora,0.5,0,0.4,0.4,0.08399999141693115
Cora,0.5,0,0.4,0.5,0.08399999141693115
Cora,0.5,0,0.4,0.6,0.08399999141693115
Cora,0.5,0,0.4,0.7,0.04999998211860657
Cora,0.5,0,0.4,0.8,0.04999998211860657
Cora,0.5,0,0.4,0.9,0.04999998211860657
Cora,0.5,0,0.4,1.0,0.05199998617172241
Cora,0.5,0,0.5,0.0,0.04499998688697815
Cora,0.5,0,0.5,0.1,0.050999999046325684
Cora,0.5,0,0.5,0.2,0.04999998211860657
Cora,0.5,0,0.5,0.3,0.04999998211860657
Cora,0.5,0,0.5,0.4,0.04799997806549072
Cora,0.5,0,0.5,0.5,0.04799997806549072
Cora,0.5,0,0.5,0.6,0.04799997806549072
Cora,0.5,0,0.5,0.7,0.04399999976158142
Cora,0.5,0,0.5,0.8,0.04399999976158142
Cora,0.5,0,0.5,0.9,0.04399999976158142
Cora,0.5,0,0.5,1.0,0.042999982833862305
Cora,0.5,0,0.6,0.0,0.04499998688697815
Cora,0.5,0,0.6,0.1,0.050999999046325684
Cora,0.5,0,0.6,0.2,0.04999998211860657
Cora,0.5,0,0.6,0.3,0.04999998211860657
Cora,0.5,0,0.6,0.4,0.04799997806549072
Cora,0.5,0,0.6,0.5,0.04799997806549072
Cora,0.5,0,0.6,0.6,0.04799997806549072
Cora,0.5,0,0.6,0.7,0.04399999976158142
Cora,0.5,0,0.6,0.8,0.04399999976158142
Cora,0.5,0,0.6,0.9,0.04399999976158142
Cora,0.5,0,0.6,1.0,0.042999982833862305
Cora,0.5,0,0.7,0.0,0.04499998688697815
Cora,0.5,0,0.7,0.1,0.050999999046325684
Cora,0.5,0,0.7,0.2,0.04999998211860657
Cora,0.5,0,0.7,0.3,0.04999998211860657
Cora,0.5,0,0.7,0.4,0.04799997806549072
Cora,0.5,0,0.7,0.5,0.04799997806549072
Cora,0.5,0,0.7,0.6,0.04799997806549072
Cora,0.5,0,0.7,0.7,0.04399999976158142
Cora,0.5,0,0.7,0.8,0.04399999976158142
Cora,0.5,0,0.7,0.9,0.04399999976158142
Cora,0.5,0,0.7,1.0,0.042999982833862305
Cora,0.5,0,0.8,0.0,0.04499998688697815
Cora,0.5,0,0.8,0.1,0.050999999046325684
Cora,0.5,0,0.8,0.2,0.04999998211860657
Cora,0.5,0,0.8,0.3,0.04999998211860657
Cora,0.5,0,0.8,0.4,0.04799997806549072
Cora,0.5,0,0.8,0.5,0.04799997806549072
Cora,0.5,0,0.8,0.6,0.04799997806549072
Cora,0.5,0,0.8,0.7,0.04399999976158142
Cora,0.5,0,0.8,0.8,0.04399999976158142
Cora,0.5,0,0.8,0.9,0.04399999976158142
Cora,0.5,0,0.8,1.0,0.042999982833862305
Cora,0.5,0,0.9,0.0,0.04499998688697815
Cora,0.5,0,0.9,0.1,0.050999999046325684
Cora,0.5,0,0.9,0.2,0.04999998211860657
Cora,0.5,0,0.9,0.3,0.04999998211860657
Cora,0.5,0,0.9,0.4,0.04799997806549072
Cora,0.5,0,0.9,0.5,0.04799997806549072
Cora,0.5,0,0.9,0.6,0.04799997806549072
Cora,0.5,0,0.9,0.7,0.04399999976158142
Cora,0.5,0,0.9,0.8,0.04399999976158142
Cora,0.5,0,0.9,0.9,0.04399999976158142
Cora,0.5,0,0.9,1.0,0.042999982833862305
Cora,0.5,0,1.0,0.0,0.04499998688697815
Cora,0.5,0,1.0,0.1,0.050999999046325684
Cora,0.5,0,1.0,0.2,0.04999998211860657
Cora,0.5,0,1.0,0.3,0.04999998211860657
Cora,0.5,0,1.0,0.4,0.04799997806549072
Cora,0.5,0,1.0,0.5,0.04799997806549072
Cora,0.5,0,1.0,0.6,0.04799997806549072
Cora,0.5,0,1.0,0.7,0.04399999976158142
Cora,0.5,0,1.0,0.8,0.04399999976158142
Cora,0.5,0,1.0,0.9,0.04399999976158142
Cora,0.5,0,1.0,1.0,0.042999982833862305
Cora,0.5,1,0.1,0.0,0.003000020980834961
Cora,0.5,1,0.1,0.1,0.020000040531158447
Cora,0.5,1,0.1,0.2,0.020000040531158447
Cora,0.5,1,0.1,0.3,0.020000040531158447
Cora,0.5,1,0.1,0.4,0.020000040531158447
Cora,0.5,1,0.1,0.5,-0.0029999613761901855
Cora,0.5,1,0.1,0.6,-0.0029999613761901855
Cora,0.5,1,0.1,0.7,0.0020000338554382324
Cora,0.5,1,0.1,0.8,0.0020000338554382324
Cora,0.5,1,0.1,0.9,0.0040000081062316895
Cora,0.5,1,0.1,1.0,0.0040000081062316895
Cora,0.5,1,0.2,0.0,-0.0339999794960022
Cora,0.5,1,0.2,0.1,-0.017999976873397827
Cora,0.5,1,0.2,0.2,-0.017999976873397827
Cora,0.5,1,0.2,0.3,-0.017999976873397827
Cora,0.5,1,0.2,0.4,-0.017999976873397827
Cora,0.5,1,0.2,0.5,-0.020999997854232788
Cora,0.5,1,0.2,0.6,-0.020999997854232788
Cora,0.5,1,0.2,0.7,0.0040000081062316895
Cora,0.5,1,0.2,0.8,0.0040000081062316895
Cora,0.5,1,0.2,0.9,0.006000041961669922
Cora,0.5,1,0.2,1.0,0.006000041961669922
Cora,0.5,1,0.3,0.0,-0.0339999794960022
Cora,0.5,1,0.3,0.1,-0.017999976873397827
Cora,0.5,1,0.3,0.2,-0.017999976873397827
Cora,0.5,1,0.3,0.3,-0.017999976873397827
Cora,0.5,1,0.3,0.4,-0.017999976873397827
Cora,0.5,1,0.3,0.5,-0.020999997854232788
Cora,0.5,1,0.3,0.6,-0.020999997854232788
Cora,0.5,1,0.3,0.7,0.0040000081062316895
Cora,0.5,1,0.3,0.8,0.0040000081062316895
Cora,0.5,1,0.3,0.9,0.006000041961669922
Cora,0.5,1,0.3,1.0,0.006000041961669922
Cora,0.5,1,0.4,0.0,-0.0339999794960022
Cora,0.5,1,0.4,0.1,-0.017999976873397827
Cora,0.5,1,0.4,0.2,-0.017999976873397827
Cora,0.5,1,0.4,0.3,-0.017999976873397827
Cora,0.5,1,0.4,0.4,-0.017999976873397827
Cora,0.5,1,0.4,0.5,-0.020999997854232788
Cora,0.5,1,0.4,0.6,-0.020999997854232788
Cora,0.5,1,0.4,0.7,0.0040000081062316895
Cora,0.5,1,0.4,0.8,0.0040000081062316895
Cora,0.5,1,0.4,0.9,0.006000041961669922
Cora,0.5,1,0.4,1.0,0.006000041961669922
Cora,0.5,1,0.5,0.0,-0.0339999794960022
Cora,0.5,1,0.5,0.1,-0.017999976873397827
Cora,0.5,1,0.5,0.2,-0.017999976873397827
Cora,0.5,1,0.5,0.3,-0.017999976873397827
Cora,0.5,1,0.5,0.4,-0.017999976873397827
Cora,0.5,1,0.5,0.5,-0.020999997854232788
Cora,0.5,1,0.5,0.6,-0.020999997854232788
Cora,0.5,1,0.5,0.7,0.0040000081062316895
Cora,0.5,1,0.5,0.8,0.0040000081062316895
Cora,0.5,1,0.5,0.9,0.006000041961669922
Cora,0.5,1,0.5,1.0,0.006000041961669922
Cora,0.5,1,0.6,0.0,-0.0339999794960022
Cora,0.5,1,0.6,0.1,-0.017999976873397827
Cora,0.5,1,0.6,0.2,-0.017999976873397827
Cora,0.5,1,0.6,0.3,-0.017999976873397827
Cora,0.5,1,0.6,0.4,-0.017999976873397827
Cora,0.5,1,0.6,0.5,-0.020999997854232788
Cora,0.5,1,0.6,0.6,-0.020999997854232788
Cora,0.5,1,0.6,0.7,0.0040000081062316895
Cora,0.5,1,0.6,0.8,0.0040000081062316895
Cora,0.5,1,0.6,0.9,0.006000041961669922
Cora,0.5,1,0.6,1.0,0.006000041961669922
Cora,0.5,1,0.7,0.0,-0.0339999794960022
Cora,0.5,1,0.7,0.1,-0.017999976873397827
Cora,0.5,1,0.7,0.2,-0.017999976873397827
Cora,0.5,1,0.7,0.3,-0.017999976873397827
Cora,0.5,1,0.7,0.4,-0.017999976873397827
Cora,0.5,1,0.7,0.5,-0.020999997854232788
Cora,0.5,1,0.7,0.6,-0.020999997854232788
Cora,0.5,1,0.7,0.7,0.0040000081062316895
Cora,0.5,1,0.7,0.8,0.0040000081062316895
Cora,0.5,1,0.7,0.9,0.006000041961669922
Cora,0.5,1,0.7,1.0,0.006000041961669922
Cora,0.5,1,0.8,0.0,-0.0339999794960022
Cora,0.5,1,0.8,0.1,-0.017999976873397827
Cora,0.5,1,0.8,0.2,-0.017999976873397827
Cora,0.5,1,0.8,0.3,-0.017999976873397827
Cora,0.5,1,0.8,0.4,-0.017999976873397827
Cora,0.5,1,0.8,0.5,-0.020999997854232788
Cora,0.5,1,0.8,0.6,-0.020999997854232788
Cora,0.5,1,0.8,0.7,0.0040000081062316895
Cora,0.5,1,0.8,0.8,0.0040000081062316895
Cora,0.5,1,0.8,0.9,0.006000041961669922
Cora,0.5,1,0.8,1.0,0.006000041961669922
Cora,0.5,1,0.9,0.0,-0.0339999794960022
Cora,0.5,1,0.9,0.1,-0.017999976873397827
Cora,0.5,1,0.9,0.2,-0.017999976873397827
Cora,0.5,1,0.9,0.3,-0.017999976873397827
Cora,0.5,1,0.9,0.4,-0.017999976873397827
Cora,0.5,1,0.9,0.5,-0.020999997854232788
Cora,0.5,1,0.9,0.6,-0.020999997854232788
Cora,0.5,1,0.9,0.7,0.0040000081062316895
Cora,0.5,1,0.9,0.8,0.0040000081062316895
Cora,0.5,1,0.9,0.9,0.006000041961669922
Cora,0.5,1,0.9,1.0,0.006000041961669922
Cora,0.5,1,1.0,0.0,-0.0339999794960022
Cora,0.5,1,1.0,0.1,-0.017999976873397827
Cora,0.5,1,1.0,0.2,-0.017999976873397827
Cora,0.5,1,1.0,0.3,-0.017999976873397827
Cora,0.5,1,1.0,0.4,-0.017999976873397827
Cora,0.5,1,1.0,0.5,-0.020999997854232788
Cora,0.5,1,1.0,0.6,-0.020999997854232788
Cora,0.5,1,1.0,0.7,0.0040000081062316895
Cora,0.5,1,1.0,0.8,0.0040000081062316895
Cora,0.5,1,1.0,0.9,0.006000041961669922
Cora,0.5,1,1.0,1.0,0.006000041961669922
Cora,0.5,2,0.1,0.0,0.018999993801116943
Cora,0.5,2,0.1,0.1,0.0169999897480011
Cora,0.5,2,0.1,0.2,0.0169999897480011
Cora,0.5,2,0.1,0.3,0.03799998760223389
Cora,0.5,2,0.1,0.4,0.02000001072883606
Cora,0.5,2,0.1,0.5,0.018999993801116943
Cora,0.5,2,0.1,0.6,0.02000001072883606
Cora,0.5,2,0.1,0.7,0.02000001072883606
Cora,0.5,2,0.1,0.8,0.02000001072883606
Cora,0.5,2,0.1,0.9,0.02000001072883606
Cora,0.5,2,0.1,1.0,0.02000001072883606
Cora,0.5,2,0.2,0.0,-0.015000015497207642
Cora,0.5,2,0.2,0.1,-0.013000011444091797
Cora,0.5,2,0.2,0.2,-0.013000011444091797
Cora,0.5,2,0.2,0.3,-0.009999990463256836
Cora,0.5,2,0.2,0.4,-0.0040000081062316895
Cora,0.5,2,0.2,0.5,-0.01199999451637268
Cora,0.5,2,0.2,0.6,-0.013999998569488525
Cora,0.5,2,0.2,0.7,-0.013999998569488525
Cora,0.5,2,0.2,0.8,-0.013999998569488525
Cora,0.5,2,0.2,0.9,-0.013999998569488525
Cora,0.5,2,0.2,1.0,-0.013999998569488525
Cora,0.5,2,0.3,0.0,-0.018000006675720215
Cora,0.5,2,0.3,0.1,-0.013000011444091797
Cora,0.5,2,0.3,0.2,-0.013000011444091797
Cora,0.5,2,0.3,0.3,-0.0169999897480011
Cora,0.5,2,0.3,0.4,-0.01600000262260437
Cora,0.5,2,0.3,0.5,0.0009999871253967285
Cora,0.5,2,0.3,0.6,-0.01600000262260437
Cora,0.5,2,0.3,0.7,-0.01600000262260437
Cora,0.5,2,0.3,0.8,-0.01600000262260437
Cora,0.5,2,0.3,0.9,-0.01600000262260437
Cora,0.5,2,0.3,1.0,-0.01600000262260437
Cora,0.5,2,0.4,0.0,-0.006000012159347534
Cora,0.5,2,0.4,0.1,-0.009000003337860107
Cora,0.5,2,0.4,0.2,-0.009000003337860107
Cora,0.5,2,0.4,0.3,-0.0010000169277191162
Cora,0.5,2,0.4,0.4,-0.008000016212463379
Cora,0.5,2,0.4,0.5,-0.004999995231628418
Cora,0.5,2,0.4,0.6,-0.0029999911785125732
Cora,0.5,2,0.4,0.7,-0.0029999911785125732
Cora,0.5,2,0.4,0.8,-0.0029999911785125732
Cora,0.5,2,0.4,0.9,-0.0029999911785125732
Cora,0.5,2,0.4,1.0,-0.0029999911785125732
Cora,0.5,2,0.5,0.0,-0.009000003337860107
Cora,0.5,2,0.5,0.1,0.02000001072883606
Cora,0.5,2,0.5,0.2,0.02000001072883606
Cora,0.5,2,0.5,0.3,-0.009999990463256836
Cora,0.5,2,0.5,0.4,-0.009999990463256836
Cora,0.5,2,0.5,0.5,-0.01199999451637268
Cora,0.5,2,0.5,0.6,-0.01199999451637268
Cora,0.5,2,0.5,0.7,-0.01199999451637268
Cora,0.5,2,0.5,0.8,-0.01199999451637268
Cora,0.5,2,0.5,0.9,-0.01199999451637268
Cora,0.5,2,0.5,1.0,-0.01199999451637268
Cora,0.5,2,0.6,0.0,-0.009000003337860107
Cora,0.5,2,0.6,0.1,0.02000001072883606
Cora,0.5,2,0.6,0.2,0.02000001072883606
Cora,0.5,2,0.6,0.3,-0.009999990463256836
Cora,0.5,2,0.6,0.4,-0.009999990463256836
Cora,0.5,2,0.6,0.5,-0.01199999451637268
Cora,0.5,2,0.6,0.6,-0.01199999451637268
Cora,0.5,2,0.6,0.7,-0.01199999451637268
Cora,0.5,2,0.6,0.8,-0.01199999451637268
Cora,0.5,2,0.6,0.9,-0.01199999451637268
Cora,0.5,2,0.6,1.0,-0.01199999451637268
Cora,0.5,2,0.7,0.0,-0.009000003337860107
Cora,0.5,2,0.7,0.1,0.02000001072883606
Cora,0.5,2,0.7,0.2,0.02000001072883606
Cora,0.5,2,0.7,0.3,-0.009999990463256836
Cora,0.5,2,0.7,0.4,-0.009999990463256836
Cora,0.5,2,0.7,0.5,-0.01199999451637268
Cora,0.5,2,0.7,0.6,-0.01199999451637268
Cora,0.5,2,0.7,0.7,-0.01199999451637268
Cora,0.5,2,0.7,0.8,-0.01199999451637268
Cora,0.5,2,0.7,0.9,-0.01199999451637268
Cora,0.5,2,0.7,1.0,-0.01199999451637268
Cora,0.5,2,0.8,0.0,-0.009000003337860107
Cora,0.5,2,0.8,0.1,0.02000001072883606
Cora,0.5,2,0.8,0.2,0.02000001072883606
Cora,0.5,2,0.8,0.3,-0.009999990463256836
Cora,0.5,2,0.8,0.4,-0.009999990463256836
Cora,0.5,2,0.8,0.5,-0.01199999451637268
Cora,0.5,2,0.8,0.6,-0.01199999451637268
Cora,0.5,2,0.8,0.7,-0.01199999451637268
Cora,0.5,2,0.8,0.8,-0.01199999451637268
Cora,0.5,2,0.8,0.9,-0.01199999451637268
Cora,0.5,2,0.8,1.0,-0.01199999451637268
Cora,0.5,2,0.9,0.0,-0.009000003337860107
Cora,0.5,2,0.9,0.1,0.02000001072883606
Cora,0.5,2,0.9,0.2,0.02000001072883606
Cora,0.5,2,0.9,0.3,-0.009999990463256836
Cora,0.5,2,0.9,0.4,-0.009999990463256836
Cora,0.5,2,0.9,0.5,-0.01199999451637268
Cora,0.5,2,0.9,0.6,-0.01199999451637268
Cora,0.5,2,0.9,0.7,-0.01199999451637268
Cora,0.5,2,0.9,0.8,-0.01199999451637268
Cora,0.5,2,0.9,0.9,-0.01199999451637268
Cora,0.5,2,0.9,1.0,-0.01199999451637268
Cora,0.5,2,1.0,0.0,-0.009000003337860107
Cora,0.5,2,1.0,0.1,0.02000001072883606
Cora,0.5,2,1.0,0.2,0.02000001072883606
Cora,0.5,2,1.0,0.3,-0.009999990463256836
Cora,0.5,2,1.0,0.4,-0.009999990463256836
Cora,0.5,2,1.0,0.5,-0.01199999451637268
Cora,0.5,2,1.0,0.6,-0.01199999451637268
Cora,0.5,2,1.0,0.7,-0.01199999451637268
Cora,0.5,2,1.0,0.8,-0.01199999451637268
Cora,0.5,2,1.0,0.9,-0.01199999451637268
Cora,0.5,2,1.0,1.0,-0.01199999451637268
Cora,0.5,3,0.1,0.0,0.030000030994415283
Cora,0.5,3,0.1,0.1,0.02799999713897705
Cora,0.5,3,0.1,0.2,0.018000006675720215
Cora,0.5,3,0.1,0.3,0.018000006675720215
Cora,0.5,3,0.1,0.4,0.018999993801116943
Cora,0.5,3,0.1,0.5,0.019999980926513672
Cora,0.5,3,0.1,0.6,0.019999980926513672
Cora,0.5,3,0.1,0.7,0.019999980926513672
Cora,0.5,3,0.1,0.8,0.019999980926513672
Cora,0.5,3,0.1,0.9,0.019999980926513672
Cora,0.5,3,0.1,1.0,0.019999980926513672
Cora,0.5,3,0.2,0.0,-0.001999974250793457
Cora,0.5,3,0.2,0.1,0.004999995231628418
Cora,0.5,3,0.2,0.2,0.027000010013580322
Cora,0.5,3,0.2,0.3,0.023000001907348633
Cora,0.5,3,0.2,0.4,0.025000035762786865
Cora,0.5,3,0.2,0.5,-0.001999974250793457
Cora,0.5,3,0.2,0.6,-0.001999974250793457
Cora,0.5,3,0.2,0.7,-0.001999974250793457
Cora,0.5,3,0.2,0.8,-0.001999974250793457
Cora,0.5,3,0.2,0.9,-0.001999974250793457
Cora,0.5,3,0.2,1.0,-0.001999974250793457
Cora,0.5,3,0.3,0.0,-0.001999974250793457
Cora,0.5,3,0.3,0.1,0.004999995231628418
Cora,0.5,3,0.3,0.2,0.023000001907348633
Cora,0.5,3,0.3,0.3,0.027000010013580322
Cora,0.5,3,0.3,0.4,0.025000035762786865
Cora,0.5,3,0.3,0.5,-0.001999974250793457
Cora,0.5,3,0.3,0.6,-0.001999974250793457
Cora,0.5,3,0.3,0.7,-0.001999974250793457
Cora,0.5,3,0.3,0.8,-0.001999974250793457
Cora,0.5,3,0.3,0.9,-0.001999974250793457
Cora,0.5,3,0.3,1.0,-0.001999974250793457
Cora,0.5,3,0.4,0.0,0.013000011444091797
Cora,0.5,3,0.4,0.1,-0.006999969482421875
Cora,0.5,3,0.4,0.2,0.009000003337860107
Cora,0.5,3,0.4,0.3,0.009000003337860107
Cora,0.5,3,0.4,0.4,0.013000011444091797
Cora,0.5,3,0.4,0.5,-0.001999974250793457
Cora,0.5,3,0.4,0.6,-0.001999974250793457
Cora,0.5,3,0.4,0.7,-0.001999974250793457
Cora,0.5,3,0.4,0.8,-0.001999974250793457
Cora,0.5,3,0.4,0.9,-0.001999974250793457
Cora,0.5,3,0.4,1.0,-0.001999974250793457
Cora,0.5,3,0.5,0.0,0.013000011444091797
Cora,0.5,3,0.5,0.1,-0.006999969482421875
Cora,0.5,3,0.5,0.2,0.009000003337860107
Cora,0.5,3,0.5,0.3,0.009000003337860107
Cora,0.5,3,0.5,0.4,0.013000011444091797
Cora,0.5,3,0.5,0.5,-0.001999974250793457
Cora,0.5,3,0.5,0.6,-0.001999974250793457
Cora,0.5,3,0.5,0.7,-0.001999974250793457
Cora,0.5,3,0.5,0.8,-0.001999974250793457
Cora,0.5,3,0.5,0.9,-0.001999974250793457
Cora,0.5,3,0.5,1.0,-0.001999974250793457
Cora,0.5,3,0.6,0.0,0.013000011444091797
Cora,0.5,3,0.6,0.1,-0.006999969482421875
Cora,0.5,3,0.6,0.2,0.009000003337860107
Cora,0.5,3,0.6,0.3,0.009000003337860107
Cora,0.5,3,0.6,0.4,0.013000011444091797
Cora,0.5,3,0.6,0.5,-0.001999974250793457
Cora,0.5,3,0.6,0.6,-0.001999974250793457
Cora,0.5,3,0.6,0.7,-0.001999974250793457
Cora,0.5,3,0.6,0.8,-0.001999974250793457
Cora,0.5,3,0.6,0.9,-0.001999974250793457
Cora,0.5,3,0.6,1.0,-0.001999974250793457
Cora,0.5,3,0.7,0.0,0.009000003337860107
Cora,0.5,3,0.7,0.1,0.009999990463256836
Cora,0.5,3,0.7,0.2,-0.009999990463256836
Cora,0.5,3,0.7,0.3,-0.009999990463256836
Cora,0.5,3,0.7,0.4,0.013999998569488525
Cora,0.5,3,0.7,0.5,-0.01199999451637268
Cora,0.5,3,0.7,0.6,-0.01199999451637268
Cora,0.5,3,0.7,0.7,-0.01199999451637268
Cora,0.5,3,0.7,0.8,-0.01199999451637268
Cora,0.5,3,0.7,0.9,-0.01199999451637268
Cora,0.5,3,0.7,1.0,-0.01199999451637268
Cora,0.5,3,0.8,0.0,0.009000003337860107
Cora,0.5,3,0.8,0.1,0.009999990463256836
Cora,0.5,3,0.8,0.2,-0.009999990463256836
Cora,0.5,3,0.8,0.3,-0.009999990463256836
Cora,0.5,3,0.8,0.4,0.013999998569488525
Cora,0.5,3,0.8,0.5,-0.01199999451637268
Cora,0.5,3,0.8,0.6,-0.01199999451637268
Cora,0.5,3,0.8,0.7,-0.01199999451637268
Cora,0.5,3,0.8,0.8,-0.01199999451637268
Cora,0.5,3,0.8,0.9,-0.01199999451637268
Cora,0.5,3,0.8,1.0,-0.01199999451637268
Cora,0.5,3,0.9,0.0,0.009000003337860107
Cora,0.5,3,0.9,0.1,0.009999990463256836
Cora,0.5,3,0.9,0.2,-0.009999990463256836
Cora,0.5,3,0.9,0.3,-0.009999990463256836
Cora,0.5,3,0.9,0.4,0.013999998569488525
Cora,0.5,3,0.9,0.5,-0.01199999451637268
Cora,0.5,3,0.9,0.6,-0.01199999451637268
Cora,0.5,3,0.9,0.7,-0.01199999451637268
Cora,0.5,3,0.9,0.8,-0.01199999451637268
Cora,0.5,3,0.9,0.9,-0.01199999451637268
Cora,0.5,3,0.9,1.0,-0.01199999451637268
Cora,0.5,3,1.0,0.0,0.009000003337860107
Cora,0.5,3,1.0,0.1,0.009999990463256836
Cora,0.5,3,1.0,0.2,-0.009999990463256836
Cora,0.5,3,1.0,0.3,-0.009999990463256836
Cora,0.5,3,1.0,0.4,0.013999998569488525
Cora,0.5,3,1.0,0.5,-0.01199999451637268
Cora,0.5,3,1.0,0.6,-0.01199999451637268
Cora,0.5,3,1.0,0.7,-0.01199999451637268
Cora,0.5,3,1.0,0.8,-0.01199999451637268
Cora,0.5,3,1.0,0.9,-0.01199999451637268
Cora,0.5,3,1.0,1.0,-0.01199999451637268
Cora,0.5,4,0.1,0.0,0.05900001525878906
Cora,0.5,4,0.1,0.1,0.06200003623962402
Cora,0.5,4,0.1,0.2,0.06200003623962402
Cora,0.5,4,0.1,0.3,0.061000049114227295
Cora,0.5,4,0.1,0.4,0.058000028133392334
Cora,0.5,4,0.1,0.5,0.0020000338554382324
Cora,0.5,4,0.1,0.6,0.0020000338554382324
Cora,0.5,4,0.1,0.7,0.0020000338554382324
Cora,0.5,4,0.1,0.8,0.0020000338554382324
Cora,0.5,4,0.1,0.9,0.0020000338554382324
Cora,0.5,4,0.1,1.0,0.009000003337860107
Cora,0.5,4,0.2,0.0,-0.017999976873397827
Cora,0.5,4,0.2,0.1,-0.014999985694885254
Cora,0.5,4,0.2,0.2,-0.014999985694885254
Cora,0.5,4,0.2,0.3,-0.0169999897480011
Cora,0.5,4,0.2,0.4,0.028000056743621826
Cora,0.5,4,0.2,0.5,0.024000048637390137
Cora,0.5,4,0.2,0.6,0.024000048637390137
Cora,0.5,4,0.2,0.7,0.024000048637390137
Cora,0.5,4,0.2,0.8,0.024000048637390137
Cora,0.5,4,0.2,0.9,0.024000048637390137
Cora,0.5,4,0.2,1.0,-0.014999985694885254
Cora,0.5,4,0.3,0.0,0.012000024318695068
Cora,0.5,4,0.3,0.1,0.020000040531158447
Cora,0.5,4,0.3,0.2,0.020000040531158447
Cora,0.5,4,0.3,0.3,0.012000024318695068
Cora,0.5,4,0.3,0.4,0.013000011444091797
Cora,0.5,4,0.3,0.5,0.006000041961669922
Cora,0.5,4,0.3,0.6,0.006000041961669922
Cora,0.5,4,0.3,0.7,0.006000041961669922
Cora,0.5,4,0.3,0.8,0.006000041961669922
Cora,0.5,4,0.3,0.9,0.006000041961669922
Cora,0.5,4,0.3,1.0,0.01100003719329834
Cora,0.5,4,0.4,0.0,0.010000050067901611
Cora,0.5,4,0.4,0.1,0.006000041961669922
Cora,0.5,4,0.4,0.2,0.006000041961669922
Cora,0.5,4,0.4,0.3,0.00700002908706665
Cora,0.5,4,0.4,0.4,0.0
Cora,0.5,4,0.4,0.5,-0.0029999613761901855
Cora,0.5,4,0.4,0.6,-0.0029999613761901855
Cora,0.5,4,0.4,0.7,-0.0029999613761901855
Cora,0.5,4,0.4,0.8,-0.0029999613761901855
Cora,0.5,4,0.4,0.9,-0.0029999613761901855
Cora,0.5,4,0.4,1.0,-0.04599997401237488
Cora,0.5,4,0.5,0.0,0.010000050067901611
Cora,0.5,4,0.5,0.1,0.006000041961669922
Cora,0.5,4,0.5,0.2,0.006000041961669922
Cora,0.5,4,0.5,0.3,0.00700002908706665
Cora,0.5,4,0.5,0.4,0.0
Cora,0.5,4,0.5,0.5,-0.0029999613761901855
Cora,0.5,4,0.5,0.6,-0.0029999613761901855
Cora,0.5,4,0.5,0.7,-0.0029999613761901855
Cora,0.5,4,0.5,0.8,-0.0029999613761901855
Cora,0.5,4,0.5,0.9,-0.0029999613761901855
Cora,0.5,4,0.5,1.0,-0.04599997401237488
Cora,0.5,4,0.6,0.0,-0.04099997878074646
Cora,0.5,4,0.6,0.1,-0.039999961853027344
Cora,0.5,4,0.6,0.2,-0.039999961853027344
Cora,0.5,4,0.6,0.3,-0.04199996590614319
Cora,0.5,4,0.6,0.4,-0.04599997401237488
Cora,0.5,4,0.6,0.5,-0.05299997329711914
Cora,0.5,4,0.6,0.6,-0.05299997329711914
Cora,0.5,4,0.6,0.7,-0.05299997329711914
Cora,0.5,4,0.6,0.8,-0.05299997329711914
Cora,0.5,4,0.6,0.9,-0.05299997329711914
Cora,0.5,4,0.6,1.0,-0.04599997401237488
Cora,0.5,4,0.7,0.0,-0.04099997878074646
Cora,0.5,4,0.7,0.1,-0.039999961853027344
Cora,0.5,4,0.7,0.2,-0.039999961853027344
Cora,0.5,4,0.7,0.3,-0.04199996590614319
Cora,0.5,4,0.7,0.4,-0.04599997401237488
Cora,0.5,4,0.7,0.5,-0.05299997329711914
Cora,0.5,4,0.7,0.6,-0.05299997329711914
Cora,0.5,4,0.7,0.7,-0.05299997329711914
Cora,0.5,4,0.7,0.8,-0.05299997329711914
Cora,0.5,4,0.7,0.9,-0.05299997329711914
Cora,0.5,4,0.7,1.0,-0.04599997401237488
Cora,0.5,4,0.8,0.0,-0.04399996995925903
Cora,0.5,4,0.8,0.1,-0.04399996995925903
Cora,0.5,4,0.8,0.2,-0.04399996995925903
Cora,0.5,4,0.8,0.3,-0.04599997401237488
Cora,0.5,4,0.8,0.4,-0.04899996519088745
Cora,0.5,4,0.8,0.5,-0.050999969244003296
Cora,0.5,4,0.8,0.6,-0.050999969244003296
Cora,0.5,4,0.8,0.7,-0.050999969244003296
Cora,0.5,4,0.8,0.8,-0.050999969244003296
Cora,0.5,4,0.8,0.9,-0.050999969244003296
Cora,0.5,4,0.8,1.0,-0.05199998617172241
Cora,0.5,4,0.9,0.0,-0.04399996995925903
Cora,0.5,4,0.9,0.1,-0.04399996995925903
Cora,0.5,4,0.9,0.2,-0.04399996995925903
Cora,0.5,4,0.9,0.3,-0.04599997401237488
Cora,0.5,4,0.9,0.4,-0.04899996519088745
Cora,0.5,4,0.9,0.5,-0.050999969244003296
Cora,0.5,4,0.9,0.6,-0.050999969244003296
Cora,0.5,4,0.9,0.7,-0.050999969244003296
Cora,0.5,4,0.9,0.8,-0.050999969244003296
Cora,0.5,4,0.9,0.9,-0.050999969244003296
Cora,0.5,4,0.9,1.0,-0.05199998617172241
Cora,0.5,4,1.0,0.0,-0.038999974727630615
Cora,0.5,4,1.0,0.1,-0.03599998354911804
Cora,0.5,4,1.0,0.2,-0.03599998354911804
Cora,0.5,4,1.0,0.3,-0.03299996256828308
Cora,0.5,4,1.0,0.4,-0.039999961853027344
Cora,0.5,4,1.0,0.5,-0.04399996995925903
Cora,0.5,4,1.0,0.6,-0.04399996995925903
Cora,0.5,4,1.0,0.7,-0.04399996995925903
Cora,0.5,4,1.0,0.8,-0.04399996995925903
Cora,0.5,4,1.0,0.9,-0.04399996995925903
Cora,0.5,4,1.0,1.0,-0.04799997806549072
Cora,0.5,5,0.1,0.0,0.06499999761581421
Cora,0.5,5,0.1,0.1,0.06700003147125244
Cora,0.5,5,0.1,0.2,0.06300002336502075
Cora,0.5,5,0.1,0.3,0.06300002336502075
Cora,0.5,5,0.1,0.4,0.06000000238418579
Cora,0.5,5,0.1,0.5,0.06000000238418579
Cora,0.5,5,0.1,0.6,0.06000000238418579
Cora,0.5,5,0.1,0.7,0.06800001859664917
Cora,0.5,5,0.1,0.8,0.06800001859664917
Cora,0.5,5,0.1,0.9,0.06800001859664917
Cora,0.5,5,0.1,1.0,0.0690000057220459
Cora,0.5,5,0.2,0.0,0.03799998760223389
Cora,0.5,5,0.2,0.1,0.03299999237060547
Cora,0.5,5,0.2,0.2,0.03400003910064697
Cora,0.5,5,0.2,0.3,0.03400003910064697
Cora,0.5,5,0.2,0.4,0.04900002479553223
Cora,0.5,5,0.2,0.5,0.04900002479553223
Cora,0.5,5,0.2,0.6,0.04900002479553223
Cora,0.5,5,0.2,0.7,0.03100001811981201
Cora,0.5,5,0.2,0.8,0.03100001811981201
Cora,0.5,5,0.2,0.9,0.03100001811981201
Cora,0.5,5,0.2,1.0,0.04300004243850708
Cora,0.5,5,0.3,0.0,0.004999995231628418
Cora,0.5,5,0.3,0.1,0.006000041961669922
Cora,0.5,5,0.3,0.2,-0.0059999823570251465
Cora,0.5,5,0.3,0.3,-0.0059999823570251465
Cora,0.5,5,0.3,0.4,-0.0009999871253967285
Cora,0.5,5,0.3,0.5,-0.0009999871253967285
Cora,0.5,5,0.3,0.6,-0.0009999871253967285
Cora,0.5,5,0.3,0.7,0.006000041961669922
Cora,0.5,5,0.3,0.8,0.006000041961669922
Cora,0.5,5,0.3,0.9,0.006000041961669922
Cora,0.5,5,0.3,1.0,0.0020000338554382324
Cora,0.5,5,0.4,0.0,-0.0059999823570251465
Cora,0.5,5,0.4,0.1,0.012000024318695068
Cora,0.5,5,0.4,0.2,0.0020000338554382324
Cora,0.5,5,0.4,0.3,0.0020000338554382324
Cora,0.5,5,0.4,0.4,0.0020000338554382324
Cora,0.5,5,0.4,0.5,0.0020000338554382324
Cora,0.5,5,0.4,0.6,0.0020000338554382324
Cora,0.5,5,0.4,0.7,-0.0040000081062316895
Cora,0.5,5,0.4,0.8,-0.0040000081062316895
Cora,0.5,5,0.4,0.9,-0.0040000081062316895
Cora,0.5,5,0.4,1.0,0.004999995231628418
Cora,0.5,5,0.5,0.0,-0.0059999823570251465
Cora,0.5,5,0.5,0.1,0.012000024318695068
Cora,0.5,5,0.5,0.2,0.0020000338554382324
Cora,0.5,5,0.5,0.3,0.0020000338554382324
Cora,0.5,5,0.5,0.4,0.0020000338554382324
Cora,0.5,5,0.5,0.5,0.0020000338554382324
Cora,0.5,5,0.5,0.6,0.0020000338554382324
Cora,0.5,5,0.5,0.7,-0.0040000081062316895
Cora,0.5,5,0.5,0.8,-0.0040000081062316895
Cora,0.5,5,0.5,0.9,-0.0040000081062316895
Cora,0.5,5,0.5,1.0,0.004999995231628418
Cora,0.5,5,0.6,0.0,-0.0059999823570251465
Cora,0.5,5,0.6,0.1,0.012000024318695068
Cora,0.5,5,0.6,0.2,0.0020000338554382324
Cora,0.5,5,0.6,0.3,0.0020000338554382324
Cora,0.5,5,0.6,0.4,0.0020000338554382324
Cora,0.5,5,0.6,0.5,0.0020000338554382324
Cora,0.5,5,0.6,0.6,0.0020000338554382324
Cora,0.5,5,0.6,0.7,-0.0040000081062316895
Cora,0.5,5,0.6,0.8,-0.0040000081062316895
Cora,0.5,5,0.6,0.9,-0.0040000081062316895
Cora,0.5,5,0.6,1.0,0.004999995231628418
Cora,0.5,5,0.7,0.0,-0.0059999823570251465
Cora,0.5,5,0.7,0.1,0.012000024318695068
Cora,0.5,5,0.7,0.2,0.0020000338554382324
Cora,0.5,5,0.7,0.3,0.0020000338554382324
Cora,0.5,5,0.7,0.4,0.0020000338554382324
Cora,0.5,5,0.7,0.5,0.0020000338554382324
Cora,0.5,5,0.7,0.6,0.0020000338554382324
Cora,0.5,5,0.7,0.7,-0.0040000081062316895
Cora,0.5,5,0.7,0.8,-0.0040000081062316895
Cora,0.5,5,0.7,0.9,-0.0040000081062316895
Cora,0.5,5,0.7,1.0,0.004999995231628418
Cora,0.5,5,0.8,0.0,-0.0059999823570251465
Cora,0.5,5,0.8,0.1,0.012000024318695068
Cora,0.5,5,0.8,0.2,0.0020000338554382324
Cora,0.5,5,0.8,0.3,0.0020000338554382324
Cora,0.5,5,0.8,0.4,0.0020000338554382324
Cora,0.5,5,0.8,0.5,0.0020000338554382324
Cora,0.5,5,0.8,0.6,0.0020000338554382324
Cora,0.5,5,0.8,0.7,-0.0040000081062316895
Cora,0.5,5,0.8,0.8,-0.0040000081062316895
Cora,0.5,5,0.8,0.9,-0.0040000081062316895
Cora,0.5,5,0.8,1.0,0.004999995231628418
Cora,0.5,5,0.9,0.0,-0.0059999823570251465
Cora,0.5,5,0.9,0.1,0.012000024318695068
Cora,0.5,5,0.9,0.2,0.0020000338554382324
Cora,0.5,5,0.9,0.3,0.0020000338554382324
Cora,0.5,5,0.9,0.4,0.0020000338554382324
Cora,0.5,5,0.9,0.5,0.0020000338554382324
Cora,0.5,5,0.9,0.6,0.0020000338554382324
Cora,0.5,5,0.9,0.7,-0.0040000081062316895
Cora,0.5,5,0.9,0.8,-0.0040000081062316895
Cora,0.5,5,0.9,0.9,-0.0040000081062316895
Cora,0.5,5,0.9,1.0,0.004999995231628418
Cora,0.5,5,1.0,0.0,-0.0059999823570251465
Cora,0.5,5,1.0,0.1,0.012000024318695068
Cora,0.5,5,1.0,0.2,0.0020000338554382324
Cora,0.5,5,1.0,0.3,0.0020000338554382324
Cora,0.5,5,1.0,0.4,0.0020000338554382324
Cora,0.5,5,1.0,0.5,0.0020000338554382324
Cora,0.5,5,1.0,0.6,0.0020000338554382324
Cora,0.5,5,1.0,0.7,-0.0040000081062316895
Cora,0.5,5,1.0,0.8,-0.0040000081062316895
Cora,0.5,5,1.0,0.9,-0.0040000081062316895
Cora,0.5,5,1.0,1.0,0.004999995231628418
Cora,0.5,6,0.1,0.0,-0.05699998140335083
Cora,0.5,6,0.1,0.1,-0.05699998140335083
Cora,0.5,6,0.1,0.2,-0.07799997925758362
Cora,0.5,6,0.1,0.3,-0.0729999840259552
Cora,0.5,6,0.1,0.4,-0.06599998474121094
Cora,0.5,6,0.1,0.5,-0.07799997925758362
Cora,0.5,6,0.1,0.6,-0.07799997925758362
Cora,0.5,6,0.1,0.7,-0.07499998807907104
Cora,0.5,6,0.1,0.8,-0.07499998807907104
Cora,0.5,6,0.1,0.9,-0.07999998331069946
Cora,0.5,6,0.1,1.0,-0.07999998331069946
Cora,0.5,6,0.2,0.0,-0.02799999713897705
Cora,0.5,6,0.2,0.1,-0.02799999713897705
Cora,0.5,6,0.2,0.2,-0.03299999237060547
Cora,0.5,6,0.2,0.3,-0.034999996423721313
Cora,0.5,6,0.2,0.4,-0.03700000047683716
Cora,0.5,6,0.2,0.5,-0.03700000047683716
Cora,0.5,6,0.2,0.6,-0.03700000047683716
Cora,0.5,6,0.2,0.7,-0.03999999165534973
Cora,0.5,6,0.2,0.8,-0.03999999165534973
Cora,0.5,6,0.2,0.9,-0.0559999942779541
Cora,0.5,6,0.2,1.0,-0.0559999942779541
Cora,0.5,6,0.3,0.0,-0.02799999713897705
Cora,0.5,6,0.3,0.1,-0.02799999713897705
Cora,0.5,6,0.3,0.2,-0.03299999237060547
Cora,0.5,6,0.3,0.3,-0.034999996423721313
Cora,0.5,6,0.3,0.4,-0.03700000047683716
Cora,0.5,6,0.3,0.5,-0.03700000047683716
Cora,0.5,6,0.3,0.6,-0.03700000047683716
Cora,0.5,6,0.3,0.7,-0.03999999165534973
Cora,0.5,6,0.3,0.8,-0.03999999165534973
Cora,0.5,6,0.3,0.9,-0.0559999942779541
Cora,0.5,6,0.3,1.0,-0.0559999942779541
Cora,0.5,6,0.4,0.0,-0.02799999713897705
Cora,0.5,6,0.4,0.1,-0.02799999713897705
Cora,0.5,6,0.4,0.2,-0.03299999237060547
Cora,0.5,6,0.4,0.3,-0.034999996423721313
Cora,0.5,6,0.4,0.4,-0.03700000047683716
Cora,0.5,6,0.4,0.5,-0.03700000047683716
Cora,0.5,6,0.4,0.6,-0.03700000047683716
Cora,0.5,6,0.4,0.7,-0.03999999165534973
Cora,0.5,6,0.4,0.8,-0.03999999165534973
Cora,0.5,6,0.4,0.9,-0.0559999942779541
Cora,0.5,6,0.4,1.0,-0.0559999942779541
Cora,0.5,6,0.5,0.0,-0.02799999713897705
Cora,0.5,6,0.5,0.1,-0.02799999713897705
Cora,0.5,6,0.5,0.2,-0.03299999237060547
Cora,0.5,6,0.5,0.3,-0.034999996423721313
Cora,0.5,6,0.5,0.4,-0.03700000047683716
Cora,0.5,6,0.5,0.5,-0.03700000047683716
Cora,0.5,6,0.5,0.6,-0.03700000047683716
Cora,0.5,6,0.5,0.7,-0.03999999165534973
Cora,0.5,6,0.5,0.8,-0.03999999165534973
Cora,0.5,6,0.5,0.9,-0.0559999942779541
Cora,0.5,6,0.5,1.0,-0.0559999942779541
Cora,0.5,6,0.6,0.0,-0.02799999713897705
Cora,0.5,6,0.6,0.1,-0.02799999713897705
Cora,0.5,6,0.6,0.2,-0.03299999237060547
Cora,0.5,6,0.6,0.3,-0.034999996423721313
Cora,0.5,6,0.6,0.4,-0.03700000047683716
Cora,0.5,6,0.6,0.5,-0.03700000047683716
Cora,0.5,6,0.6,0.6,-0.03700000047683716
Cora,0.5,6,0.6,0.7,-0.03999999165534973
Cora,0.5,6,0.6,0.8,-0.03999999165534973
Cora,0.5,6,0.6,0.9,-0.0559999942779541
Cora,0.5,6,0.6,1.0,-0.0559999942779541
Cora,0.5,6,0.7,0.0,-0.02799999713897705
Cora,0.5,6,0.7,0.1,-0.02799999713897705
Cora,0.5,6,0.7,0.2,-0.03299999237060547
Cora,0.5,6,0.7,0.3,-0.034999996423721313
Cora,0.5,6,0.7,0.4,-0.03700000047683716
Cora,0.5,6,0.7,0.5,-0.03700000047683716
Cora,0.5,6,0.7,0.6,-0.03700000047683716
Cora,0.5,6,0.7,0.7,-0.03999999165534973
Cora,0.5,6,0.7,0.8,-0.03999999165534973
Cora,0.5,6,0.7,0.9,-0.0559999942779541
Cora,0.5,6,0.7,1.0,-0.0559999942779541
Cora,0.5,6,0.8,0.0,-0.02799999713897705
Cora,0.5,6,0.8,0.1,-0.02799999713897705
Cora,0.5,6,0.8,0.2,-0.03299999237060547
Cora,0.5,6,0.8,0.3,-0.034999996423721313
Cora,0.5,6,0.8,0.4,-0.03700000047683716
Cora,0.5,6,0.8,0.5,-0.03700000047683716
Cora,0.5,6,0.8,0.6,-0.03700000047683716
Cora,0.5,6,0.8,0.7,-0.03999999165534973
Cora,0.5,6,0.8,0.8,-0.03999999165534973
Cora,0.5,6,0.8,0.9,-0.0559999942779541
Cora,0.5,6,0.8,1.0,-0.0559999942779541
Cora,0.5,6,0.9,0.0,-0.02799999713897705
Cora,0.5,6,0.9,0.1,-0.02799999713897705
Cora,0.5,6,0.9,0.2,-0.03299999237060547
Cora,0.5,6,0.9,0.3,-0.034999996423721313
Cora,0.5,6,0.9,0.4,-0.03700000047683716
Cora,0.5,6,0.9,0.5,-0.03700000047683716
Cora,0.5,6,0.9,0.6,-0.03700000047683716
Cora,0.5,6,0.9,0.7,-0.03999999165534973
Cora,0.5,6,0.9,0.8,-0.03999999165534973
Cora,0.5,6,0.9,0.9,-0.0559999942779541
Cora,0.5,6,0.9,1.0,-0.0559999942779541
Cora,0.5,6,1.0,0.0,-0.02799999713897705
Cora,0.5,6,1.0,0.1,-0.02799999713897705
Cora,0.5,6,1.0,0.2,-0.03299999237060547
Cora,0.5,6,1.0,0.3,-0.034999996423721313
Cora,0.5,6,1.0,0.4,-0.03700000047683716
Cora,0.5,6,1.0,0.5,-0.03700000047683716
Cora,0.5,6,1.0,0.6,-0.03700000047683716
Cora,0.5,6,1.0,0.7,-0.03999999165534973
Cora,0.5,6,1.0,0.8,-0.03999999165534973
Cora,0.5,6,1.0,0.9,-0.0559999942779541
Cora,0.5,6,1.0,1.0,-0.0559999942779541
Cora,0.5,7,0.1,0.0,-0.0029999613761901855
Cora,0.5,7,0.1,0.1,-0.004999995231628418
Cora,0.5,7,0.1,0.2,-0.004999995231628418
Cora,0.5,7,0.1,0.3,-0.008999943733215332
Cora,0.5,7,0.1,0.4,-0.008999943733215332
Cora,0.5,7,0.1,0.5,-0.008999943733215332
Cora,0.5,7,0.1,0.6,-0.008999943733215332
Cora,0.5,7,0.1,0.7,-0.008999943733215332
Cora,0.5,7,0.1,0.8,-0.008999943733215332
Cora,0.5,7,0.1,0.9,-0.008999943733215332
Cora,0.5,7,0.1,1.0,-0.008999943733215332
Cora,0.5,7,0.2,0.0,-0.011999964714050293
Cora,0.5,7,0.2,0.1,-0.01799994707107544
Cora,0.5,7,0.2,0.2,-0.01799994707107544
Cora,0.5,7,0.2,0.3,-0.01699995994567871
Cora,0.5,7,0.2,0.4,-0.01699995994567871
Cora,0.5,7,0.2,0.5,-0.01699995994567871
Cora,0.5,7,0.2,0.6,-0.01699995994567871
Cora,0.5,7,0.2,0.7,-0.01699995994567871
Cora,0.5,7,0.2,0.8,-0.01699995994567871
Cora,0.5,7,0.2,0.9,-0.01699995994567871
Cora,0.5,7,0.2,1.0,-0.01699995994567871
Cora,0.5,7,0.3,0.0,-0.0059999823570251465
Cora,0.5,7,0.3,0.1,-0.009999990463256836
Cora,0.5,7,0.3,0.2,-0.009999990463256836
Cora,0.5,7,0.3,0.3,-0.013999998569488525
Cora,0.5,7,0.3,0.4,-0.013999998569488525
Cora,0.5,7,0.3,0.5,-0.013999998569488525
Cora,0.5,7,0.3,0.6,-0.013999998569488525
Cora,0.5,7,0.3,0.7,-0.013999998569488525
Cora,0.5,7,0.3,0.8,-0.013999998569488525
Cora,0.5,7,0.3,0.9,-0.013999998569488525
Cora,0.5,7,0.3,1.0,-0.013999998569488525
Cora,0.5,7,0.4,0.0,-0.006999969482421875
Cora,0.5,7,0.4,0.1,-0.011999964714050293
Cora,0.5,7,0.4,0.2,-0.011999964714050293
Cora,0.5,7,0.4,0.3,-0.011999964714050293
Cora,0.5,7,0.4,0.4,-0.011999964714050293
Cora,0.5,7,0.4,0.5,-0.011999964714050293
Cora,0.5,7,0.4,0.6,-0.011999964714050293
Cora,0.5,7,0.4,0.7,-0.011999964714050293
Cora,0.5,7,0.4,0.8,-0.011999964714050293
Cora,0.5,7,0.4,0.9,-0.011999964714050293
Cora,0.5,7,0.4,1.0,-0.011999964714050293
Cora,0.5,7,0.5,0.0,-0.006999969482421875
Cora,0.5,7,0.5,0.1,-0.011999964714050293
Cora,0.5,7,0.5,0.2,-0.011999964714050293
Cora,0.5,7,0.5,0.3,-0.011999964714050293
Cora,0.5,7,0.5,0.4,-0.011999964714050293
Cora,0.5,7,0.5,0.5,-0.011999964714050293
Cora,0.5,7,0.5,0.6,-0.011999964714050293
Cora,0.5,7,0.5,0.7,-0.011999964714050293
Cora,0.5,7,0.5,0.8,-0.011999964714050293
Cora,0.5,7,0.5,0.9,-0.011999964714050293
Cora,0.5,7,0.5,1.0,-0.011999964714050293
Cora,0.5,7,0.6,0.0,-0.006999969482421875
Cora,0.5,7,0.6,0.1,-0.011999964714050293
Cora,0.5,7,0.6,0.2,-0.011999964714050293
Cora,0.5,7,0.6,0.3,-0.011999964714050293
Cora,0.5,7,0.6,0.4,-0.011999964714050293
Cora,0.5,7,0.6,0.5,-0.011999964714050293
Cora,0.5,7,0.6,0.6,-0.011999964714050293
Cora,0.5,7,0.6,0.7,-0.011999964714050293
Cora,0.5,7,0.6,0.8,-0.011999964714050293
Cora,0.5,7,0.6,0.9,-0.011999964714050293
Cora,0.5,7,0.6,1.0,-0.011999964714050293
Cora,0.5,7,0.7,0.0,-0.006999969482421875
Cora,0.5,7,0.7,0.1,-0.011999964714050293
Cora,0.5,7,0.7,0.2,-0.011999964714050293
Cora,0.5,7,0.7,0.3,-0.011999964714050293
Cora,0.5,7,0.7,0.4,-0.011999964714050293
Cora,0.5,7,0.7,0.5,-0.011999964714050293
Cora,0.5,7,0.7,0.6,-0.011999964714050293
Cora,0.5,7,0.7,0.7,-0.011999964714050293
Cora,0.5,7,0.7,0.8,-0.011999964714050293
Cora,0.5,7,0.7,0.9,-0.011999964714050293
Cora,0.5,7,0.7,1.0,-0.011999964714050293
Cora,0.5,7,0.8,0.0,-0.006999969482421875
Cora,0.5,7,0.8,0.1,-0.011999964714050293
Cora,0.5,7,0.8,0.2,-0.011999964714050293
Cora,0.5,7,0.8,0.3,-0.011999964714050293
Cora,0.5,7,0.8,0.4,-0.011999964714050293
Cora,0.5,7,0.8,0.5,-0.011999964714050293
Cora,0.5,7,0.8,0.6,-0.011999964714050293
Cora,0.5,7,0.8,0.7,-0.011999964714050293
Cora,0.5,7,0.8,0.8,-0.011999964714050293
Cora,0.5,7,0.8,0.9,-0.011999964714050293
Cora,0.5,7,0.8,1.0,-0.011999964714050293
Cora,0.5,7,0.9,0.0,-0.006999969482421875
Cora,0.5,7,0.9,0.1,-0.011999964714050293
Cora,0.5,7,0.9,0.2,-0.011999964714050293
Cora,0.5,7,0.9,0.3,-0.011999964714050293
Cora,0.5,7,0.9,0.4,-0.011999964714050293
Cora,0.5,7,0.9,0.5,-0.011999964714050293
Cora,0.5,7,0.9,0.6,-0.011999964714050293
Cora,0.5,7,0.9,0.7,-0.011999964714050293
Cora,0.5,7,0.9,0.8,-0.011999964714050293
Cora,0.5,7,0.9,0.9,-0.011999964714050293
Cora,0.5,7,0.9,1.0,-0.011999964714050293
Cora,0.5,7,1.0,0.0,-0.006999969482421875
Cora,0.5,7,1.0,0.1,-0.011999964714050293
Cora,0.5,7,1.0,0.2,-0.011999964714050293
Cora,0.5,7,1.0,0.3,-0.011999964714050293
Cora,0.5,7,1.0,0.4,-0.011999964714050293
Cora,0.5,7,1.0,0.5,-0.011999964714050293
Cora,0.5,7,1.0,0.6,-0.011999964714050293
Cora,0.5,7,1.0,0.7,-0.011999964714050293
Cora,0.5,7,1.0,0.8,-0.011999964714050293
Cora,0.5,7,1.0,0.9,-0.011999964714050293
Cora,0.5,7,1.0,1.0,-0.011999964714050293
Cora,0.5,8,0.1,0.0,-0.033000022172927856
Cora,0.5,8,0.1,0.1,-0.012000024318695068
Cora,0.5,8,0.1,0.2,-0.010000020265579224
Cora,0.5,8,0.1,0.3,-0.010000020265579224
Cora,0.5,8,0.1,0.4,-0.03600001335144043
Cora,0.5,8,0.1,0.5,-0.03600001335144043
Cora,0.5,8,0.1,0.6,-0.03600001335144043
Cora,0.5,8,0.1,0.7,-0.03200000524520874
Cora,0.5,8,0.1,0.8,-0.014000028371810913
Cora,0.5,8,0.1,0.9,-0.014000028371810913
Cora,0.5,8,0.1,1.0,-0.014000028371810913
Cora,0.5,8,0.2,0.0,0.020999997854232788
Cora,0.5,8,0.2,0.1,0.04099997878074646
Cora,0.5,8,0.2,0.2,0.041999995708465576
Cora,0.5,8,0.2,0.3,0.041999995708465576
Cora,0.5,8,0.2,0.4,0.02499997615814209
Cora,0.5,8,0.2,0.5,0.02499997615814209
Cora,0.5,8,0.2,0.6,0.02499997615814209
Cora,0.5,8,0.2,0.7,0.0339999794960022
Cora,0.5,8,0.2,0.8,0.02899998426437378
Cora,0.5,8,0.2,0.9,0.02899998426437378
Cora,0.5,8,0.2,1.0,0.02899998426437378
Cora,0.5,8,0.3,0.0,0.042999982833862305
Cora,0.5,8,0.3,0.1,0.041999995708465576
Cora,0.5,8,0.3,0.2,0.04399999976158142
Cora,0.5,8,0.3,0.3,0.04399999976158142
Cora,0.5,8,0.3,0.4,0.04399999976158142
Cora,0.5,8,0.3,0.5,0.04399999976158142
Cora,0.5,8,0.3,0.6,0.04399999976158142
Cora,0.5,8,0.3,0.7,0.03799998760223389
Cora,0.5,8,0.3,0.8,0.042999982833862305
Cora,0.5,8,0.3,0.9,0.042999982833862305
Cora,0.5,8,0.3,1.0,0.042999982833862305
Cora,0.5,8,0.4,0.0,0.04399999976158142
Cora,0.5,8,0.4,0.1,0.02899998426437378
Cora,0.5,8,0.4,0.2,0.042999982833862305
Cora,0.5,8,0.4,0.3,0.042999982833862305
Cora,0.5,8,0.4,0.4,0.03599998354911804
Cora,0.5,8,0.4,0.5,0.03599998354911804
Cora,0.5,8,0.4,0.6,0.03599998354911804
Cora,0.5,8,0.4,0.7,0.03999999165534973
Cora,0.5,8,0.4,0.8,0.034999996423721313
Cora,0.5,8,0.4,0.9,0.034999996423721313
Cora,0.5,8,0.4,1.0,0.034999996423721313
Cora,0.5,8,0.5,0.0,0.030999988317489624
Cora,0.5,8,0.5,0.1,0.020999997854232788
Cora,0.5,8,0.5,0.2,0.02399998903274536
Cora,0.5,8,0.5,0.3,0.02399998903274536
Cora,0.5,8,0.5,0.4,0.01600000262260437
Cora,0.5,8,0.5,0.5,0.01600000262260437
Cora,0.5,8,0.5,0.6,0.01600000262260437
Cora,0.5,8,0.5,0.7,0.034999996423721313
Cora,0.5,8,0.5,0.8,0.030000001192092896
Cora,0.5,8,0.5,0.9,0.030000001192092896
Cora,0.5,8,0.5,1.0,0.030000001192092896
Cora,0.5,8,0.6,0.0,0.030999988317489624
Cora,0.5,8,0.6,0.1,0.020999997854232788
Cora,0.5,8,0.6,0.2,0.02399998903274536
Cora,0.5,8,0.6,0.3,0.02399998903274536
Cora,0.5,8,0.6,0.4,0.01600000262260437
Cora,0.5,8,0.6,0.5,0.01600000262260437
Cora,0.5,8,0.6,0.6,0.01600000262260437
Cora,0.5,8,0.6,0.7,0.034999996423721313
Cora,0.5,8,0.6,0.8,0.030000001192092896
Cora,0.5,8,0.6,0.9,0.030000001192092896
Cora,0.5,8,0.6,1.0,0.030000001192092896
Cora,0.5,8,0.7,0.0,0.014999985694885254
Cora,0.5,8,0.7,0.1,0.021999984979629517
Cora,0.5,8,0.7,0.2,0.018999993801116943
Cora,0.5,8,0.7,0.3,0.018999993801116943
Cora,0.5,8,0.7,0.4,0.023000001907348633
Cora,0.5,8,0.7,0.5,0.023000001907348633
Cora,0.5,8,0.7,0.6,0.023000001907348633
Cora,0.5,8,0.7,0.7,0.025999993085861206
Cora,0.5,8,0.7,0.8,0.02499997615814209
Cora,0.5,8,0.7,0.9,0.02499997615814209
Cora,0.5,8,0.7,1.0,0.02499997615814209
Cora,0.5,8,0.8,0.0,0.014999985694885254
Cora,0.5,8,0.8,0.1,0.017999976873397827
Cora,0.5,8,0.8,0.2,0.018999993801116943
Cora,0.5,8,0.8,0.3,0.018999993801116943
Cora,0.5,8,0.8,0.4,0.023000001907348633
Cora,0.5,8,0.8,0.5,0.023000001907348633
Cora,0.5,8,0.8,0.6,0.023000001907348633
Cora,0.5,8,0.8,0.7,0.025999993085861206
Cora,0.5,8,0.8,0.8,0.02499997615814209
Cora,0.5,8,0.8,0.9,0.02499997615814209
Cora,0.5,8,0.8,1.0,0.02499997615814209
Cora,0.5,8,0.9,0.0,0.014999985694885254
Cora,0.5,8,0.9,0.1,0.0169999897480011
Cora,0.5,8,0.9,0.2,0.018999993801116943
Cora,0.5,8,0.9,0.3,0.018999993801116943
Cora,0.5,8,0.9,0.4,0.023000001907348633
Cora,0.5,8,0.9,0.5,0.023000001907348633
Cora,0.5,8,0.9,0.6,0.023000001907348633
Cora,0.5,8,0.9,0.7,0.025999993085861206
Cora,0.5,8,0.9,0.8,0.02499997615814209
Cora,0.5,8,0.9,0.9,0.02499997615814209
Cora,0.5,8,0.9,1.0,0.02499997615814209
Cora,0.5,8,1.0,0.0,0.014999985694885254
Cora,0.5,8,1.0,0.1,0.017999976873397827
Cora,0.5,8,1.0,0.2,0.018999993801116943
Cora,0.5,8,1.0,0.3,0.018999993801116943
Cora,0.5,8,1.0,0.4,0.023000001907348633
Cora,0.5,8,1.0,0.5,0.023000001907348633
Cora,0.5,8,1.0,0.6,0.023000001907348633
Cora,0.5,8,1.0,0.7,0.025999993085861206
Cora,0.5,8,1.0,0.8,0.02499997615814209
Cora,0.5,8,1.0,0.9,0.02499997615814209
Cora,0.5,8,1.0,1.0,0.02499997615814209
Cora,0.5,9,0.1,0.0,0.04500001668930054
Cora,0.5,9,0.1,0.1,0.041999995708465576
Cora,0.5,9,0.1,0.2,0.041999995708465576
Cora,0.5,9,0.1,0.3,0.04400002956390381
Cora,0.5,9,0.1,0.4,0.04400002956390381
Cora,0.5,9,0.1,0.5,0.04400002956390381
Cora,0.5,9,0.1,0.6,0.04400002956390381
Cora,0.5,9,0.1,0.7,0.04400002956390381
Cora,0.5,9,0.1,0.8,0.04400002956390381
Cora,0.5,9,0.1,0.9,0.050000011920928955
Cora,0.5,9,0.1,1.0,0.050000011920928955
Cora,0.5,9,0.2,0.0,0.057000041007995605
Cora,0.5,9,0.2,0.1,0.026000022888183594
Cora,0.5,9,0.2,0.2,0.026000022888183594
Cora,0.5,9,0.2,0.3,0.027000010013580322
Cora,0.5,9,0.2,0.4,0.027000010013580322
Cora,0.5,9,0.2,0.5,0.027000010013580322
Cora,0.5,9,0.2,0.6,0.027000010013580322
Cora,0.5,9,0.2,0.7,0.027000010013580322
Cora,0.5,9,0.2,0.8,0.027000010013580322
Cora,0.5,9,0.2,0.9,0.03100001811981201
Cora,0.5,9,0.2,1.0,0.03100001811981201
Cora,0.5,9,0.3,0.0,0.011000007390975952
Cora,0.5,9,0.3,0.1,0.008000016212463379
Cora,0.5,9,0.3,0.2,0.008000016212463379
Cora,0.5,9,0.3,0.3,0.009000003337860107
Cora,0.5,9,0.3,0.4,0.009000003337860107
Cora,0.5,9,0.3,0.5,0.009000003337860107
Cora,0.5,9,0.3,0.6,0.009000003337860107
Cora,0.5,9,0.3,0.7,0.009000003337860107
Cora,0.5,9,0.3,0.8,0.009000003337860107
Cora,0.5,9,0.3,0.9,0.041999995708465576
Cora,0.5,9,0.3,1.0,0.041999995708465576
Cora,0.5,9,0.4,0.0,0.0
Cora,0.5,9,0.4,0.1,-0.0059999823570251465
Cora,0.5,9,0.4,0.2,-0.0059999823570251465
Cora,0.5,9,0.4,0.3,-0.0059999823570251465
Cora,0.5,9,0.4,0.4,-0.0059999823570251465
Cora,0.5,9,0.4,0.5,-0.0059999823570251465
Cora,0.5,9,0.4,0.6,-0.0059999823570251465
Cora,0.5,9,0.4,0.7,-0.0059999823570251465
Cora,0.5,9,0.4,0.8,-0.0059999823570251465
Cora,0.5,9,0.4,0.9,-0.006999999284744263
Cora,0.5,9,0.4,1.0,-0.006999999284744263
Cora,0.5,9,0.5,0.0,0.0
Cora,0.5,9,0.5,0.1,-0.0059999823570251465
Cora,0.5,9,0.5,0.2,-0.0059999823570251465
Cora,0.5,9,0.5,0.3,-0.0059999823570251465
Cora,0.5,9,0.5,0.4,-0.0059999823570251465
Cora,0.5,9,0.5,0.5,-0.0059999823570251465
Cora,0.5,9,0.5,0.6,-0.0059999823570251465
Cora,0.5,9,0.5,0.7,-0.0059999823570251465
Cora,0.5,9,0.5,0.8,-0.0059999823570251465
Cora,0.5,9,0.5,0.9,-0.006999999284744263
Cora,0.5,9,0.5,1.0,-0.006999999284744263
Cora,0.5,9,0.6,0.0,-0.01199999451637268
Cora,0.5,9,0.6,0.1,-0.013999998569488525
Cora,0.5,9,0.6,0.2,-0.013999998569488525
Cora,0.5,9,0.6,0.3,-0.009999990463256836
Cora,0.5,9,0.6,0.4,-0.009999990463256836
Cora,0.5,9,0.6,0.5,-0.009999990463256836
Cora,0.5,9,0.6,0.6,-0.009999990463256836
Cora,0.5,9,0.6,0.7,-0.009999990463256836
Cora,0.5,9,0.6,0.8,-0.009999990463256836
Cora,0.5,9,0.6,0.9,-0.01199999451637268
Cora,0.5,9,0.6,1.0,-0.01199999451637268
Cora,0.5,9,0.7,0.0,-0.01199999451637268
Cora,0.5,9,0.7,0.1,-0.013999998569488525
Cora,0.5,9,0.7,0.2,-0.013999998569488525
Cora,0.5,9,0.7,0.3,-0.009999990463256836
Cora,0.5,9,0.7,0.4,-0.009999990463256836
Cora,0.5,9,0.7,0.5,-0.009999990463256836
Cora,0.5,9,0.7,0.6,-0.009999990463256836
Cora,0.5,9,0.7,0.7,-0.009999990463256836
Cora,0.5,9,0.7,0.8,-0.009999990463256836
Cora,0.5,9,0.7,0.9,-0.01199999451637268
Cora,0.5,9,0.7,1.0,-0.01199999451637268
Cora,0.5,9,0.8,0.0,-0.01199999451637268
Cora,0.5,9,0.8,0.1,-0.013999998569488525
Cora,0.5,9,0.8,0.2,-0.013999998569488525
Cora,0.5,9,0.8,0.3,-0.009999990463256836
Cora,0.5,9,0.8,0.4,-0.009999990463256836
Cora,0.5,9,0.8,0.5,-0.009999990463256836
Cora,0.5,9,0.8,0.6,-0.009999990463256836
Cora,0.5,9,0.8,0.7,-0.009999990463256836
Cora,0.5,9,0.8,0.8,-0.009999990463256836
Cora,0.5,9,0.8,0.9,-0.01199999451637268
Cora,0.5,9,0.8,1.0,-0.01199999451637268
Cora,0.5,9,0.9,0.0,-0.01199999451637268
Cora,0.5,9,0.9,0.1,-0.013999998569488525
Cora,0.5,9,0.9,0.2,-0.013999998569488525
Cora,0.5,9,0.9,0.3,-0.009999990463256836
Cora,0.5,9,0.9,0.4,-0.009999990463256836
Cora,0.5,9,0.9,0.5,-0.009999990463256836
Cora,0.5,9,0.9,0.6,-0.009999990463256836
Cora,0.5,9,0.9,0.7,-0.009999990463256836
Cora,0.5,9,0.9,0.8,-0.009999990463256836
Cora,0.5,9,0.9,0.9,-0.01199999451637268
Cora,0.5,9,0.9,1.0,-0.01199999451637268
Cora,0.5,9,1.0,0.0,-0.006999999284744263
Cora,0.5,9,1.0,0.1,-0.004999995231628418
Cora,0.5,9,1.0,0.2,-0.004999995231628418
Cora,0.5,9,1.0,0.3,-0.0009999871253967285
Cora,0.5,9,1.0,0.4,-0.0009999871253967285
Cora,0.5,9,1.0,0.5,-0.0009999871253967285
Cora,0.5,9,1.0,0.6,-0.0009999871253967285
Cora,0.5,9,1.0,0.7,-0.0009999871253967285
Cora,0.5,9,1.0,0.8,-0.0009999871253967285
Cora,0.5,9,1.0,0.9,-0.009999990463256836
Cora,0.5,9,1.0,1.0,-0.009999990463256836
