dataset,noise_rate,seed,rem_thresh,rel_thresh,gain
CiteSeer,0.1,0,0.1,0.0,-0.008000016212463379
CiteSeer,0.1,0,0.1,0.1,-0.013000011444091797
CiteSeer,0.1,0,0.1,0.2,-0.013000011444091797
CiteSeer,0.1,0,0.1,0.3,-0.013000011444091797
CiteSeer,0.1,0,0.1,0.4,-0.013000011444091797
CiteSeer,0.1,0,0.1,0.5,-0.013000011444091797
CiteSeer,0.1,0,0.1,0.6,-0.013000011444091797
CiteSeer,0.1,0,0.1,0.7,-0.013999998569488525
CiteSeer,0.1,0,0.1,0.8,-0.013999998569488525
CiteSeer,0.1,0,0.1,0.9,-0.013999998569488525
CiteSeer,0.1,0,0.1,1.0,-0.013999998569488525
CiteSeer,0.1,0,0.2,0.0,-0.0040000081062316895
CiteSeer,0.1,0,0.2,0.1,-0.009999990463256836
CiteSeer,0.1,0,0.2,0.2,-0.009999990463256836
CiteSeer,0.1,0,0.2,0.3,-0.009999990463256836
CiteSeer,0.1,0,0.2,0.4,-0.009999990463256836
CiteSeer,0.1,0,0.2,0.5,-0.009999990463256836
CiteSeer,0.1,0,0.2,0.6,-0.009999990463256836
CiteSeer,0.1,0,0.2,0.7,-0.009000003337860107
CiteSeer,0.1,0,0.2,0.8,-0.009000003337860107
CiteSeer,0.1,0,0.2,0.9,-0.009000003337860107
CiteSeer,0.1,0,0.2,1.0,-0.021000027656555176
CiteSeer,0.1,0,0.3,0.0,-0.0040000081062316895
CiteSeer,0.1,0,0.3,0.1,-0.009999990463256836
CiteSeer,0.1,0,0.3,0.2,-0.009999990463256836
CiteSeer,0.1,0,0.3,0.3,-0.009999990463256836
CiteSeer,0.1,0,0.3,0.4,-0.009999990463256836
CiteSeer,0.1,0,0.3,0.5,-0.009999990463256836
CiteSeer,0.1,0,0.3,0.6,-0.009999990463256836
CiteSeer,0.1,0,0.3,0.7,-0.009000003337860107
CiteSeer,0.1,0,0.3,0.8,-0.009000003337860107
CiteSeer,0.1,0,0.3,0.9,-0.009000003337860107
CiteSeer,0.1,0,0.3,1.0,-0.021000027656555176
CiteSeer,0.1,0,0.4,0.0,-0.0040000081062316895
CiteSeer,0.1,0,0.4,0.1,-0.009999990463256836
CiteSeer,0.1,0,0.4,0.2,-0.009999990463256836
CiteSeer,0.1,0,0.4,0.3,-0.009999990463256836
CiteSeer,0.1,0,0.4,0.4,-0.009999990463256836
CiteSeer,0.1,0,0.4,0.5,-0.009999990463256836
CiteSeer,0.1,0,0.4,0.6,-0.009999990463256836
CiteSeer,0.1,0,0.4,0.7,-0.009000003337860107
CiteSeer,0.1,0,0.4,0.8,-0.009000003337860107
CiteSeer,0.1,0,0.4,0.9,-0.009000003337860107
CiteSeer,0.1,0,0.4,1.0,-0.021000027656555176
CiteSeer,0.1,0,0.5,0.0,-0.0040000081062316895
CiteSeer,0.1,0,0.5,0.1,-0.009999990463256836
CiteSeer,0.1,0,0.5,0.2,-0.009999990463256836
CiteSeer,0.1,0,0.5,0.3,-0.009999990463256836
CiteSeer,0.1,0,0.5,0.4,-0.009999990463256836
CiteSeer,0.1,0,0.5,0.5,-0.009999990463256836
CiteSeer,0.1,0,0.5,0.6,-0.009999990463256836
CiteSeer,0.1,0,0.5,0.7,-0.009000003337860107
CiteSeer,0.1,0,0.5,0.8,-0.009000003337860107
CiteSeer,0.1,0,0.5,0.9,-0.009000003337860107
CiteSeer,0.1,0,0.5,1.0,-0.021000027656555176
CiteSeer,0.1,0,0.6,0.0,-0.0040000081062316895
CiteSeer,0.1,0,0.6,0.1,-0.009999990463256836
CiteSeer,0.1,0,0.6,0.2,-0.009999990463256836
CiteSeer,0.1,0,0.6,0.3,-0.009999990463256836
CiteSeer,0.1,0,0.6,0.4,-0.009999990463256836
CiteSeer,0.1,0,0.6,0.5,-0.009999990463256836
CiteSeer,0.1,0,0.6,0.6,-0.009999990463256836
CiteSeer,0.1,0,0.6,0.7,-0.009000003337860107
CiteSeer,0.1,0,0.6,0.8,-0.009000003337860107
CiteSeer,0.1,0,0.6,0.9,-0.009000003337860107
CiteSeer,0.1,0,0.6,1.0,-0.021000027656555176
CiteSeer,0.1,0,0.7,0.0,-0.0040000081062316895
CiteSeer,0.1,0,0.7,0.1,-0.009999990463256836
CiteSeer,0.1,0,0.7,0.2,-0.009999990463256836
CiteSeer,0.1,0,0.7,0.3,-0.009999990463256836
CiteSeer,0.1,0,0.7,0.4,-0.009999990463256836
CiteSeer,0.1,0,0.7,0.5,-0.009999990463256836
CiteSeer,0.1,0,0.7,0.6,-0.009999990463256836
CiteSeer,0.1,0,0.7,0.7,-0.009000003337860107
CiteSeer,0.1,0,0.7,0.8,-0.009000003337860107
CiteSeer,0.1,0,0.7,0.9,-0.009000003337860107
CiteSeer,0.1,0,0.7,1.0,-0.021000027656555176
CiteSeer,0.1,0,0.8,0.0,-0.0040000081062316895
CiteSeer,0.1,0,0.8,0.1,-0.009999990463256836
CiteSeer,0.1,0,0.8,0.2,-0.009999990463256836
CiteSeer,0.1,0,0.8,0.3,-0.009999990463256836
CiteSeer,0.1,0,0.8,0.4,-0.009999990463256836
CiteSeer,0.1,0,0.8,0.5,-0.009999990463256836
CiteSeer,0.1,0,0.8,0.6,-0.009999990463256836
CiteSeer,0.1,0,0.8,0.7,-0.009000003337860107
CiteSeer,0.1,0,0.8,0.8,-0.009000003337860107
CiteSeer,0.1,0,0.8,0.9,-0.009000003337860107
CiteSeer,0.1,0,0.8,1.0,-0.021000027656555176
CiteSeer,0.1,0,0.9,0.0,-0.0040000081062316895
CiteSeer,0.1,0,0.9,0.1,-0.009999990463256836
CiteSeer,0.1,0,0.9,0.2,-0.009999990463256836
CiteSeer,0.1,0,0.9,0.3,-0.009999990463256836
CiteSeer,0.1,0,0.9,0.4,-0.009999990463256836
CiteSeer,0.1,0,0.9,0.5,-0.009999990463256836
CiteSeer,0.1,0,0.9,0.6,-0.009999990463256836
CiteSeer,0.1,0,0.9,0.7,-0.009000003337860107
CiteSeer,0.1,0,0.9,0.8,-0.009000003337860107
CiteSeer,0.1,0,0.9,0.9,-0.009000003337860107
CiteSeer,0.1,0,0.9,1.0,-0.021000027656555176
CiteSeer,0.1,0,1.0,0.0,-0.004999995231628418
CiteSeer,0.1,0,1.0,0.1,-0.0040000081062316895
CiteSeer,0.1,0,1.0,0.2,-0.0040000081062316895
CiteSeer,0.1,0,1.0,0.3,-0.0040000081062316895
CiteSeer,0.1,0,1.0,0.4,-0.0040000081062316895
CiteSeer,0.1,0,1.0,0.5,-0.0040000081062316895
CiteSeer,0.1,0,1.0,0.6,-0.0040000081062316895
CiteSeer,0.1,0,1.0,0.7,-0.0040000081062316895
CiteSeer,0.1,0,1.0,0.8,-0.0040000081062316895
CiteSeer,0.1,0,1.0,0.9,-0.0040000081062316895
CiteSeer,0.1,0,1.0,1.0,-0.009999990463256836
CiteSeer,0.1,1,0.1,0.0,0.017000019550323486
CiteSeer,0.1,1,0.1,0.1,0.030000030994415283
CiteSeer,0.1,1,0.1,0.2,0.030000030994415283
CiteSeer,0.1,1,0.1,0.3,0.030000030994415283
CiteSeer,0.1,1,0.1,0.4,0.030000030994415283
CiteSeer,0.1,1,0.1,0.5,0.025000035762786865
CiteSeer,0.1,1,0.1,0.6,0.025000035762786865
CiteSeer,0.1,1,0.1,0.7,0.025000035762786865
CiteSeer,0.1,1,0.1,0.8,0.025000035762786865
CiteSeer,0.1,1,0.1,0.9,0.025000035762786865
CiteSeer,0.1,1,0.1,1.0,0.025000035762786865
CiteSeer,0.1,1,0.2,0.0,0.012000024318695068
CiteSeer,0.1,1,0.2,0.1,0.021000027656555176
CiteSeer,0.1,1,0.2,0.2,0.021000027656555176
CiteSeer,0.1,1,0.2,0.3,0.021000027656555176
CiteSeer,0.1,1,0.2,0.4,0.021000027656555176
CiteSeer,0.1,1,0.2,0.5,0.017000019550323486
CiteSeer,0.1,1,0.2,0.6,0.017000019550323486
CiteSeer,0.1,1,0.2,0.7,0.017000019550323486
CiteSeer,0.1,1,0.2,0.8,0.017000019550323486
CiteSeer,0.1,1,0.2,0.9,0.017000019550323486
CiteSeer,0.1,1,0.2,1.0,0.017000019550323486
CiteSeer,0.1,1,0.3,0.0,0.012000024318695068
CiteSeer,0.1,1,0.3,0.1,0.021000027656555176
CiteSeer,0.1,1,0.3,0.2,0.021000027656555176
CiteSeer,0.1,1,0.3,0.3,0.021000027656555176
CiteSeer,0.1,1,0.3,0.4,0.021000027656555176
CiteSeer,0.1,1,0.3,0.5,0.017000019550323486
CiteSeer,0.1,1,0.3,0.6,0.017000019550323486
CiteSeer,0.1,1,0.3,0.7,0.017000019550323486
CiteSeer,0.1,1,0.3,0.8,0.017000019550323486
CiteSeer,0.1,1,0.3,0.9,0.017000019550323486
CiteSeer,0.1,1,0.3,1.0,0.017000019550323486
CiteSeer,0.1,1,0.4,0.0,0.012000024318695068
CiteSeer,0.1,1,0.4,0.1,0.021000027656555176
CiteSeer,0.1,1,0.4,0.2,0.021000027656555176
CiteSeer,0.1,1,0.4,0.3,0.021000027656555176
CiteSeer,0.1,1,0.4,0.4,0.021000027656555176
CiteSeer,0.1,1,0.4,0.5,0.017000019550323486
CiteSeer,0.1,1,0.4,0.6,0.017000019550323486
CiteSeer,0.1,1,0.4,0.7,0.017000019550323486
CiteSeer,0.1,1,0.4,0.8,0.017000019550323486
CiteSeer,0.1,1,0.4,0.9,0.017000019550323486
CiteSeer,0.1,1,0.4,1.0,0.017000019550323486
CiteSeer,0.1,1,0.5,0.0,0.012000024318695068
CiteSeer,0.1,1,0.5,0.1,0.021000027656555176
CiteSeer,0.1,1,0.5,0.2,0.021000027656555176
CiteSeer,0.1,1,0.5,0.3,0.021000027656555176
CiteSeer,0.1,1,0.5,0.4,0.021000027656555176
CiteSeer,0.1,1,0.5,0.5,0.017000019550323486
CiteSeer,0.1,1,0.5,0.6,0.017000019550323486
CiteSeer,0.1,1,0.5,0.7,0.017000019550323486
CiteSeer,0.1,1,0.5,0.8,0.017000019550323486
CiteSeer,0.1,1,0.5,0.9,0.017000019550323486
CiteSeer,0.1,1,0.5,1.0,0.017000019550323486
CiteSeer,0.1,1,0.6,0.0,0.012000024318695068
CiteSeer,0.1,1,0.6,0.1,0.021000027656555176
CiteSeer,0.1,1,0.6,0.2,0.021000027656555176
CiteSeer,0.1,1,0.6,0.3,0.021000027656555176
CiteSeer,0.1,1,0.6,0.4,0.021000027656555176
CiteSeer,0.1,1,0.6,0.5,0.017000019550323486
CiteSeer,0.1,1,0.6,0.6,0.017000019550323486
CiteSeer,0.1,1,0.6,0.7,0.017000019550323486
CiteSeer,0.1,1,0.6,0.8,0.017000019550323486
CiteSeer,0.1,1,0.6,0.9,0.017000019550323486
CiteSeer,0.1,1,0.6,1.0,0.017000019550323486
CiteSeer,0.1,1,0.7,0.0,0.012000024318695068
CiteSeer,0.1,1,0.7,0.1,0.021000027656555176
CiteSeer,0.1,1,0.7,0.2,0.021000027656555176
CiteSeer,0.1,1,0.7,0.3,0.021000027656555176
CiteSeer,0.1,1,0.7,0.4,0.021000027656555176
CiteSeer,0.1,1,0.7,0.5,0.017000019550323486
CiteSeer,0.1,1,0.7,0.6,0.017000019550323486
CiteSeer,0.1,1,0.7,0.7,0.017000019550323486
CiteSeer,0.1,1,0.7,0.8,0.017000019550323486
CiteSeer,0.1,1,0.7,0.9,0.017000019550323486
CiteSeer,0.1,1,0.7,1.0,0.017000019550323486
CiteSeer,0.1,1,0.8,0.0,0.012000024318695068
CiteSeer,0.1,1,0.8,0.1,0.021000027656555176
CiteSeer,0.1,1,0.8,0.2,0.021000027656555176
CiteSeer,0.1,1,0.8,0.3,0.021000027656555176
CiteSeer,0.1,1,0.8,0.4,0.021000027656555176
CiteSeer,0.1,1,0.8,0.5,0.017000019550323486
CiteSeer,0.1,1,0.8,0.6,0.017000019550323486
CiteSeer,0.1,1,0.8,0.7,0.017000019550323486
CiteSeer,0.1,1,0.8,0.8,0.017000019550323486
CiteSeer,0.1,1,0.8,0.9,0.017000019550323486
CiteSeer,0.1,1,0.8,1.0,0.017000019550323486
CiteSeer,0.1,1,0.9,0.0,0.012000024318695068
CiteSeer,0.1,1,0.9,0.1,0.021000027656555176
CiteSeer,0.1,1,0.9,0.2,0.021000027656555176
CiteSeer,0.1,1,0.9,0.3,0.021000027656555176
CiteSeer,0.1,1,0.9,0.4,0.021000027656555176
CiteSeer,0.1,1,0.9,0.5,0.017000019550323486
CiteSeer,0.1,1,0.9,0.6,0.017000019550323486
CiteSeer,0.1,1,0.9,0.7,0.017000019550323486
CiteSeer,0.1,1,0.9,0.8,0.017000019550323486
CiteSeer,0.1,1,0.9,0.9,0.017000019550323486
CiteSeer,0.1,1,0.9,1.0,0.017000019550323486
CiteSeer,0.1,1,1.0,0.0,0.012000024318695068
CiteSeer,0.1,1,1.0,0.1,0.021000027656555176
CiteSeer,0.1,1,1.0,0.2,0.021000027656555176
CiteSeer,0.1,1,1.0,0.3,0.021000027656555176
CiteSeer,0.1,1,1.0,0.4,0.021000027656555176
CiteSeer,0.1,1,1.0,0.5,0.017000019550323486
CiteSeer,0.1,1,1.0,0.6,0.017000019550323486
CiteSeer,0.1,1,1.0,0.7,0.017000019550323486
CiteSeer,0.1,1,1.0,0.8,0.017000019550323486
CiteSeer,0.1,1,1.0,0.9,0.017000019550323486
CiteSeer,0.1,1,1.0,1.0,0.017000019550323486
CiteSeer,0.1,2,0.1,0.0,-0.0040000081062316895
CiteSeer,0.1,2,0.1,0.1,-0.004999995231628418
CiteSeer,0.1,2,0.1,0.2,-0.00700002908706665
CiteSeer,0.1,2,0.1,0.3,-0.00700002908706665
CiteSeer,0.1,2,0.1,0.4,-0.00700002908706665
CiteSeer,0.1,2,0.1,0.5,-0.00700002908706665
CiteSeer,0.1,2,0.1,0.6,-0.00700002908706665
CiteSeer,0.1,2,0.1,0.7,-0.00700002908706665
CiteSeer,0.1,2,0.1,0.8,-0.00700002908706665
CiteSeer,0.1,2,0.1,0.9,-0.00700002908706665
CiteSeer,0.1,2,0.1,1.0,-0.023000001907348633
CiteSeer,0.1,2,0.2,0.0,0.0009999871253967285
CiteSeer,0.1,2,0.2,0.1,0.0009999871253967285
CiteSeer,0.1,2,0.2,0.2,-0.00700002908706665
CiteSeer,0.1,2,0.2,0.3,-0.00700002908706665
CiteSeer,0.1,2,0.2,0.4,-0.00700002908706665
CiteSeer,0.1,2,0.2,0.5,-0.00700002908706665
CiteSeer,0.1,2,0.2,0.6,-0.00700002908706665
CiteSeer,0.1,2,0.2,0.7,-0.00700002908706665
CiteSeer,0.1,2,0.2,0.8,-0.00700002908706665
CiteSeer,0.1,2,0.2,0.9,-0.00700002908706665
CiteSeer,0.1,2,0.2,1.0,-0.001000046730041504
CiteSeer,0.1,2,0.3,0.0,-0.013999998569488525
CiteSeer,0.1,2,0.3,0.1,-0.013000011444091797
CiteSeer,0.1,2,0.3,0.2,-0.0040000081062316895
CiteSeer,0.1,2,0.3,0.3,-0.0040000081062316895
CiteSeer,0.1,2,0.3,0.4,-0.0040000081062316895
CiteSeer,0.1,2,0.3,0.5,-0.0040000081062316895
CiteSeer,0.1,2,0.3,0.6,-0.0040000081062316895
CiteSeer,0.1,2,0.3,0.7,-0.0040000081062316895
CiteSeer,0.1,2,0.3,0.8,-0.0040000081062316895
CiteSeer,0.1,2,0.3,0.9,-0.0040000081062316895
CiteSeer,0.1,2,0.3,1.0,-0.00700002908706665
CiteSeer,0.1,2,0.4,0.0,-0.013999998569488525
CiteSeer,0.1,2,0.4,0.1,-0.013000011444091797
CiteSeer,0.1,2,0.4,0.2,-0.0040000081062316895
CiteSeer,0.1,2,0.4,0.3,-0.0040000081062316895
CiteSeer,0.1,2,0.4,0.4,-0.0040000081062316895
CiteSeer,0.1,2,0.4,0.5,-0.0040000081062316895
CiteSeer,0.1,2,0.4,0.6,-0.0040000081062316895
CiteSeer,0.1,2,0.4,0.7,-0.0040000081062316895
CiteSeer,0.1,2,0.4,0.8,-0.0040000081062316895
CiteSeer,0.1,2,0.4,0.9,-0.0040000081062316895
CiteSeer,0.1,2,0.4,1.0,-0.00700002908706665
CiteSeer,0.1,2,0.5,0.0,-0.013999998569488525
CiteSeer,0.1,2,0.5,0.1,-0.013000011444091797
CiteSeer,0.1,2,0.5,0.2,-0.0040000081062316895
CiteSeer,0.1,2,0.5,0.3,-0.0040000081062316895
CiteSeer,0.1,2,0.5,0.4,-0.0040000081062316895
CiteSeer,0.1,2,0.5,0.5,-0.0040000081062316895
CiteSeer,0.1,2,0.5,0.6,-0.0040000081062316895
CiteSeer,0.1,2,0.5,0.7,-0.0040000081062316895
CiteSeer,0.1,2,0.5,0.8,-0.0040000081062316895
CiteSeer,0.1,2,0.5,0.9,-0.0040000081062316895
CiteSeer,0.1,2,0.5,1.0,-0.00700002908706665
CiteSeer,0.1,2,0.6,0.0,-0.013999998569488525
CiteSeer,0.1,2,0.6,0.1,-0.013000011444091797
CiteSeer,0.1,2,0.6,0.2,-0.0040000081062316895
CiteSeer,0.1,2,0.6,0.3,-0.0040000081062316895
CiteSeer,0.1,2,0.6,0.4,-0.0040000081062316895
CiteSeer,0.1,2,0.6,0.5,-0.0040000081062316895
CiteSeer,0.1,2,0.6,0.6,-0.0040000081062316895
CiteSeer,0.1,2,0.6,0.7,-0.0040000081062316895
CiteSeer,0.1,2,0.6,0.8,-0.0040000081062316895
CiteSeer,0.1,2,0.6,0.9,-0.0040000081062316895
CiteSeer,0.1,2,0.6,1.0,-0.00700002908706665
CiteSeer,0.1,2,0.7,0.0,-0.013999998569488525
CiteSeer,0.1,2,0.7,0.1,-0.013000011444091797
CiteSeer,0.1,2,0.7,0.2,-0.0040000081062316895
CiteSeer,0.1,2,0.7,0.3,-0.0040000081062316895
CiteSeer,0.1,2,0.7,0.4,-0.0040000081062316895
CiteSeer,0.1,2,0.7,0.5,-0.0040000081062316895
CiteSeer,0.1,2,0.7,0.6,-0.0040000081062316895
CiteSeer,0.1,2,0.7,0.7,-0.0040000081062316895
CiteSeer,0.1,2,0.7,0.8,-0.0040000081062316895
CiteSeer,0.1,2,0.7,0.9,-0.0040000081062316895
CiteSeer,0.1,2,0.7,1.0,-0.00700002908706665
CiteSeer,0.1,2,0.8,0.0,-0.013999998569488525
CiteSeer,0.1,2,0.8,0.1,-0.013000011444091797
CiteSeer,0.1,2,0.8,0.2,-0.0040000081062316895
CiteSeer,0.1,2,0.8,0.3,-0.0040000081062316895
CiteSeer,0.1,2,0.8,0.4,-0.0040000081062316895
CiteSeer,0.1,2,0.8,0.5,-0.0040000081062316895
CiteSeer,0.1,2,0.8,0.6,-0.0040000081062316895
CiteSeer,0.1,2,0.8,0.7,-0.0040000081062316895
CiteSeer,0.1,2,0.8,0.8,-0.0040000081062316895
CiteSeer,0.1,2,0.8,0.9,-0.0040000081062316895
CiteSeer,0.1,2,0.8,1.0,-0.00700002908706665
CiteSeer,0.1,2,0.9,0.0,-0.013999998569488525
CiteSeer,0.1,2,0.9,0.1,-0.013000011444091797
CiteSeer,0.1,2,0.9,0.2,-0.0040000081062316895
CiteSeer,0.1,2,0.9,0.3,-0.0040000081062316895
CiteSeer,0.1,2,0.9,0.4,-0.0040000081062316895
CiteSeer,0.1,2,0.9,0.5,-0.0040000081062316895
CiteSeer,0.1,2,0.9,0.6,-0.0040000081062316895
CiteSeer,0.1,2,0.9,0.7,-0.0040000081062316895
CiteSeer,0.1,2,0.9,0.8,-0.0040000081062316895
CiteSeer,0.1,2,0.9,0.9,-0.0040000081062316895
CiteSeer,0.1,2,0.9,1.0,-0.00700002908706665
CiteSeer,0.1,2,1.0,0.0,-0.013999998569488525
CiteSeer,0.1,2,1.0,0.1,-0.013000011444091797
CiteSeer,0.1,2,1.0,0.2,-0.0040000081062316895
CiteSeer,0.1,2,1.0,0.3,-0.0040000081062316895
CiteSeer,0.1,2,1.0,0.4,-0.0040000081062316895
CiteSeer,0.1,2,1.0,0.5,-0.0040000081062316895
CiteSeer,0.1,2,1.0,0.6,-0.0040000081062316895
CiteSeer,0.1,2,1.0,0.7,-0.0040000081062316895
CiteSeer,0.1,2,1.0,0.8,-0.0040000081062316895
CiteSeer,0.1,2,1.0,0.9,-0.0040000081062316895
CiteSeer,0.1,2,1.0,1.0,-0.00700002908706665
CiteSeer,0.1,3,0.1,0.0,0.003000020980834961
CiteSeer,0.1,3,0.1,0.1,-0.004999995231628418
CiteSeer,0.1,3,0.1,0.2,-0.004999995231628418
CiteSeer,0.1,3,0.1,0.3,-0.007999956607818604
CiteSeer,0.1,3,0.1,0.4,-0.007999956607818604
CiteSeer,0.1,3,0.1,0.5,-0.004999995231628418
CiteSeer,0.1,3,0.1,0.6,-0.004999995231628418
CiteSeer,0.1,3,0.1,0.7,-0.004999995231628418
CiteSeer,0.1,3,0.1,0.8,-0.004999995231628418
CiteSeer,0.1,3,0.1,0.9,-0.004999995231628418
CiteSeer,0.1,3,0.1,1.0,-0.004999995231628418
CiteSeer,0.1,3,0.2,0.0,0.006000041961669922
CiteSeer,0.1,3,0.2,0.1,0.001000046730041504
CiteSeer,0.1,3,0.2,0.2,0.001000046730041504
CiteSeer,0.1,3,0.2,0.3,0.0
CiteSeer,0.1,3,0.2,0.4,-0.0009999871253967285
CiteSeer,0.1,3,0.2,0.5,-0.0029999613761901855
CiteSeer,0.1,3,0.2,0.6,-0.0029999613761901855
CiteSeer,0.1,3,0.2,0.7,-0.0029999613761901855
CiteSeer,0.1,3,0.2,0.8,-0.0029999613761901855
CiteSeer,0.1,3,0.2,0.9,-0.001999974250793457
CiteSeer,0.1,3,0.2,1.0,-0.001999974250793457
CiteSeer,0.1,3,0.3,0.0,0.006000041961669922
CiteSeer,0.1,3,0.3,0.1,0.001000046730041504
CiteSeer,0.1,3,0.3,0.2,0.001000046730041504
CiteSeer,0.1,3,0.3,0.3,0.0
CiteSeer,0.1,3,0.3,0.4,-0.0009999871253967285
CiteSeer,0.1,3,0.3,0.5,-0.0029999613761901855
CiteSeer,0.1,3,0.3,0.6,-0.0029999613761901855
CiteSeer,0.1,3,0.3,0.7,-0.0029999613761901855
CiteSeer,0.1,3,0.3,0.8,-0.0029999613761901855
CiteSeer,0.1,3,0.3,0.9,-0.001999974250793457
CiteSeer,0.1,3,0.3,1.0,-0.001999974250793457
CiteSeer,0.1,3,0.4,0.0,0.006000041961669922
CiteSeer,0.1,3,0.4,0.1,0.001000046730041504
CiteSeer,0.1,3,0.4,0.2,0.001000046730041504
CiteSeer,0.1,3,0.4,0.3,0.0
CiteSeer,0.1,3,0.4,0.4,-0.0009999871253967285
CiteSeer,0.1,3,0.4,0.5,-0.0029999613761901855
CiteSeer,0.1,3,0.4,0.6,-0.0029999613761901855
CiteSeer,0.1,3,0.4,0.7,-0.0029999613761901855
CiteSeer,0.1,3,0.4,0.8,-0.0029999613761901855
CiteSeer,0.1,3,0.4,0.9,-0.001999974250793457
CiteSeer,0.1,3,0.4,1.0,-0.001999974250793457
CiteSeer,0.1,3,0.5,0.0,0.006000041961669922
CiteSeer,0.1,3,0.5,0.1,0.001000046730041504
CiteSeer,0.1,3,0.5,0.2,0.001000046730041504
CiteSeer,0.1,3,0.5,0.3,0.0
CiteSeer,0.1,3,0.5,0.4,0.0
CiteSeer,0.1,3,0.5,0.5,-0.0029999613761901855
CiteSeer,0.1,3,0.5,0.6,-0.0029999613761901855
CiteSeer,0.1,3,0.5,0.7,-0.0029999613761901855
CiteSeer,0.1,3,0.5,0.8,-0.0029999613761901855
CiteSeer,0.1,3,0.5,0.9,-0.001999974250793457
CiteSeer,0.1,3,0.5,1.0,-0.001999974250793457
CiteSeer,0.1,3,0.6,0.0,0.006000041961669922
CiteSeer,0.1,3,0.6,0.1,0.001000046730041504
CiteSeer,0.1,3,0.6,0.2,0.001000046730041504
CiteSeer,0.1,3,0.6,0.3,0.0
CiteSeer,0.1,3,0.6,0.4,-0.0009999871253967285
CiteSeer,0.1,3,0.6,0.5,-0.0029999613761901855
CiteSeer,0.1,3,0.6,0.6,-0.0029999613761901855
CiteSeer,0.1,3,0.6,0.7,-0.0029999613761901855
CiteSeer,0.1,3,0.6,0.8,-0.0029999613761901855
CiteSeer,0.1,3,0.6,0.9,-0.001999974250793457
CiteSeer,0.1,3,0.6,1.0,-0.001999974250793457
CiteSeer,0.1,3,0.7,0.0,0.006000041961669922
CiteSeer,0.1,3,0.7,0.1,0.001000046730041504
CiteSeer,0.1,3,0.7,0.2,0.001000046730041504
CiteSeer,0.1,3,0.7,0.3,0.0
CiteSeer,0.1,3,0.7,0.4,0.0
CiteSeer,0.1,3,0.7,0.5,-0.0029999613761901855
CiteSeer,0.1,3,0.7,0.6,-0.0029999613761901855
CiteSeer,0.1,3,0.7,0.7,-0.0029999613761901855
CiteSeer,0.1,3,0.7,0.8,-0.0029999613761901855
CiteSeer,0.1,3,0.7,0.9,-0.001999974250793457
CiteSeer,0.1,3,0.7,1.0,-0.001999974250793457
CiteSeer,0.1,3,0.8,0.0,0.006000041961669922
CiteSeer,0.1,3,0.8,0.1,0.001000046730041504
CiteSeer,0.1,3,0.8,0.2,0.001000046730041504
CiteSeer,0.1,3,0.8,0.3,-0.0009999871253967285
CiteSeer,0.1,3,0.8,0.4,0.0
CiteSeer,0.1,3,0.8,0.5,-0.0029999613761901855
CiteSeer,0.1,3,0.8,0.6,-0.0029999613761901855
CiteSeer,0.1,3,0.8,0.7,-0.0029999613761901855
CiteSeer,0.1,3,0.8,0.8,-0.0029999613761901855
CiteSeer,0.1,3,0.8,0.9,-0.001999974250793457
CiteSeer,0.1,3,0.8,1.0,-0.001999974250793457
CiteSeer,0.1,3,0.9,0.0,0.006000041961669922
CiteSeer,0.1,3,0.9,0.1,0.001000046730041504
CiteSeer,0.1,3,0.9,0.2,0.001000046730041504
CiteSeer,0.1,3,0.9,0.3,-0.0009999871253967285
CiteSeer,0.1,3,0.9,0.4,0.0
CiteSeer,0.1,3,0.9,0.5,-0.0029999613761901855
CiteSeer,0.1,3,0.9,0.6,-0.0029999613761901855
CiteSeer,0.1,3,0.9,0.7,-0.0029999613761901855
CiteSeer,0.1,3,0.9,0.8,-0.0029999613761901855
CiteSeer,0.1,3,0.9,0.9,-0.001999974250793457
CiteSeer,0.1,3,0.9,1.0,-0.001999974250793457
CiteSeer,0.1,3,1.0,0.0,0.006000041961669922
CiteSeer,0.1,3,1.0,0.1,0.001000046730041504
CiteSeer,0.1,3,1.0,0.2,0.001000046730041504
CiteSeer,0.1,3,1.0,0.3,-0.0009999871253967285
CiteSeer,0.1,3,1.0,0.4,0.0
CiteSeer,0.1,3,1.0,0.5,-0.0029999613761901855
CiteSeer,0.1,3,1.0,0.6,-0.0029999613761901855
CiteSeer,0.1,3,1.0,0.7,-0.0029999613761901855
CiteSeer,0.1,3,1.0,0.8,-0.0029999613761901855
CiteSeer,0.1,3,1.0,0.9,-0.001999974250793457
CiteSeer,0.1,3,1.0,1.0,-0.001999974250793457
CiteSeer,0.1,4,0.1,0.0,-0.0009999871253967285
CiteSeer,0.1,4,0.1,0.1,0.00700002908706665
CiteSeer,0.1,4,0.1,0.2,0.0059999823570251465
CiteSeer,0.1,4,0.1,0.3,0.0059999823570251465
CiteSeer,0.1,4,0.1,0.4,0.0059999823570251465
CiteSeer,0.1,4,0.1,0.5,0.0059999823570251465
CiteSeer,0.1,4,0.1,0.6,0.0059999823570251465
CiteSeer,0.1,4,0.1,0.7,0.0059999823570251465
CiteSeer,0.1,4,0.1,0.8,0.0059999823570251465
CiteSeer,0.1,4,0.1,0.9,0.0059999823570251465
CiteSeer,0.1,4,0.1,1.0,0.0059999823570251465
CiteSeer,0.1,4,0.2,0.0,0.004999995231628418
CiteSeer,0.1,4,0.2,0.1,0.0
CiteSeer,0.1,4,0.2,0.2,0.003000020980834961
CiteSeer,0.1,4,0.2,0.3,0.003000020980834961
CiteSeer,0.1,4,0.2,0.4,0.003000020980834961
CiteSeer,0.1,4,0.2,0.5,0.003000020980834961
CiteSeer,0.1,4,0.2,0.6,0.003000020980834961
CiteSeer,0.1,4,0.2,0.7,0.003000020980834961
CiteSeer,0.1,4,0.2,0.8,0.003000020980834961
CiteSeer,0.1,4,0.2,0.9,0.003000020980834961
CiteSeer,0.1,4,0.2,1.0,0.003000020980834961
CiteSeer,0.1,4,0.3,0.0,0.004999995231628418
CiteSeer,0.1,4,0.3,0.1,0.0
CiteSeer,0.1,4,0.3,0.2,0.003000020980834961
CiteSeer,0.1,4,0.3,0.3,0.003000020980834961
CiteSeer,0.1,4,0.3,0.4,0.003000020980834961
CiteSeer,0.1,4,0.3,0.5,0.003000020980834961
CiteSeer,0.1,4,0.3,0.6,0.003000020980834961
CiteSeer,0.1,4,0.3,0.7,0.003000020980834961
CiteSeer,0.1,4,0.3,0.8,0.003000020980834961
CiteSeer,0.1,4,0.3,0.9,0.003000020980834961
CiteSeer,0.1,4,0.3,1.0,0.003000020980834961
CiteSeer,0.1,4,0.4,0.0,0.004999995231628418
CiteSeer,0.1,4,0.4,0.1,0.0
CiteSeer,0.1,4,0.4,0.2,0.003000020980834961
CiteSeer,0.1,4,0.4,0.3,0.003000020980834961
CiteSeer,0.1,4,0.4,0.4,0.003000020980834961
CiteSeer,0.1,4,0.4,0.5,0.003000020980834961
CiteSeer,0.1,4,0.4,0.6,0.003000020980834961
CiteSeer,0.1,4,0.4,0.7,0.003000020980834961
CiteSeer,0.1,4,0.4,0.8,0.003000020980834961
CiteSeer,0.1,4,0.4,0.9,0.003000020980834961
CiteSeer,0.1,4,0.4,1.0,0.003000020980834961
CiteSeer,0.1,4,0.5,0.0,0.004999995231628418
CiteSeer,0.1,4,0.5,0.1,0.0
CiteSeer,0.1,4,0.5,0.2,0.003000020980834961
CiteSeer,0.1,4,0.5,0.3,0.003000020980834961
CiteSeer,0.1,4,0.5,0.4,0.003000020980834961
CiteSeer,0.1,4,0.5,0.5,0.003000020980834961
CiteSeer,0.1,4,0.5,0.6,0.003000020980834961
CiteSeer,0.1,4,0.5,0.7,0.003000020980834961
CiteSeer,0.1,4,0.5,0.8,0.003000020980834961
CiteSeer,0.1,4,0.5,0.9,0.003000020980834961
CiteSeer,0.1,4,0.5,1.0,0.003000020980834961
CiteSeer,0.1,4,0.6,0.0,0.0009999871253967285
CiteSeer,0.1,4,0.6,0.1,0.0009999871253967285
CiteSeer,0.1,4,0.6,0.2,0.003000020980834961
CiteSeer,0.1,4,0.6,0.3,0.003000020980834961
CiteSeer,0.1,4,0.6,0.4,0.003000020980834961
CiteSeer,0.1,4,0.6,0.5,0.003000020980834961
CiteSeer,0.1,4,0.6,0.6,0.003000020980834961
CiteSeer,0.1,4,0.6,0.7,0.003000020980834961
CiteSeer,0.1,4,0.6,0.8,0.003000020980834961
CiteSeer,0.1,4,0.6,0.9,0.003000020980834961
CiteSeer,0.1,4,0.6,1.0,0.003000020980834961
CiteSeer,0.1,4,0.7,0.0,0.0009999871253967285
CiteSeer,0.1,4,0.7,0.1,0.0009999871253967285
CiteSeer,0.1,4,0.7,0.2,0.003000020980834961
CiteSeer,0.1,4,0.7,0.3,0.003000020980834961
CiteSeer,0.1,4,0.7,0.4,0.003000020980834961
CiteSeer,0.1,4,0.7,0.5,0.003000020980834961
CiteSeer,0.1,4,0.7,0.6,0.003000020980834961
CiteSeer,0.1,4,0.7,0.7,0.003000020980834961
CiteSeer,0.1,4,0.7,0.8,0.003000020980834961
CiteSeer,0.1,4,0.7,0.9,0.003000020980834961
CiteSeer,0.1,4,0.7,1.0,0.003000020980834961
CiteSeer,0.1,4,0.8,0.0,0.0009999871253967285
CiteSeer,0.1,4,0.8,0.1,0.0009999871253967285
CiteSeer,0.1,4,0.8,0.2,0.003000020980834961
CiteSeer,0.1,4,0.8,0.3,0.003000020980834961
CiteSeer,0.1,4,0.8,0.4,0.003000020980834961
CiteSeer,0.1,4,0.8,0.5,0.003000020980834961
CiteSeer,0.1,4,0.8,0.6,0.003000020980834961
CiteSeer,0.1,4,0.8,0.7,0.003000020980834961
CiteSeer,0.1,4,0.8,0.8,0.003000020980834961
CiteSeer,0.1,4,0.8,0.9,0.003000020980834961
CiteSeer,0.1,4,0.8,1.0,0.003000020980834961
CiteSeer,0.1,4,0.9,0.0,0.0009999871253967285
CiteSeer,0.1,4,0.9,0.1,0.0009999871253967285
CiteSeer,0.1,4,0.9,0.2,0.003000020980834961
CiteSeer,0.1,4,0.9,0.3,0.003000020980834961
CiteSeer,0.1,4,0.9,0.4,0.003000020980834961
CiteSeer,0.1,4,0.9,0.5,0.003000020980834961
CiteSeer,0.1,4,0.9,0.6,0.003000020980834961
CiteSeer,0.1,4,0.9,0.7,0.003000020980834961
CiteSeer,0.1,4,0.9,0.8,0.003000020980834961
CiteSeer,0.1,4,0.9,0.9,0.003000020980834961
CiteSeer,0.1,4,0.9,1.0,0.003000020980834961
CiteSeer,0.1,4,1.0,0.0,0.0
CiteSeer,0.1,4,1.0,0.1,0.0009999871253967285
CiteSeer,0.1,4,1.0,0.2,0.003000020980834961
CiteSeer,0.1,4,1.0,0.3,0.003000020980834961
CiteSeer,0.1,4,1.0,0.4,0.003000020980834961
CiteSeer,0.1,4,1.0,0.5,0.003000020980834961
CiteSeer,0.1,4,1.0,0.6,0.003000020980834961
CiteSeer,0.1,4,1.0,0.7,0.003000020980834961
CiteSeer,0.1,4,1.0,0.8,0.003000020980834961
CiteSeer,0.1,4,1.0,0.9,0.003000020980834961
CiteSeer,0.1,4,1.0,1.0,0.003000020980834961
CiteSeer,0.1,5,0.1,0.0,0.026000022888183594
CiteSeer,0.1,5,0.1,0.1,0.02399998903274536
CiteSeer,0.1,5,0.1,0.2,0.02399998903274536
CiteSeer,0.1,5,0.1,0.3,0.02399998903274536
CiteSeer,0.1,5,0.1,0.4,0.02399998903274536
CiteSeer,0.1,5,0.1,0.5,0.02399998903274536
CiteSeer,0.1,5,0.1,0.6,0.022000014781951904
CiteSeer,0.1,5,0.1,0.7,0.022000014781951904
CiteSeer,0.1,5,0.1,0.8,0.022000014781951904
CiteSeer,0.1,5,0.1,0.9,0.022000014781951904
CiteSeer,0.1,5,0.1,1.0,0.022000014781951904
CiteSeer,0.1,5,0.2,0.0,0.02899998426437378
CiteSeer,0.1,5,0.2,0.1,0.006999969482421875
CiteSeer,0.1,5,0.2,0.2,0.006999969482421875
CiteSeer,0.1,5,0.2,0.3,0.006999969482421875
CiteSeer,0.1,5,0.2,0.4,0.006999969482421875
CiteSeer,0.1,5,0.2,0.5,0.006999969482421875
CiteSeer,0.1,5,0.2,0.6,0.015999972820281982
CiteSeer,0.1,5,0.2,0.7,0.015999972820281982
CiteSeer,0.1,5,0.2,0.8,0.015999972820281982
CiteSeer,0.1,5,0.2,0.9,0.015999972820281982
CiteSeer,0.1,5,0.2,1.0,0.015999972820281982
CiteSeer,0.1,5,0.3,0.0,0.02899998426437378
CiteSeer,0.1,5,0.3,0.1,0.006999969482421875
CiteSeer,0.1,5,0.3,0.2,0.006999969482421875
CiteSeer,0.1,5,0.3,0.3,0.006999969482421875
CiteSeer,0.1,5,0.3,0.4,0.006999969482421875
CiteSeer,0.1,5,0.3,0.5,0.006999969482421875
CiteSeer,0.1,5,0.3,0.6,0.015999972820281982
CiteSeer,0.1,5,0.3,0.7,0.015999972820281982
CiteSeer,0.1,5,0.3,0.8,0.015999972820281982
CiteSeer,0.1,5,0.3,0.9,0.015999972820281982
CiteSeer,0.1,5,0.3,1.0,0.015999972820281982
CiteSeer,0.1,5,0.4,0.0,0.018000006675720215
CiteSeer,0.1,5,0.4,0.1,0.009999990463256836
CiteSeer,0.1,5,0.4,0.2,0.009999990463256836
CiteSeer,0.1,5,0.4,0.3,0.009999990463256836
CiteSeer,0.1,5,0.4,0.4,0.009999990463256836
CiteSeer,0.1,5,0.4,0.5,0.009999990463256836
CiteSeer,0.1,5,0.4,0.6,0.015999972820281982
CiteSeer,0.1,5,0.4,0.7,0.015999972820281982
CiteSeer,0.1,5,0.4,0.8,0.015999972820281982
CiteSeer,0.1,5,0.4,0.9,0.015999972820281982
CiteSeer,0.1,5,0.4,1.0,0.015999972820281982
CiteSeer,0.1,5,0.5,0.0,0.018000006675720215
CiteSeer,0.1,5,0.5,0.1,0.009999990463256836
CiteSeer,0.1,5,0.5,0.2,0.009999990463256836
CiteSeer,0.1,5,0.5,0.3,0.009999990463256836
CiteSeer,0.1,5,0.5,0.4,0.009999990463256836
CiteSeer,0.1,5,0.5,0.5,0.009999990463256836
CiteSeer,0.1,5,0.5,0.6,0.015999972820281982
CiteSeer,0.1,5,0.5,0.7,0.015999972820281982
CiteSeer,0.1,5,0.5,0.8,0.015999972820281982
CiteSeer,0.1,5,0.5,0.9,0.015999972820281982
CiteSeer,0.1,5,0.5,1.0,0.015999972820281982
CiteSeer,0.1,5,0.6,0.0,0.018000006675720215
CiteSeer,0.1,5,0.6,0.1,0.009999990463256836
CiteSeer,0.1,5,0.6,0.2,0.009999990463256836
CiteSeer,0.1,5,0.6,0.3,0.009999990463256836
CiteSeer,0.1,5,0.6,0.4,0.009999990463256836
CiteSeer,0.1,5,0.6,0.5,0.009999990463256836
CiteSeer,0.1,5,0.6,0.6,0.015999972820281982
CiteSeer,0.1,5,0.6,0.7,0.015999972820281982
CiteSeer,0.1,5,0.6,0.8,0.015999972820281982
CiteSeer,0.1,5,0.6,0.9,0.015999972820281982
CiteSeer,0.1,5,0.6,1.0,0.015999972820281982
CiteSeer,0.1,5,0.7,0.0,0.018000006675720215
CiteSeer,0.1,5,0.7,0.1,0.009999990463256836
CiteSeer,0.1,5,0.7,0.2,0.009999990463256836
CiteSeer,0.1,5,0.7,0.3,0.009999990463256836
CiteSeer,0.1,5,0.7,0.4,0.009999990463256836
CiteSeer,0.1,5,0.7,0.5,0.009999990463256836
CiteSeer,0.1,5,0.7,0.6,0.015999972820281982
CiteSeer,0.1,5,0.7,0.7,0.015999972820281982
CiteSeer,0.1,5,0.7,0.8,0.015999972820281982
CiteSeer,0.1,5,0.7,0.9,0.015999972820281982
CiteSeer,0.1,5,0.7,1.0,0.015999972820281982
CiteSeer,0.1,5,0.8,0.0,0.018000006675720215
CiteSeer,0.1,5,0.8,0.1,0.009999990463256836
CiteSeer,0.1,5,0.8,0.2,0.009999990463256836
CiteSeer,0.1,5,0.8,0.3,0.009999990463256836
CiteSeer,0.1,5,0.8,0.4,0.009999990463256836
CiteSeer,0.1,5,0.8,0.5,0.009999990463256836
CiteSeer,0.1,5,0.8,0.6,0.015999972820281982
CiteSeer,0.1,5,0.8,0.7,0.015999972820281982
CiteSeer,0.1,5,0.8,0.8,0.015999972820281982
CiteSeer,0.1,5,0.8,0.9,0.015999972820281982
CiteSeer,0.1,5,0.8,1.0,0.015999972820281982
CiteSeer,0.1,5,0.9,0.0,0.018000006675720215
CiteSeer,0.1,5,0.9,0.1,0.009999990463256836
CiteSeer,0.1,5,0.9,0.2,0.009999990463256836
CiteSeer,0.1,5,0.9,0.3,0.009999990463256836
CiteSeer,0.1,5,0.9,0.4,0.009999990463256836
CiteSeer,0.1,5,0.9,0.5,0.009999990463256836
CiteSeer,0.1,5,0.9,0.6,0.015999972820281982
CiteSeer,0.1,5,0.9,0.7,0.015999972820281982
CiteSeer,0.1,5,0.9,0.8,0.015999972820281982
CiteSeer,0.1,5,0.9,0.9,0.015999972820281982
CiteSeer,0.1,5,0.9,1.0,0.015999972820281982
CiteSeer,0.1,5,1.0,0.0,0.008000016212463379
CiteSeer,0.1,5,1.0,0.1,0.02799999713897705
CiteSeer,0.1,5,1.0,0.2,0.02799999713897705
CiteSeer,0.1,5,1.0,0.3,0.02799999713897705
CiteSeer,0.1,5,1.0,0.4,0.02799999713897705
CiteSeer,0.1,5,1.0,0.5,0.02799999713897705
CiteSeer,0.1,5,1.0,0.6,0.009000003337860107
CiteSeer,0.1,5,1.0,0.7,0.009000003337860107
CiteSeer,0.1,5,1.0,0.8,0.009000003337860107
CiteSeer,0.1,5,1.0,0.9,0.009000003337860107
CiteSeer,0.1,5,1.0,1.0,0.009000003337860107
CiteSeer,0.1,6,0.1,0.0,-0.003000020980834961
CiteSeer,0.1,6,0.1,0.1,0.0
CiteSeer,0.1,6,0.1,0.2,0.0
CiteSeer,0.1,6,0.1,0.3,0.0
CiteSeer,0.1,6,0.1,0.4,-0.009999990463256836
CiteSeer,0.1,6,0.1,0.5,-0.009999990463256836
CiteSeer,0.1,6,0.1,0.6,-0.009999990463256836
CiteSeer,0.1,6,0.1,0.7,-0.009999990463256836
CiteSeer,0.1,6,0.1,0.8,-0.0059999823570251465
CiteSeer,0.1,6,0.1,0.9,-0.0059999823570251465
CiteSeer,0.1,6,0.1,1.0,-0.0059999823570251465
CiteSeer,0.1,6,0.2,0.0,-0.008000016212463379
CiteSeer,0.1,6,0.2,0.1,-0.006999969482421875
CiteSeer,0.1,6,0.2,0.2,-0.006999969482421875
CiteSeer,0.1,6,0.2,0.3,-0.006999969482421875
CiteSeer,0.1,6,0.2,0.4,0.0020000338554382324
CiteSeer,0.1,6,0.2,0.5,0.0020000338554382324
CiteSeer,0.1,6,0.2,0.6,0.0020000338554382324
CiteSeer,0.1,6,0.2,0.7,0.0020000338554382324
CiteSeer,0.1,6,0.2,0.8,-0.004999995231628418
CiteSeer,0.1,6,0.2,0.9,-0.006999969482421875
CiteSeer,0.1,6,0.2,1.0,-0.004999995231628418
CiteSeer,0.1,6,0.3,0.0,-0.008000016212463379
CiteSeer,0.1,6,0.3,0.1,-0.006999969482421875
CiteSeer,0.1,6,0.3,0.2,-0.006999969482421875
CiteSeer,0.1,6,0.3,0.3,-0.006999969482421875
CiteSeer,0.1,6,0.3,0.4,0.0020000338554382324
CiteSeer,0.1,6,0.3,0.5,0.0020000338554382324
CiteSeer,0.1,6,0.3,0.6,0.0020000338554382324
CiteSeer,0.1,6,0.3,0.7,0.0020000338554382324
CiteSeer,0.1,6,0.3,0.8,-0.006999969482421875
CiteSeer,0.1,6,0.3,0.9,-0.006999969482421875
CiteSeer,0.1,6,0.3,1.0,-0.006999969482421875
CiteSeer,0.1,6,0.4,0.0,-0.010999977588653564
CiteSeer,0.1,6,0.4,0.1,0.0
CiteSeer,0.1,6,0.4,0.2,0.0
CiteSeer,0.1,6,0.4,0.3,0.0
CiteSeer,0.1,6,0.4,0.4,-0.013000011444091797
CiteSeer,0.1,6,0.4,0.5,-0.013000011444091797
CiteSeer,0.1,6,0.4,0.6,-0.013000011444091797
CiteSeer,0.1,6,0.4,0.7,-0.013000011444091797
CiteSeer,0.1,6,0.4,0.8,-0.008000016212463379
CiteSeer,0.1,6,0.4,0.9,-0.008000016212463379
CiteSeer,0.1,6,0.4,1.0,-0.008000016212463379
CiteSeer,0.1,6,0.5,0.0,-0.006999969482421875
CiteSeer,0.1,6,0.5,0.1,0.012000024318695068
CiteSeer,0.1,6,0.5,0.2,0.012000024318695068
CiteSeer,0.1,6,0.5,0.3,0.012000024318695068
CiteSeer,0.1,6,0.5,0.4,0.008000016212463379
CiteSeer,0.1,6,0.5,0.5,0.008000016212463379
CiteSeer,0.1,6,0.5,0.6,0.008000016212463379
CiteSeer,0.1,6,0.5,0.7,0.008000016212463379
CiteSeer,0.1,6,0.5,0.8,-0.004999995231628418
CiteSeer,0.1,6,0.5,0.9,-0.004999995231628418
CiteSeer,0.1,6,0.5,1.0,-0.004999995231628418
CiteSeer,0.1,6,0.6,0.0,-0.006999969482421875
CiteSeer,0.1,6,0.6,0.1,0.012000024318695068
CiteSeer,0.1,6,0.6,0.2,0.012000024318695068
CiteSeer,0.1,6,0.6,0.3,0.012000024318695068
CiteSeer,0.1,6,0.6,0.4,0.008000016212463379
CiteSeer,0.1,6,0.6,0.5,0.008000016212463379
CiteSeer,0.1,6,0.6,0.6,0.008000016212463379
CiteSeer,0.1,6,0.6,0.7,0.008000016212463379
CiteSeer,0.1,6,0.6,0.8,-0.004999995231628418
CiteSeer,0.1,6,0.6,0.9,-0.004999995231628418
CiteSeer,0.1,6,0.6,1.0,-0.004999995231628418
CiteSeer,0.1,6,0.7,0.0,-0.006999969482421875
CiteSeer,0.1,6,0.7,0.1,0.012000024318695068
CiteSeer,0.1,6,0.7,0.2,0.012000024318695068
CiteSeer,0.1,6,0.7,0.3,0.012000024318695068
CiteSeer,0.1,6,0.7,0.4,0.008000016212463379
CiteSeer,0.1,6,0.7,0.5,0.008000016212463379
CiteSeer,0.1,6,0.7,0.6,0.008000016212463379
CiteSeer,0.1,6,0.7,0.7,0.008000016212463379
CiteSeer,0.1,6,0.7,0.8,-0.004999995231628418
CiteSeer,0.1,6,0.7,0.9,-0.004999995231628418
CiteSeer,0.1,6,0.7,1.0,-0.004999995231628418
CiteSeer,0.1,6,0.8,0.0,-0.006999969482421875
CiteSeer,0.1,6,0.8,0.1,0.012000024318695068
CiteSeer,0.1,6,0.8,0.2,0.012000024318695068
CiteSeer,0.1,6,0.8,0.3,0.012000024318695068
CiteSeer,0.1,6,0.8,0.4,0.008000016212463379
CiteSeer,0.1,6,0.8,0.5,0.008000016212463379
CiteSeer,0.1,6,0.8,0.6,0.008000016212463379
CiteSeer,0.1,6,0.8,0.7,0.008000016212463379
CiteSeer,0.1,6,0.8,0.8,-0.004999995231628418
CiteSeer,0.1,6,0.8,0.9,-0.004999995231628418
CiteSeer,0.1,6,0.8,1.0,-0.004999995231628418
CiteSeer,0.1,6,0.9,0.0,-0.006999969482421875
CiteSeer,0.1,6,0.9,0.1,0.012000024318695068
CiteSeer,0.1,6,0.9,0.2,0.012000024318695068
CiteSeer,0.1,6,0.9,0.3,0.012000024318695068
CiteSeer,0.1,6,0.9,0.4,0.008000016212463379
CiteSeer,0.1,6,0.9,0.5,0.008000016212463379
CiteSeer,0.1,6,0.9,0.6,0.008000016212463379
CiteSeer,0.1,6,0.9,0.7,0.008000016212463379
CiteSeer,0.1,6,0.9,0.8,-0.004999995231628418
CiteSeer,0.1,6,0.9,0.9,-0.004999995231628418
CiteSeer,0.1,6,0.9,1.0,-0.004999995231628418
CiteSeer,0.1,6,1.0,0.0,-0.006999969482421875
CiteSeer,0.1,6,1.0,0.1,0.012000024318695068
CiteSeer,0.1,6,1.0,0.2,0.012000024318695068
CiteSeer,0.1,6,1.0,0.3,0.012000024318695068
CiteSeer,0.1,6,1.0,0.4,0.008000016212463379
CiteSeer,0.1,6,1.0,0.5,0.008000016212463379
CiteSeer,0.1,6,1.0,0.6,0.008000016212463379
CiteSeer,0.1,6,1.0,0.7,0.008000016212463379
CiteSeer,0.1,6,1.0,0.8,-0.004999995231628418
CiteSeer,0.1,6,1.0,0.9,-0.004999995231628418
CiteSeer,0.1,6,1.0,1.0,-0.004999995231628418
CiteSeer,0.1,7,0.1,0.0,-0.023000001907348633
CiteSeer,0.1,7,0.1,0.1,-0.013999998569488525
CiteSeer,0.1,7,0.1,0.2,-0.013999998569488525
CiteSeer,0.1,7,0.1,0.3,-0.013999998569488525
CiteSeer,0.1,7,0.1,0.4,-0.013999998569488525
CiteSeer,0.1,7,0.1,0.5,-0.012999951839447021
CiteSeer,0.1,7,0.1,0.6,-0.01699995994567871
CiteSeer,0.1,7,0.1,0.7,-0.01699995994567871
CiteSeer,0.1,7,0.1,0.8,-0.01699995994567871
CiteSeer,0.1,7,0.1,0.9,-0.01699995994567871
CiteSeer,0.1,7,0.1,1.0,-0.01699995994567871
CiteSeer,0.1,7,0.2,0.0,-0.007999956607818604
CiteSeer,0.1,7,0.2,0.1,-0.018000006675720215
CiteSeer,0.1,7,0.2,0.2,-0.018000006675720215
CiteSeer,0.1,7,0.2,0.3,-0.018000006675720215
CiteSeer,0.1,7,0.2,0.4,-0.018000006675720215
CiteSeer,0.1,7,0.2,0.5,-0.018000006675720215
CiteSeer,0.1,7,0.2,0.6,-0.014999985694885254
CiteSeer,0.1,7,0.2,0.7,-0.014999985694885254
CiteSeer,0.1,7,0.2,0.8,-0.014999985694885254
CiteSeer,0.1,7,0.2,0.9,-0.014999985694885254
CiteSeer,0.1,7,0.2,1.0,-0.014999985694885254
CiteSeer,0.1,7,0.3,0.0,-0.007999956607818604
CiteSeer,0.1,7,0.3,0.1,-0.018000006675720215
CiteSeer,0.1,7,0.3,0.2,-0.018000006675720215
CiteSeer,0.1,7,0.3,0.3,-0.018000006675720215
CiteSeer,0.1,7,0.3,0.4,-0.018000006675720215
CiteSeer,0.1,7,0.3,0.5,-0.018000006675720215
CiteSeer,0.1,7,0.3,0.6,-0.014999985694885254
CiteSeer,0.1,7,0.3,0.7,-0.014999985694885254
CiteSeer,0.1,7,0.3,0.8,-0.014999985694885254
CiteSeer,0.1,7,0.3,0.9,-0.014999985694885254
CiteSeer,0.1,7,0.3,1.0,-0.014999985694885254
CiteSeer,0.1,7,0.4,0.0,-0.007999956607818604
CiteSeer,0.1,7,0.4,0.1,-0.018000006675720215
CiteSeer,0.1,7,0.4,0.2,-0.018000006675720215
CiteSeer,0.1,7,0.4,0.3,-0.018000006675720215
CiteSeer,0.1,7,0.4,0.4,-0.018000006675720215
CiteSeer,0.1,7,0.4,0.5,-0.018000006675720215
CiteSeer,0.1,7,0.4,0.6,-0.014999985694885254
CiteSeer,0.1,7,0.4,0.7,-0.014999985694885254
CiteSeer,0.1,7,0.4,0.8,-0.014999985694885254
CiteSeer,0.1,7,0.4,0.9,-0.014999985694885254
CiteSeer,0.1,7,0.4,1.0,-0.014999985694885254
CiteSeer,0.1,7,0.5,0.0,-0.007999956607818604
CiteSeer,0.1,7,0.5,0.1,-0.018000006675720215
CiteSeer,0.1,7,0.5,0.2,-0.018000006675720215
CiteSeer,0.1,7,0.5,0.3,-0.018000006675720215
CiteSeer,0.1,7,0.5,0.4,-0.018000006675720215
CiteSeer,0.1,7,0.5,0.5,-0.018000006675720215
CiteSeer,0.1,7,0.5,0.6,-0.014999985694885254
CiteSeer,0.1,7,0.5,0.7,-0.014999985694885254
CiteSeer,0.1,7,0.5,0.8,-0.014999985694885254
CiteSeer,0.1,7,0.5,0.9,-0.014999985694885254
CiteSeer,0.1,7,0.5,1.0,-0.014999985694885254
CiteSeer,0.1,7,0.6,0.0,-0.007999956607818604
CiteSeer,0.1,7,0.6,0.1,-0.018000006675720215
CiteSeer,0.1,7,0.6,0.2,-0.018000006675720215
CiteSeer,0.1,7,0.6,0.3,-0.018000006675720215
CiteSeer,0.1,7,0.6,0.4,-0.018000006675720215
CiteSeer,0.1,7,0.6,0.5,-0.018000006675720215
CiteSeer,0.1,7,0.6,0.6,-0.014999985694885254
CiteSeer,0.1,7,0.6,0.7,-0.014999985694885254
CiteSeer,0.1,7,0.6,0.8,-0.014999985694885254
CiteSeer,0.1,7,0.6,0.9,-0.014999985694885254
CiteSeer,0.1,7,0.6,1.0,-0.014999985694885254
CiteSeer,0.1,7,0.7,0.0,-0.007999956607818604
CiteSeer,0.1,7,0.7,0.1,-0.018000006675720215
CiteSeer,0.1,7,0.7,0.2,-0.018000006675720215
CiteSeer,0.1,7,0.7,0.3,-0.018000006675720215
CiteSeer,0.1,7,0.7,0.4,-0.018000006675720215
CiteSeer,0.1,7,0.7,0.5,-0.018000006675720215
CiteSeer,0.1,7,0.7,0.6,-0.014999985694885254
CiteSeer,0.1,7,0.7,0.7,-0.014999985694885254
CiteSeer,0.1,7,0.7,0.8,-0.014999985694885254
CiteSeer,0.1,7,0.7,0.9,-0.014999985694885254
CiteSeer,0.1,7,0.7,1.0,-0.014999985694885254
CiteSeer,0.1,7,0.8,0.0,-0.007999956607818604
CiteSeer,0.1,7,0.8,0.1,-0.018000006675720215
CiteSeer,0.1,7,0.8,0.2,-0.018000006675720215
CiteSeer,0.1,7,0.8,0.3,-0.018000006675720215
CiteSeer,0.1,7,0.8,0.4,-0.018000006675720215
CiteSeer,0.1,7,0.8,0.5,-0.018000006675720215
CiteSeer,0.1,7,0.8,0.6,-0.014999985694885254
CiteSeer,0.1,7,0.8,0.7,-0.014999985694885254
CiteSeer,0.1,7,0.8,0.8,-0.014999985694885254
CiteSeer,0.1,7,0.8,0.9,-0.014999985694885254
CiteSeer,0.1,7,0.8,1.0,-0.014999985694885254
CiteSeer,0.1,7,0.9,0.0,-0.007999956607818604
CiteSeer,0.1,7,0.9,0.1,-0.018000006675720215
CiteSeer,0.1,7,0.9,0.2,-0.018000006675720215
CiteSeer,0.1,7,0.9,0.3,-0.018000006675720215
CiteSeer,0.1,7,0.9,0.4,-0.018000006675720215
CiteSeer,0.1,7,0.9,0.5,-0.018000006675720215
CiteSeer,0.1,7,0.9,0.6,-0.014999985694885254
CiteSeer,0.1,7,0.9,0.7,-0.014999985694885254
CiteSeer,0.1,7,0.9,0.8,-0.014999985694885254
CiteSeer,0.1,7,0.9,0.9,-0.014999985694885254
CiteSeer,0.1,7,0.9,1.0,-0.014999985694885254
CiteSeer,0.1,7,1.0,0.0,-0.007999956607818604
CiteSeer,0.1,7,1.0,0.1,-0.018000006675720215
CiteSeer,0.1,7,1.0,0.2,-0.018000006675720215
CiteSeer,0.1,7,1.0,0.3,-0.018000006675720215
CiteSeer,0.1,7,1.0,0.4,-0.018000006675720215
CiteSeer,0.1,7,1.0,0.5,-0.018000006675720215
CiteSeer,0.1,7,1.0,0.6,-0.014999985694885254
CiteSeer,0.1,7,1.0,0.7,-0.014999985694885254
CiteSeer,0.1,7,1.0,0.8,-0.014999985694885254
CiteSeer,0.1,7,1.0,0.9,-0.014999985694885254
CiteSeer,0.1,7,1.0,1.0,-0.014999985694885254
CiteSeer,0.1,8,0.1,0.0,-0.0059999823570251465
CiteSeer,0.1,8,0.1,0.1,-0.010999977588653564
CiteSeer,0.1,8,0.1,0.2,-0.012000024318695068
CiteSeer,0.1,8,0.1,0.3,-0.010999977588653564
CiteSeer,0.1,8,0.1,0.4,-0.010999977588653564
CiteSeer,0.1,8,0.1,0.5,-0.010999977588653564
CiteSeer,0.1,8,0.1,0.6,-0.010999977588653564
CiteSeer,0.1,8,0.1,0.7,-0.010999977588653564
CiteSeer,0.1,8,0.1,0.8,-0.010999977588653564
CiteSeer,0.1,8,0.1,0.9,-0.018999993801116943
CiteSeer,0.1,8,0.1,1.0,-0.018999993801116943
CiteSeer,0.1,8,0.2,0.0,0.0040000081062316895
CiteSeer,0.1,8,0.2,0.1,-0.009999990463256836
CiteSeer,0.1,8,0.2,0.2,0.0040000081062316895
CiteSeer,0.1,8,0.2,0.3,-0.0040000081062316895
CiteSeer,0.1,8,0.2,0.4,-0.0040000081062316895
CiteSeer,0.1,8,0.2,0.5,-0.0040000081062316895
CiteSeer,0.1,8,0.2,0.6,-0.0040000081062316895
CiteSeer,0.1,8,0.2,0.7,-0.0040000081062316895
CiteSeer,0.1,8,0.2,0.8,-0.0040000081062316895
CiteSeer,0.1,8,0.2,0.9,0.008000016212463379
CiteSeer,0.1,8,0.2,1.0,0.008000016212463379
CiteSeer,0.1,8,0.3,0.0,0.0040000081062316895
CiteSeer,0.1,8,0.3,0.1,-0.009999990463256836
CiteSeer,0.1,8,0.3,0.2,0.0040000081062316895
CiteSeer,0.1,8,0.3,0.3,-0.0040000081062316895
CiteSeer,0.1,8,0.3,0.4,-0.0040000081062316895
CiteSeer,0.1,8,0.3,0.5,-0.0040000081062316895
CiteSeer,0.1,8,0.3,0.6,-0.0040000081062316895
CiteSeer,0.1,8,0.3,0.7,-0.0040000081062316895
CiteSeer,0.1,8,0.3,0.8,-0.0040000081062316895
CiteSeer,0.1,8,0.3,0.9,0.008000016212463379
CiteSeer,0.1,8,0.3,1.0,0.008000016212463379
CiteSeer,0.1,8,0.4,0.0,0.00700002908706665
CiteSeer,0.1,8,0.4,0.1,-0.015999972820281982
CiteSeer,0.1,8,0.4,0.2,-0.0009999871253967285
CiteSeer,0.1,8,0.4,0.3,-0.004999995231628418
CiteSeer,0.1,8,0.4,0.4,-0.004999995231628418
CiteSeer,0.1,8,0.4,0.5,-0.004999995231628418
CiteSeer,0.1,8,0.4,0.6,-0.004999995231628418
CiteSeer,0.1,8,0.4,0.7,-0.004999995231628418
CiteSeer,0.1,8,0.4,0.8,-0.004999995231628418
CiteSeer,0.1,8,0.4,0.9,-0.014999985694885254
CiteSeer,0.1,8,0.4,1.0,-0.014999985694885254
CiteSeer,0.1,8,0.5,0.0,0.00700002908706665
CiteSeer,0.1,8,0.5,0.1,-0.015999972820281982
CiteSeer,0.1,8,0.5,0.2,-0.0009999871253967285
CiteSeer,0.1,8,0.5,0.3,-0.004999995231628418
CiteSeer,0.1,8,0.5,0.4,-0.004999995231628418
CiteSeer,0.1,8,0.5,0.5,-0.004999995231628418
CiteSeer,0.1,8,0.5,0.6,-0.004999995231628418
CiteSeer,0.1,8,0.5,0.7,-0.004999995231628418
CiteSeer,0.1,8,0.5,0.8,-0.004999995231628418
CiteSeer,0.1,8,0.5,0.9,-0.014999985694885254
CiteSeer,0.1,8,0.5,1.0,-0.014999985694885254
CiteSeer,0.1,8,0.6,0.0,0.00700002908706665
CiteSeer,0.1,8,0.6,0.1,-0.015999972820281982
CiteSeer,0.1,8,0.6,0.2,-0.0009999871253967285
CiteSeer,0.1,8,0.6,0.3,-0.004999995231628418
CiteSeer,0.1,8,0.6,0.4,-0.004999995231628418
CiteSeer,0.1,8,0.6,0.5,-0.004999995231628418
CiteSeer,0.1,8,0.6,0.6,-0.004999995231628418
CiteSeer,0.1,8,0.6,0.7,-0.004999995231628418
CiteSeer,0.1,8,0.6,0.8,-0.004999995231628418
CiteSeer,0.1,8,0.6,0.9,-0.014999985694885254
CiteSeer,0.1,8,0.6,1.0,-0.014999985694885254
CiteSeer,0.1,8,0.7,0.0,0.00700002908706665
CiteSeer,0.1,8,0.7,0.1,-0.015999972820281982
CiteSeer,0.1,8,0.7,0.2,-0.0009999871253967285
CiteSeer,0.1,8,0.7,0.3,-0.004999995231628418
CiteSeer,0.1,8,0.7,0.4,-0.004999995231628418
CiteSeer,0.1,8,0.7,0.5,-0.004999995231628418
CiteSeer,0.1,8,0.7,0.6,-0.004999995231628418
CiteSeer,0.1,8,0.7,0.7,-0.004999995231628418
CiteSeer,0.1,8,0.7,0.8,-0.004999995231628418
CiteSeer,0.1,8,0.7,0.9,-0.014999985694885254
CiteSeer,0.1,8,0.7,1.0,-0.014999985694885254
CiteSeer,0.1,8,0.8,0.0,0.00700002908706665
CiteSeer,0.1,8,0.8,0.1,-0.015999972820281982
CiteSeer,0.1,8,0.8,0.2,-0.0009999871253967285
CiteSeer,0.1,8,0.8,0.3,-0.004999995231628418
CiteSeer,0.1,8,0.8,0.4,-0.004999995231628418
CiteSeer,0.1,8,0.8,0.5,-0.004999995231628418
CiteSeer,0.1,8,0.8,0.6,-0.004999995231628418
CiteSeer,0.1,8,0.8,0.7,-0.004999995231628418
CiteSeer,0.1,8,0.8,0.8,-0.004999995231628418
CiteSeer,0.1,8,0.8,0.9,-0.014999985694885254
CiteSeer,0.1,8,0.8,1.0,-0.014999985694885254
CiteSeer,0.1,8,0.9,0.0,0.00700002908706665
CiteSeer,0.1,8,0.9,0.1,-0.015999972820281982
CiteSeer,0.1,8,0.9,0.2,-0.0009999871253967285
CiteSeer,0.1,8,0.9,0.3,-0.004999995231628418
CiteSeer,0.1,8,0.9,0.4,-0.004999995231628418
CiteSeer,0.1,8,0.9,0.5,-0.004999995231628418
CiteSeer,0.1,8,0.9,0.6,-0.004999995231628418
CiteSeer,0.1,8,0.9,0.7,-0.004999995231628418
CiteSeer,0.1,8,0.9,0.8,-0.004999995231628418
CiteSeer,0.1,8,0.9,0.9,-0.014999985694885254
CiteSeer,0.1,8,0.9,1.0,-0.014999985694885254
CiteSeer,0.1,8,1.0,0.0,0.00700002908706665
CiteSeer,0.1,8,1.0,0.1,-0.015999972820281982
CiteSeer,0.1,8,1.0,0.2,-0.0009999871253967285
CiteSeer,0.1,8,1.0,0.3,-0.004999995231628418
CiteSeer,0.1,8,1.0,0.4,-0.004999995231628418
CiteSeer,0.1,8,1.0,0.5,-0.004999995231628418
CiteSeer,0.1,8,1.0,0.6,-0.004999995231628418
CiteSeer,0.1,8,1.0,0.7,-0.004999995231628418
CiteSeer,0.1,8,1.0,0.8,-0.004999995231628418
CiteSeer,0.1,8,1.0,0.9,-0.014999985694885254
CiteSeer,0.1,8,1.0,1.0,-0.014999985694885254
CiteSeer,0.1,9,0.1,0.0,0.008000016212463379
CiteSeer,0.1,9,0.1,0.1,0.013999998569488525
CiteSeer,0.1,9,0.1,0.2,-0.009999990463256836
CiteSeer,0.1,9,0.1,0.3,-0.009999990463256836
CiteSeer,0.1,9,0.1,0.4,-0.009999990463256836
CiteSeer,0.1,9,0.1,0.5,-0.009999990463256836
CiteSeer,0.1,9,0.1,0.6,-0.009999990463256836
CiteSeer,0.1,9,0.1,0.7,-0.009999990463256836
CiteSeer,0.1,9,0.1,0.8,-0.009999990463256836
CiteSeer,0.1,9,0.1,0.9,0.013000011444091797
CiteSeer,0.1,9,0.1,1.0,0.013000011444091797
CiteSeer,0.1,9,0.2,0.0,0.0
CiteSeer,0.1,9,0.2,0.1,-0.006999969482421875
CiteSeer,0.1,9,0.2,0.2,0.0
CiteSeer,0.1,9,0.2,0.3,0.0
CiteSeer,0.1,9,0.2,0.4,0.0
CiteSeer,0.1,9,0.2,0.5,0.0
CiteSeer,0.1,9,0.2,0.6,0.0
CiteSeer,0.1,9,0.2,0.7,0.0
CiteSeer,0.1,9,0.2,0.8,0.0
CiteSeer,0.1,9,0.2,0.9,-0.001999974250793457
CiteSeer,0.1,9,0.2,1.0,-0.001999974250793457
CiteSeer,0.1,9,0.3,0.0,0.003000020980834961
CiteSeer,0.1,9,0.3,0.1,0.0040000081062316895
CiteSeer,0.1,9,0.3,0.2,0.003000020980834961
CiteSeer,0.1,9,0.3,0.3,0.003000020980834961
CiteSeer,0.1,9,0.3,0.4,0.003000020980834961
CiteSeer,0.1,9,0.3,0.5,0.003000020980834961
CiteSeer,0.1,9,0.3,0.6,0.003000020980834961
CiteSeer,0.1,9,0.3,0.7,0.003000020980834961
CiteSeer,0.1,9,0.3,0.8,0.003000020980834961
CiteSeer,0.1,9,0.3,0.9,0.003000020980834961
CiteSeer,0.1,9,0.3,1.0,0.003000020980834961
CiteSeer,0.1,9,0.4,0.0,0.003000020980834961
CiteSeer,0.1,9,0.4,0.1,0.0040000081062316895
CiteSeer,0.1,9,0.4,0.2,0.003000020980834961
CiteSeer,0.1,9,0.4,0.3,0.003000020980834961
CiteSeer,0.1,9,0.4,0.4,0.003000020980834961
CiteSeer,0.1,9,0.4,0.5,0.003000020980834961
CiteSeer,0.1,9,0.4,0.6,0.003000020980834961
CiteSeer,0.1,9,0.4,0.7,0.003000020980834961
CiteSeer,0.1,9,0.4,0.8,0.003000020980834961
CiteSeer,0.1,9,0.4,0.9,0.003000020980834961
CiteSeer,0.1,9,0.4,1.0,0.003000020980834961
CiteSeer,0.1,9,0.5,0.0,0.003000020980834961
CiteSeer,0.1,9,0.5,0.1,0.0040000081062316895
CiteSeer,0.1,9,0.5,0.2,0.003000020980834961
CiteSeer,0.1,9,0.5,0.3,0.003000020980834961
CiteSeer,0.1,9,0.5,0.4,0.003000020980834961
CiteSeer,0.1,9,0.5,0.5,0.003000020980834961
CiteSeer,0.1,9,0.5,0.6,0.003000020980834961
CiteSeer,0.1,9,0.5,0.7,0.003000020980834961
CiteSeer,0.1,9,0.5,0.8,0.003000020980834961
CiteSeer,0.1,9,0.5,0.9,0.003000020980834961
CiteSeer,0.1,9,0.5,1.0,0.003000020980834961
CiteSeer,0.1,9,0.6,0.0,0.003000020980834961
CiteSeer,0.1,9,0.6,0.1,0.0040000081062316895
CiteSeer,0.1,9,0.6,0.2,0.003000020980834961
CiteSeer,0.1,9,0.6,0.3,0.003000020980834961
CiteSeer,0.1,9,0.6,0.4,0.003000020980834961
CiteSeer,0.1,9,0.6,0.5,0.003000020980834961
CiteSeer,0.1,9,0.6,0.6,0.003000020980834961
CiteSeer,0.1,9,0.6,0.7,0.003000020980834961
CiteSeer,0.1,9,0.6,0.8,0.003000020980834961
CiteSeer,0.1,9,0.6,0.9,0.003000020980834961
CiteSeer,0.1,9,0.6,1.0,0.003000020980834961
CiteSeer,0.1,9,0.7,0.0,0.003000020980834961
CiteSeer,0.1,9,0.7,0.1,0.0040000081062316895
CiteSeer,0.1,9,0.7,0.2,0.003000020980834961
CiteSeer,0.1,9,0.7,0.3,0.003000020980834961
CiteSeer,0.1,9,0.7,0.4,0.003000020980834961
CiteSeer,0.1,9,0.7,0.5,0.003000020980834961
CiteSeer,0.1,9,0.7,0.6,0.003000020980834961
CiteSeer,0.1,9,0.7,0.7,0.003000020980834961
CiteSeer,0.1,9,0.7,0.8,0.003000020980834961
CiteSeer,0.1,9,0.7,0.9,0.003000020980834961
CiteSeer,0.1,9,0.7,1.0,0.003000020980834961
CiteSeer,0.1,9,0.8,0.0,0.003000020980834961
CiteSeer,0.1,9,0.8,0.1,0.0040000081062316895
CiteSeer,0.1,9,0.8,0.2,0.003000020980834961
CiteSeer,0.1,9,0.8,0.3,0.003000020980834961
CiteSeer,0.1,9,0.8,0.4,0.003000020980834961
CiteSeer,0.1,9,0.8,0.5,0.003000020980834961
CiteSeer,0.1,9,0.8,0.6,0.003000020980834961
CiteSeer,0.1,9,0.8,0.7,0.003000020980834961
CiteSeer,0.1,9,0.8,0.8,0.003000020980834961
CiteSeer,0.1,9,0.8,0.9,0.003000020980834961
CiteSeer,0.1,9,0.8,1.0,0.003000020980834961
CiteSeer,0.1,9,0.9,0.0,0.003000020980834961
CiteSeer,0.1,9,0.9,0.1,0.0040000081062316895
CiteSeer,0.1,9,0.9,0.2,0.003000020980834961
CiteSeer,0.1,9,0.9,0.3,0.003000020980834961
CiteSeer,0.1,9,0.9,0.4,0.003000020980834961
CiteSeer,0.1,9,0.9,0.5,0.003000020980834961
CiteSeer,0.1,9,0.9,0.6,0.003000020980834961
CiteSeer,0.1,9,0.9,0.7,0.003000020980834961
CiteSeer,0.1,9,0.9,0.8,0.003000020980834961
CiteSeer,0.1,9,0.9,0.9,0.003000020980834961
CiteSeer,0.1,9,0.9,1.0,0.003000020980834961
CiteSeer,0.1,9,1.0,0.0,0.003000020980834961
CiteSeer,0.1,9,1.0,0.1,0.0040000081062316895
CiteSeer,0.1,9,1.0,0.2,0.003000020980834961
CiteSeer,0.1,9,1.0,0.3,0.003000020980834961
CiteSeer,0.1,9,1.0,0.4,0.003000020980834961
CiteSeer,0.1,9,1.0,0.5,0.003000020980834961
CiteSeer,0.1,9,1.0,0.6,0.003000020980834961
CiteSeer,0.1,9,1.0,0.7,0.003000020980834961
CiteSeer,0.1,9,1.0,0.8,0.003000020980834961
CiteSeer,0.1,9,1.0,0.9,0.003000020980834961
CiteSeer,0.1,9,1.0,1.0,0.003000020980834961
CiteSeer,0.2,0,0.1,0.0,-0.003000020980834961
CiteSeer,0.2,0,0.1,0.1,-0.006000041961669922
CiteSeer,0.2,0,0.1,0.2,-0.006000041961669922
CiteSeer,0.2,0,0.1,0.3,-0.006000041961669922
CiteSeer,0.2,0,0.1,0.4,-0.012000024318695068
CiteSeer,0.2,0,0.1,0.5,-0.01100003719329834
CiteSeer,0.2,0,0.1,0.6,-0.012000024318695068
CiteSeer,0.2,0,0.1,0.7,-0.012000024318695068
CiteSeer,0.2,0,0.1,0.8,-0.013000011444091797
CiteSeer,0.2,0,0.1,0.9,-0.013000011444091797
CiteSeer,0.2,0,0.1,1.0,-0.013000011444091797
CiteSeer,0.2,0,0.2,0.0,-0.003000020980834961
CiteSeer,0.2,0,0.2,0.1,-0.006000041961669922
CiteSeer,0.2,0,0.2,0.2,-0.006000041961669922
CiteSeer,0.2,0,0.2,0.3,-0.006000041961669922
CiteSeer,0.2,0,0.2,0.4,-0.012000024318695068
CiteSeer,0.2,0,0.2,0.5,-0.01100003719329834
CiteSeer,0.2,0,0.2,0.6,-0.012000024318695068
CiteSeer,0.2,0,0.2,0.7,-0.012000024318695068
CiteSeer,0.2,0,0.2,0.8,-0.013000011444091797
CiteSeer,0.2,0,0.2,0.9,-0.013000011444091797
CiteSeer,0.2,0,0.2,1.0,-0.013000011444091797
CiteSeer,0.2,0,0.3,0.0,-0.01100003719329834
CiteSeer,0.2,0,0.3,0.1,-0.010000050067901611
CiteSeer,0.2,0,0.3,0.2,-0.010000050067901611
CiteSeer,0.2,0,0.3,0.3,-0.010000050067901611
CiteSeer,0.2,0,0.3,0.4,-0.01500004529953003
CiteSeer,0.2,0,0.3,0.5,-0.01500004529953003
CiteSeer,0.2,0,0.3,0.6,-0.012000024318695068
CiteSeer,0.2,0,0.3,0.7,-0.012000024318695068
CiteSeer,0.2,0,0.3,0.8,-0.018000006675720215
CiteSeer,0.2,0,0.3,0.9,-0.018000006675720215
CiteSeer,0.2,0,0.3,1.0,-0.018000006675720215
CiteSeer,0.2,0,0.4,0.0,-0.01100003719329834
CiteSeer,0.2,0,0.4,0.1,-0.010000050067901611
CiteSeer,0.2,0,0.4,0.2,-0.010000050067901611
CiteSeer,0.2,0,0.4,0.3,-0.010000050067901611
CiteSeer,0.2,0,0.4,0.4,-0.01500004529953003
CiteSeer,0.2,0,0.4,0.5,-0.01500004529953003
CiteSeer,0.2,0,0.4,0.6,-0.012000024318695068
CiteSeer,0.2,0,0.4,0.7,-0.012000024318695068
CiteSeer,0.2,0,0.4,0.8,-0.018000006675720215
CiteSeer,0.2,0,0.4,0.9,-0.018000006675720215
CiteSeer,0.2,0,0.4,1.0,-0.018000006675720215
CiteSeer,0.2,0,0.5,0.0,-0.01100003719329834
CiteSeer,0.2,0,0.5,0.1,-0.010000050067901611
CiteSeer,0.2,0,0.5,0.2,-0.010000050067901611
CiteSeer,0.2,0,0.5,0.3,-0.010000050067901611
CiteSeer,0.2,0,0.5,0.4,-0.01500004529953003
CiteSeer,0.2,0,0.5,0.5,-0.01500004529953003
CiteSeer,0.2,0,0.5,0.6,-0.012000024318695068
CiteSeer,0.2,0,0.5,0.7,-0.012000024318695068
CiteSeer,0.2,0,0.5,0.8,-0.018000006675720215
CiteSeer,0.2,0,0.5,0.9,-0.018000006675720215
CiteSeer,0.2,0,0.5,1.0,-0.018000006675720215
CiteSeer,0.2,0,0.6,0.0,-0.01100003719329834
CiteSeer,0.2,0,0.6,0.1,-0.010000050067901611
CiteSeer,0.2,0,0.6,0.2,-0.010000050067901611
CiteSeer,0.2,0,0.6,0.3,-0.010000050067901611
CiteSeer,0.2,0,0.6,0.4,-0.01500004529953003
CiteSeer,0.2,0,0.6,0.5,-0.01500004529953003
CiteSeer,0.2,0,0.6,0.6,-0.012000024318695068
CiteSeer,0.2,0,0.6,0.7,-0.012000024318695068
CiteSeer,0.2,0,0.6,0.8,-0.018000006675720215
CiteSeer,0.2,0,0.6,0.9,-0.018000006675720215
CiteSeer,0.2,0,0.6,1.0,-0.018000006675720215
CiteSeer,0.2,0,0.7,0.0,-0.01100003719329834
CiteSeer,0.2,0,0.7,0.1,-0.010000050067901611
CiteSeer,0.2,0,0.7,0.2,-0.010000050067901611
CiteSeer,0.2,0,0.7,0.3,-0.010000050067901611
CiteSeer,0.2,0,0.7,0.4,-0.01500004529953003
CiteSeer,0.2,0,0.7,0.5,-0.01500004529953003
CiteSeer,0.2,0,0.7,0.6,-0.012000024318695068
CiteSeer,0.2,0,0.7,0.7,-0.012000024318695068
CiteSeer,0.2,0,0.7,0.8,-0.018000006675720215
CiteSeer,0.2,0,0.7,0.9,-0.018000006675720215
CiteSeer,0.2,0,0.7,1.0,-0.018000006675720215
CiteSeer,0.2,0,0.8,0.0,-0.01100003719329834
CiteSeer,0.2,0,0.8,0.1,-0.010000050067901611
CiteSeer,0.2,0,0.8,0.2,-0.010000050067901611
CiteSeer,0.2,0,0.8,0.3,-0.010000050067901611
CiteSeer,0.2,0,0.8,0.4,-0.01500004529953003
CiteSeer,0.2,0,0.8,0.5,-0.01500004529953003
CiteSeer,0.2,0,0.8,0.6,-0.012000024318695068
CiteSeer,0.2,0,0.8,0.7,-0.012000024318695068
CiteSeer,0.2,0,0.8,0.8,-0.018000006675720215
CiteSeer,0.2,0,0.8,0.9,-0.018000006675720215
CiteSeer,0.2,0,0.8,1.0,-0.018000006675720215
CiteSeer,0.2,0,0.9,0.0,-0.01100003719329834
CiteSeer,0.2,0,0.9,0.1,-0.010000050067901611
CiteSeer,0.2,0,0.9,0.2,-0.010000050067901611
CiteSeer,0.2,0,0.9,0.3,-0.010000050067901611
CiteSeer,0.2,0,0.9,0.4,-0.01500004529953003
CiteSeer,0.2,0,0.9,0.5,-0.01500004529953003
CiteSeer,0.2,0,0.9,0.6,-0.012000024318695068
CiteSeer,0.2,0,0.9,0.7,-0.012000024318695068
CiteSeer,0.2,0,0.9,0.8,-0.018000006675720215
CiteSeer,0.2,0,0.9,0.9,-0.018000006675720215
CiteSeer,0.2,0,0.9,1.0,-0.018000006675720215
CiteSeer,0.2,0,1.0,0.0,0.003999948501586914
CiteSeer,0.2,0,1.0,0.1,0.0029999613761901855
CiteSeer,0.2,0,1.0,0.2,0.0029999613761901855
CiteSeer,0.2,0,1.0,0.3,0.0029999613761901855
CiteSeer,0.2,0,1.0,0.4,0.0029999613761901855
CiteSeer,0.2,0,1.0,0.5,0.0009999871253967285
CiteSeer,0.2,0,1.0,0.6,0.0
CiteSeer,0.2,0,1.0,0.7,0.0
CiteSeer,0.2,0,1.0,0.8,-0.001000046730041504
CiteSeer,0.2,0,1.0,0.9,-0.001000046730041504
CiteSeer,0.2,0,1.0,1.0,-0.001000046730041504
CiteSeer,0.2,1,0.1,0.0,0.046999990940093994
CiteSeer,0.2,1,0.1,0.1,0.046000003814697266
CiteSeer,0.2,1,0.1,0.2,0.026000022888183594
CiteSeer,0.2,1,0.1,0.3,0.026000022888183594
CiteSeer,0.2,1,0.1,0.4,0.026000022888183594
CiteSeer,0.2,1,0.1,0.5,0.026000022888183594
CiteSeer,0.2,1,0.1,0.6,0.026000022888183594
CiteSeer,0.2,1,0.1,0.7,0.026000022888183594
CiteSeer,0.2,1,0.1,0.8,0.026000022888183594
CiteSeer,0.2,1,0.1,0.9,0.026000022888183594
CiteSeer,0.2,1,0.1,1.0,0.026000022888183594
CiteSeer,0.2,1,0.2,0.0,0.04500001668930054
CiteSeer,0.2,1,0.2,0.1,0.041999995708465576
CiteSeer,0.2,1,0.2,0.2,0.04400002956390381
CiteSeer,0.2,1,0.2,0.3,0.04400002956390381
CiteSeer,0.2,1,0.2,0.4,0.04400002956390381
CiteSeer,0.2,1,0.2,0.5,0.04400002956390381
CiteSeer,0.2,1,0.2,0.6,0.04400002956390381
CiteSeer,0.2,1,0.2,0.7,0.04400002956390381
CiteSeer,0.2,1,0.2,0.8,0.04400002956390381
CiteSeer,0.2,1,0.2,0.9,0.04400002956390381
CiteSeer,0.2,1,0.2,1.0,0.04400002956390381
CiteSeer,0.2,1,0.3,0.0,0.012000024318695068
CiteSeer,0.2,1,0.3,0.1,0.009999990463256836
CiteSeer,0.2,1,0.3,0.2,0.009000003337860107
CiteSeer,0.2,1,0.3,0.3,0.009000003337860107
CiteSeer,0.2,1,0.3,0.4,0.009000003337860107
CiteSeer,0.2,1,0.3,0.5,0.009000003337860107
CiteSeer,0.2,1,0.3,0.6,0.009000003337860107
CiteSeer,0.2,1,0.3,0.7,0.009000003337860107
CiteSeer,0.2,1,0.3,0.8,0.009000003337860107
CiteSeer,0.2,1,0.3,0.9,0.009000003337860107
CiteSeer,0.2,1,0.3,1.0,0.009000003337860107
CiteSeer,0.2,1,0.4,0.0,0.012000024318695068
CiteSeer,0.2,1,0.4,0.1,0.009999990463256836
CiteSeer,0.2,1,0.4,0.2,0.009000003337860107
CiteSeer,0.2,1,0.4,0.3,0.009000003337860107
CiteSeer,0.2,1,0.4,0.4,0.009000003337860107
CiteSeer,0.2,1,0.4,0.5,0.009000003337860107
CiteSeer,0.2,1,0.4,0.6,0.009000003337860107
CiteSeer,0.2,1,0.4,0.7,0.009000003337860107
CiteSeer,0.2,1,0.4,0.8,0.009000003337860107
CiteSeer,0.2,1,0.4,0.9,0.009000003337860107
CiteSeer,0.2,1,0.4,1.0,0.009000003337860107
CiteSeer,0.2,1,0.5,0.0,0.018000006675720215
CiteSeer,0.2,1,0.5,0.1,0.018999993801116943
CiteSeer,0.2,1,0.5,0.2,0.018000006675720215
CiteSeer,0.2,1,0.5,0.3,0.018000006675720215
CiteSeer,0.2,1,0.5,0.4,0.018000006675720215
CiteSeer,0.2,1,0.5,0.5,0.018000006675720215
CiteSeer,0.2,1,0.5,0.6,0.018000006675720215
CiteSeer,0.2,1,0.5,0.7,0.018000006675720215
CiteSeer,0.2,1,0.5,0.8,0.018000006675720215
CiteSeer,0.2,1,0.5,0.9,0.018000006675720215
CiteSeer,0.2,1,0.5,1.0,0.018000006675720215
CiteSeer,0.2,1,0.6,0.0,0.018000006675720215
CiteSeer,0.2,1,0.6,0.1,0.018999993801116943
CiteSeer,0.2,1,0.6,0.2,0.018000006675720215
CiteSeer,0.2,1,0.6,0.3,0.018000006675720215
CiteSeer,0.2,1,0.6,0.4,0.018000006675720215
CiteSeer,0.2,1,0.6,0.5,0.018000006675720215
CiteSeer,0.2,1,0.6,0.6,0.018000006675720215
CiteSeer,0.2,1,0.6,0.7,0.018000006675720215
CiteSeer,0.2,1,0.6,0.8,0.018000006675720215
CiteSeer,0.2,1,0.6,0.9,0.018000006675720215
CiteSeer,0.2,1,0.6,1.0,0.018000006675720215
CiteSeer,0.2,1,0.7,0.0,0.021000027656555176
CiteSeer,0.2,1,0.7,0.1,0.018000006675720215
CiteSeer,0.2,1,0.7,0.2,0.017000019550323486
CiteSeer,0.2,1,0.7,0.3,0.017000019550323486
CiteSeer,0.2,1,0.7,0.4,0.017000019550323486
CiteSeer,0.2,1,0.7,0.5,0.017000019550323486
CiteSeer,0.2,1,0.7,0.6,0.017000019550323486
CiteSeer,0.2,1,0.7,0.7,0.017000019550323486
CiteSeer,0.2,1,0.7,0.8,0.017000019550323486
CiteSeer,0.2,1,0.7,0.9,0.017000019550323486
CiteSeer,0.2,1,0.7,1.0,0.017000019550323486
CiteSeer,0.2,1,0.8,0.0,0.021000027656555176
CiteSeer,0.2,1,0.8,0.1,0.018000006675720215
CiteSeer,0.2,1,0.8,0.2,0.017000019550323486
CiteSeer,0.2,1,0.8,0.3,0.017000019550323486
CiteSeer,0.2,1,0.8,0.4,0.017000019550323486
CiteSeer,0.2,1,0.8,0.5,0.017000019550323486
CiteSeer,0.2,1,0.8,0.6,0.017000019550323486
CiteSeer,0.2,1,0.8,0.7,0.017000019550323486
CiteSeer,0.2,1,0.8,0.8,0.017000019550323486
CiteSeer,0.2,1,0.8,0.9,0.017000019550323486
CiteSeer,0.2,1,0.8,1.0,0.017000019550323486
CiteSeer,0.2,1,0.9,0.0,0.021000027656555176
CiteSeer,0.2,1,0.9,0.1,0.018000006675720215
CiteSeer,0.2,1,0.9,0.2,0.017000019550323486
CiteSeer,0.2,1,0.9,0.3,0.017000019550323486
CiteSeer,0.2,1,0.9,0.4,0.017000019550323486
CiteSeer,0.2,1,0.9,0.5,0.017000019550323486
CiteSeer,0.2,1,0.9,0.6,0.017000019550323486
CiteSeer,0.2,1,0.9,0.7,0.017000019550323486
CiteSeer,0.2,1,0.9,0.8,0.017000019550323486
CiteSeer,0.2,1,0.9,0.9,0.017000019550323486
CiteSeer,0.2,1,0.9,1.0,0.017000019550323486
CiteSeer,0.2,1,1.0,0.0,0.021000027656555176
CiteSeer,0.2,1,1.0,0.1,0.018000006675720215
CiteSeer,0.2,1,1.0,0.2,0.017000019550323486
CiteSeer,0.2,1,1.0,0.3,0.017000019550323486
CiteSeer,0.2,1,1.0,0.4,0.017000019550323486
CiteSeer,0.2,1,1.0,0.5,0.017000019550323486
CiteSeer,0.2,1,1.0,0.6,0.017000019550323486
CiteSeer,0.2,1,1.0,0.7,0.017000019550323486
CiteSeer,0.2,1,1.0,0.8,0.017000019550323486
CiteSeer,0.2,1,1.0,0.9,0.017000019550323486
CiteSeer,0.2,1,1.0,1.0,0.017000019550323486
CiteSeer,0.2,2,0.1,0.0,-0.0009999871253967285
CiteSeer,0.2,2,0.1,0.1,0.0
CiteSeer,0.2,2,0.1,0.2,0.0
CiteSeer,0.2,2,0.1,0.3,0.0
CiteSeer,0.2,2,0.1,0.4,0.0
CiteSeer,0.2,2,0.1,0.5,0.0
CiteSeer,0.2,2,0.1,0.6,0.0
CiteSeer,0.2,2,0.1,0.7,0.0
CiteSeer,0.2,2,0.1,0.8,0.0
CiteSeer,0.2,2,0.1,0.9,0.0
CiteSeer,0.2,2,0.1,1.0,0.0
CiteSeer,0.2,2,0.2,0.0,0.0
CiteSeer,0.2,2,0.2,0.1,0.017000019550323486
CiteSeer,0.2,2,0.2,0.2,0.017000019550323486
CiteSeer,0.2,2,0.2,0.3,0.017000019550323486
CiteSeer,0.2,2,0.2,0.4,0.017000019550323486
CiteSeer,0.2,2,0.2,0.5,0.017000019550323486
CiteSeer,0.2,2,0.2,0.6,0.017000019550323486
CiteSeer,0.2,2,0.2,0.7,0.017000019550323486
CiteSeer,0.2,2,0.2,0.8,0.017000019550323486
CiteSeer,0.2,2,0.2,0.9,0.017000019550323486
CiteSeer,0.2,2,0.2,1.0,0.017000019550323486
CiteSeer,0.2,2,0.3,0.0,0.0
CiteSeer,0.2,2,0.3,0.1,0.017000019550323486
CiteSeer,0.2,2,0.3,0.2,0.017000019550323486
CiteSeer,0.2,2,0.3,0.3,0.017000019550323486
CiteSeer,0.2,2,0.3,0.4,0.017000019550323486
CiteSeer,0.2,2,0.3,0.5,0.017000019550323486
CiteSeer,0.2,2,0.3,0.6,0.017000019550323486
CiteSeer,0.2,2,0.3,0.7,0.017000019550323486
CiteSeer,0.2,2,0.3,0.8,0.017000019550323486
CiteSeer,0.2,2,0.3,0.9,0.017000019550323486
CiteSeer,0.2,2,0.3,1.0,0.017000019550323486
CiteSeer,0.2,2,0.4,0.0,0.0
CiteSeer,0.2,2,0.4,0.1,0.017000019550323486
CiteSeer,0.2,2,0.4,0.2,0.017000019550323486
CiteSeer,0.2,2,0.4,0.3,0.017000019550323486
CiteSeer,0.2,2,0.4,0.4,0.017000019550323486
CiteSeer,0.2,2,0.4,0.5,0.017000019550323486
CiteSeer,0.2,2,0.4,0.6,0.017000019550323486
CiteSeer,0.2,2,0.4,0.7,0.017000019550323486
CiteSeer,0.2,2,0.4,0.8,0.017000019550323486
CiteSeer,0.2,2,0.4,0.9,0.017000019550323486
CiteSeer,0.2,2,0.4,1.0,0.017000019550323486
CiteSeer,0.2,2,0.5,0.0,0.0
CiteSeer,0.2,2,0.5,0.1,0.017000019550323486
CiteSeer,0.2,2,0.5,0.2,0.017000019550323486
CiteSeer,0.2,2,0.5,0.3,0.017000019550323486
CiteSeer,0.2,2,0.5,0.4,0.017000019550323486
CiteSeer,0.2,2,0.5,0.5,0.017000019550323486
CiteSeer,0.2,2,0.5,0.6,0.017000019550323486
CiteSeer,0.2,2,0.5,0.7,0.017000019550323486
CiteSeer,0.2,2,0.5,0.8,0.017000019550323486
CiteSeer,0.2,2,0.5,0.9,0.017000019550323486
CiteSeer,0.2,2,0.5,1.0,0.017000019550323486
CiteSeer,0.2,2,0.6,0.0,0.0
CiteSeer,0.2,2,0.6,0.1,0.017000019550323486
CiteSeer,0.2,2,0.6,0.2,0.017000019550323486
CiteSeer,0.2,2,0.6,0.3,0.017000019550323486
CiteSeer,0.2,2,0.6,0.4,0.017000019550323486
CiteSeer,0.2,2,0.6,0.5,0.017000019550323486
CiteSeer,0.2,2,0.6,0.6,0.017000019550323486
CiteSeer,0.2,2,0.6,0.7,0.017000019550323486
CiteSeer,0.2,2,0.6,0.8,0.017000019550323486
CiteSeer,0.2,2,0.6,0.9,0.017000019550323486
CiteSeer,0.2,2,0.6,1.0,0.017000019550323486
CiteSeer,0.2,2,0.7,0.0,0.0
CiteSeer,0.2,2,0.7,0.1,0.017000019550323486
CiteSeer,0.2,2,0.7,0.2,0.017000019550323486
CiteSeer,0.2,2,0.7,0.3,0.017000019550323486
CiteSeer,0.2,2,0.7,0.4,0.017000019550323486
CiteSeer,0.2,2,0.7,0.5,0.017000019550323486
CiteSeer,0.2,2,0.7,0.6,0.017000019550323486
CiteSeer,0.2,2,0.7,0.7,0.017000019550323486
CiteSeer,0.2,2,0.7,0.8,0.017000019550323486
CiteSeer,0.2,2,0.7,0.9,0.017000019550323486
CiteSeer,0.2,2,0.7,1.0,0.017000019550323486
CiteSeer,0.2,2,0.8,0.0,0.0
CiteSeer,0.2,2,0.8,0.1,0.017000019550323486
CiteSeer,0.2,2,0.8,0.2,0.017000019550323486
CiteSeer,0.2,2,0.8,0.3,0.017000019550323486
CiteSeer,0.2,2,0.8,0.4,0.017000019550323486
CiteSeer,0.2,2,0.8,0.5,0.017000019550323486
CiteSeer,0.2,2,0.8,0.6,0.017000019550323486
CiteSeer,0.2,2,0.8,0.7,0.017000019550323486
CiteSeer,0.2,2,0.8,0.8,0.017000019550323486
CiteSeer,0.2,2,0.8,0.9,0.017000019550323486
CiteSeer,0.2,2,0.8,1.0,0.017000019550323486
CiteSeer,0.2,2,0.9,0.0,0.0
CiteSeer,0.2,2,0.9,0.1,0.017000019550323486
CiteSeer,0.2,2,0.9,0.2,0.017000019550323486
CiteSeer,0.2,2,0.9,0.3,0.017000019550323486
CiteSeer,0.2,2,0.9,0.4,0.017000019550323486
CiteSeer,0.2,2,0.9,0.5,0.017000019550323486
CiteSeer,0.2,2,0.9,0.6,0.017000019550323486
CiteSeer,0.2,2,0.9,0.7,0.017000019550323486
CiteSeer,0.2,2,0.9,0.8,0.017000019550323486
CiteSeer,0.2,2,0.9,0.9,0.017000019550323486
CiteSeer,0.2,2,0.9,1.0,0.017000019550323486
CiteSeer,0.2,2,1.0,0.0,0.017000019550323486
CiteSeer,0.2,2,1.0,0.1,0.010999977588653564
CiteSeer,0.2,2,1.0,0.2,0.010999977588653564
CiteSeer,0.2,2,1.0,0.3,0.010999977588653564
CiteSeer,0.2,2,1.0,0.4,0.010999977588653564
CiteSeer,0.2,2,1.0,0.5,0.010999977588653564
CiteSeer,0.2,2,1.0,0.6,0.010999977588653564
CiteSeer,0.2,2,1.0,0.7,0.010999977588653564
CiteSeer,0.2,2,1.0,0.8,0.010999977588653564
CiteSeer,0.2,2,1.0,0.9,0.010999977588653564
CiteSeer,0.2,2,1.0,1.0,0.010999977588653564
CiteSeer,0.2,3,0.1,0.0,0.006999969482421875
CiteSeer,0.2,3,0.1,0.1,0.019999980926513672
CiteSeer,0.2,3,0.1,0.2,0.018999993801116943
CiteSeer,0.2,3,0.1,0.3,0.018999993801116943
CiteSeer,0.2,3,0.1,0.4,0.018999993801116943
CiteSeer,0.2,3,0.1,0.5,0.018999993801116943
CiteSeer,0.2,3,0.1,0.6,0.018999993801116943
CiteSeer,0.2,3,0.1,0.7,0.018999993801116943
CiteSeer,0.2,3,0.1,0.8,0.018999993801116943
CiteSeer,0.2,3,0.1,0.9,0.018999993801116943
CiteSeer,0.2,3,0.1,1.0,0.009999990463256836
CiteSeer,0.2,3,0.2,0.0,0.006999969482421875
CiteSeer,0.2,3,0.2,0.1,0.019999980926513672
CiteSeer,0.2,3,0.2,0.2,0.018999993801116943
CiteSeer,0.2,3,0.2,0.3,0.018999993801116943
CiteSeer,0.2,3,0.2,0.4,0.018999993801116943
CiteSeer,0.2,3,0.2,0.5,0.018999993801116943
CiteSeer,0.2,3,0.2,0.6,0.018999993801116943
CiteSeer,0.2,3,0.2,0.7,0.018999993801116943
CiteSeer,0.2,3,0.2,0.8,0.018999993801116943
CiteSeer,0.2,3,0.2,0.9,0.018999993801116943
CiteSeer,0.2,3,0.2,1.0,0.009999990463256836
CiteSeer,0.2,3,0.3,0.0,0.006999969482421875
CiteSeer,0.2,3,0.3,0.1,0.019999980926513672
CiteSeer,0.2,3,0.3,0.2,0.018999993801116943
CiteSeer,0.2,3,0.3,0.3,0.018999993801116943
CiteSeer,0.2,3,0.3,0.4,0.018999993801116943
CiteSeer,0.2,3,0.3,0.5,0.018999993801116943
CiteSeer,0.2,3,0.3,0.6,0.018999993801116943
CiteSeer,0.2,3,0.3,0.7,0.018999993801116943
CiteSeer,0.2,3,0.3,0.8,0.018999993801116943
CiteSeer,0.2,3,0.3,0.9,0.018999993801116943
CiteSeer,0.2,3,0.3,1.0,0.009999990463256836
CiteSeer,0.2,3,0.4,0.0,0.008000016212463379
CiteSeer,0.2,3,0.4,0.1,0.015999972820281982
CiteSeer,0.2,3,0.4,0.2,0.008000016212463379
CiteSeer,0.2,3,0.4,0.3,0.008000016212463379
CiteSeer,0.2,3,0.4,0.4,0.008000016212463379
CiteSeer,0.2,3,0.4,0.5,0.008000016212463379
CiteSeer,0.2,3,0.4,0.6,0.008000016212463379
CiteSeer,0.2,3,0.4,0.7,0.008000016212463379
CiteSeer,0.2,3,0.4,0.8,0.008000016212463379
CiteSeer,0.2,3,0.4,0.9,0.008000016212463379
CiteSeer,0.2,3,0.4,1.0,0.008000016212463379
CiteSeer,0.2,3,0.5,0.0,0.008000016212463379
CiteSeer,0.2,3,0.5,0.1,0.015999972820281982
CiteSeer,0.2,3,0.5,0.2,0.008000016212463379
CiteSeer,0.2,3,0.5,0.3,0.008000016212463379
CiteSeer,0.2,3,0.5,0.4,0.008000016212463379
CiteSeer,0.2,3,0.5,0.5,0.008000016212463379
CiteSeer,0.2,3,0.5,0.6,0.008000016212463379
CiteSeer,0.2,3,0.5,0.7,0.008000016212463379
CiteSeer,0.2,3,0.5,0.8,0.008000016212463379
CiteSeer,0.2,3,0.5,0.9,0.008000016212463379
CiteSeer,0.2,3,0.5,1.0,0.008000016212463379
CiteSeer,0.2,3,0.6,0.0,0.008000016212463379
CiteSeer,0.2,3,0.6,0.1,0.015999972820281982
CiteSeer,0.2,3,0.6,0.2,0.008000016212463379
CiteSeer,0.2,3,0.6,0.3,0.008000016212463379
CiteSeer,0.2,3,0.6,0.4,0.008000016212463379
CiteSeer,0.2,3,0.6,0.5,0.008000016212463379
CiteSeer,0.2,3,0.6,0.6,0.008000016212463379
CiteSeer,0.2,3,0.6,0.7,0.008000016212463379
CiteSeer,0.2,3,0.6,0.8,0.008000016212463379
CiteSeer,0.2,3,0.6,0.9,0.008000016212463379
CiteSeer,0.2,3,0.6,1.0,0.008000016212463379
CiteSeer,0.2,3,0.7,0.0,0.008000016212463379
CiteSeer,0.2,3,0.7,0.1,0.015999972820281982
CiteSeer,0.2,3,0.7,0.2,0.008000016212463379
CiteSeer,0.2,3,0.7,0.3,0.008000016212463379
CiteSeer,0.2,3,0.7,0.4,0.008000016212463379
CiteSeer,0.2,3,0.7,0.5,0.008000016212463379
CiteSeer,0.2,3,0.7,0.6,0.008000016212463379
CiteSeer,0.2,3,0.7,0.7,0.008000016212463379
CiteSeer,0.2,3,0.7,0.8,0.008000016212463379
CiteSeer,0.2,3,0.7,0.9,0.008000016212463379
CiteSeer,0.2,3,0.7,1.0,0.008000016212463379
CiteSeer,0.2,3,0.8,0.0,0.008000016212463379
CiteSeer,0.2,3,0.8,0.1,0.015999972820281982
CiteSeer,0.2,3,0.8,0.2,0.008000016212463379
CiteSeer,0.2,3,0.8,0.3,0.008000016212463379
CiteSeer,0.2,3,0.8,0.4,0.008000016212463379
CiteSeer,0.2,3,0.8,0.5,0.008000016212463379
CiteSeer,0.2,3,0.8,0.6,0.008000016212463379
CiteSeer,0.2,3,0.8,0.7,0.008000016212463379
CiteSeer,0.2,3,0.8,0.8,0.008000016212463379
CiteSeer,0.2,3,0.8,0.9,0.008000016212463379
CiteSeer,0.2,3,0.8,1.0,0.008000016212463379
CiteSeer,0.2,3,0.9,0.0,0.008000016212463379
CiteSeer,0.2,3,0.9,0.1,0.015999972820281982
CiteSeer,0.2,3,0.9,0.2,0.008000016212463379
CiteSeer,0.2,3,0.9,0.3,0.008000016212463379
CiteSeer,0.2,3,0.9,0.4,0.008000016212463379
CiteSeer,0.2,3,0.9,0.5,0.008000016212463379
CiteSeer,0.2,3,0.9,0.6,0.008000016212463379
CiteSeer,0.2,3,0.9,0.7,0.008000016212463379
CiteSeer,0.2,3,0.9,0.8,0.008000016212463379
CiteSeer,0.2,3,0.9,0.9,0.008000016212463379
CiteSeer,0.2,3,0.9,1.0,0.008000016212463379
CiteSeer,0.2,3,1.0,0.0,0.008000016212463379
CiteSeer,0.2,3,1.0,0.1,0.015999972820281982
CiteSeer,0.2,3,1.0,0.2,0.008000016212463379
CiteSeer,0.2,3,1.0,0.3,0.008000016212463379
CiteSeer,0.2,3,1.0,0.4,0.008000016212463379
CiteSeer,0.2,3,1.0,0.5,0.008000016212463379
CiteSeer,0.2,3,1.0,0.6,0.008000016212463379
CiteSeer,0.2,3,1.0,0.7,0.008000016212463379
CiteSeer,0.2,3,1.0,0.8,0.008000016212463379
CiteSeer,0.2,3,1.0,0.9,0.008000016212463379
CiteSeer,0.2,3,1.0,1.0,0.008000016212463379
CiteSeer,0.2,4,0.1,0.0,0.0009999871253967285
CiteSeer,0.2,4,0.1,0.1,0.006999969482421875
CiteSeer,0.2,4,0.1,0.2,0.006999969482421875
CiteSeer,0.2,4,0.1,0.3,0.006999969482421875
CiteSeer,0.2,4,0.1,0.4,0.006999969482421875
CiteSeer,0.2,4,0.1,0.5,0.006999969482421875
CiteSeer,0.2,4,0.1,0.6,0.006999969482421875
CiteSeer,0.2,4,0.1,0.7,0.006999969482421875
CiteSeer,0.2,4,0.1,0.8,0.006999969482421875
CiteSeer,0.2,4,0.1,0.9,0.006999969482421875
CiteSeer,0.2,4,0.1,1.0,0.006999969482421875
CiteSeer,0.2,4,0.2,0.0,0.006999969482421875
CiteSeer,0.2,4,0.2,0.1,0.02199995517730713
CiteSeer,0.2,4,0.2,0.2,0.027000010013580322
CiteSeer,0.2,4,0.2,0.3,0.027000010013580322
CiteSeer,0.2,4,0.2,0.4,0.027000010013580322
CiteSeer,0.2,4,0.2,0.5,0.027000010013580322
CiteSeer,0.2,4,0.2,0.6,0.027000010013580322
CiteSeer,0.2,4,0.2,0.7,0.027000010013580322
CiteSeer,0.2,4,0.2,0.8,0.027000010013580322
CiteSeer,0.2,4,0.2,0.9,0.027000010013580322
CiteSeer,0.2,4,0.2,1.0,0.027000010013580322
CiteSeer,0.2,4,0.3,0.0,0.02199995517730713
CiteSeer,0.2,4,0.3,0.1,0.004999995231628418
CiteSeer,0.2,4,0.3,0.2,0.02599996328353882
CiteSeer,0.2,4,0.3,0.3,0.02599996328353882
CiteSeer,0.2,4,0.3,0.4,0.02599996328353882
CiteSeer,0.2,4,0.3,0.5,0.02599996328353882
CiteSeer,0.2,4,0.3,0.6,0.02599996328353882
CiteSeer,0.2,4,0.3,0.7,0.02599996328353882
CiteSeer,0.2,4,0.3,0.8,0.02599996328353882
CiteSeer,0.2,4,0.3,0.9,0.02599996328353882
CiteSeer,0.2,4,0.3,1.0,0.02599996328353882
CiteSeer,0.2,4,0.4,0.0,0.001999974250793457
CiteSeer,0.2,4,0.4,0.1,0.0
CiteSeer,0.2,4,0.4,0.2,-0.0009999871253967285
CiteSeer,0.2,4,0.4,0.3,-0.0009999871253967285
CiteSeer,0.2,4,0.4,0.4,-0.0009999871253967285
CiteSeer,0.2,4,0.4,0.5,-0.0009999871253967285
CiteSeer,0.2,4,0.4,0.6,-0.0009999871253967285
CiteSeer,0.2,4,0.4,0.7,-0.0009999871253967285
CiteSeer,0.2,4,0.4,0.8,-0.0009999871253967285
CiteSeer,0.2,4,0.4,0.9,-0.0009999871253967285
CiteSeer,0.2,4,0.4,1.0,-0.0009999871253967285
CiteSeer,0.2,4,0.5,0.0,0.001999974250793457
CiteSeer,0.2,4,0.5,0.1,0.0
CiteSeer,0.2,4,0.5,0.2,-0.0009999871253967285
CiteSeer,0.2,4,0.5,0.3,-0.0009999871253967285
CiteSeer,0.2,4,0.5,0.4,-0.0009999871253967285
CiteSeer,0.2,4,0.5,0.5,-0.0009999871253967285
CiteSeer,0.2,4,0.5,0.6,-0.0009999871253967285
CiteSeer,0.2,4,0.5,0.7,-0.0009999871253967285
CiteSeer,0.2,4,0.5,0.8,-0.0009999871253967285
CiteSeer,0.2,4,0.5,0.9,-0.0009999871253967285
CiteSeer,0.2,4,0.5,1.0,-0.0009999871253967285
CiteSeer,0.2,4,0.6,0.0,0.001999974250793457
CiteSeer,0.2,4,0.6,0.1,0.0
CiteSeer,0.2,4,0.6,0.2,-0.0009999871253967285
CiteSeer,0.2,4,0.6,0.3,-0.0009999871253967285
CiteSeer,0.2,4,0.6,0.4,-0.0009999871253967285
CiteSeer,0.2,4,0.6,0.5,-0.0009999871253967285
CiteSeer,0.2,4,0.6,0.6,-0.0009999871253967285
CiteSeer,0.2,4,0.6,0.7,-0.0009999871253967285
CiteSeer,0.2,4,0.6,0.8,-0.0009999871253967285
CiteSeer,0.2,4,0.6,0.9,-0.0009999871253967285
CiteSeer,0.2,4,0.6,1.0,-0.0009999871253967285
CiteSeer,0.2,4,0.7,0.0,0.001999974250793457
CiteSeer,0.2,4,0.7,0.1,0.0
CiteSeer,0.2,4,0.7,0.2,-0.0009999871253967285
CiteSeer,0.2,4,0.7,0.3,-0.0009999871253967285
CiteSeer,0.2,4,0.7,0.4,-0.0009999871253967285
CiteSeer,0.2,4,0.7,0.5,-0.0009999871253967285
CiteSeer,0.2,4,0.7,0.6,-0.0009999871253967285
CiteSeer,0.2,4,0.7,0.7,-0.0009999871253967285
CiteSeer,0.2,4,0.7,0.8,-0.0009999871253967285
CiteSeer,0.2,4,0.7,0.9,-0.0009999871253967285
CiteSeer,0.2,4,0.7,1.0,-0.0009999871253967285
CiteSeer,0.2,4,0.8,0.0,0.001999974250793457
CiteSeer,0.2,4,0.8,0.1,0.0
CiteSeer,0.2,4,0.8,0.2,-0.0009999871253967285
CiteSeer,0.2,4,0.8,0.3,-0.0009999871253967285
CiteSeer,0.2,4,0.8,0.4,-0.0009999871253967285
CiteSeer,0.2,4,0.8,0.5,-0.0009999871253967285
CiteSeer,0.2,4,0.8,0.6,-0.0009999871253967285
CiteSeer,0.2,4,0.8,0.7,-0.0009999871253967285
CiteSeer,0.2,4,0.8,0.8,-0.0009999871253967285
CiteSeer,0.2,4,0.8,0.9,-0.0009999871253967285
CiteSeer,0.2,4,0.8,1.0,-0.0009999871253967285
CiteSeer,0.2,4,0.9,0.0,0.001999974250793457
CiteSeer,0.2,4,0.9,0.1,0.0
CiteSeer,0.2,4,0.9,0.2,-0.0009999871253967285
CiteSeer,0.2,4,0.9,0.3,-0.0009999871253967285
CiteSeer,0.2,4,0.9,0.4,-0.0009999871253967285
CiteSeer,0.2,4,0.9,0.5,-0.0009999871253967285
CiteSeer,0.2,4,0.9,0.6,-0.0009999871253967285
CiteSeer,0.2,4,0.9,0.7,-0.0009999871253967285
CiteSeer,0.2,4,0.9,0.8,-0.0009999871253967285
CiteSeer,0.2,4,0.9,0.9,-0.0009999871253967285
CiteSeer,0.2,4,0.9,1.0,-0.0009999871253967285
CiteSeer,0.2,4,1.0,0.0,0.001999974250793457
CiteSeer,0.2,4,1.0,0.1,0.0
CiteSeer,0.2,4,1.0,0.2,-0.0009999871253967285
CiteSeer,0.2,4,1.0,0.3,-0.0009999871253967285
CiteSeer,0.2,4,1.0,0.4,-0.0009999871253967285
CiteSeer,0.2,4,1.0,0.5,-0.0009999871253967285
CiteSeer,0.2,4,1.0,0.6,-0.0009999871253967285
CiteSeer,0.2,4,1.0,0.7,-0.0009999871253967285
CiteSeer,0.2,4,1.0,0.8,-0.0009999871253967285
CiteSeer,0.2,4,1.0,0.9,-0.0009999871253967285
CiteSeer,0.2,4,1.0,1.0,-0.0009999871253967285
CiteSeer,0.2,5,0.1,0.0,-0.007999956607818604
CiteSeer,0.2,5,0.1,0.1,0.006000041961669922
CiteSeer,0.2,5,0.1,0.2,0.006000041961669922
CiteSeer,0.2,5,0.1,0.3,0.006000041961669922
CiteSeer,0.2,5,0.1,0.4,0.003000020980834961
CiteSeer,0.2,5,0.1,0.5,0.0020000338554382324
CiteSeer,0.2,5,0.1,0.6,0.003000020980834961
CiteSeer,0.2,5,0.1,0.7,0.0020000338554382324
CiteSeer,0.2,5,0.1,0.8,0.003000020980834961
CiteSeer,0.2,5,0.1,0.9,0.003000020980834961
CiteSeer,0.2,5,0.1,1.0,0.003000020980834961
CiteSeer,0.2,5,0.2,0.0,-0.0009999871253967285
CiteSeer,0.2,5,0.2,0.1,-0.0059999823570251465
CiteSeer,0.2,5,0.2,0.2,-0.0059999823570251465
CiteSeer,0.2,5,0.2,0.3,-0.0059999823570251465
CiteSeer,0.2,5,0.2,0.4,-0.0029999613761901855
CiteSeer,0.2,5,0.2,0.5,-0.0029999613761901855
CiteSeer,0.2,5,0.2,0.6,-0.0029999613761901855
CiteSeer,0.2,5,0.2,0.7,-0.0029999613761901855
CiteSeer,0.2,5,0.2,0.8,-0.0029999613761901855
CiteSeer,0.2,5,0.2,0.9,-0.0029999613761901855
CiteSeer,0.2,5,0.2,1.0,-0.0029999613761901855
CiteSeer,0.2,5,0.3,0.0,-0.010999977588653564
CiteSeer,0.2,5,0.3,0.1,-0.009999990463256836
CiteSeer,0.2,5,0.3,0.2,-0.009999990463256836
CiteSeer,0.2,5,0.3,0.3,-0.009999990463256836
CiteSeer,0.2,5,0.3,0.4,-0.026999950408935547
CiteSeer,0.2,5,0.3,0.5,-0.026999950408935547
CiteSeer,0.2,5,0.3,0.6,-0.026999950408935547
CiteSeer,0.2,5,0.3,0.7,-0.026999950408935547
CiteSeer,0.2,5,0.3,0.8,-0.026999950408935547
CiteSeer,0.2,5,0.3,0.9,-0.026999950408935547
CiteSeer,0.2,5,0.3,1.0,-0.026999950408935547
CiteSeer,0.2,5,0.4,0.0,-0.010999977588653564
CiteSeer,0.2,5,0.4,0.1,-0.009999990463256836
CiteSeer,0.2,5,0.4,0.2,-0.009999990463256836
CiteSeer,0.2,5,0.4,0.3,-0.009999990463256836
CiteSeer,0.2,5,0.4,0.4,-0.026999950408935547
CiteSeer,0.2,5,0.4,0.5,-0.026999950408935547
CiteSeer,0.2,5,0.4,0.6,-0.026999950408935547
CiteSeer,0.2,5,0.4,0.7,-0.026999950408935547
CiteSeer,0.2,5,0.4,0.8,-0.026999950408935547
CiteSeer,0.2,5,0.4,0.9,-0.026999950408935547
CiteSeer,0.2,5,0.4,1.0,-0.026999950408935547
CiteSeer,0.2,5,0.5,0.0,0.0040000081062316895
CiteSeer,0.2,5,0.5,0.1,-0.003999948501586914
CiteSeer,0.2,5,0.5,0.2,-0.003999948501586914
CiteSeer,0.2,5,0.5,0.3,-0.003999948501586914
CiteSeer,0.2,5,0.5,0.4,-0.0059999823570251465
CiteSeer,0.2,5,0.5,0.5,-0.0059999823570251465
CiteSeer,0.2,5,0.5,0.6,-0.0059999823570251465
CiteSeer,0.2,5,0.5,0.7,-0.0059999823570251465
CiteSeer,0.2,5,0.5,0.8,-0.0059999823570251465
CiteSeer,0.2,5,0.5,0.9,-0.0059999823570251465
CiteSeer,0.2,5,0.5,1.0,-0.0059999823570251465
CiteSeer,0.2,5,0.6,0.0,0.0040000081062316895
CiteSeer,0.2,5,0.6,0.1,-0.003999948501586914
CiteSeer,0.2,5,0.6,0.2,-0.003999948501586914
CiteSeer,0.2,5,0.6,0.3,-0.003999948501586914
CiteSeer,0.2,5,0.6,0.4,-0.0059999823570251465
CiteSeer,0.2,5,0.6,0.5,-0.0059999823570251465
CiteSeer,0.2,5,0.6,0.6,-0.0059999823570251465
CiteSeer,0.2,5,0.6,0.7,-0.0059999823570251465
CiteSeer,0.2,5,0.6,0.8,-0.0059999823570251465
CiteSeer,0.2,5,0.6,0.9,-0.0059999823570251465
CiteSeer,0.2,5,0.6,1.0,-0.0059999823570251465
CiteSeer,0.2,5,0.7,0.0,0.0040000081062316895
CiteSeer,0.2,5,0.7,0.1,-0.003999948501586914
CiteSeer,0.2,5,0.7,0.2,-0.003999948501586914
CiteSeer,0.2,5,0.7,0.3,-0.003999948501586914
CiteSeer,0.2,5,0.7,0.4,-0.0059999823570251465
CiteSeer,0.2,5,0.7,0.5,-0.0059999823570251465
CiteSeer,0.2,5,0.7,0.6,-0.0059999823570251465
CiteSeer,0.2,5,0.7,0.7,-0.0059999823570251465
CiteSeer,0.2,5,0.7,0.8,-0.0059999823570251465
CiteSeer,0.2,5,0.7,0.9,-0.0059999823570251465
CiteSeer,0.2,5,0.7,1.0,-0.0059999823570251465
CiteSeer,0.2,5,0.8,0.0,0.0040000081062316895
CiteSeer,0.2,5,0.8,0.1,-0.003999948501586914
CiteSeer,0.2,5,0.8,0.2,-0.003999948501586914
CiteSeer,0.2,5,0.8,0.3,-0.003999948501586914
CiteSeer,0.2,5,0.8,0.4,-0.0059999823570251465
CiteSeer,0.2,5,0.8,0.5,-0.0059999823570251465
CiteSeer,0.2,5,0.8,0.6,-0.0059999823570251465
CiteSeer,0.2,5,0.8,0.7,-0.0059999823570251465
CiteSeer,0.2,5,0.8,0.8,-0.0059999823570251465
CiteSeer,0.2,5,0.8,0.9,-0.0059999823570251465
CiteSeer,0.2,5,0.8,1.0,-0.0059999823570251465
CiteSeer,0.2,5,0.9,0.0,0.0040000081062316895
CiteSeer,0.2,5,0.9,0.1,-0.003999948501586914
CiteSeer,0.2,5,0.9,0.2,-0.003999948501586914
CiteSeer,0.2,5,0.9,0.3,-0.003999948501586914
CiteSeer,0.2,5,0.9,0.4,-0.0059999823570251465
CiteSeer,0.2,5,0.9,0.5,-0.0059999823570251465
CiteSeer,0.2,5,0.9,0.6,-0.0059999823570251465
CiteSeer,0.2,5,0.9,0.7,-0.0059999823570251465
CiteSeer,0.2,5,0.9,0.8,-0.0059999823570251465
CiteSeer,0.2,5,0.9,0.9,-0.0059999823570251465
CiteSeer,0.2,5,0.9,1.0,-0.0059999823570251465
CiteSeer,0.2,5,1.0,0.0,-0.008999943733215332
CiteSeer,0.2,5,1.0,0.1,-0.008999943733215332
CiteSeer,0.2,5,1.0,0.2,-0.008999943733215332
CiteSeer,0.2,5,1.0,0.3,-0.008999943733215332
CiteSeer,0.2,5,1.0,0.4,-0.003999948501586914
CiteSeer,0.2,5,1.0,0.5,-0.003999948501586914
CiteSeer,0.2,5,1.0,0.6,-0.003999948501586914
CiteSeer,0.2,5,1.0,0.7,-0.003999948501586914
CiteSeer,0.2,5,1.0,0.8,-0.003999948501586914
CiteSeer,0.2,5,1.0,0.9,-0.003999948501586914
CiteSeer,0.2,5,1.0,1.0,-0.003999948501586914
CiteSeer,0.2,6,0.1,0.0,-0.008000016212463379
CiteSeer,0.2,6,0.1,0.1,-0.008000016212463379
CiteSeer,0.2,6,0.1,0.2,-0.0020000338554382324
CiteSeer,0.2,6,0.1,0.3,-0.0020000338554382324
CiteSeer,0.2,6,0.1,0.4,-0.005000054836273193
CiteSeer,0.2,6,0.1,0.5,-0.00700002908706665
CiteSeer,0.2,6,0.1,0.6,-0.00700002908706665
CiteSeer,0.2,6,0.1,0.7,-0.00700002908706665
CiteSeer,0.2,6,0.1,0.8,-0.00700002908706665
CiteSeer,0.2,6,0.1,0.9,-0.00700002908706665
CiteSeer,0.2,6,0.1,1.0,-0.00700002908706665
CiteSeer,0.2,6,0.2,0.0,0.001999974250793457
CiteSeer,0.2,6,0.2,0.1,-0.003000020980834961
CiteSeer,0.2,6,0.2,0.2,-0.0040000081062316895
CiteSeer,0.2,6,0.2,0.3,-0.0040000081062316895
CiteSeer,0.2,6,0.2,0.4,-0.006000041961669922
CiteSeer,0.2,6,0.2,0.5,-0.006000041961669922
CiteSeer,0.2,6,0.2,0.6,-0.006000041961669922
CiteSeer,0.2,6,0.2,0.7,-0.006000041961669922
CiteSeer,0.2,6,0.2,0.8,-0.006000041961669922
CiteSeer,0.2,6,0.2,0.9,-0.006000041961669922
CiteSeer,0.2,6,0.2,1.0,-0.006000041961669922
CiteSeer,0.2,6,0.3,0.0,0.001999974250793457
CiteSeer,0.2,6,0.3,0.1,-0.003000020980834961
CiteSeer,0.2,6,0.3,0.2,-0.0040000081062316895
CiteSeer,0.2,6,0.3,0.3,-0.0040000081062316895
CiteSeer,0.2,6,0.3,0.4,-0.006000041961669922
CiteSeer,0.2,6,0.3,0.5,-0.006000041961669922
CiteSeer,0.2,6,0.3,0.6,-0.006000041961669922
CiteSeer,0.2,6,0.3,0.7,-0.006000041961669922
CiteSeer,0.2,6,0.3,0.8,-0.006000041961669922
CiteSeer,0.2,6,0.3,0.9,-0.006000041961669922
CiteSeer,0.2,6,0.3,1.0,-0.006000041961669922
CiteSeer,0.2,6,0.4,0.0,0.001999974250793457
CiteSeer,0.2,6,0.4,0.1,-0.003000020980834961
CiteSeer,0.2,6,0.4,0.2,-0.0040000081062316895
CiteSeer,0.2,6,0.4,0.3,-0.0040000081062316895
CiteSeer,0.2,6,0.4,0.4,-0.006000041961669922
CiteSeer,0.2,6,0.4,0.5,-0.006000041961669922
CiteSeer,0.2,6,0.4,0.6,-0.006000041961669922
CiteSeer,0.2,6,0.4,0.7,-0.006000041961669922
CiteSeer,0.2,6,0.4,0.8,-0.006000041961669922
CiteSeer,0.2,6,0.4,0.9,-0.006000041961669922
CiteSeer,0.2,6,0.4,1.0,-0.006000041961669922
CiteSeer,0.2,6,0.5,0.0,0.001999974250793457
CiteSeer,0.2,6,0.5,0.1,-0.003000020980834961
CiteSeer,0.2,6,0.5,0.2,-0.0040000081062316895
CiteSeer,0.2,6,0.5,0.3,-0.0040000081062316895
CiteSeer,0.2,6,0.5,0.4,-0.006000041961669922
CiteSeer,0.2,6,0.5,0.5,-0.006000041961669922
CiteSeer,0.2,6,0.5,0.6,-0.006000041961669922
CiteSeer,0.2,6,0.5,0.7,-0.006000041961669922
CiteSeer,0.2,6,0.5,0.8,-0.006000041961669922
CiteSeer,0.2,6,0.5,0.9,-0.006000041961669922
CiteSeer,0.2,6,0.5,1.0,-0.006000041961669922
CiteSeer,0.2,6,0.6,0.0,0.001999974250793457
CiteSeer,0.2,6,0.6,0.1,-0.003000020980834961
CiteSeer,0.2,6,0.6,0.2,-0.0040000081062316895
CiteSeer,0.2,6,0.6,0.3,-0.0040000081062316895
CiteSeer,0.2,6,0.6,0.4,-0.006000041961669922
CiteSeer,0.2,6,0.6,0.5,-0.006000041961669922
CiteSeer,0.2,6,0.6,0.6,-0.006000041961669922
CiteSeer,0.2,6,0.6,0.7,-0.006000041961669922
CiteSeer,0.2,6,0.6,0.8,-0.006000041961669922
CiteSeer,0.2,6,0.6,0.9,-0.006000041961669922
CiteSeer,0.2,6,0.6,1.0,-0.006000041961669922
CiteSeer,0.2,6,0.7,0.0,0.001999974250793457
CiteSeer,0.2,6,0.7,0.1,-0.003000020980834961
CiteSeer,0.2,6,0.7,0.2,-0.0040000081062316895
CiteSeer,0.2,6,0.7,0.3,-0.0040000081062316895
CiteSeer,0.2,6,0.7,0.4,-0.006000041961669922
CiteSeer,0.2,6,0.7,0.5,-0.006000041961669922
CiteSeer,0.2,6,0.7,0.6,-0.006000041961669922
CiteSeer,0.2,6,0.7,0.7,-0.006000041961669922
CiteSeer,0.2,6,0.7,0.8,-0.006000041961669922
CiteSeer,0.2,6,0.7,0.9,-0.006000041961669922
CiteSeer,0.2,6,0.7,1.0,-0.006000041961669922
CiteSeer,0.2,6,0.8,0.0,0.0029999613761901855
CiteSeer,0.2,6,0.8,0.1,0.012999951839447021
CiteSeer,0.2,6,0.8,0.2,0.0059999823570251465
CiteSeer,0.2,6,0.8,0.3,0.0059999823570251465
CiteSeer,0.2,6,0.8,0.4,0.0
CiteSeer,0.2,6,0.8,0.5,0.0
CiteSeer,0.2,6,0.8,0.6,0.0
CiteSeer,0.2,6,0.8,0.7,0.0
CiteSeer,0.2,6,0.8,0.8,0.0
CiteSeer,0.2,6,0.8,0.9,0.0
CiteSeer,0.2,6,0.8,1.0,0.0
CiteSeer,0.2,6,0.9,0.0,0.0029999613761901855
CiteSeer,0.2,6,0.9,0.1,0.012999951839447021
CiteSeer,0.2,6,0.9,0.2,0.0059999823570251465
CiteSeer,0.2,6,0.9,0.3,0.0059999823570251465
CiteSeer,0.2,6,0.9,0.4,0.0
CiteSeer,0.2,6,0.9,0.5,0.0
CiteSeer,0.2,6,0.9,0.6,0.0
CiteSeer,0.2,6,0.9,0.7,0.0
CiteSeer,0.2,6,0.9,0.8,0.0
CiteSeer,0.2,6,0.9,0.9,0.0
CiteSeer,0.2,6,0.9,1.0,0.0
CiteSeer,0.2,6,1.0,0.0,0.0029999613761901855
CiteSeer,0.2,6,1.0,0.1,0.012999951839447021
CiteSeer,0.2,6,1.0,0.2,0.0059999823570251465
CiteSeer,0.2,6,1.0,0.3,0.0059999823570251465
CiteSeer,0.2,6,1.0,0.4,0.0
CiteSeer,0.2,6,1.0,0.5,0.0
CiteSeer,0.2,6,1.0,0.6,0.0
CiteSeer,0.2,6,1.0,0.7,0.0
CiteSeer,0.2,6,1.0,0.8,0.0
CiteSeer,0.2,6,1.0,0.9,0.0
CiteSeer,0.2,6,1.0,1.0,0.0
CiteSeer,0.2,7,0.1,0.0,-0.014999985694885254
CiteSeer,0.2,7,0.1,0.1,-0.0209999680519104
CiteSeer,0.2,7,0.1,0.2,-0.0209999680519104
CiteSeer,0.2,7,0.1,0.3,-0.0209999680519104
CiteSeer,0.2,7,0.1,0.4,-0.0209999680519104
CiteSeer,0.2,7,0.1,0.5,-0.0209999680519104
CiteSeer,0.2,7,0.1,0.6,-0.0209999680519104
CiteSeer,0.2,7,0.1,0.7,-0.0209999680519104
CiteSeer,0.2,7,0.1,0.8,-0.0209999680519104
CiteSeer,0.2,7,0.1,0.9,-0.001999974250793457
CiteSeer,0.2,7,0.1,1.0,-0.001999974250793457
CiteSeer,0.2,7,0.2,0.0,-0.009000003337860107
CiteSeer,0.2,7,0.2,0.1,-0.011999964714050293
CiteSeer,0.2,7,0.2,0.2,-0.011999964714050293
CiteSeer,0.2,7,0.2,0.3,-0.011999964714050293
CiteSeer,0.2,7,0.2,0.4,-0.011999964714050293
CiteSeer,0.2,7,0.2,0.5,-0.011999964714050293
CiteSeer,0.2,7,0.2,0.6,-0.011999964714050293
CiteSeer,0.2,7,0.2,0.7,-0.011999964714050293
CiteSeer,0.2,7,0.2,0.8,-0.011999964714050293
CiteSeer,0.2,7,0.2,0.9,-0.023000001907348633
CiteSeer,0.2,7,0.2,1.0,-0.023000001907348633
CiteSeer,0.2,7,0.3,0.0,-0.009000003337860107
CiteSeer,0.2,7,0.3,0.1,-0.014999985694885254
CiteSeer,0.2,7,0.3,0.2,-0.014999985694885254
CiteSeer,0.2,7,0.3,0.3,-0.014999985694885254
CiteSeer,0.2,7,0.3,0.4,-0.014999985694885254
CiteSeer,0.2,7,0.3,0.5,-0.014999985694885254
CiteSeer,0.2,7,0.3,0.6,-0.014999985694885254
CiteSeer,0.2,7,0.3,0.7,-0.014999985694885254
CiteSeer,0.2,7,0.3,0.8,-0.014999985694885254
CiteSeer,0.2,7,0.3,0.9,-0.014999985694885254
CiteSeer,0.2,7,0.3,1.0,-0.014999985694885254
CiteSeer,0.2,7,0.4,0.0,-0.009000003337860107
CiteSeer,0.2,7,0.4,0.1,-0.014999985694885254
CiteSeer,0.2,7,0.4,0.2,-0.014999985694885254
CiteSeer,0.2,7,0.4,0.3,-0.014999985694885254
CiteSeer,0.2,7,0.4,0.4,-0.014999985694885254
CiteSeer,0.2,7,0.4,0.5,-0.014999985694885254
CiteSeer,0.2,7,0.4,0.6,-0.014999985694885254
CiteSeer,0.2,7,0.4,0.7,-0.014999985694885254
CiteSeer,0.2,7,0.4,0.8,-0.014999985694885254
CiteSeer,0.2,7,0.4,0.9,-0.014999985694885254
CiteSeer,0.2,7,0.4,1.0,-0.014999985694885254
CiteSeer,0.2,7,0.5,0.0,-0.009000003337860107
CiteSeer,0.2,7,0.5,0.1,-0.014999985694885254
CiteSeer,0.2,7,0.5,0.2,-0.014999985694885254
CiteSeer,0.2,7,0.5,0.3,-0.014999985694885254
CiteSeer,0.2,7,0.5,0.4,-0.014999985694885254
CiteSeer,0.2,7,0.5,0.5,-0.014999985694885254
CiteSeer,0.2,7,0.5,0.6,-0.014999985694885254
CiteSeer,0.2,7,0.5,0.7,-0.014999985694885254
CiteSeer,0.2,7,0.5,0.8,-0.014999985694885254
CiteSeer,0.2,7,0.5,0.9,-0.014999985694885254
CiteSeer,0.2,7,0.5,1.0,-0.014999985694885254
CiteSeer,0.2,7,0.6,0.0,-0.009000003337860107
CiteSeer,0.2,7,0.6,0.1,-0.014999985694885254
CiteSeer,0.2,7,0.6,0.2,-0.014999985694885254
CiteSeer,0.2,7,0.6,0.3,-0.014999985694885254
CiteSeer,0.2,7,0.6,0.4,-0.014999985694885254
CiteSeer,0.2,7,0.6,0.5,-0.014999985694885254
CiteSeer,0.2,7,0.6,0.6,-0.014999985694885254
CiteSeer,0.2,7,0.6,0.7,-0.014999985694885254
CiteSeer,0.2,7,0.6,0.8,-0.014999985694885254
CiteSeer,0.2,7,0.6,0.9,-0.014999985694885254
CiteSeer,0.2,7,0.6,1.0,-0.014999985694885254
CiteSeer,0.2,7,0.7,0.0,-0.009000003337860107
CiteSeer,0.2,7,0.7,0.1,-0.014999985694885254
CiteSeer,0.2,7,0.7,0.2,-0.014999985694885254
CiteSeer,0.2,7,0.7,0.3,-0.014999985694885254
CiteSeer,0.2,7,0.7,0.4,-0.014999985694885254
CiteSeer,0.2,7,0.7,0.5,-0.014999985694885254
CiteSeer,0.2,7,0.7,0.6,-0.014999985694885254
CiteSeer,0.2,7,0.7,0.7,-0.014999985694885254
CiteSeer,0.2,7,0.7,0.8,-0.014999985694885254
CiteSeer,0.2,7,0.7,0.9,-0.014999985694885254
CiteSeer,0.2,7,0.7,1.0,-0.014999985694885254
CiteSeer,0.2,7,0.8,0.0,-0.009000003337860107
CiteSeer,0.2,7,0.8,0.1,-0.014999985694885254
CiteSeer,0.2,7,0.8,0.2,-0.014999985694885254
CiteSeer,0.2,7,0.8,0.3,-0.014999985694885254
CiteSeer,0.2,7,0.8,0.4,-0.014999985694885254
CiteSeer,0.2,7,0.8,0.5,-0.014999985694885254
CiteSeer,0.2,7,0.8,0.6,-0.014999985694885254
CiteSeer,0.2,7,0.8,0.7,-0.014999985694885254
CiteSeer,0.2,7,0.8,0.8,-0.014999985694885254
CiteSeer,0.2,7,0.8,0.9,-0.014999985694885254
CiteSeer,0.2,7,0.8,1.0,-0.014999985694885254
CiteSeer,0.2,7,0.9,0.0,-0.009000003337860107
CiteSeer,0.2,7,0.9,0.1,-0.014999985694885254
CiteSeer,0.2,7,0.9,0.2,-0.014999985694885254
CiteSeer,0.2,7,0.9,0.3,-0.014999985694885254
CiteSeer,0.2,7,0.9,0.4,-0.014999985694885254
CiteSeer,0.2,7,0.9,0.5,-0.014999985694885254
CiteSeer,0.2,7,0.9,0.6,-0.014999985694885254
CiteSeer,0.2,7,0.9,0.7,-0.014999985694885254
CiteSeer,0.2,7,0.9,0.8,-0.014999985694885254
CiteSeer,0.2,7,0.9,0.9,-0.014999985694885254
CiteSeer,0.2,7,0.9,1.0,-0.014999985694885254
CiteSeer,0.2,7,1.0,0.0,-0.009000003337860107
CiteSeer,0.2,7,1.0,0.1,-0.014999985694885254
CiteSeer,0.2,7,1.0,0.2,-0.014999985694885254
CiteSeer,0.2,7,1.0,0.3,-0.014999985694885254
CiteSeer,0.2,7,1.0,0.4,-0.014999985694885254
CiteSeer,0.2,7,1.0,0.5,-0.014999985694885254
CiteSeer,0.2,7,1.0,0.6,-0.014999985694885254
CiteSeer,0.2,7,1.0,0.7,-0.014999985694885254
CiteSeer,0.2,7,1.0,0.8,-0.014999985694885254
CiteSeer,0.2,7,1.0,0.9,-0.014999985694885254
CiteSeer,0.2,7,1.0,1.0,-0.014999985694885254
CiteSeer,0.2,8,0.1,0.0,-0.001000046730041504
CiteSeer,0.2,8,0.1,0.1,0.009999990463256836
CiteSeer,0.2,8,0.1,0.2,0.009999990463256836
CiteSeer,0.2,8,0.1,0.3,0.0029999613761901855
CiteSeer,0.2,8,0.1,0.4,0.0029999613761901855
CiteSeer,0.2,8,0.1,0.5,-0.004999995231628418
CiteSeer,0.2,8,0.1,0.6,-0.004999995231628418
CiteSeer,0.2,8,0.1,0.7,-0.004999995231628418
CiteSeer,0.2,8,0.1,0.8,-0.004999995231628418
CiteSeer,0.2,8,0.1,0.9,-0.004999995231628418
CiteSeer,0.2,8,0.1,1.0,-0.004999995231628418
CiteSeer,0.2,8,0.2,0.0,-0.006000041961669922
CiteSeer,0.2,8,0.2,0.1,-0.003000020980834961
CiteSeer,0.2,8,0.2,0.2,-0.003000020980834961
CiteSeer,0.2,8,0.2,0.3,0.0009999871253967285
CiteSeer,0.2,8,0.2,0.4,0.0009999871253967285
CiteSeer,0.2,8,0.2,0.5,-0.006000041961669922
CiteSeer,0.2,8,0.2,0.6,-0.006000041961669922
CiteSeer,0.2,8,0.2,0.7,-0.006000041961669922
CiteSeer,0.2,8,0.2,0.8,-0.006000041961669922
CiteSeer,0.2,8,0.2,0.9,-0.006000041961669922
CiteSeer,0.2,8,0.2,1.0,-0.006000041961669922
CiteSeer,0.2,8,0.3,0.0,-0.006000041961669922
CiteSeer,0.2,8,0.3,0.1,-0.003000020980834961
CiteSeer,0.2,8,0.3,0.2,-0.003000020980834961
CiteSeer,0.2,8,0.3,0.3,0.0009999871253967285
CiteSeer,0.2,8,0.3,0.4,0.0009999871253967285
CiteSeer,0.2,8,0.3,0.5,-0.006000041961669922
CiteSeer,0.2,8,0.3,0.6,-0.006000041961669922
CiteSeer,0.2,8,0.3,0.7,-0.006000041961669922
CiteSeer,0.2,8,0.3,0.8,-0.006000041961669922
CiteSeer,0.2,8,0.3,0.9,-0.006000041961669922
CiteSeer,0.2,8,0.3,1.0,-0.006000041961669922
CiteSeer,0.2,8,0.4,0.0,-0.004999995231628418
CiteSeer,0.2,8,0.4,0.1,0.006999969482421875
CiteSeer,0.2,8,0.4,0.2,0.006999969482421875
CiteSeer,0.2,8,0.4,0.3,0.0
CiteSeer,0.2,8,0.4,0.4,0.0
CiteSeer,0.2,8,0.4,0.5,-0.003000020980834961
CiteSeer,0.2,8,0.4,0.6,-0.003000020980834961
CiteSeer,0.2,8,0.4,0.7,-0.003000020980834961
CiteSeer,0.2,8,0.4,0.8,-0.003000020980834961
CiteSeer,0.2,8,0.4,0.9,-0.003000020980834961
CiteSeer,0.2,8,0.4,1.0,-0.003000020980834961
CiteSeer,0.2,8,0.5,0.0,-0.0040000081062316895
CiteSeer,0.2,8,0.5,0.1,0.007999956607818604
CiteSeer,0.2,8,0.5,0.2,0.007999956607818604
CiteSeer,0.2,8,0.5,0.3,-0.01100003719329834
CiteSeer,0.2,8,0.5,0.4,-0.01100003719329834
CiteSeer,0.2,8,0.5,0.5,-0.009000003337860107
CiteSeer,0.2,8,0.5,0.6,-0.009000003337860107
CiteSeer,0.2,8,0.5,0.7,-0.009000003337860107
CiteSeer,0.2,8,0.5,0.8,-0.009000003337860107
CiteSeer,0.2,8,0.5,0.9,-0.009000003337860107
CiteSeer,0.2,8,0.5,1.0,-0.009000003337860107
CiteSeer,0.2,8,0.6,0.0,-0.0040000081062316895
CiteSeer,0.2,8,0.6,0.1,0.007999956607818604
CiteSeer,0.2,8,0.6,0.2,0.007999956607818604
CiteSeer,0.2,8,0.6,0.3,-0.01100003719329834
CiteSeer,0.2,8,0.6,0.4,-0.01100003719329834
CiteSeer,0.2,8,0.6,0.5,-0.009000003337860107
CiteSeer,0.2,8,0.6,0.6,-0.009000003337860107
CiteSeer,0.2,8,0.6,0.7,-0.009000003337860107
CiteSeer,0.2,8,0.6,0.8,-0.009000003337860107
CiteSeer,0.2,8,0.6,0.9,-0.009000003337860107
CiteSeer,0.2,8,0.6,1.0,-0.009000003337860107
CiteSeer,0.2,8,0.7,0.0,-0.0040000081062316895
CiteSeer,0.2,8,0.7,0.1,0.007999956607818604
CiteSeer,0.2,8,0.7,0.2,0.007999956607818604
CiteSeer,0.2,8,0.7,0.3,-0.01100003719329834
CiteSeer,0.2,8,0.7,0.4,-0.01100003719329834
CiteSeer,0.2,8,0.7,0.5,-0.009000003337860107
CiteSeer,0.2,8,0.7,0.6,-0.009000003337860107
CiteSeer,0.2,8,0.7,0.7,-0.009000003337860107
CiteSeer,0.2,8,0.7,0.8,-0.009000003337860107
CiteSeer,0.2,8,0.7,0.9,-0.009000003337860107
CiteSeer,0.2,8,0.7,1.0,-0.009000003337860107
CiteSeer,0.2,8,0.8,0.0,-0.0040000081062316895
CiteSeer,0.2,8,0.8,0.1,0.007999956607818604
CiteSeer,0.2,8,0.8,0.2,0.007999956607818604
CiteSeer,0.2,8,0.8,0.3,-0.01100003719329834
CiteSeer,0.2,8,0.8,0.4,-0.01100003719329834
CiteSeer,0.2,8,0.8,0.5,-0.009000003337860107
CiteSeer,0.2,8,0.8,0.6,-0.009000003337860107
CiteSeer,0.2,8,0.8,0.7,-0.009000003337860107
CiteSeer,0.2,8,0.8,0.8,-0.009000003337860107
CiteSeer,0.2,8,0.8,0.9,-0.009000003337860107
CiteSeer,0.2,8,0.8,1.0,-0.009000003337860107
CiteSeer,0.2,8,0.9,0.0,-0.0040000081062316895
CiteSeer,0.2,8,0.9,0.1,0.007999956607818604
CiteSeer,0.2,8,0.9,0.2,0.007999956607818604
CiteSeer,0.2,8,0.9,0.3,-0.01100003719329834
CiteSeer,0.2,8,0.9,0.4,-0.01100003719329834
CiteSeer,0.2,8,0.9,0.5,-0.009000003337860107
CiteSeer,0.2,8,0.9,0.6,-0.009000003337860107
CiteSeer,0.2,8,0.9,0.7,-0.009000003337860107
CiteSeer,0.2,8,0.9,0.8,-0.009000003337860107
CiteSeer,0.2,8,0.9,0.9,-0.009000003337860107
CiteSeer,0.2,8,0.9,1.0,-0.009000003337860107
CiteSeer,0.2,8,1.0,0.0,-0.00700002908706665
CiteSeer,0.2,8,1.0,0.1,0.010999977588653564
CiteSeer,0.2,8,1.0,0.2,0.010999977588653564
CiteSeer,0.2,8,1.0,0.3,0.006999969482421875
CiteSeer,0.2,8,1.0,0.4,0.006999969482421875
CiteSeer,0.2,8,1.0,0.5,-0.0040000081062316895
CiteSeer,0.2,8,1.0,0.6,-0.0040000081062316895
CiteSeer,0.2,8,1.0,0.7,-0.0040000081062316895
CiteSeer,0.2,8,1.0,0.8,-0.0040000081062316895
CiteSeer,0.2,8,1.0,0.9,-0.0040000081062316895
CiteSeer,0.2,8,1.0,1.0,-0.0040000081062316895
CiteSeer,0.2,9,0.1,0.0,-0.004999995231628418
CiteSeer,0.2,9,0.1,0.1,-0.0059999823570251465
CiteSeer,0.2,9,0.1,0.2,-0.0059999823570251465
CiteSeer,0.2,9,0.1,0.3,-0.0059999823570251465
CiteSeer,0.2,9,0.1,0.4,-0.0059999823570251465
CiteSeer,0.2,9,0.1,0.5,-0.0059999823570251465
CiteSeer,0.2,9,0.1,0.6,-0.0059999823570251465
CiteSeer,0.2,9,0.1,0.7,-0.0059999823570251465
CiteSeer,0.2,9,0.1,0.8,-0.0059999823570251465
CiteSeer,0.2,9,0.1,0.9,-0.0059999823570251465
CiteSeer,0.2,9,0.1,1.0,-0.0059999823570251465
CiteSeer,0.2,9,0.2,0.0,0.008000016212463379
CiteSeer,0.2,9,0.2,0.1,0.0059999823570251465
CiteSeer,0.2,9,0.2,0.2,0.0059999823570251465
CiteSeer,0.2,9,0.2,0.3,0.0059999823570251465
CiteSeer,0.2,9,0.2,0.4,0.0059999823570251465
CiteSeer,0.2,9,0.2,0.5,0.0059999823570251465
CiteSeer,0.2,9,0.2,0.6,0.0059999823570251465
CiteSeer,0.2,9,0.2,0.7,0.0059999823570251465
CiteSeer,0.2,9,0.2,0.8,0.0059999823570251465
CiteSeer,0.2,9,0.2,0.9,0.0059999823570251465
CiteSeer,0.2,9,0.2,1.0,0.0059999823570251465
CiteSeer,0.2,9,0.3,0.0,0.008000016212463379
CiteSeer,0.2,9,0.3,0.1,0.0059999823570251465
CiteSeer,0.2,9,0.3,0.2,0.0059999823570251465
CiteSeer,0.2,9,0.3,0.3,0.0059999823570251465
CiteSeer,0.2,9,0.3,0.4,0.0059999823570251465
CiteSeer,0.2,9,0.3,0.5,0.0059999823570251465
CiteSeer,0.2,9,0.3,0.6,0.0059999823570251465
CiteSeer,0.2,9,0.3,0.7,0.0059999823570251465
CiteSeer,0.2,9,0.3,0.8,0.0059999823570251465
CiteSeer,0.2,9,0.3,0.9,0.0059999823570251465
CiteSeer,0.2,9,0.3,1.0,0.0059999823570251465
CiteSeer,0.2,9,0.4,0.0,0.008000016212463379
CiteSeer,0.2,9,0.4,0.1,0.0059999823570251465
CiteSeer,0.2,9,0.4,0.2,0.0059999823570251465
CiteSeer,0.2,9,0.4,0.3,0.0059999823570251465
CiteSeer,0.2,9,0.4,0.4,0.0059999823570251465
CiteSeer,0.2,9,0.4,0.5,0.0059999823570251465
CiteSeer,0.2,9,0.4,0.6,0.0059999823570251465
CiteSeer,0.2,9,0.4,0.7,0.0059999823570251465
CiteSeer,0.2,9,0.4,0.8,0.0059999823570251465
CiteSeer,0.2,9,0.4,0.9,0.0059999823570251465
CiteSeer,0.2,9,0.4,1.0,0.0059999823570251465
CiteSeer,0.2,9,0.5,0.0,0.009999990463256836
CiteSeer,0.2,9,0.5,0.1,0.004999995231628418
CiteSeer,0.2,9,0.5,0.2,0.004999995231628418
CiteSeer,0.2,9,0.5,0.3,0.004999995231628418
CiteSeer,0.2,9,0.5,0.4,0.004999995231628418
CiteSeer,0.2,9,0.5,0.5,0.004999995231628418
CiteSeer,0.2,9,0.5,0.6,0.004999995231628418
CiteSeer,0.2,9,0.5,0.7,0.004999995231628418
CiteSeer,0.2,9,0.5,0.8,0.004999995231628418
CiteSeer,0.2,9,0.5,0.9,0.004999995231628418
CiteSeer,0.2,9,0.5,1.0,0.004999995231628418
CiteSeer,0.2,9,0.6,0.0,0.009999990463256836
CiteSeer,0.2,9,0.6,0.1,0.004999995231628418
CiteSeer,0.2,9,0.6,0.2,0.004999995231628418
CiteSeer,0.2,9,0.6,0.3,0.004999995231628418
CiteSeer,0.2,9,0.6,0.4,0.004999995231628418
CiteSeer,0.2,9,0.6,0.5,0.004999995231628418
CiteSeer,0.2,9,0.6,0.6,0.004999995231628418
CiteSeer,0.2,9,0.6,0.7,0.004999995231628418
CiteSeer,0.2,9,0.6,0.8,0.004999995231628418
CiteSeer,0.2,9,0.6,0.9,0.004999995231628418
CiteSeer,0.2,9,0.6,1.0,0.004999995231628418
CiteSeer,0.2,9,0.7,0.0,0.009999990463256836
CiteSeer,0.2,9,0.7,0.1,0.004999995231628418
CiteSeer,0.2,9,0.7,0.2,0.004999995231628418
CiteSeer,0.2,9,0.7,0.3,0.004999995231628418
CiteSeer,0.2,9,0.7,0.4,0.004999995231628418
CiteSeer,0.2,9,0.7,0.5,0.004999995231628418
CiteSeer,0.2,9,0.7,0.6,0.004999995231628418
CiteSeer,0.2,9,0.7,0.7,0.004999995231628418
CiteSeer,0.2,9,0.7,0.8,0.004999995231628418
CiteSeer,0.2,9,0.7,0.9,0.004999995231628418
CiteSeer,0.2,9,0.7,1.0,0.004999995231628418
CiteSeer,0.2,9,0.8,0.0,0.009999990463256836
CiteSeer,0.2,9,0.8,0.1,0.004999995231628418
CiteSeer,0.2,9,0.8,0.2,0.004999995231628418
CiteSeer,0.2,9,0.8,0.3,0.004999995231628418
CiteSeer,0.2,9,0.8,0.4,0.004999995231628418
CiteSeer,0.2,9,0.8,0.5,0.004999995231628418
CiteSeer,0.2,9,0.8,0.6,0.004999995231628418
CiteSeer,0.2,9,0.8,0.7,0.004999995231628418
CiteSeer,0.2,9,0.8,0.8,0.004999995231628418
CiteSeer,0.2,9,0.8,0.9,0.004999995231628418
CiteSeer,0.2,9,0.8,1.0,0.004999995231628418
CiteSeer,0.2,9,0.9,0.0,0.009999990463256836
CiteSeer,0.2,9,0.9,0.1,0.004999995231628418
CiteSeer,0.2,9,0.9,0.2,0.004999995231628418
CiteSeer,0.2,9,0.9,0.3,0.004999995231628418
CiteSeer,0.2,9,0.9,0.4,0.004999995231628418
CiteSeer,0.2,9,0.9,0.5,0.004999995231628418
CiteSeer,0.2,9,0.9,0.6,0.004999995231628418
CiteSeer,0.2,9,0.9,0.7,0.004999995231628418
CiteSeer,0.2,9,0.9,0.8,0.004999995231628418
CiteSeer,0.2,9,0.9,0.9,0.004999995231628418
CiteSeer,0.2,9,0.9,1.0,0.004999995231628418
CiteSeer,0.2,9,1.0,0.0,0.0029999613761901855
CiteSeer,0.2,9,1.0,0.1,0.009000003337860107
CiteSeer,0.2,9,1.0,0.2,0.009000003337860107
CiteSeer,0.2,9,1.0,0.3,0.009000003337860107
CiteSeer,0.2,9,1.0,0.4,0.009000003337860107
CiteSeer,0.2,9,1.0,0.5,0.009000003337860107
CiteSeer,0.2,9,1.0,0.6,0.009000003337860107
CiteSeer,0.2,9,1.0,0.7,0.009000003337860107
CiteSeer,0.2,9,1.0,0.8,0.009000003337860107
CiteSeer,0.2,9,1.0,0.9,0.009000003337860107
CiteSeer,0.2,9,1.0,1.0,0.009000003337860107
CiteSeer,0.3,0,0.1,0.0,0.026000022888183594
CiteSeer,0.3,0,0.1,0.1,0.02899998426437378
CiteSeer,0.3,0,0.1,0.2,0.019999980926513672
CiteSeer,0.3,0,0.1,0.3,0.02899998426437378
CiteSeer,0.3,0,0.1,0.4,0.02399998903274536
CiteSeer,0.3,0,0.1,0.5,0.012000024318695068
CiteSeer,0.3,0,0.1,0.6,0.012000024318695068
CiteSeer,0.3,0,0.1,0.7,0.012000024318695068
CiteSeer,0.3,0,0.1,0.8,0.012000024318695068
CiteSeer,0.3,0,0.1,0.9,0.012000024318695068
CiteSeer,0.3,0,0.1,1.0,0.012000024318695068
CiteSeer,0.3,0,0.2,0.0,0.02799999713897705
CiteSeer,0.3,0,0.2,0.1,0.03299999237060547
CiteSeer,0.3,0,0.2,0.2,0.015999972820281982
CiteSeer,0.3,0,0.2,0.3,0.019999980926513672
CiteSeer,0.3,0,0.2,0.4,0.02899998426437378
CiteSeer,0.3,0,0.2,0.5,0.018999993801116943
CiteSeer,0.3,0,0.2,0.6,0.018999993801116943
CiteSeer,0.3,0,0.2,0.7,0.018999993801116943
CiteSeer,0.3,0,0.2,0.8,0.018999993801116943
CiteSeer,0.3,0,0.2,0.9,0.018999993801116943
CiteSeer,0.3,0,0.2,1.0,0.018999993801116943
CiteSeer,0.3,0,0.3,0.0,0.003000020980834961
CiteSeer,0.3,0,0.3,0.1,0.0009999871253967285
CiteSeer,0.3,0,0.3,0.2,0.0
CiteSeer,0.3,0,0.3,0.3,-0.003000020980834961
CiteSeer,0.3,0,0.3,0.4,0.0040000081062316895
CiteSeer,0.3,0,0.3,0.5,0.0009999871253967285
CiteSeer,0.3,0,0.3,0.6,0.0009999871253967285
CiteSeer,0.3,0,0.3,0.7,0.0009999871253967285
CiteSeer,0.3,0,0.3,0.8,0.0009999871253967285
CiteSeer,0.3,0,0.3,0.9,0.0009999871253967285
CiteSeer,0.3,0,0.3,1.0,0.0009999871253967285
CiteSeer,0.3,0,0.4,0.0,0.003000020980834961
CiteSeer,0.3,0,0.4,0.1,0.0009999871253967285
CiteSeer,0.3,0,0.4,0.2,0.0
CiteSeer,0.3,0,0.4,0.3,-0.003000020980834961
CiteSeer,0.3,0,0.4,0.4,0.0040000081062316895
CiteSeer,0.3,0,0.4,0.5,0.0009999871253967285
CiteSeer,0.3,0,0.4,0.6,0.0009999871253967285
CiteSeer,0.3,0,0.4,0.7,0.0009999871253967285
CiteSeer,0.3,0,0.4,0.8,0.0009999871253967285
CiteSeer,0.3,0,0.4,0.9,0.0009999871253967285
CiteSeer,0.3,0,0.4,1.0,0.0009999871253967285
CiteSeer,0.3,0,0.5,0.0,0.003000020980834961
CiteSeer,0.3,0,0.5,0.1,0.0009999871253967285
CiteSeer,0.3,0,0.5,0.2,0.0
CiteSeer,0.3,0,0.5,0.3,-0.003000020980834961
CiteSeer,0.3,0,0.5,0.4,0.0040000081062316895
CiteSeer,0.3,0,0.5,0.5,0.0009999871253967285
CiteSeer,0.3,0,0.5,0.6,0.0009999871253967285
CiteSeer,0.3,0,0.5,0.7,0.0009999871253967285
CiteSeer,0.3,0,0.5,0.8,0.0009999871253967285
CiteSeer,0.3,0,0.5,0.9,0.0009999871253967285
CiteSeer,0.3,0,0.5,1.0,0.0009999871253967285
CiteSeer,0.3,0,0.6,0.0,0.003000020980834961
CiteSeer,0.3,0,0.6,0.1,0.0009999871253967285
CiteSeer,0.3,0,0.6,0.2,0.0
CiteSeer,0.3,0,0.6,0.3,-0.003000020980834961
CiteSeer,0.3,0,0.6,0.4,0.0040000081062316895
CiteSeer,0.3,0,0.6,0.5,0.0009999871253967285
CiteSeer,0.3,0,0.6,0.6,0.0009999871253967285
CiteSeer,0.3,0,0.6,0.7,0.0009999871253967285
CiteSeer,0.3,0,0.6,0.8,0.0009999871253967285
CiteSeer,0.3,0,0.6,0.9,0.0009999871253967285
CiteSeer,0.3,0,0.6,1.0,0.0009999871253967285
CiteSeer,0.3,0,0.7,0.0,0.003000020980834961
CiteSeer,0.3,0,0.7,0.1,0.0009999871253967285
CiteSeer,0.3,0,0.7,0.2,0.0
CiteSeer,0.3,0,0.7,0.3,-0.003000020980834961
CiteSeer,0.3,0,0.7,0.4,0.0040000081062316895
CiteSeer,0.3,0,0.7,0.5,0.0009999871253967285
CiteSeer,0.3,0,0.7,0.6,0.0009999871253967285
CiteSeer,0.3,0,0.7,0.7,0.0009999871253967285
CiteSeer,0.3,0,0.7,0.8,0.0009999871253967285
CiteSeer,0.3,0,0.7,0.9,0.0009999871253967285
CiteSeer,0.3,0,0.7,1.0,0.0009999871253967285
CiteSeer,0.3,0,0.8,0.0,0.003000020980834961
CiteSeer,0.3,0,0.8,0.1,0.0009999871253967285
CiteSeer,0.3,0,0.8,0.2,0.0
CiteSeer,0.3,0,0.8,0.3,-0.003000020980834961
CiteSeer,0.3,0,0.8,0.4,0.0040000081062316895
CiteSeer,0.3,0,0.8,0.5,0.0009999871253967285
CiteSeer,0.3,0,0.8,0.6,0.0009999871253967285
CiteSeer,0.3,0,0.8,0.7,0.0009999871253967285
CiteSeer,0.3,0,0.8,0.8,0.0009999871253967285
CiteSeer,0.3,0,0.8,0.9,0.0009999871253967285
CiteSeer,0.3,0,0.8,1.0,0.0009999871253967285
CiteSeer,0.3,0,0.9,0.0,0.003000020980834961
CiteSeer,0.3,0,0.9,0.1,0.0009999871253967285
CiteSeer,0.3,0,0.9,0.2,0.0
CiteSeer,0.3,0,0.9,0.3,-0.003000020980834961
CiteSeer,0.3,0,0.9,0.4,0.0040000081062316895
CiteSeer,0.3,0,0.9,0.5,0.0009999871253967285
CiteSeer,0.3,0,0.9,0.6,0.0009999871253967285
CiteSeer,0.3,0,0.9,0.7,0.0009999871253967285
CiteSeer,0.3,0,0.9,0.8,0.0009999871253967285
CiteSeer,0.3,0,0.9,0.9,0.0009999871253967285
CiteSeer,0.3,0,0.9,1.0,0.0009999871253967285
CiteSeer,0.3,0,1.0,0.0,0.003000020980834961
CiteSeer,0.3,0,1.0,0.1,0.003000020980834961
CiteSeer,0.3,0,1.0,0.2,0.0040000081062316895
CiteSeer,0.3,0,1.0,0.3,0.0
CiteSeer,0.3,0,1.0,0.4,-0.003000020980834961
CiteSeer,0.3,0,1.0,0.5,0.001999974250793457
CiteSeer,0.3,0,1.0,0.6,0.001999974250793457
CiteSeer,0.3,0,1.0,0.7,0.001999974250793457
CiteSeer,0.3,0,1.0,0.8,0.001999974250793457
CiteSeer,0.3,0,1.0,0.9,0.001999974250793457
CiteSeer,0.3,0,1.0,1.0,0.001999974250793457
CiteSeer,0.3,1,0.1,0.0,0.006999969482421875
CiteSeer,0.3,1,0.1,0.1,0.010999977588653564
CiteSeer,0.3,1,0.1,0.2,0.007999956607818604
CiteSeer,0.3,1,0.1,0.3,0.001999974250793457
CiteSeer,0.3,1,0.1,0.4,0.018999993801116943
CiteSeer,0.3,1,0.1,0.5,0.01699995994567871
CiteSeer,0.3,1,0.1,0.6,0.01699995994567871
CiteSeer,0.3,1,0.1,0.7,0.01699995994567871
CiteSeer,0.3,1,0.1,0.8,0.01699995994567871
CiteSeer,0.3,1,0.1,0.9,0.01699995994567871
CiteSeer,0.3,1,0.1,1.0,0.01699995994567871
CiteSeer,0.3,1,0.2,0.0,0.0029999613761901855
CiteSeer,0.3,1,0.2,0.1,0.0029999613761901855
CiteSeer,0.3,1,0.2,0.2,-0.0009999871253967285
CiteSeer,0.3,1,0.2,0.3,-0.004999995231628418
CiteSeer,0.3,1,0.2,0.4,0.010999977588653564
CiteSeer,0.3,1,0.2,0.5,0.0040000081062316895
CiteSeer,0.3,1,0.2,0.6,0.0040000081062316895
CiteSeer,0.3,1,0.2,0.7,0.0040000081062316895
CiteSeer,0.3,1,0.2,0.8,0.0040000081062316895
CiteSeer,0.3,1,0.2,0.9,0.0040000081062316895
CiteSeer,0.3,1,0.2,1.0,0.0040000081062316895
CiteSeer,0.3,1,0.3,0.0,0.0029999613761901855
CiteSeer,0.3,1,0.3,0.1,0.0029999613761901855
CiteSeer,0.3,1,0.3,0.2,-0.0009999871253967285
CiteSeer,0.3,1,0.3,0.3,-0.004999995231628418
CiteSeer,0.3,1,0.3,0.4,0.010999977588653564
CiteSeer,0.3,1,0.3,0.5,0.0040000081062316895
CiteSeer,0.3,1,0.3,0.6,0.0040000081062316895
CiteSeer,0.3,1,0.3,0.7,0.0040000081062316895
CiteSeer,0.3,1,0.3,0.8,0.0040000081062316895
CiteSeer,0.3,1,0.3,0.9,0.0040000081062316895
CiteSeer,0.3,1,0.3,1.0,0.0040000081062316895
CiteSeer,0.3,1,0.4,0.0,0.0029999613761901855
CiteSeer,0.3,1,0.4,0.1,0.0029999613761901855
CiteSeer,0.3,1,0.4,0.2,-0.0009999871253967285
CiteSeer,0.3,1,0.4,0.3,-0.004999995231628418
CiteSeer,0.3,1,0.4,0.4,0.010999977588653564
CiteSeer,0.3,1,0.4,0.5,0.0040000081062316895
CiteSeer,0.3,1,0.4,0.6,0.0040000081062316895
CiteSeer,0.3,1,0.4,0.7,0.0040000081062316895
CiteSeer,0.3,1,0.4,0.8,0.0040000081062316895
CiteSeer,0.3,1,0.4,0.9,0.0040000081062316895
CiteSeer,0.3,1,0.4,1.0,0.0040000081062316895
CiteSeer,0.3,1,0.5,0.0,0.0029999613761901855
CiteSeer,0.3,1,0.5,0.1,0.0029999613761901855
CiteSeer,0.3,1,0.5,0.2,-0.0009999871253967285
CiteSeer,0.3,1,0.5,0.3,-0.004999995231628418
CiteSeer,0.3,1,0.5,0.4,0.010999977588653564
CiteSeer,0.3,1,0.5,0.5,0.0040000081062316895
CiteSeer,0.3,1,0.5,0.6,0.0040000081062316895
CiteSeer,0.3,1,0.5,0.7,0.0040000081062316895
CiteSeer,0.3,1,0.5,0.8,0.0040000081062316895
CiteSeer,0.3,1,0.5,0.9,0.0040000081062316895
CiteSeer,0.3,1,0.5,1.0,0.0040000081062316895
CiteSeer,0.3,1,0.6,0.0,0.0029999613761901855
CiteSeer,0.3,1,0.6,0.1,0.0029999613761901855
CiteSeer,0.3,1,0.6,0.2,-0.0009999871253967285
CiteSeer,0.3,1,0.6,0.3,-0.004999995231628418
CiteSeer,0.3,1,0.6,0.4,0.010999977588653564
CiteSeer,0.3,1,0.6,0.5,0.0040000081062316895
CiteSeer,0.3,1,0.6,0.6,0.0040000081062316895
CiteSeer,0.3,1,0.6,0.7,0.0040000081062316895
CiteSeer,0.3,1,0.6,0.8,0.0040000081062316895
CiteSeer,0.3,1,0.6,0.9,0.0040000081062316895
CiteSeer,0.3,1,0.6,1.0,0.0040000081062316895
CiteSeer,0.3,1,0.7,0.0,0.0029999613761901855
CiteSeer,0.3,1,0.7,0.1,0.0029999613761901855
CiteSeer,0.3,1,0.7,0.2,-0.0009999871253967285
CiteSeer,0.3,1,0.7,0.3,-0.004999995231628418
CiteSeer,0.3,1,0.7,0.4,0.010999977588653564
CiteSeer,0.3,1,0.7,0.5,0.0040000081062316895
CiteSeer,0.3,1,0.7,0.6,0.0040000081062316895
CiteSeer,0.3,1,0.7,0.7,0.0040000081062316895
CiteSeer,0.3,1,0.7,0.8,0.0040000081062316895
CiteSeer,0.3,1,0.7,0.9,0.0040000081062316895
CiteSeer,0.3,1,0.7,1.0,0.0040000081062316895
CiteSeer,0.3,1,0.8,0.0,0.0029999613761901855
CiteSeer,0.3,1,0.8,0.1,0.0029999613761901855
CiteSeer,0.3,1,0.8,0.2,-0.0009999871253967285
CiteSeer,0.3,1,0.8,0.3,-0.004999995231628418
CiteSeer,0.3,1,0.8,0.4,0.010999977588653564
CiteSeer,0.3,1,0.8,0.5,0.0040000081062316895
CiteSeer,0.3,1,0.8,0.6,0.0040000081062316895
CiteSeer,0.3,1,0.8,0.7,0.0040000081062316895
CiteSeer,0.3,1,0.8,0.8,0.0040000081062316895
CiteSeer,0.3,1,0.8,0.9,0.0040000081062316895
CiteSeer,0.3,1,0.8,1.0,0.0040000081062316895
CiteSeer,0.3,1,0.9,0.0,0.0029999613761901855
CiteSeer,0.3,1,0.9,0.1,0.0029999613761901855
CiteSeer,0.3,1,0.9,0.2,-0.0009999871253967285
CiteSeer,0.3,1,0.9,0.3,-0.004999995231628418
CiteSeer,0.3,1,0.9,0.4,0.010999977588653564
CiteSeer,0.3,1,0.9,0.5,0.0040000081062316895
CiteSeer,0.3,1,0.9,0.6,0.0040000081062316895
CiteSeer,0.3,1,0.9,0.7,0.0040000081062316895
CiteSeer,0.3,1,0.9,0.8,0.0040000081062316895
CiteSeer,0.3,1,0.9,0.9,0.0040000081062316895
CiteSeer,0.3,1,0.9,1.0,0.0040000081062316895
CiteSeer,0.3,1,1.0,0.0,0.009000003337860107
CiteSeer,0.3,1,1.0,0.1,0.0059999823570251465
CiteSeer,0.3,1,1.0,0.2,0.007999956607818604
CiteSeer,0.3,1,1.0,0.3,0.02399998903274536
CiteSeer,0.3,1,1.0,0.4,0.02899998426437378
CiteSeer,0.3,1,1.0,0.5,0.02399998903274536
CiteSeer,0.3,1,1.0,0.6,0.02399998903274536
CiteSeer,0.3,1,1.0,0.7,0.02399998903274536
CiteSeer,0.3,1,1.0,0.8,0.02399998903274536
CiteSeer,0.3,1,1.0,0.9,0.02399998903274536
CiteSeer,0.3,1,1.0,1.0,0.02399998903274536
CiteSeer,0.3,2,0.1,0.0,0.013999998569488525
CiteSeer,0.3,2,0.1,0.1,-0.0020000338554382324
CiteSeer,0.3,2,0.1,0.2,-0.0020000338554382324
CiteSeer,0.3,2,0.1,0.3,-0.0020000338554382324
CiteSeer,0.3,2,0.1,0.4,-0.0020000338554382324
CiteSeer,0.3,2,0.1,0.5,-0.0020000338554382324
CiteSeer,0.3,2,0.1,0.6,-0.0020000338554382324
CiteSeer,0.3,2,0.1,0.7,-0.0020000338554382324
CiteSeer,0.3,2,0.1,0.8,-0.0020000338554382324
CiteSeer,0.3,2,0.1,0.9,-0.0020000338554382324
CiteSeer,0.3,2,0.1,1.0,-0.0020000338554382324
CiteSeer,0.3,2,0.2,0.0,0.013999998569488525
CiteSeer,0.3,2,0.2,0.1,-0.0020000338554382324
CiteSeer,0.3,2,0.2,0.2,-0.0020000338554382324
CiteSeer,0.3,2,0.2,0.3,-0.0020000338554382324
CiteSeer,0.3,2,0.2,0.4,-0.0020000338554382324
CiteSeer,0.3,2,0.2,0.5,-0.0020000338554382324
CiteSeer,0.3,2,0.2,0.6,-0.0020000338554382324
CiteSeer,0.3,2,0.2,0.7,-0.0020000338554382324
CiteSeer,0.3,2,0.2,0.8,-0.0020000338554382324
CiteSeer,0.3,2,0.2,0.9,-0.0020000338554382324
CiteSeer,0.3,2,0.2,1.0,-0.0020000338554382324
CiteSeer,0.3,2,0.3,0.0,0.013999998569488525
CiteSeer,0.3,2,0.3,0.1,-0.0020000338554382324
CiteSeer,0.3,2,0.3,0.2,-0.0020000338554382324
CiteSeer,0.3,2,0.3,0.3,-0.0020000338554382324
CiteSeer,0.3,2,0.3,0.4,-0.0020000338554382324
CiteSeer,0.3,2,0.3,0.5,-0.0020000338554382324
CiteSeer,0.3,2,0.3,0.6,-0.0020000338554382324
CiteSeer,0.3,2,0.3,0.7,-0.0020000338554382324
CiteSeer,0.3,2,0.3,0.8,-0.0020000338554382324
CiteSeer,0.3,2,0.3,0.9,-0.0020000338554382324
CiteSeer,0.3,2,0.3,1.0,-0.0020000338554382324
CiteSeer,0.3,2,0.4,0.0,0.013999998569488525
CiteSeer,0.3,2,0.4,0.1,-0.0020000338554382324
CiteSeer,0.3,2,0.4,0.2,-0.0020000338554382324
CiteSeer,0.3,2,0.4,0.3,-0.0020000338554382324
CiteSeer,0.3,2,0.4,0.4,-0.0020000338554382324
CiteSeer,0.3,2,0.4,0.5,-0.0020000338554382324
CiteSeer,0.3,2,0.4,0.6,-0.0020000338554382324
CiteSeer,0.3,2,0.4,0.7,-0.0020000338554382324
CiteSeer,0.3,2,0.4,0.8,-0.0020000338554382324
CiteSeer,0.3,2,0.4,0.9,-0.0020000338554382324
CiteSeer,0.3,2,0.4,1.0,-0.0020000338554382324
CiteSeer,0.3,2,0.5,0.0,0.013999998569488525
CiteSeer,0.3,2,0.5,0.1,-0.0020000338554382324
CiteSeer,0.3,2,0.5,0.2,-0.0020000338554382324
CiteSeer,0.3,2,0.5,0.3,-0.0020000338554382324
CiteSeer,0.3,2,0.5,0.4,-0.0020000338554382324
CiteSeer,0.3,2,0.5,0.5,-0.0020000338554382324
CiteSeer,0.3,2,0.5,0.6,-0.0020000338554382324
CiteSeer,0.3,2,0.5,0.7,-0.0020000338554382324
CiteSeer,0.3,2,0.5,0.8,-0.0020000338554382324
CiteSeer,0.3,2,0.5,0.9,-0.0020000338554382324
CiteSeer,0.3,2,0.5,1.0,-0.0020000338554382324
CiteSeer,0.3,2,0.6,0.0,0.013999998569488525
CiteSeer,0.3,2,0.6,0.1,-0.0020000338554382324
CiteSeer,0.3,2,0.6,0.2,-0.0020000338554382324
CiteSeer,0.3,2,0.6,0.3,-0.0020000338554382324
CiteSeer,0.3,2,0.6,0.4,-0.0020000338554382324
CiteSeer,0.3,2,0.6,0.5,-0.0020000338554382324
CiteSeer,0.3,2,0.6,0.6,-0.0020000338554382324
CiteSeer,0.3,2,0.6,0.7,-0.0020000338554382324
CiteSeer,0.3,2,0.6,0.8,-0.0020000338554382324
CiteSeer,0.3,2,0.6,0.9,-0.0020000338554382324
CiteSeer,0.3,2,0.6,1.0,-0.0020000338554382324
CiteSeer,0.3,2,0.7,0.0,0.013999998569488525
CiteSeer,0.3,2,0.7,0.1,-0.0020000338554382324
CiteSeer,0.3,2,0.7,0.2,-0.0020000338554382324
CiteSeer,0.3,2,0.7,0.3,-0.0020000338554382324
CiteSeer,0.3,2,0.7,0.4,-0.0020000338554382324
CiteSeer,0.3,2,0.7,0.5,-0.0020000338554382324
CiteSeer,0.3,2,0.7,0.6,-0.0020000338554382324
CiteSeer,0.3,2,0.7,0.7,-0.0020000338554382324
CiteSeer,0.3,2,0.7,0.8,-0.0020000338554382324
CiteSeer,0.3,2,0.7,0.9,-0.0020000338554382324
CiteSeer,0.3,2,0.7,1.0,-0.0020000338554382324
CiteSeer,0.3,2,0.8,0.0,0.013999998569488525
CiteSeer,0.3,2,0.8,0.1,-0.0020000338554382324
CiteSeer,0.3,2,0.8,0.2,-0.0020000338554382324
CiteSeer,0.3,2,0.8,0.3,-0.0020000338554382324
CiteSeer,0.3,2,0.8,0.4,-0.0020000338554382324
CiteSeer,0.3,2,0.8,0.5,-0.0020000338554382324
CiteSeer,0.3,2,0.8,0.6,-0.0020000338554382324
CiteSeer,0.3,2,0.8,0.7,-0.0020000338554382324
CiteSeer,0.3,2,0.8,0.8,-0.0020000338554382324
CiteSeer,0.3,2,0.8,0.9,-0.0020000338554382324
CiteSeer,0.3,2,0.8,1.0,-0.0020000338554382324
CiteSeer,0.3,2,0.9,0.0,0.013999998569488525
CiteSeer,0.3,2,0.9,0.1,-0.0020000338554382324
CiteSeer,0.3,2,0.9,0.2,-0.0020000338554382324
CiteSeer,0.3,2,0.9,0.3,-0.0020000338554382324
CiteSeer,0.3,2,0.9,0.4,-0.0020000338554382324
CiteSeer,0.3,2,0.9,0.5,-0.0020000338554382324
CiteSeer,0.3,2,0.9,0.6,-0.0020000338554382324
CiteSeer,0.3,2,0.9,0.7,-0.0020000338554382324
CiteSeer,0.3,2,0.9,0.8,-0.0020000338554382324
CiteSeer,0.3,2,0.9,0.9,-0.0020000338554382324
CiteSeer,0.3,2,0.9,1.0,-0.0020000338554382324
CiteSeer,0.3,2,1.0,0.0,0.0059999823570251465
CiteSeer,0.3,2,1.0,0.1,0.0009999871253967285
CiteSeer,0.3,2,1.0,0.2,0.0009999871253967285
CiteSeer,0.3,2,1.0,0.3,0.0009999871253967285
CiteSeer,0.3,2,1.0,0.4,0.0009999871253967285
CiteSeer,0.3,2,1.0,0.5,0.0009999871253967285
CiteSeer,0.3,2,1.0,0.6,0.0009999871253967285
CiteSeer,0.3,2,1.0,0.7,0.0009999871253967285
CiteSeer,0.3,2,1.0,0.8,0.0009999871253967285
CiteSeer,0.3,2,1.0,0.9,0.0009999871253967285
CiteSeer,0.3,2,1.0,1.0,0.0009999871253967285
CiteSeer,0.3,3,0.1,0.0,0.013999998569488525
CiteSeer,0.3,3,0.1,0.1,0.02499997615814209
CiteSeer,0.3,3,0.1,0.2,0.02399998903274536
CiteSeer,0.3,3,0.1,0.3,0.02399998903274536
CiteSeer,0.3,3,0.1,0.4,0.02399998903274536
CiteSeer,0.3,3,0.1,0.5,0.02399998903274536
CiteSeer,0.3,3,0.1,0.6,0.02399998903274536
CiteSeer,0.3,3,0.1,0.7,0.02399998903274536
CiteSeer,0.3,3,0.1,0.8,0.02399998903274536
CiteSeer,0.3,3,0.1,0.9,0.02399998903274536
CiteSeer,0.3,3,0.1,1.0,0.02399998903274536
CiteSeer,0.3,3,0.2,0.0,0.023000001907348633
CiteSeer,0.3,3,0.2,0.1,0.018000006675720215
CiteSeer,0.3,3,0.2,0.2,0.011999964714050293
CiteSeer,0.3,3,0.2,0.3,0.011999964714050293
CiteSeer,0.3,3,0.2,0.4,0.011999964714050293
CiteSeer,0.3,3,0.2,0.5,0.011999964714050293
CiteSeer,0.3,3,0.2,0.6,0.011999964714050293
CiteSeer,0.3,3,0.2,0.7,0.011999964714050293
CiteSeer,0.3,3,0.2,0.8,0.011999964714050293
CiteSeer,0.3,3,0.2,0.9,0.011999964714050293
CiteSeer,0.3,3,0.2,1.0,0.011999964714050293
CiteSeer,0.3,3,0.3,0.0,0.023000001907348633
CiteSeer,0.3,3,0.3,0.1,0.018000006675720215
CiteSeer,0.3,3,0.3,0.2,0.011999964714050293
CiteSeer,0.3,3,0.3,0.3,0.011999964714050293
CiteSeer,0.3,3,0.3,0.4,0.011999964714050293
CiteSeer,0.3,3,0.3,0.5,0.011999964714050293
CiteSeer,0.3,3,0.3,0.6,0.011999964714050293
CiteSeer,0.3,3,0.3,0.7,0.011999964714050293
CiteSeer,0.3,3,0.3,0.8,0.011999964714050293
CiteSeer,0.3,3,0.3,0.9,0.011999964714050293
CiteSeer,0.3,3,0.3,1.0,0.011999964714050293
CiteSeer,0.3,3,0.4,0.0,-0.0009999871253967285
CiteSeer,0.3,3,0.4,0.1,0.010999977588653564
CiteSeer,0.3,3,0.4,0.2,0.0029999613761901855
CiteSeer,0.3,3,0.4,0.3,0.0029999613761901855
CiteSeer,0.3,3,0.4,0.4,0.0029999613761901855
CiteSeer,0.3,3,0.4,0.5,0.0029999613761901855
CiteSeer,0.3,3,0.4,0.6,0.0029999613761901855
CiteSeer,0.3,3,0.4,0.7,0.0029999613761901855
CiteSeer,0.3,3,0.4,0.8,0.0029999613761901855
CiteSeer,0.3,3,0.4,0.9,0.0029999613761901855
CiteSeer,0.3,3,0.4,1.0,0.0029999613761901855
CiteSeer,0.3,3,0.5,0.0,-0.0009999871253967285
CiteSeer,0.3,3,0.5,0.1,0.010999977588653564
CiteSeer,0.3,3,0.5,0.2,0.0029999613761901855
CiteSeer,0.3,3,0.5,0.3,0.0029999613761901855
CiteSeer,0.3,3,0.5,0.4,0.0029999613761901855
CiteSeer,0.3,3,0.5,0.5,0.0029999613761901855
CiteSeer,0.3,3,0.5,0.6,0.0029999613761901855
CiteSeer,0.3,3,0.5,0.7,0.0029999613761901855
CiteSeer,0.3,3,0.5,0.8,0.0029999613761901855
CiteSeer,0.3,3,0.5,0.9,0.0029999613761901855
CiteSeer,0.3,3,0.5,1.0,0.0029999613761901855
CiteSeer,0.3,3,0.6,0.0,-0.003000020980834961
CiteSeer,0.3,3,0.6,0.1,0.0040000081062316895
CiteSeer,0.3,3,0.6,0.2,0.004999995231628418
CiteSeer,0.3,3,0.6,0.3,0.004999995231628418
CiteSeer,0.3,3,0.6,0.4,0.004999995231628418
CiteSeer,0.3,3,0.6,0.5,0.004999995231628418
CiteSeer,0.3,3,0.6,0.6,0.004999995231628418
CiteSeer,0.3,3,0.6,0.7,0.004999995231628418
CiteSeer,0.3,3,0.6,0.8,0.004999995231628418
CiteSeer,0.3,3,0.6,0.9,0.004999995231628418
CiteSeer,0.3,3,0.6,1.0,0.004999995231628418
CiteSeer,0.3,3,0.7,0.0,-0.003000020980834961
CiteSeer,0.3,3,0.7,0.1,0.0040000081062316895
CiteSeer,0.3,3,0.7,0.2,0.004999995231628418
CiteSeer,0.3,3,0.7,0.3,0.004999995231628418
CiteSeer,0.3,3,0.7,0.4,0.004999995231628418
CiteSeer,0.3,3,0.7,0.5,0.004999995231628418
CiteSeer,0.3,3,0.7,0.6,0.004999995231628418
CiteSeer,0.3,3,0.7,0.7,0.004999995231628418
CiteSeer,0.3,3,0.7,0.8,0.004999995231628418
CiteSeer,0.3,3,0.7,0.9,0.004999995231628418
CiteSeer,0.3,3,0.7,1.0,0.004999995231628418
CiteSeer,0.3,3,0.8,0.0,-0.003000020980834961
CiteSeer,0.3,3,0.8,0.1,0.0040000081062316895
CiteSeer,0.3,3,0.8,0.2,0.004999995231628418
CiteSeer,0.3,3,0.8,0.3,0.004999995231628418
CiteSeer,0.3,3,0.8,0.4,0.004999995231628418
CiteSeer,0.3,3,0.8,0.5,0.004999995231628418
CiteSeer,0.3,3,0.8,0.6,0.004999995231628418
CiteSeer,0.3,3,0.8,0.7,0.004999995231628418
CiteSeer,0.3,3,0.8,0.8,0.004999995231628418
CiteSeer,0.3,3,0.8,0.9,0.004999995231628418
CiteSeer,0.3,3,0.8,1.0,0.004999995231628418
CiteSeer,0.3,3,0.9,0.0,-0.003000020980834961
CiteSeer,0.3,3,0.9,0.1,0.0040000081062316895
CiteSeer,0.3,3,0.9,0.2,0.004999995231628418
CiteSeer,0.3,3,0.9,0.3,0.004999995231628418
CiteSeer,0.3,3,0.9,0.4,0.004999995231628418
CiteSeer,0.3,3,0.9,0.5,0.004999995231628418
CiteSeer,0.3,3,0.9,0.6,0.004999995231628418
CiteSeer,0.3,3,0.9,0.7,0.004999995231628418
CiteSeer,0.3,3,0.9,0.8,0.004999995231628418
CiteSeer,0.3,3,0.9,0.9,0.004999995231628418
CiteSeer,0.3,3,0.9,1.0,0.004999995231628418
CiteSeer,0.3,3,1.0,0.0,-0.003000020980834961
CiteSeer,0.3,3,1.0,0.1,0.0040000081062316895
CiteSeer,0.3,3,1.0,0.2,0.004999995231628418
CiteSeer,0.3,3,1.0,0.3,0.004999995231628418
CiteSeer,0.3,3,1.0,0.4,0.004999995231628418
CiteSeer,0.3,3,1.0,0.5,0.004999995231628418
CiteSeer,0.3,3,1.0,0.6,0.004999995231628418
CiteSeer,0.3,3,1.0,0.7,0.004999995231628418
CiteSeer,0.3,3,1.0,0.8,0.004999995231628418
CiteSeer,0.3,3,1.0,0.9,0.004999995231628418
CiteSeer,0.3,3,1.0,1.0,0.004999995231628418
CiteSeer,0.3,4,0.1,0.0,0.022000014781951904
CiteSeer,0.3,4,0.1,0.1,0.014999985694885254
CiteSeer,0.3,4,0.1,0.2,0.014999985694885254
CiteSeer,0.3,4,0.1,0.3,0.014999985694885254
CiteSeer,0.3,4,0.1,0.4,0.014999985694885254
CiteSeer,0.3,4,0.1,0.5,0.014999985694885254
CiteSeer,0.3,4,0.1,0.6,0.014999985694885254
CiteSeer,0.3,4,0.1,0.7,0.014999985694885254
CiteSeer,0.3,4,0.1,0.8,0.014999985694885254
CiteSeer,0.3,4,0.1,0.9,0.014999985694885254
CiteSeer,0.3,4,0.1,1.0,0.014999985694885254
CiteSeer,0.3,4,0.2,0.0,0.008000016212463379
CiteSeer,0.3,4,0.2,0.1,0.019999980926513672
CiteSeer,0.3,4,0.2,0.2,0.019999980926513672
CiteSeer,0.3,4,0.2,0.3,0.019999980926513672
CiteSeer,0.3,4,0.2,0.4,0.019999980926513672
CiteSeer,0.3,4,0.2,0.5,0.019999980926513672
CiteSeer,0.3,4,0.2,0.6,0.019999980926513672
CiteSeer,0.3,4,0.2,0.7,0.017000019550323486
CiteSeer,0.3,4,0.2,0.8,0.019999980926513672
CiteSeer,0.3,4,0.2,0.9,0.019999980926513672
CiteSeer,0.3,4,0.2,1.0,0.019999980926513672
CiteSeer,0.3,4,0.3,0.0,0.0009999871253967285
CiteSeer,0.3,4,0.3,0.1,0.0059999823570251465
CiteSeer,0.3,4,0.3,0.2,0.0059999823570251465
CiteSeer,0.3,4,0.3,0.3,0.0059999823570251465
CiteSeer,0.3,4,0.3,0.4,0.0059999823570251465
CiteSeer,0.3,4,0.3,0.5,0.0059999823570251465
CiteSeer,0.3,4,0.3,0.6,0.0059999823570251465
CiteSeer,0.3,4,0.3,0.7,0.0059999823570251465
CiteSeer,0.3,4,0.3,0.8,0.0059999823570251465
CiteSeer,0.3,4,0.3,0.9,0.0059999823570251465
CiteSeer,0.3,4,0.3,1.0,0.0059999823570251465
CiteSeer,0.3,4,0.4,0.0,0.0009999871253967285
CiteSeer,0.3,4,0.4,0.1,0.0059999823570251465
CiteSeer,0.3,4,0.4,0.2,0.0059999823570251465
CiteSeer,0.3,4,0.4,0.3,0.0059999823570251465
CiteSeer,0.3,4,0.4,0.4,0.0059999823570251465
CiteSeer,0.3,4,0.4,0.5,0.0059999823570251465
CiteSeer,0.3,4,0.4,0.6,0.0059999823570251465
CiteSeer,0.3,4,0.4,0.7,0.0059999823570251465
CiteSeer,0.3,4,0.4,0.8,0.0059999823570251465
CiteSeer,0.3,4,0.4,0.9,0.0059999823570251465
CiteSeer,0.3,4,0.4,1.0,0.0059999823570251465
CiteSeer,0.3,4,0.5,0.0,0.0009999871253967285
CiteSeer,0.3,4,0.5,0.1,0.0059999823570251465
CiteSeer,0.3,4,0.5,0.2,0.0059999823570251465
CiteSeer,0.3,4,0.5,0.3,0.0059999823570251465
CiteSeer,0.3,4,0.5,0.4,0.0059999823570251465
CiteSeer,0.3,4,0.5,0.5,0.0059999823570251465
CiteSeer,0.3,4,0.5,0.6,0.0059999823570251465
CiteSeer,0.3,4,0.5,0.7,0.0059999823570251465
CiteSeer,0.3,4,0.5,0.8,0.0059999823570251465
CiteSeer,0.3,4,0.5,0.9,0.0059999823570251465
CiteSeer,0.3,4,0.5,1.0,0.0059999823570251465
CiteSeer,0.3,4,0.6,0.0,0.0009999871253967285
CiteSeer,0.3,4,0.6,0.1,0.0059999823570251465
CiteSeer,0.3,4,0.6,0.2,0.0059999823570251465
CiteSeer,0.3,4,0.6,0.3,0.0059999823570251465
CiteSeer,0.3,4,0.6,0.4,0.0059999823570251465
CiteSeer,0.3,4,0.6,0.5,0.0059999823570251465
CiteSeer,0.3,4,0.6,0.6,0.0059999823570251465
CiteSeer,0.3,4,0.6,0.7,0.0059999823570251465
CiteSeer,0.3,4,0.6,0.8,0.0059999823570251465
CiteSeer,0.3,4,0.6,0.9,0.0059999823570251465
CiteSeer,0.3,4,0.6,1.0,0.0059999823570251465
CiteSeer,0.3,4,0.7,0.0,0.0009999871253967285
CiteSeer,0.3,4,0.7,0.1,0.0059999823570251465
CiteSeer,0.3,4,0.7,0.2,0.0059999823570251465
CiteSeer,0.3,4,0.7,0.3,0.0059999823570251465
CiteSeer,0.3,4,0.7,0.4,0.0059999823570251465
CiteSeer,0.3,4,0.7,0.5,0.0059999823570251465
CiteSeer,0.3,4,0.7,0.6,0.0059999823570251465
CiteSeer,0.3,4,0.7,0.7,0.0059999823570251465
CiteSeer,0.3,4,0.7,0.8,0.0059999823570251465
CiteSeer,0.3,4,0.7,0.9,0.0059999823570251465
CiteSeer,0.3,4,0.7,1.0,0.0059999823570251465
CiteSeer,0.3,4,0.8,0.0,0.0009999871253967285
CiteSeer,0.3,4,0.8,0.1,0.0059999823570251465
CiteSeer,0.3,4,0.8,0.2,0.0059999823570251465
CiteSeer,0.3,4,0.8,0.3,0.0059999823570251465
CiteSeer,0.3,4,0.8,0.4,0.0059999823570251465
CiteSeer,0.3,4,0.8,0.5,0.0059999823570251465
CiteSeer,0.3,4,0.8,0.6,0.0059999823570251465
CiteSeer,0.3,4,0.8,0.7,0.0059999823570251465
CiteSeer,0.3,4,0.8,0.8,0.0059999823570251465
CiteSeer,0.3,4,0.8,0.9,0.0059999823570251465
CiteSeer,0.3,4,0.8,1.0,0.0059999823570251465
CiteSeer,0.3,4,0.9,0.0,0.0009999871253967285
CiteSeer,0.3,4,0.9,0.1,0.0059999823570251465
CiteSeer,0.3,4,0.9,0.2,0.0059999823570251465
CiteSeer,0.3,4,0.9,0.3,0.0059999823570251465
CiteSeer,0.3,4,0.9,0.4,0.0059999823570251465
CiteSeer,0.3,4,0.9,0.5,0.0059999823570251465
CiteSeer,0.3,4,0.9,0.6,0.0059999823570251465
CiteSeer,0.3,4,0.9,0.7,0.0059999823570251465
CiteSeer,0.3,4,0.9,0.8,0.0059999823570251465
CiteSeer,0.3,4,0.9,0.9,0.0059999823570251465
CiteSeer,0.3,4,0.9,1.0,0.0059999823570251465
CiteSeer,0.3,4,1.0,0.0,0.018000006675720215
CiteSeer,0.3,4,1.0,0.1,0.012000024318695068
CiteSeer,0.3,4,1.0,0.2,0.012000024318695068
CiteSeer,0.3,4,1.0,0.3,0.012000024318695068
CiteSeer,0.3,4,1.0,0.4,0.012000024318695068
CiteSeer,0.3,4,1.0,0.5,0.012000024318695068
CiteSeer,0.3,4,1.0,0.6,0.012000024318695068
CiteSeer,0.3,4,1.0,0.7,0.012000024318695068
CiteSeer,0.3,4,1.0,0.8,0.012000024318695068
CiteSeer,0.3,4,1.0,0.9,0.012000024318695068
CiteSeer,0.3,4,1.0,1.0,0.012000024318695068
CiteSeer,0.3,5,0.1,0.0,0.01600000262260437
CiteSeer,0.3,5,0.1,0.1,0.02000001072883606
CiteSeer,0.3,5,0.1,0.2,0.01600000262260437
CiteSeer,0.3,5,0.1,0.3,0.018000036478042603
CiteSeer,0.3,5,0.1,0.4,0.018000036478042603
CiteSeer,0.3,5,0.1,0.5,0.018000036478042603
CiteSeer,0.3,5,0.1,0.6,0.018000036478042603
CiteSeer,0.3,5,0.1,0.7,0.018000036478042603
CiteSeer,0.3,5,0.1,0.8,0.018000036478042603
CiteSeer,0.3,5,0.1,0.9,0.018000036478042603
CiteSeer,0.3,5,0.1,1.0,0.0
CiteSeer,0.3,5,0.2,0.0,0.015000015497207642
CiteSeer,0.3,5,0.2,0.1,0.01199999451637268
CiteSeer,0.3,5,0.2,0.2,0.014000028371810913
CiteSeer,0.3,5,0.2,0.3,0.015000015497207642
CiteSeer,0.3,5,0.2,0.4,0.015000015497207642
CiteSeer,0.3,5,0.2,0.5,0.015000015497207642
CiteSeer,0.3,5,0.2,0.6,0.015000015497207642
CiteSeer,0.3,5,0.2,0.7,0.015000015497207642
CiteSeer,0.3,5,0.2,0.8,0.015000015497207642
CiteSeer,0.3,5,0.2,0.9,0.015000015497207642
CiteSeer,0.3,5,0.2,1.0,0.006000012159347534
CiteSeer,0.3,5,0.3,0.0,0.0010000169277191162
CiteSeer,0.3,5,0.3,0.1,0.006000012159347534
CiteSeer,0.3,5,0.3,0.2,-0.0029999911785125732
CiteSeer,0.3,5,0.3,0.3,-0.009999990463256836
CiteSeer,0.3,5,0.3,0.4,-0.009999990463256836
CiteSeer,0.3,5,0.3,0.5,-0.009999990463256836
CiteSeer,0.3,5,0.3,0.6,-0.009999990463256836
CiteSeer,0.3,5,0.3,0.7,-0.009999990463256836
CiteSeer,0.3,5,0.3,0.8,-0.009999990463256836
CiteSeer,0.3,5,0.3,0.9,-0.009999990463256836
CiteSeer,0.3,5,0.3,1.0,-0.009999990463256836
CiteSeer,0.3,5,0.4,0.0,0.0010000169277191162
CiteSeer,0.3,5,0.4,0.1,0.006000012159347534
CiteSeer,0.3,5,0.4,0.2,-0.0029999911785125732
CiteSeer,0.3,5,0.4,0.3,-0.009999990463256836
CiteSeer,0.3,5,0.4,0.4,-0.009999990463256836
CiteSeer,0.3,5,0.4,0.5,-0.009999990463256836
CiteSeer,0.3,5,0.4,0.6,-0.009999990463256836
CiteSeer,0.3,5,0.4,0.7,-0.009999990463256836
CiteSeer,0.3,5,0.4,0.8,-0.009999990463256836
CiteSeer,0.3,5,0.4,0.9,-0.009999990463256836
CiteSeer,0.3,5,0.4,1.0,-0.009999990463256836
CiteSeer,0.3,5,0.5,0.0,0.0010000169277191162
CiteSeer,0.3,5,0.5,0.1,0.006000012159347534
CiteSeer,0.3,5,0.5,0.2,-0.0029999911785125732
CiteSeer,0.3,5,0.5,0.3,-0.009999990463256836
CiteSeer,0.3,5,0.5,0.4,-0.009999990463256836
CiteSeer,0.3,5,0.5,0.5,-0.009999990463256836
CiteSeer,0.3,5,0.5,0.6,-0.009999990463256836
CiteSeer,0.3,5,0.5,0.7,-0.009999990463256836
CiteSeer,0.3,5,0.5,0.8,-0.009999990463256836
CiteSeer,0.3,5,0.5,0.9,-0.009999990463256836
CiteSeer,0.3,5,0.5,1.0,-0.009999990463256836
CiteSeer,0.3,5,0.6,0.0,0.0010000169277191162
CiteSeer,0.3,5,0.6,0.1,0.006000012159347534
CiteSeer,0.3,5,0.6,0.2,-0.0029999911785125732
CiteSeer,0.3,5,0.6,0.3,-0.009999990463256836
CiteSeer,0.3,5,0.6,0.4,-0.009999990463256836
CiteSeer,0.3,5,0.6,0.5,-0.009999990463256836
CiteSeer,0.3,5,0.6,0.6,-0.009999990463256836
CiteSeer,0.3,5,0.6,0.7,-0.009999990463256836
CiteSeer,0.3,5,0.6,0.8,-0.009999990463256836
CiteSeer,0.3,5,0.6,0.9,-0.009999990463256836
CiteSeer,0.3,5,0.6,1.0,-0.009999990463256836
CiteSeer,0.3,5,0.7,0.0,0.0010000169277191162
CiteSeer,0.3,5,0.7,0.1,0.006000012159347534
CiteSeer,0.3,5,0.7,0.2,-0.0029999911785125732
CiteSeer,0.3,5,0.7,0.3,-0.009999990463256836
CiteSeer,0.3,5,0.7,0.4,-0.009999990463256836
CiteSeer,0.3,5,0.7,0.5,-0.009999990463256836
CiteSeer,0.3,5,0.7,0.6,-0.009999990463256836
CiteSeer,0.3,5,0.7,0.7,-0.009999990463256836
CiteSeer,0.3,5,0.7,0.8,-0.009999990463256836
CiteSeer,0.3,5,0.7,0.9,-0.009999990463256836
CiteSeer,0.3,5,0.7,1.0,-0.009999990463256836
CiteSeer,0.3,5,0.8,0.0,0.0010000169277191162
CiteSeer,0.3,5,0.8,0.1,0.006000012159347534
CiteSeer,0.3,5,0.8,0.2,-0.0029999911785125732
CiteSeer,0.3,5,0.8,0.3,-0.009999990463256836
CiteSeer,0.3,5,0.8,0.4,-0.009999990463256836
CiteSeer,0.3,5,0.8,0.5,-0.009999990463256836
CiteSeer,0.3,5,0.8,0.6,-0.009999990463256836
CiteSeer,0.3,5,0.8,0.7,-0.009999990463256836
CiteSeer,0.3,5,0.8,0.8,-0.009999990463256836
CiteSeer,0.3,5,0.8,0.9,-0.009999990463256836
CiteSeer,0.3,5,0.8,1.0,-0.009999990463256836
CiteSeer,0.3,5,0.9,0.0,0.0010000169277191162
CiteSeer,0.3,5,0.9,0.1,0.006000012159347534
CiteSeer,0.3,5,0.9,0.2,-0.0029999911785125732
CiteSeer,0.3,5,0.9,0.3,-0.009999990463256836
CiteSeer,0.3,5,0.9,0.4,-0.009999990463256836
CiteSeer,0.3,5,0.9,0.5,-0.009999990463256836
CiteSeer,0.3,5,0.9,0.6,-0.009999990463256836
CiteSeer,0.3,5,0.9,0.7,-0.009999990463256836
CiteSeer,0.3,5,0.9,0.8,-0.009999990463256836
CiteSeer,0.3,5,0.9,0.9,-0.009999990463256836
CiteSeer,0.3,5,0.9,1.0,-0.009999990463256836
CiteSeer,0.3,5,1.0,0.0,0.01199999451637268
CiteSeer,0.3,5,1.0,0.1,0.007999986410140991
CiteSeer,0.3,5,1.0,0.2,-0.01199999451637268
CiteSeer,0.3,5,1.0,0.3,0.010000020265579224
CiteSeer,0.3,5,1.0,0.4,0.010000020265579224
CiteSeer,0.3,5,1.0,0.5,0.010000020265579224
CiteSeer,0.3,5,1.0,0.6,0.010000020265579224
CiteSeer,0.3,5,1.0,0.7,0.010000020265579224
CiteSeer,0.3,5,1.0,0.8,0.010000020265579224
CiteSeer,0.3,5,1.0,0.9,0.010000020265579224
CiteSeer,0.3,5,1.0,1.0,0.0010000169277191162
CiteSeer,0.3,6,0.1,0.0,0.029999971389770508
CiteSeer,0.3,6,0.1,0.1,0.011999964714050293
CiteSeer,0.3,6,0.1,0.2,0.011999964714050293
CiteSeer,0.3,6,0.1,0.3,0.011999964714050293
CiteSeer,0.3,6,0.1,0.4,0.011999964714050293
CiteSeer,0.3,6,0.1,0.5,0.011999964714050293
CiteSeer,0.3,6,0.1,0.6,0.011999964714050293
CiteSeer,0.3,6,0.1,0.7,0.011999964714050293
CiteSeer,0.3,6,0.1,0.8,0.011999964714050293
CiteSeer,0.3,6,0.1,0.9,0.011999964714050293
CiteSeer,0.3,6,0.1,1.0,0.011999964714050293
CiteSeer,0.3,6,0.2,0.0,0.014999985694885254
CiteSeer,0.3,6,0.2,0.1,-0.0040000081062316895
CiteSeer,0.3,6,0.2,0.2,-0.0040000081062316895
CiteSeer,0.3,6,0.2,0.3,-0.0040000081062316895
CiteSeer,0.3,6,0.2,0.4,-0.0040000081062316895
CiteSeer,0.3,6,0.2,0.5,-0.0040000081062316895
CiteSeer,0.3,6,0.2,0.6,-0.0040000081062316895
CiteSeer,0.3,6,0.2,0.7,-0.0040000081062316895
CiteSeer,0.3,6,0.2,0.8,-0.0040000081062316895
CiteSeer,0.3,6,0.2,0.9,-0.0040000081062316895
CiteSeer,0.3,6,0.2,1.0,-0.0040000081062316895
CiteSeer,0.3,6,0.3,0.0,0.017000019550323486
CiteSeer,0.3,6,0.3,0.1,0.013000011444091797
CiteSeer,0.3,6,0.3,0.2,0.013000011444091797
CiteSeer,0.3,6,0.3,0.3,0.013000011444091797
CiteSeer,0.3,6,0.3,0.4,0.013000011444091797
CiteSeer,0.3,6,0.3,0.5,0.013000011444091797
CiteSeer,0.3,6,0.3,0.6,0.013000011444091797
CiteSeer,0.3,6,0.3,0.7,0.013000011444091797
CiteSeer,0.3,6,0.3,0.8,0.013000011444091797
CiteSeer,0.3,6,0.3,0.9,0.013000011444091797
CiteSeer,0.3,6,0.3,1.0,0.013000011444091797
CiteSeer,0.3,6,0.4,0.0,0.017000019550323486
CiteSeer,0.3,6,0.4,0.1,0.013000011444091797
CiteSeer,0.3,6,0.4,0.2,0.013000011444091797
CiteSeer,0.3,6,0.4,0.3,0.013000011444091797
CiteSeer,0.3,6,0.4,0.4,0.013000011444091797
CiteSeer,0.3,6,0.4,0.5,0.013000011444091797
CiteSeer,0.3,6,0.4,0.6,0.013000011444091797
CiteSeer,0.3,6,0.4,0.7,0.013000011444091797
CiteSeer,0.3,6,0.4,0.8,0.013000011444091797
CiteSeer,0.3,6,0.4,0.9,0.013000011444091797
CiteSeer,0.3,6,0.4,1.0,0.013000011444091797
CiteSeer,0.3,6,0.5,0.0,0.011999964714050293
CiteSeer,0.3,6,0.5,0.1,0.013000011444091797
CiteSeer,0.3,6,0.5,0.2,0.013000011444091797
CiteSeer,0.3,6,0.5,0.3,0.013000011444091797
CiteSeer,0.3,6,0.5,0.4,0.013000011444091797
CiteSeer,0.3,6,0.5,0.5,0.013000011444091797
CiteSeer,0.3,6,0.5,0.6,0.013000011444091797
CiteSeer,0.3,6,0.5,0.7,0.013000011444091797
CiteSeer,0.3,6,0.5,0.8,0.013000011444091797
CiteSeer,0.3,6,0.5,0.9,0.013000011444091797
CiteSeer,0.3,6,0.5,1.0,0.013000011444091797
CiteSeer,0.3,6,0.6,0.0,0.011999964714050293
CiteSeer,0.3,6,0.6,0.1,0.013000011444091797
CiteSeer,0.3,6,0.6,0.2,0.013000011444091797
CiteSeer,0.3,6,0.6,0.3,0.013000011444091797
CiteSeer,0.3,6,0.6,0.4,0.013000011444091797
CiteSeer,0.3,6,0.6,0.5,0.013000011444091797
CiteSeer,0.3,6,0.6,0.6,0.013000011444091797
CiteSeer,0.3,6,0.6,0.7,0.013000011444091797
CiteSeer,0.3,6,0.6,0.8,0.013000011444091797
CiteSeer,0.3,6,0.6,0.9,0.013000011444091797
CiteSeer,0.3,6,0.6,1.0,0.013000011444091797
CiteSeer,0.3,6,0.7,0.0,0.011999964714050293
CiteSeer,0.3,6,0.7,0.1,0.013000011444091797
CiteSeer,0.3,6,0.7,0.2,0.013000011444091797
CiteSeer,0.3,6,0.7,0.3,0.013000011444091797
CiteSeer,0.3,6,0.7,0.4,0.013000011444091797
CiteSeer,0.3,6,0.7,0.5,0.013000011444091797
CiteSeer,0.3,6,0.7,0.6,0.013000011444091797
CiteSeer,0.3,6,0.7,0.7,0.013000011444091797
CiteSeer,0.3,6,0.7,0.8,0.013000011444091797
CiteSeer,0.3,6,0.7,0.9,0.013000011444091797
CiteSeer,0.3,6,0.7,1.0,0.013000011444091797
CiteSeer,0.3,6,0.8,0.0,0.011999964714050293
CiteSeer,0.3,6,0.8,0.1,0.013000011444091797
CiteSeer,0.3,6,0.8,0.2,0.013000011444091797
CiteSeer,0.3,6,0.8,0.3,0.013000011444091797
CiteSeer,0.3,6,0.8,0.4,0.013000011444091797
CiteSeer,0.3,6,0.8,0.5,0.013000011444091797
CiteSeer,0.3,6,0.8,0.6,0.013000011444091797
CiteSeer,0.3,6,0.8,0.7,0.013000011444091797
CiteSeer,0.3,6,0.8,0.8,0.013000011444091797
CiteSeer,0.3,6,0.8,0.9,0.013000011444091797
CiteSeer,0.3,6,0.8,1.0,0.013000011444091797
CiteSeer,0.3,6,0.9,0.0,0.011999964714050293
CiteSeer,0.3,6,0.9,0.1,0.013000011444091797
CiteSeer,0.3,6,0.9,0.2,0.013000011444091797
CiteSeer,0.3,6,0.9,0.3,0.013000011444091797
CiteSeer,0.3,6,0.9,0.4,0.013000011444091797
CiteSeer,0.3,6,0.9,0.5,0.013000011444091797
CiteSeer,0.3,6,0.9,0.6,0.013000011444091797
CiteSeer,0.3,6,0.9,0.7,0.013000011444091797
CiteSeer,0.3,6,0.9,0.8,0.013000011444091797
CiteSeer,0.3,6,0.9,0.9,0.013000011444091797
CiteSeer,0.3,6,0.9,1.0,0.013000011444091797
CiteSeer,0.3,6,1.0,0.0,0.011999964714050293
CiteSeer,0.3,6,1.0,0.1,0.013000011444091797
CiteSeer,0.3,6,1.0,0.2,0.013000011444091797
CiteSeer,0.3,6,1.0,0.3,0.013000011444091797
CiteSeer,0.3,6,1.0,0.4,0.013000011444091797
CiteSeer,0.3,6,1.0,0.5,0.013000011444091797
CiteSeer,0.3,6,1.0,0.6,0.013000011444091797
CiteSeer,0.3,6,1.0,0.7,0.013000011444091797
CiteSeer,0.3,6,1.0,0.8,0.013000011444091797
CiteSeer,0.3,6,1.0,0.9,0.013000011444091797
CiteSeer,0.3,6,1.0,1.0,0.013000011444091797
CiteSeer,0.3,7,0.1,0.0,0.018000006675720215
CiteSeer,0.3,7,0.1,0.1,0.025000035762786865
CiteSeer,0.3,7,0.1,0.2,0.026000022888183594
CiteSeer,0.3,7,0.1,0.3,0.026000022888183594
CiteSeer,0.3,7,0.1,0.4,0.026000022888183594
CiteSeer,0.3,7,0.1,0.5,0.026000022888183594
CiteSeer,0.3,7,0.1,0.6,0.026000022888183594
CiteSeer,0.3,7,0.1,0.7,0.026000022888183594
CiteSeer,0.3,7,0.1,0.8,0.03100001811981201
CiteSeer,0.3,7,0.1,0.9,0.03100001811981201
CiteSeer,0.3,7,0.1,1.0,0.03100001811981201
CiteSeer,0.3,7,0.2,0.0,0.009000003337860107
CiteSeer,0.3,7,0.2,0.1,0.025000035762786865
CiteSeer,0.3,7,0.2,0.2,0.017000019550323486
CiteSeer,0.3,7,0.2,0.3,0.017000019550323486
CiteSeer,0.3,7,0.2,0.4,0.017000019550323486
CiteSeer,0.3,7,0.2,0.5,0.017000019550323486
CiteSeer,0.3,7,0.2,0.6,0.017000019550323486
CiteSeer,0.3,7,0.2,0.7,0.017000019550323486
CiteSeer,0.3,7,0.2,0.8,0.017000019550323486
CiteSeer,0.3,7,0.2,0.9,0.017000019550323486
CiteSeer,0.3,7,0.2,1.0,0.017000019550323486
CiteSeer,0.3,7,0.3,0.0,0.009000003337860107
CiteSeer,0.3,7,0.3,0.1,0.025000035762786865
CiteSeer,0.3,7,0.3,0.2,0.017000019550323486
CiteSeer,0.3,7,0.3,0.3,0.017000019550323486
CiteSeer,0.3,7,0.3,0.4,0.017000019550323486
CiteSeer,0.3,7,0.3,0.5,0.017000019550323486
CiteSeer,0.3,7,0.3,0.6,0.017000019550323486
CiteSeer,0.3,7,0.3,0.7,0.017000019550323486
CiteSeer,0.3,7,0.3,0.8,0.017000019550323486
CiteSeer,0.3,7,0.3,0.9,0.017000019550323486
CiteSeer,0.3,7,0.3,1.0,0.017000019550323486
CiteSeer,0.3,7,0.4,0.0,0.009000003337860107
CiteSeer,0.3,7,0.4,0.1,0.025000035762786865
CiteSeer,0.3,7,0.4,0.2,0.017000019550323486
CiteSeer,0.3,7,0.4,0.3,0.017000019550323486
CiteSeer,0.3,7,0.4,0.4,0.017000019550323486
CiteSeer,0.3,7,0.4,0.5,0.017000019550323486
CiteSeer,0.3,7,0.4,0.6,0.017000019550323486
CiteSeer,0.3,7,0.4,0.7,0.017000019550323486
CiteSeer,0.3,7,0.4,0.8,0.017000019550323486
CiteSeer,0.3,7,0.4,0.9,0.017000019550323486
CiteSeer,0.3,7,0.4,1.0,0.017000019550323486
CiteSeer,0.3,7,0.5,0.0,0.009000003337860107
CiteSeer,0.3,7,0.5,0.1,0.025000035762786865
CiteSeer,0.3,7,0.5,0.2,0.017000019550323486
CiteSeer,0.3,7,0.5,0.3,0.017000019550323486
CiteSeer,0.3,7,0.5,0.4,0.017000019550323486
CiteSeer,0.3,7,0.5,0.5,0.017000019550323486
CiteSeer,0.3,7,0.5,0.6,0.017000019550323486
CiteSeer,0.3,7,0.5,0.7,0.017000019550323486
CiteSeer,0.3,7,0.5,0.8,0.017000019550323486
CiteSeer,0.3,7,0.5,0.9,0.017000019550323486
CiteSeer,0.3,7,0.5,1.0,0.017000019550323486
CiteSeer,0.3,7,0.6,0.0,0.009000003337860107
CiteSeer,0.3,7,0.6,0.1,0.025000035762786865
CiteSeer,0.3,7,0.6,0.2,0.017000019550323486
CiteSeer,0.3,7,0.6,0.3,0.017000019550323486
CiteSeer,0.3,7,0.6,0.4,0.017000019550323486
CiteSeer,0.3,7,0.6,0.5,0.017000019550323486
CiteSeer,0.3,7,0.6,0.6,0.017000019550323486
CiteSeer,0.3,7,0.6,0.7,0.017000019550323486
CiteSeer,0.3,7,0.6,0.8,0.017000019550323486
CiteSeer,0.3,7,0.6,0.9,0.017000019550323486
CiteSeer,0.3,7,0.6,1.0,0.017000019550323486
CiteSeer,0.3,7,0.7,0.0,0.009000003337860107
CiteSeer,0.3,7,0.7,0.1,0.025000035762786865
CiteSeer,0.3,7,0.7,0.2,0.017000019550323486
CiteSeer,0.3,7,0.7,0.3,0.017000019550323486
CiteSeer,0.3,7,0.7,0.4,0.017000019550323486
CiteSeer,0.3,7,0.7,0.5,0.017000019550323486
CiteSeer,0.3,7,0.7,0.6,0.017000019550323486
CiteSeer,0.3,7,0.7,0.7,0.017000019550323486
CiteSeer,0.3,7,0.7,0.8,0.017000019550323486
CiteSeer,0.3,7,0.7,0.9,0.017000019550323486
CiteSeer,0.3,7,0.7,1.0,0.017000019550323486
CiteSeer,0.3,7,0.8,0.0,0.009000003337860107
CiteSeer,0.3,7,0.8,0.1,0.025000035762786865
CiteSeer,0.3,7,0.8,0.2,0.017000019550323486
CiteSeer,0.3,7,0.8,0.3,0.017000019550323486
CiteSeer,0.3,7,0.8,0.4,0.017000019550323486
CiteSeer,0.3,7,0.8,0.5,0.017000019550323486
CiteSeer,0.3,7,0.8,0.6,0.017000019550323486
CiteSeer,0.3,7,0.8,0.7,0.017000019550323486
CiteSeer,0.3,7,0.8,0.8,0.017000019550323486
CiteSeer,0.3,7,0.8,0.9,0.017000019550323486
CiteSeer,0.3,7,0.8,1.0,0.017000019550323486
CiteSeer,0.3,7,0.9,0.0,0.009000003337860107
CiteSeer,0.3,7,0.9,0.1,0.025000035762786865
CiteSeer,0.3,7,0.9,0.2,0.017000019550323486
CiteSeer,0.3,7,0.9,0.3,0.017000019550323486
CiteSeer,0.3,7,0.9,0.4,0.017000019550323486
CiteSeer,0.3,7,0.9,0.5,0.017000019550323486
CiteSeer,0.3,7,0.9,0.6,0.017000019550323486
CiteSeer,0.3,7,0.9,0.7,0.017000019550323486
CiteSeer,0.3,7,0.9,0.8,0.017000019550323486
CiteSeer,0.3,7,0.9,0.9,0.017000019550323486
CiteSeer,0.3,7,0.9,1.0,0.017000019550323486
CiteSeer,0.3,7,1.0,0.0,0.009000003337860107
CiteSeer,0.3,7,1.0,0.1,0.025000035762786865
CiteSeer,0.3,7,1.0,0.2,0.017000019550323486
CiteSeer,0.3,7,1.0,0.3,0.017000019550323486
CiteSeer,0.3,7,1.0,0.4,0.017000019550323486
CiteSeer,0.3,7,1.0,0.5,0.017000019550323486
CiteSeer,0.3,7,1.0,0.6,0.017000019550323486
CiteSeer,0.3,7,1.0,0.7,0.017000019550323486
CiteSeer,0.3,7,1.0,0.8,0.017000019550323486
CiteSeer,0.3,7,1.0,0.9,0.017000019550323486
CiteSeer,0.3,7,1.0,1.0,0.017000019550323486
CiteSeer,0.3,8,0.1,0.0,-0.003000020980834961
CiteSeer,0.3,8,0.1,0.1,-0.003000020980834961
CiteSeer,0.3,8,0.1,0.2,-0.003000020980834961
CiteSeer,0.3,8,0.1,0.3,-0.013000011444091797
CiteSeer,0.3,8,0.1,0.4,-0.014999985694885254
CiteSeer,0.3,8,0.1,0.5,-0.014999985694885254
CiteSeer,0.3,8,0.1,0.6,-0.014999985694885254
CiteSeer,0.3,8,0.1,0.7,-0.014999985694885254
CiteSeer,0.3,8,0.1,0.8,-0.013999998569488525
CiteSeer,0.3,8,0.1,0.9,-0.013999998569488525
CiteSeer,0.3,8,0.1,1.0,-0.003000020980834961
CiteSeer,0.3,8,0.2,0.0,-0.006999969482421875
CiteSeer,0.3,8,0.2,0.1,-0.0059999823570251465
CiteSeer,0.3,8,0.2,0.2,-0.0059999823570251465
CiteSeer,0.3,8,0.2,0.3,-0.0059999823570251465
CiteSeer,0.3,8,0.2,0.4,-0.003000020980834961
CiteSeer,0.3,8,0.2,0.5,-0.003000020980834961
CiteSeer,0.3,8,0.2,0.6,-0.003000020980834961
CiteSeer,0.3,8,0.2,0.7,-0.003000020980834961
CiteSeer,0.3,8,0.2,0.8,-0.0059999823570251465
CiteSeer,0.3,8,0.2,0.9,-0.0059999823570251465
CiteSeer,0.3,8,0.2,1.0,-0.004999995231628418
CiteSeer,0.3,8,0.3,0.0,0.008000016212463379
CiteSeer,0.3,8,0.3,0.1,-0.001999974250793457
CiteSeer,0.3,8,0.3,0.2,-0.001999974250793457
CiteSeer,0.3,8,0.3,0.3,-0.009000003337860107
CiteSeer,0.3,8,0.3,0.4,-0.013999998569488525
CiteSeer,0.3,8,0.3,0.5,-0.013999998569488525
CiteSeer,0.3,8,0.3,0.6,-0.013999998569488525
CiteSeer,0.3,8,0.3,0.7,-0.013999998569488525
CiteSeer,0.3,8,0.3,0.8,-0.009000003337860107
CiteSeer,0.3,8,0.3,0.9,-0.009000003337860107
CiteSeer,0.3,8,0.3,1.0,-0.015999972820281982
CiteSeer,0.3,8,0.4,0.0,0.008000016212463379
CiteSeer,0.3,8,0.4,0.1,-0.001999974250793457
CiteSeer,0.3,8,0.4,0.2,-0.001999974250793457
CiteSeer,0.3,8,0.4,0.3,-0.009000003337860107
CiteSeer,0.3,8,0.4,0.4,-0.013999998569488525
CiteSeer,0.3,8,0.4,0.5,-0.013999998569488525
CiteSeer,0.3,8,0.4,0.6,-0.013999998569488525
CiteSeer,0.3,8,0.4,0.7,-0.013999998569488525
CiteSeer,0.3,8,0.4,0.8,-0.009000003337860107
CiteSeer,0.3,8,0.4,0.9,-0.009000003337860107
CiteSeer,0.3,8,0.4,1.0,-0.015999972820281982
CiteSeer,0.3,8,0.5,0.0,0.008000016212463379
CiteSeer,0.3,8,0.5,0.1,-0.001999974250793457
CiteSeer,0.3,8,0.5,0.2,-0.001999974250793457
CiteSeer,0.3,8,0.5,0.3,-0.009000003337860107
CiteSeer,0.3,8,0.5,0.4,-0.013999998569488525
CiteSeer,0.3,8,0.5,0.5,-0.013999998569488525
CiteSeer,0.3,8,0.5,0.6,-0.013999998569488525
CiteSeer,0.3,8,0.5,0.7,-0.013999998569488525
CiteSeer,0.3,8,0.5,0.8,-0.009000003337860107
CiteSeer,0.3,8,0.5,0.9,-0.009000003337860107
CiteSeer,0.3,8,0.5,1.0,-0.015999972820281982
CiteSeer,0.3,8,0.6,0.0,0.008000016212463379
CiteSeer,0.3,8,0.6,0.1,-0.001999974250793457
CiteSeer,0.3,8,0.6,0.2,-0.001999974250793457
CiteSeer,0.3,8,0.6,0.3,-0.009000003337860107
CiteSeer,0.3,8,0.6,0.4,-0.013999998569488525
CiteSeer,0.3,8,0.6,0.5,-0.013999998569488525
CiteSeer,0.3,8,0.6,0.6,-0.013999998569488525
CiteSeer,0.3,8,0.6,0.7,-0.013999998569488525
CiteSeer,0.3,8,0.6,0.8,-0.009000003337860107
CiteSeer,0.3,8,0.6,0.9,-0.009000003337860107
CiteSeer,0.3,8,0.6,1.0,-0.015999972820281982
CiteSeer,0.3,8,0.7,0.0,0.008000016212463379
CiteSeer,0.3,8,0.7,0.1,-0.001999974250793457
CiteSeer,0.3,8,0.7,0.2,-0.001999974250793457
CiteSeer,0.3,8,0.7,0.3,-0.009000003337860107
CiteSeer,0.3,8,0.7,0.4,-0.013999998569488525
CiteSeer,0.3,8,0.7,0.5,-0.013999998569488525
CiteSeer,0.3,8,0.7,0.6,-0.013999998569488525
CiteSeer,0.3,8,0.7,0.7,-0.013999998569488525
CiteSeer,0.3,8,0.7,0.8,-0.009000003337860107
CiteSeer,0.3,8,0.7,0.9,-0.009000003337860107
CiteSeer,0.3,8,0.7,1.0,-0.015999972820281982
CiteSeer,0.3,8,0.8,0.0,0.008000016212463379
CiteSeer,0.3,8,0.8,0.1,-0.001999974250793457
CiteSeer,0.3,8,0.8,0.2,-0.001999974250793457
CiteSeer,0.3,8,0.8,0.3,-0.009000003337860107
CiteSeer,0.3,8,0.8,0.4,-0.013999998569488525
CiteSeer,0.3,8,0.8,0.5,-0.013999998569488525
CiteSeer,0.3,8,0.8,0.6,-0.013999998569488525
CiteSeer,0.3,8,0.8,0.7,-0.013999998569488525
CiteSeer,0.3,8,0.8,0.8,-0.009000003337860107
CiteSeer,0.3,8,0.8,0.9,-0.009000003337860107
CiteSeer,0.3,8,0.8,1.0,-0.015999972820281982
CiteSeer,0.3,8,0.9,0.0,0.008000016212463379
CiteSeer,0.3,8,0.9,0.1,-0.001999974250793457
CiteSeer,0.3,8,0.9,0.2,-0.001999974250793457
CiteSeer,0.3,8,0.9,0.3,-0.009000003337860107
CiteSeer,0.3,8,0.9,0.4,-0.013999998569488525
CiteSeer,0.3,8,0.9,0.5,-0.013999998569488525
CiteSeer,0.3,8,0.9,0.6,-0.013999998569488525
CiteSeer,0.3,8,0.9,0.7,-0.013999998569488525
CiteSeer,0.3,8,0.9,0.8,-0.009000003337860107
CiteSeer,0.3,8,0.9,0.9,-0.009000003337860107
CiteSeer,0.3,8,0.9,1.0,-0.015999972820281982
CiteSeer,0.3,8,1.0,0.0,-0.008000016212463379
CiteSeer,0.3,8,1.0,0.1,0.0
CiteSeer,0.3,8,1.0,0.2,0.0
CiteSeer,0.3,8,1.0,0.3,-0.0059999823570251465
CiteSeer,0.3,8,1.0,0.4,-0.0009999871253967285
CiteSeer,0.3,8,1.0,0.5,-0.0009999871253967285
CiteSeer,0.3,8,1.0,0.6,-0.0009999871253967285
CiteSeer,0.3,8,1.0,0.7,-0.0009999871253967285
CiteSeer,0.3,8,1.0,0.8,-0.004999995231628418
CiteSeer,0.3,8,1.0,0.9,-0.004999995231628418
CiteSeer,0.3,8,1.0,1.0,0.0
CiteSeer,0.3,9,0.1,0.0,0.019999980926513672
CiteSeer,0.3,9,0.1,0.1,0.021000027656555176
CiteSeer,0.3,9,0.1,0.2,0.009999990463256836
CiteSeer,0.3,9,0.1,0.3,0.009999990463256836
CiteSeer,0.3,9,0.1,0.4,0.009999990463256836
CiteSeer,0.3,9,0.1,0.5,0.009999990463256836
CiteSeer,0.3,9,0.1,0.6,0.009999990463256836
CiteSeer,0.3,9,0.1,0.7,0.009999990463256836
CiteSeer,0.3,9,0.1,0.8,0.009999990463256836
CiteSeer,0.3,9,0.1,0.9,0.009999990463256836
CiteSeer,0.3,9,0.1,1.0,0.009999990463256836
CiteSeer,0.3,9,0.2,0.0,0.0040000081062316895
CiteSeer,0.3,9,0.2,0.1,0.017000019550323486
CiteSeer,0.3,9,0.2,0.2,-0.0009999871253967285
CiteSeer,0.3,9,0.2,0.3,-0.0009999871253967285
CiteSeer,0.3,9,0.2,0.4,-0.0009999871253967285
CiteSeer,0.3,9,0.2,0.5,-0.0009999871253967285
CiteSeer,0.3,9,0.2,0.6,-0.0009999871253967285
CiteSeer,0.3,9,0.2,0.7,-0.0009999871253967285
CiteSeer,0.3,9,0.2,0.8,-0.0009999871253967285
CiteSeer,0.3,9,0.2,0.9,-0.0009999871253967285
CiteSeer,0.3,9,0.2,1.0,-0.0009999871253967285
CiteSeer,0.3,9,0.3,0.0,0.0040000081062316895
CiteSeer,0.3,9,0.3,0.1,0.017000019550323486
CiteSeer,0.3,9,0.3,0.2,-0.0009999871253967285
CiteSeer,0.3,9,0.3,0.3,-0.0009999871253967285
CiteSeer,0.3,9,0.3,0.4,-0.0009999871253967285
CiteSeer,0.3,9,0.3,0.5,-0.0009999871253967285
CiteSeer,0.3,9,0.3,0.6,-0.0009999871253967285
CiteSeer,0.3,9,0.3,0.7,-0.0009999871253967285
CiteSeer,0.3,9,0.3,0.8,-0.0009999871253967285
CiteSeer,0.3,9,0.3,0.9,-0.0009999871253967285
CiteSeer,0.3,9,0.3,1.0,-0.0009999871253967285
CiteSeer,0.3,9,0.4,0.0,0.0040000081062316895
CiteSeer,0.3,9,0.4,0.1,0.017000019550323486
CiteSeer,0.3,9,0.4,0.2,-0.0009999871253967285
CiteSeer,0.3,9,0.4,0.3,-0.0009999871253967285
CiteSeer,0.3,9,0.4,0.4,-0.0009999871253967285
CiteSeer,0.3,9,0.4,0.5,-0.0009999871253967285
CiteSeer,0.3,9,0.4,0.6,-0.0009999871253967285
CiteSeer,0.3,9,0.4,0.7,-0.0009999871253967285
CiteSeer,0.3,9,0.4,0.8,-0.0009999871253967285
CiteSeer,0.3,9,0.4,0.9,-0.0009999871253967285
CiteSeer,0.3,9,0.4,1.0,-0.0009999871253967285
CiteSeer,0.3,9,0.5,0.0,0.0040000081062316895
CiteSeer,0.3,9,0.5,0.1,0.017000019550323486
CiteSeer,0.3,9,0.5,0.2,-0.0009999871253967285
CiteSeer,0.3,9,0.5,0.3,-0.0009999871253967285
CiteSeer,0.3,9,0.5,0.4,-0.0009999871253967285
CiteSeer,0.3,9,0.5,0.5,-0.0009999871253967285
CiteSeer,0.3,9,0.5,0.6,-0.0009999871253967285
CiteSeer,0.3,9,0.5,0.7,-0.0009999871253967285
CiteSeer,0.3,9,0.5,0.8,-0.0009999871253967285
CiteSeer,0.3,9,0.5,0.9,-0.0009999871253967285
CiteSeer,0.3,9,0.5,1.0,-0.0009999871253967285
CiteSeer,0.3,9,0.6,0.0,0.013999998569488525
CiteSeer,0.3,9,0.6,0.1,0.013000011444091797
CiteSeer,0.3,9,0.6,0.2,0.013999998569488525
CiteSeer,0.3,9,0.6,0.3,0.013999998569488525
CiteSeer,0.3,9,0.6,0.4,0.013999998569488525
CiteSeer,0.3,9,0.6,0.5,0.013999998569488525
CiteSeer,0.3,9,0.6,0.6,0.013999998569488525
CiteSeer,0.3,9,0.6,0.7,0.013999998569488525
CiteSeer,0.3,9,0.6,0.8,0.013999998569488525
CiteSeer,0.3,9,0.6,0.9,0.013999998569488525
CiteSeer,0.3,9,0.6,1.0,0.013999998569488525
CiteSeer,0.3,9,0.7,0.0,0.013999998569488525
CiteSeer,0.3,9,0.7,0.1,0.013000011444091797
CiteSeer,0.3,9,0.7,0.2,0.013999998569488525
CiteSeer,0.3,9,0.7,0.3,0.013999998569488525
CiteSeer,0.3,9,0.7,0.4,0.013999998569488525
CiteSeer,0.3,9,0.7,0.5,0.013999998569488525
CiteSeer,0.3,9,0.7,0.6,0.013999998569488525
CiteSeer,0.3,9,0.7,0.7,0.013999998569488525
CiteSeer,0.3,9,0.7,0.8,0.013999998569488525
CiteSeer,0.3,9,0.7,0.9,0.013999998569488525
CiteSeer,0.3,9,0.7,1.0,0.013999998569488525
CiteSeer,0.3,9,0.8,0.0,0.013999998569488525
CiteSeer,0.3,9,0.8,0.1,0.013000011444091797
CiteSeer,0.3,9,0.8,0.2,0.013999998569488525
CiteSeer,0.3,9,0.8,0.3,0.013999998569488525
CiteSeer,0.3,9,0.8,0.4,0.013999998569488525
CiteSeer,0.3,9,0.8,0.5,0.013999998569488525
CiteSeer,0.3,9,0.8,0.6,0.013999998569488525
CiteSeer,0.3,9,0.8,0.7,0.013999998569488525
CiteSeer,0.3,9,0.8,0.8,0.013999998569488525
CiteSeer,0.3,9,0.8,0.9,0.013999998569488525
CiteSeer,0.3,9,0.8,1.0,0.013999998569488525
CiteSeer,0.3,9,0.9,0.0,0.013999998569488525
CiteSeer,0.3,9,0.9,0.1,0.013000011444091797
CiteSeer,0.3,9,0.9,0.2,0.013999998569488525
CiteSeer,0.3,9,0.9,0.3,0.013999998569488525
CiteSeer,0.3,9,0.9,0.4,0.013999998569488525
CiteSeer,0.3,9,0.9,0.5,0.013999998569488525
CiteSeer,0.3,9,0.9,0.6,0.013999998569488525
CiteSeer,0.3,9,0.9,0.7,0.013999998569488525
CiteSeer,0.3,9,0.9,0.8,0.013999998569488525
CiteSeer,0.3,9,0.9,0.9,0.013999998569488525
CiteSeer,0.3,9,0.9,1.0,0.013999998569488525
CiteSeer,0.3,9,1.0,0.0,0.023000001907348633
CiteSeer,0.3,9,1.0,0.1,-0.001999974250793457
CiteSeer,0.3,9,1.0,0.2,0.0040000081062316895
CiteSeer,0.3,9,1.0,0.3,0.0040000081062316895
CiteSeer,0.3,9,1.0,0.4,0.0040000081062316895
CiteSeer,0.3,9,1.0,0.5,0.0040000081062316895
CiteSeer,0.3,9,1.0,0.6,0.0040000081062316895
CiteSeer,0.3,9,1.0,0.7,0.0040000081062316895
CiteSeer,0.3,9,1.0,0.8,0.0040000081062316895
CiteSeer,0.3,9,1.0,0.9,0.0040000081062316895
CiteSeer,0.3,9,1.0,1.0,0.0040000081062316895
CiteSeer,0.4,0,0.1,0.0,0.0169999897480011
CiteSeer,0.4,0,0.1,0.1,0.030000001192092896
CiteSeer,0.4,0,0.1,0.2,0.030000001192092896
CiteSeer,0.4,0,0.1,0.3,0.030000001192092896
CiteSeer,0.4,0,0.1,0.4,0.030000001192092896
CiteSeer,0.4,0,0.1,0.5,0.030000001192092896
CiteSeer,0.4,0,0.1,0.6,0.03299999237060547
CiteSeer,0.4,0,0.1,0.7,0.03299999237060547
CiteSeer,0.4,0,0.1,0.8,0.03299999237060547
CiteSeer,0.4,0,0.1,0.9,0.03299999237060547
CiteSeer,0.4,0,0.1,1.0,0.03299999237060547
CiteSeer,0.4,0,0.2,0.0,-0.011000007390975952
CiteSeer,0.4,0,0.2,0.1,-0.014999985694885254
CiteSeer,0.4,0,0.2,0.2,-0.014999985694885254
CiteSeer,0.4,0,0.2,0.3,-0.014999985694885254
CiteSeer,0.4,0,0.2,0.4,-0.014999985694885254
CiteSeer,0.4,0,0.2,0.5,-0.014999985694885254
CiteSeer,0.4,0,0.2,0.6,-0.014999985694885254
CiteSeer,0.4,0,0.2,0.7,-0.014999985694885254
CiteSeer,0.4,0,0.2,0.8,-0.014999985694885254
CiteSeer,0.4,0,0.2,0.9,-0.014999985694885254
CiteSeer,0.4,0,0.2,1.0,-0.014999985694885254
CiteSeer,0.4,0,0.3,0.0,-0.0009999871253967285
CiteSeer,0.4,0,0.3,0.1,-0.011000007390975952
CiteSeer,0.4,0,0.3,0.2,-0.011000007390975952
CiteSeer,0.4,0,0.3,0.3,-0.011000007390975952
CiteSeer,0.4,0,0.3,0.4,-0.011000007390975952
CiteSeer,0.4,0,0.3,0.5,-0.011000007390975952
CiteSeer,0.4,0,0.3,0.6,-0.018000006675720215
CiteSeer,0.4,0,0.3,0.7,-0.018000006675720215
CiteSeer,0.4,0,0.3,0.8,-0.018000006675720215
CiteSeer,0.4,0,0.3,0.9,-0.018000006675720215
CiteSeer,0.4,0,0.3,1.0,-0.018000006675720215
CiteSeer,0.4,0,0.4,0.0,-0.0009999871253967285
CiteSeer,0.4,0,0.4,0.1,-0.011000007390975952
CiteSeer,0.4,0,0.4,0.2,-0.011000007390975952
CiteSeer,0.4,0,0.4,0.3,-0.011000007390975952
CiteSeer,0.4,0,0.4,0.4,-0.011000007390975952
CiteSeer,0.4,0,0.4,0.5,-0.011000007390975952
CiteSeer,0.4,0,0.4,0.6,-0.018000006675720215
CiteSeer,0.4,0,0.4,0.7,-0.018000006675720215
CiteSeer,0.4,0,0.4,0.8,-0.018000006675720215
CiteSeer,0.4,0,0.4,0.9,-0.018000006675720215
CiteSeer,0.4,0,0.4,1.0,-0.018000006675720215
CiteSeer,0.4,0,0.5,0.0,-0.0009999871253967285
CiteSeer,0.4,0,0.5,0.1,-0.011000007390975952
CiteSeer,0.4,0,0.5,0.2,-0.011000007390975952
CiteSeer,0.4,0,0.5,0.3,-0.011000007390975952
CiteSeer,0.4,0,0.5,0.4,-0.011000007390975952
CiteSeer,0.4,0,0.5,0.5,-0.011000007390975952
CiteSeer,0.4,0,0.5,0.6,-0.018000006675720215
CiteSeer,0.4,0,0.5,0.7,-0.018000006675720215
CiteSeer,0.4,0,0.5,0.8,-0.018000006675720215
CiteSeer,0.4,0,0.5,0.9,-0.018000006675720215
CiteSeer,0.4,0,0.5,1.0,-0.018000006675720215
CiteSeer,0.4,0,0.6,0.0,0.004999995231628418
CiteSeer,0.4,0,0.6,0.1,0.01199999451637268
CiteSeer,0.4,0,0.6,0.2,0.01199999451637268
CiteSeer,0.4,0,0.6,0.3,0.01199999451637268
CiteSeer,0.4,0,0.6,0.4,0.01199999451637268
CiteSeer,0.4,0,0.6,0.5,0.01199999451637268
CiteSeer,0.4,0,0.6,0.6,0.0020000040531158447
CiteSeer,0.4,0,0.6,0.7,0.0020000040531158447
CiteSeer,0.4,0,0.6,0.8,0.0020000040531158447
CiteSeer,0.4,0,0.6,0.9,0.0020000040531158447
CiteSeer,0.4,0,0.6,1.0,0.0020000040531158447
CiteSeer,0.4,0,0.7,0.0,0.004999995231628418
CiteSeer,0.4,0,0.7,0.1,0.013000011444091797
CiteSeer,0.4,0,0.7,0.2,0.01199999451637268
CiteSeer,0.4,0,0.7,0.3,0.01199999451637268
CiteSeer,0.4,0,0.7,0.4,0.01199999451637268
CiteSeer,0.4,0,0.7,0.5,0.034000009298324585
CiteSeer,0.4,0,0.7,0.6,0.0020000040531158447
CiteSeer,0.4,0,0.7,0.7,0.0020000040531158447
CiteSeer,0.4,0,0.7,0.8,0.0020000040531158447
CiteSeer,0.4,0,0.7,0.9,0.0020000040531158447
CiteSeer,0.4,0,0.7,1.0,0.0020000040531158447
CiteSeer,0.4,0,0.8,0.0,0.004999995231628418
CiteSeer,0.4,0,0.8,0.1,0.01199999451637268
CiteSeer,0.4,0,0.8,0.2,0.034000009298324585
CiteSeer,0.4,0,0.8,0.3,0.01199999451637268
CiteSeer,0.4,0,0.8,0.4,0.01199999451637268
CiteSeer,0.4,0,0.8,0.5,0.01199999451637268
CiteSeer,0.4,0,0.8,0.6,0.0020000040531158447
CiteSeer,0.4,0,0.8,0.7,0.0020000040531158447
CiteSeer,0.4,0,0.8,0.8,0.0020000040531158447
CiteSeer,0.4,0,0.8,0.9,0.0020000040531158447
CiteSeer,0.4,0,0.8,1.0,0.0020000040531158447
CiteSeer,0.4,0,0.9,0.0,0.004999995231628418
CiteSeer,0.4,0,0.9,0.1,0.01199999451637268
CiteSeer,0.4,0,0.9,0.2,0.013000011444091797
CiteSeer,0.4,0,0.9,0.3,0.01199999451637268
CiteSeer,0.4,0,0.9,0.4,0.01199999451637268
CiteSeer,0.4,0,0.9,0.5,0.01199999451637268
CiteSeer,0.4,0,0.9,0.6,0.0020000040531158447
CiteSeer,0.4,0,0.9,0.7,0.0020000040531158447
CiteSeer,0.4,0,0.9,0.8,0.0020000040531158447
CiteSeer,0.4,0,0.9,0.9,0.0020000040531158447
CiteSeer,0.4,0,0.9,1.0,0.0020000040531158447
CiteSeer,0.4,0,1.0,0.0,0.0029999911785125732
CiteSeer,0.4,0,1.0,0.1,-0.0040000081062316895
CiteSeer,0.4,0,1.0,0.2,-0.0040000081062316895
CiteSeer,0.4,0,1.0,0.3,-0.0040000081062316895
CiteSeer,0.4,0,1.0,0.4,-0.0040000081062316895
CiteSeer,0.4,0,1.0,0.5,-0.0040000081062316895
CiteSeer,0.4,0,1.0,0.6,-0.004999995231628418
CiteSeer,0.4,0,1.0,0.7,-0.004999995231628418
CiteSeer,0.4,0,1.0,0.8,-0.004999995231628418
CiteSeer,0.4,0,1.0,0.9,-0.004999995231628418
CiteSeer,0.4,0,1.0,1.0,-0.004999995231628418
CiteSeer,0.4,1,0.1,0.0,-0.010000020265579224
CiteSeer,0.4,1,0.1,0.1,-0.009000003337860107
CiteSeer,0.4,1,0.1,0.2,-0.009000003337860107
CiteSeer,0.4,1,0.1,0.3,-0.009000003337860107
CiteSeer,0.4,1,0.1,0.4,-0.009000003337860107
CiteSeer,0.4,1,0.1,0.5,0.0
CiteSeer,0.4,1,0.1,0.6,0.0
CiteSeer,0.4,1,0.1,0.7,0.0
CiteSeer,0.4,1,0.1,0.8,0.0
CiteSeer,0.4,1,0.1,0.9,0.0
CiteSeer,0.4,1,0.1,1.0,0.0
CiteSeer,0.4,1,0.2,0.0,0.0009999871253967285
CiteSeer,0.4,1,0.2,0.1,-0.0020000040531158447
CiteSeer,0.4,1,0.2,0.2,-0.0020000040531158447
CiteSeer,0.4,1,0.2,0.3,-0.0020000040531158447
CiteSeer,0.4,1,0.2,0.4,-0.0020000040531158447
CiteSeer,0.4,1,0.2,0.5,-0.0010000169277191162
CiteSeer,0.4,1,0.2,0.6,-0.0010000169277191162
CiteSeer,0.4,1,0.2,0.7,-0.0010000169277191162
CiteSeer,0.4,1,0.2,0.8,-0.0010000169277191162
CiteSeer,0.4,1,0.2,0.9,-0.0010000169277191162
CiteSeer,0.4,1,0.2,1.0,-0.0010000169277191162
CiteSeer,0.4,1,0.3,0.0,0.0009999871253967285
CiteSeer,0.4,1,0.3,0.1,-0.0020000040531158447
CiteSeer,0.4,1,0.3,0.2,-0.0020000040531158447
CiteSeer,0.4,1,0.3,0.3,-0.0020000040531158447
CiteSeer,0.4,1,0.3,0.4,-0.0020000040531158447
CiteSeer,0.4,1,0.3,0.5,-0.0010000169277191162
CiteSeer,0.4,1,0.3,0.6,-0.0010000169277191162
CiteSeer,0.4,1,0.3,0.7,-0.0010000169277191162
CiteSeer,0.4,1,0.3,0.8,-0.0010000169277191162
CiteSeer,0.4,1,0.3,0.9,-0.0010000169277191162
CiteSeer,0.4,1,0.3,1.0,-0.0010000169277191162
CiteSeer,0.4,1,0.4,0.0,0.0009999871253967285
CiteSeer,0.4,1,0.4,0.1,-0.0020000040531158447
CiteSeer,0.4,1,0.4,0.2,-0.0020000040531158447
CiteSeer,0.4,1,0.4,0.3,-0.0020000040531158447
CiteSeer,0.4,1,0.4,0.4,-0.0020000040531158447
CiteSeer,0.4,1,0.4,0.5,-0.0010000169277191162
CiteSeer,0.4,1,0.4,0.6,-0.0010000169277191162
CiteSeer,0.4,1,0.4,0.7,-0.0010000169277191162
CiteSeer,0.4,1,0.4,0.8,-0.0010000169277191162
CiteSeer,0.4,1,0.4,0.9,-0.0010000169277191162
CiteSeer,0.4,1,0.4,1.0,-0.0010000169277191162
CiteSeer,0.4,1,0.5,0.0,0.0009999871253967285
CiteSeer,0.4,1,0.5,0.1,-0.0020000040531158447
CiteSeer,0.4,1,0.5,0.2,-0.0020000040531158447
CiteSeer,0.4,1,0.5,0.3,-0.0020000040531158447
CiteSeer,0.4,1,0.5,0.4,-0.0020000040531158447
CiteSeer,0.4,1,0.5,0.5,-0.0010000169277191162
CiteSeer,0.4,1,0.5,0.6,-0.0010000169277191162
CiteSeer,0.4,1,0.5,0.7,-0.0010000169277191162
CiteSeer,0.4,1,0.5,0.8,-0.0010000169277191162
CiteSeer,0.4,1,0.5,0.9,-0.0010000169277191162
CiteSeer,0.4,1,0.5,1.0,-0.0010000169277191162
CiteSeer,0.4,1,0.6,0.0,0.0009999871253967285
CiteSeer,0.4,1,0.6,0.1,-0.0020000040531158447
CiteSeer,0.4,1,0.6,0.2,-0.0020000040531158447
CiteSeer,0.4,1,0.6,0.3,-0.0020000040531158447
CiteSeer,0.4,1,0.6,0.4,-0.0020000040531158447
CiteSeer,0.4,1,0.6,0.5,-0.0010000169277191162
CiteSeer,0.4,1,0.6,0.6,-0.0010000169277191162
CiteSeer,0.4,1,0.6,0.7,-0.0010000169277191162
CiteSeer,0.4,1,0.6,0.8,-0.0010000169277191162
CiteSeer,0.4,1,0.6,0.9,-0.0010000169277191162
CiteSeer,0.4,1,0.6,1.0,-0.0010000169277191162
CiteSeer,0.4,1,0.7,0.0,0.0009999871253967285
CiteSeer,0.4,1,0.7,0.1,-0.0020000040531158447
CiteSeer,0.4,1,0.7,0.2,-0.0020000040531158447
CiteSeer,0.4,1,0.7,0.3,-0.0020000040531158447
CiteSeer,0.4,1,0.7,0.4,-0.0020000040531158447
CiteSeer,0.4,1,0.7,0.5,-0.0010000169277191162
CiteSeer,0.4,1,0.7,0.6,-0.0010000169277191162
CiteSeer,0.4,1,0.7,0.7,-0.0010000169277191162
CiteSeer,0.4,1,0.7,0.8,-0.0010000169277191162
CiteSeer,0.4,1,0.7,0.9,-0.0010000169277191162
CiteSeer,0.4,1,0.7,1.0,-0.0010000169277191162
CiteSeer,0.4,1,0.8,0.0,0.0009999871253967285
CiteSeer,0.4,1,0.8,0.1,-0.0020000040531158447
CiteSeer,0.4,1,0.8,0.2,-0.0020000040531158447
CiteSeer,0.4,1,0.8,0.3,-0.0020000040531158447
CiteSeer,0.4,1,0.8,0.4,-0.0020000040531158447
CiteSeer,0.4,1,0.8,0.5,-0.0010000169277191162
CiteSeer,0.4,1,0.8,0.6,-0.0010000169277191162
CiteSeer,0.4,1,0.8,0.7,-0.0010000169277191162
CiteSeer,0.4,1,0.8,0.8,-0.0010000169277191162
CiteSeer,0.4,1,0.8,0.9,-0.0010000169277191162
CiteSeer,0.4,1,0.8,1.0,-0.0010000169277191162
CiteSeer,0.4,1,0.9,0.0,0.0009999871253967285
CiteSeer,0.4,1,0.9,0.1,-0.0020000040531158447
CiteSeer,0.4,1,0.9,0.2,-0.0020000040531158447
CiteSeer,0.4,1,0.9,0.3,-0.0020000040531158447
CiteSeer,0.4,1,0.9,0.4,-0.0020000040531158447
CiteSeer,0.4,1,0.9,0.5,-0.0010000169277191162
CiteSeer,0.4,1,0.9,0.6,-0.0010000169277191162
CiteSeer,0.4,1,0.9,0.7,-0.0010000169277191162
CiteSeer,0.4,1,0.9,0.8,-0.0010000169277191162
CiteSeer,0.4,1,0.9,0.9,-0.0010000169277191162
CiteSeer,0.4,1,0.9,1.0,-0.0010000169277191162
CiteSeer,0.4,1,1.0,0.0,0.004999995231628418
CiteSeer,0.4,1,1.0,0.1,0.007999986410140991
CiteSeer,0.4,1,1.0,0.2,0.007999986410140991
CiteSeer,0.4,1,1.0,0.3,0.007999986410140991
CiteSeer,0.4,1,1.0,0.4,0.007999986410140991
CiteSeer,0.4,1,1.0,0.5,0.0
CiteSeer,0.4,1,1.0,0.6,0.0
CiteSeer,0.4,1,1.0,0.7,0.0
CiteSeer,0.4,1,1.0,0.8,0.0
CiteSeer,0.4,1,1.0,0.9,0.0
CiteSeer,0.4,1,1.0,1.0,0.0
CiteSeer,0.4,2,0.1,0.0,0.04300001263618469
CiteSeer,0.4,2,0.1,0.1,0.033000022172927856
CiteSeer,0.4,2,0.1,0.2,0.02800002694129944
CiteSeer,0.4,2,0.1,0.3,0.02800002694129944
CiteSeer,0.4,2,0.1,0.4,0.02800002694129944
CiteSeer,0.4,2,0.1,0.5,0.02800002694129944
CiteSeer,0.4,2,0.1,0.6,0.02800002694129944
CiteSeer,0.4,2,0.1,0.7,0.02800002694129944
CiteSeer,0.4,2,0.1,0.8,0.02800002694129944
CiteSeer,0.4,2,0.1,0.9,0.02800002694129944
CiteSeer,0.4,2,0.1,1.0,0.02800002694129944
CiteSeer,0.4,2,0.2,0.0,0.025999993085861206
CiteSeer,0.4,2,0.2,0.1,-0.004999995231628418
CiteSeer,0.4,2,0.2,0.2,0.009000033140182495
CiteSeer,0.4,2,0.2,0.3,0.009000033140182495
CiteSeer,0.4,2,0.2,0.4,0.009000033140182495
CiteSeer,0.4,2,0.2,0.5,0.009000033140182495
CiteSeer,0.4,2,0.2,0.6,0.009000033140182495
CiteSeer,0.4,2,0.2,0.7,0.009000033140182495
CiteSeer,0.4,2,0.2,0.8,0.009000033140182495
CiteSeer,0.4,2,0.2,0.9,0.009000033140182495
CiteSeer,0.4,2,0.2,1.0,0.009000033140182495
CiteSeer,0.4,2,0.3,0.0,0.014000028371810913
CiteSeer,0.4,2,0.3,0.1,-0.006999999284744263
CiteSeer,0.4,2,0.3,0.2,-0.003999978303909302
CiteSeer,0.4,2,0.3,0.3,-0.003999978303909302
CiteSeer,0.4,2,0.3,0.4,-0.003999978303909302
CiteSeer,0.4,2,0.3,0.5,-0.003999978303909302
CiteSeer,0.4,2,0.3,0.6,-0.003999978303909302
CiteSeer,0.4,2,0.3,0.7,-0.003999978303909302
CiteSeer,0.4,2,0.3,0.8,-0.003999978303909302
CiteSeer,0.4,2,0.3,0.9,-0.003999978303909302
CiteSeer,0.4,2,0.3,1.0,-0.003999978303909302
CiteSeer,0.4,2,0.4,0.0,0.014000028371810913
CiteSeer,0.4,2,0.4,0.1,-0.006999999284744263
CiteSeer,0.4,2,0.4,0.2,-0.003999978303909302
CiteSeer,0.4,2,0.4,0.3,-0.003999978303909302
CiteSeer,0.4,2,0.4,0.4,-0.003999978303909302
CiteSeer,0.4,2,0.4,0.5,-0.003999978303909302
CiteSeer,0.4,2,0.4,0.6,-0.003999978303909302
CiteSeer,0.4,2,0.4,0.7,-0.003999978303909302
CiteSeer,0.4,2,0.4,0.8,-0.003999978303909302
CiteSeer,0.4,2,0.4,0.9,-0.003999978303909302
CiteSeer,0.4,2,0.4,1.0,-0.003999978303909302
CiteSeer,0.4,2,0.5,0.0,0.014000028371810913
CiteSeer,0.4,2,0.5,0.1,-0.006999999284744263
CiteSeer,0.4,2,0.5,0.2,-0.003999978303909302
CiteSeer,0.4,2,0.5,0.3,-0.003999978303909302
CiteSeer,0.4,2,0.5,0.4,-0.003999978303909302
CiteSeer,0.4,2,0.5,0.5,-0.003999978303909302
CiteSeer,0.4,2,0.5,0.6,-0.003999978303909302
CiteSeer,0.4,2,0.5,0.7,-0.003999978303909302
CiteSeer,0.4,2,0.5,0.8,-0.003999978303909302
CiteSeer,0.4,2,0.5,0.9,-0.003999978303909302
CiteSeer,0.4,2,0.5,1.0,-0.003999978303909302
CiteSeer,0.4,2,0.6,0.0,0.014000028371810913
CiteSeer,0.4,2,0.6,0.1,-0.006999999284744263
CiteSeer,0.4,2,0.6,0.2,-0.003999978303909302
CiteSeer,0.4,2,0.6,0.3,-0.003999978303909302
CiteSeer,0.4,2,0.6,0.4,-0.003999978303909302
CiteSeer,0.4,2,0.6,0.5,-0.003999978303909302
CiteSeer,0.4,2,0.6,0.6,-0.003999978303909302
CiteSeer,0.4,2,0.6,0.7,-0.003999978303909302
CiteSeer,0.4,2,0.6,0.8,-0.003999978303909302
CiteSeer,0.4,2,0.6,0.9,-0.003999978303909302
CiteSeer,0.4,2,0.6,1.0,-0.003999978303909302
CiteSeer,0.4,2,0.7,0.0,0.014000028371810913
CiteSeer,0.4,2,0.7,0.1,-0.006999999284744263
CiteSeer,0.4,2,0.7,0.2,-0.003999978303909302
CiteSeer,0.4,2,0.7,0.3,-0.003999978303909302
CiteSeer,0.4,2,0.7,0.4,-0.003999978303909302
CiteSeer,0.4,2,0.7,0.5,-0.003999978303909302
CiteSeer,0.4,2,0.7,0.6,-0.003999978303909302
CiteSeer,0.4,2,0.7,0.7,-0.003999978303909302
CiteSeer,0.4,2,0.7,0.8,-0.003999978303909302
CiteSeer,0.4,2,0.7,0.9,-0.003999978303909302
CiteSeer,0.4,2,0.7,1.0,-0.003999978303909302
CiteSeer,0.4,2,0.8,0.0,0.014000028371810913
CiteSeer,0.4,2,0.8,0.1,-0.006999999284744263
CiteSeer,0.4,2,0.8,0.2,-0.003999978303909302
CiteSeer,0.4,2,0.8,0.3,-0.003999978303909302
CiteSeer,0.4,2,0.8,0.4,-0.003999978303909302
CiteSeer,0.4,2,0.8,0.5,-0.003999978303909302
CiteSeer,0.4,2,0.8,0.6,-0.003999978303909302
CiteSeer,0.4,2,0.8,0.7,-0.003999978303909302
CiteSeer,0.4,2,0.8,0.8,-0.003999978303909302
CiteSeer,0.4,2,0.8,0.9,-0.003999978303909302
CiteSeer,0.4,2,0.8,1.0,-0.003999978303909302
CiteSeer,0.4,2,0.9,0.0,0.014000028371810913
CiteSeer,0.4,2,0.9,0.1,-0.006999999284744263
CiteSeer,0.4,2,0.9,0.2,-0.003999978303909302
CiteSeer,0.4,2,0.9,0.3,-0.003999978303909302
CiteSeer,0.4,2,0.9,0.4,-0.003999978303909302
CiteSeer,0.4,2,0.9,0.5,-0.003999978303909302
CiteSeer,0.4,2,0.9,0.6,-0.003999978303909302
CiteSeer,0.4,2,0.9,0.7,-0.003999978303909302
CiteSeer,0.4,2,0.9,0.8,-0.003999978303909302
CiteSeer,0.4,2,0.9,0.9,-0.003999978303909302
CiteSeer,0.4,2,0.9,1.0,-0.003999978303909302
CiteSeer,0.4,2,1.0,0.0,0.01199999451637268
CiteSeer,0.4,2,1.0,0.1,-0.0029999911785125732
CiteSeer,0.4,2,1.0,0.2,0.004999995231628418
CiteSeer,0.4,2,1.0,0.3,0.004999995231628418
CiteSeer,0.4,2,1.0,0.4,0.004999995231628418
CiteSeer,0.4,2,1.0,0.5,0.004999995231628418
CiteSeer,0.4,2,1.0,0.6,0.004999995231628418
CiteSeer,0.4,2,1.0,0.7,0.004999995231628418
CiteSeer,0.4,2,1.0,0.8,0.004999995231628418
CiteSeer,0.4,2,1.0,0.9,0.004999995231628418
CiteSeer,0.4,2,1.0,1.0,0.004999995231628418
CiteSeer,0.4,3,0.1,0.0,0.050999999046325684
CiteSeer,0.4,3,0.1,0.1,0.046000003814697266
CiteSeer,0.4,3,0.1,0.2,0.046000003814697266
CiteSeer,0.4,3,0.1,0.3,0.046000003814697266
CiteSeer,0.4,3,0.1,0.4,0.046000003814697266
CiteSeer,0.4,3,0.1,0.5,0.05199998617172241
CiteSeer,0.4,3,0.1,0.6,0.04799997806549072
CiteSeer,0.4,3,0.1,0.7,0.04799997806549072
CiteSeer,0.4,3,0.1,0.8,0.04799997806549072
CiteSeer,0.4,3,0.1,0.9,0.04799997806549072
CiteSeer,0.4,3,0.1,1.0,0.04799997806549072
CiteSeer,0.4,3,0.2,0.0,0.034999966621398926
CiteSeer,0.4,3,0.2,0.1,0.03700000047683716
CiteSeer,0.4,3,0.2,0.2,0.03700000047683716
CiteSeer,0.4,3,0.2,0.3,0.03700000047683716
CiteSeer,0.4,3,0.2,0.4,0.03700000047683716
CiteSeer,0.4,3,0.2,0.5,0.03799998760223389
CiteSeer,0.4,3,0.2,0.6,0.035999953746795654
CiteSeer,0.4,3,0.2,0.7,0.035999953746795654
CiteSeer,0.4,3,0.2,0.8,0.035999953746795654
CiteSeer,0.4,3,0.2,0.9,0.035999953746795654
CiteSeer,0.4,3,0.2,1.0,0.035999953746795654
CiteSeer,0.4,3,0.3,0.0,0.02599996328353882
CiteSeer,0.4,3,0.3,0.1,0.023000001907348633
CiteSeer,0.4,3,0.3,0.2,0.023000001907348633
CiteSeer,0.4,3,0.3,0.3,0.023000001907348633
CiteSeer,0.4,3,0.3,0.4,0.023000001907348633
CiteSeer,0.4,3,0.3,0.5,0.019999980926513672
CiteSeer,0.4,3,0.3,0.6,0.02599996328353882
CiteSeer,0.4,3,0.3,0.7,0.02599996328353882
CiteSeer,0.4,3,0.3,0.8,0.02599996328353882
CiteSeer,0.4,3,0.3,0.9,0.02599996328353882
CiteSeer,0.4,3,0.3,1.0,0.02599996328353882
CiteSeer,0.4,3,0.4,0.0,0.02599996328353882
CiteSeer,0.4,3,0.4,0.1,0.023000001907348633
CiteSeer,0.4,3,0.4,0.2,0.023000001907348633
CiteSeer,0.4,3,0.4,0.3,0.023000001907348633
CiteSeer,0.4,3,0.4,0.4,0.023000001907348633
CiteSeer,0.4,3,0.4,0.5,0.019999980926513672
CiteSeer,0.4,3,0.4,0.6,0.02599996328353882
CiteSeer,0.4,3,0.4,0.7,0.02599996328353882
CiteSeer,0.4,3,0.4,0.8,0.02599996328353882
CiteSeer,0.4,3,0.4,0.9,0.02599996328353882
CiteSeer,0.4,3,0.4,1.0,0.02599996328353882
CiteSeer,0.4,3,0.5,0.0,0.02599996328353882
CiteSeer,0.4,3,0.5,0.1,0.023000001907348633
CiteSeer,0.4,3,0.5,0.2,0.023000001907348633
CiteSeer,0.4,3,0.5,0.3,0.023000001907348633
CiteSeer,0.4,3,0.5,0.4,0.023000001907348633
CiteSeer,0.4,3,0.5,0.5,0.019999980926513672
CiteSeer,0.4,3,0.5,0.6,0.02599996328353882
CiteSeer,0.4,3,0.5,0.7,0.02599996328353882
CiteSeer,0.4,3,0.5,0.8,0.02599996328353882
CiteSeer,0.4,3,0.5,0.9,0.02599996328353882
CiteSeer,0.4,3,0.5,1.0,0.02599996328353882
CiteSeer,0.4,3,0.6,0.0,0.02599996328353882
CiteSeer,0.4,3,0.6,0.1,0.023000001907348633
CiteSeer,0.4,3,0.6,0.2,0.023000001907348633
CiteSeer,0.4,3,0.6,0.3,0.023000001907348633
CiteSeer,0.4,3,0.6,0.4,0.023000001907348633
CiteSeer,0.4,3,0.6,0.5,0.019999980926513672
CiteSeer,0.4,3,0.6,0.6,0.02599996328353882
CiteSeer,0.4,3,0.6,0.7,0.02599996328353882
CiteSeer,0.4,3,0.6,0.8,0.02599996328353882
CiteSeer,0.4,3,0.6,0.9,0.02599996328353882
CiteSeer,0.4,3,0.6,1.0,0.02599996328353882
CiteSeer,0.4,3,0.7,0.0,0.02599996328353882
CiteSeer,0.4,3,0.7,0.1,0.023000001907348633
CiteSeer,0.4,3,0.7,0.2,0.023000001907348633
CiteSeer,0.4,3,0.7,0.3,0.023000001907348633
CiteSeer,0.4,3,0.7,0.4,0.023000001907348633
CiteSeer,0.4,3,0.7,0.5,0.019999980926513672
CiteSeer,0.4,3,0.7,0.6,0.02599996328353882
CiteSeer,0.4,3,0.7,0.7,0.02599996328353882
CiteSeer,0.4,3,0.7,0.8,0.02599996328353882
CiteSeer,0.4,3,0.7,0.9,0.02599996328353882
CiteSeer,0.4,3,0.7,1.0,0.02599996328353882
CiteSeer,0.4,3,0.8,0.0,0.02599996328353882
CiteSeer,0.4,3,0.8,0.1,0.023000001907348633
CiteSeer,0.4,3,0.8,0.2,0.023000001907348633
CiteSeer,0.4,3,0.8,0.3,0.023000001907348633
CiteSeer,0.4,3,0.8,0.4,0.023000001907348633
CiteSeer,0.4,3,0.8,0.5,0.019999980926513672
CiteSeer,0.4,3,0.8,0.6,0.02599996328353882
CiteSeer,0.4,3,0.8,0.7,0.02599996328353882
CiteSeer,0.4,3,0.8,0.8,0.02599996328353882
CiteSeer,0.4,3,0.8,0.9,0.02599996328353882
CiteSeer,0.4,3,0.8,1.0,0.02599996328353882
CiteSeer,0.4,3,0.9,0.0,0.02599996328353882
CiteSeer,0.4,3,0.9,0.1,0.023000001907348633
CiteSeer,0.4,3,0.9,0.2,0.023000001907348633
CiteSeer,0.4,3,0.9,0.3,0.023000001907348633
CiteSeer,0.4,3,0.9,0.4,0.023000001907348633
CiteSeer,0.4,3,0.9,0.5,0.019999980926513672
CiteSeer,0.4,3,0.9,0.6,0.02599996328353882
CiteSeer,0.4,3,0.9,0.7,0.02599996328353882
CiteSeer,0.4,3,0.9,0.8,0.02599996328353882
CiteSeer,0.4,3,0.9,0.9,0.02599996328353882
CiteSeer,0.4,3,0.9,1.0,0.02599996328353882
CiteSeer,0.4,3,1.0,0.0,0.02599996328353882
CiteSeer,0.4,3,1.0,0.1,0.023000001907348633
CiteSeer,0.4,3,1.0,0.2,0.023000001907348633
CiteSeer,0.4,3,1.0,0.3,0.023000001907348633
CiteSeer,0.4,3,1.0,0.4,0.023000001907348633
CiteSeer,0.4,3,1.0,0.5,0.019999980926513672
CiteSeer,0.4,3,1.0,0.6,0.02599996328353882
CiteSeer,0.4,3,1.0,0.7,0.02599996328353882
CiteSeer,0.4,3,1.0,0.8,0.02599996328353882
CiteSeer,0.4,3,1.0,0.9,0.02599996328353882
CiteSeer,0.4,3,1.0,1.0,0.02599996328353882
CiteSeer,0.4,4,0.1,0.0,0.050999999046325684
CiteSeer,0.4,4,0.1,0.1,0.04999995231628418
CiteSeer,0.4,4,0.1,0.2,0.03700000047683716
CiteSeer,0.4,4,0.1,0.3,0.03700000047683716
CiteSeer,0.4,4,0.1,0.4,0.03700000047683716
CiteSeer,0.4,4,0.1,0.5,0.03700000047683716
CiteSeer,0.4,4,0.1,0.6,0.03700000047683716
CiteSeer,0.4,4,0.1,0.7,0.03700000047683716
CiteSeer,0.4,4,0.1,0.8,0.03700000047683716
CiteSeer,0.4,4,0.1,0.9,0.03700000047683716
CiteSeer,0.4,4,0.1,1.0,0.03700000047683716
CiteSeer,0.4,4,0.2,0.0,0.04099994897842407
CiteSeer,0.4,4,0.2,0.1,0.04099994897842407
CiteSeer,0.4,4,0.2,0.2,0.02599996328353882
CiteSeer,0.4,4,0.2,0.3,0.02599996328353882
CiteSeer,0.4,4,0.2,0.4,0.02599996328353882
CiteSeer,0.4,4,0.2,0.5,0.02599996328353882
CiteSeer,0.4,4,0.2,0.6,0.02599996328353882
CiteSeer,0.4,4,0.2,0.7,0.02599996328353882
CiteSeer,0.4,4,0.2,0.8,0.02599996328353882
CiteSeer,0.4,4,0.2,0.9,0.02599996328353882
CiteSeer,0.4,4,0.2,1.0,0.02599996328353882
CiteSeer,0.4,4,0.3,0.0,0.02499997615814209
CiteSeer,0.4,4,0.3,0.1,0.04499995708465576
CiteSeer,0.4,4,0.3,0.2,0.02199995517730713
CiteSeer,0.4,4,0.3,0.3,0.02199995517730713
CiteSeer,0.4,4,0.3,0.4,0.02199995517730713
CiteSeer,0.4,4,0.3,0.5,0.02199995517730713
CiteSeer,0.4,4,0.3,0.6,0.02199995517730713
CiteSeer,0.4,4,0.3,0.7,0.02199995517730713
CiteSeer,0.4,4,0.3,0.8,0.02199995517730713
CiteSeer,0.4,4,0.3,0.9,0.02199995517730713
CiteSeer,0.4,4,0.3,1.0,0.02199995517730713
CiteSeer,0.4,4,0.4,0.0,0.02499997615814209
CiteSeer,0.4,4,0.4,0.1,0.04499995708465576
CiteSeer,0.4,4,0.4,0.2,0.02199995517730713
CiteSeer,0.4,4,0.4,0.3,0.02199995517730713
CiteSeer,0.4,4,0.4,0.4,0.02199995517730713
CiteSeer,0.4,4,0.4,0.5,0.02199995517730713
CiteSeer,0.4,4,0.4,0.6,0.02199995517730713
CiteSeer,0.4,4,0.4,0.7,0.02199995517730713
CiteSeer,0.4,4,0.4,0.8,0.02199995517730713
CiteSeer,0.4,4,0.4,0.9,0.02199995517730713
CiteSeer,0.4,4,0.4,1.0,0.02199995517730713
CiteSeer,0.4,4,0.5,0.0,0.02499997615814209
CiteSeer,0.4,4,0.5,0.1,0.04499995708465576
CiteSeer,0.4,4,0.5,0.2,0.02199995517730713
CiteSeer,0.4,4,0.5,0.3,0.02199995517730713
CiteSeer,0.4,4,0.5,0.4,0.02199995517730713
CiteSeer,0.4,4,0.5,0.5,0.02199995517730713
CiteSeer,0.4,4,0.5,0.6,0.02199995517730713
CiteSeer,0.4,4,0.5,0.7,0.02199995517730713
CiteSeer,0.4,4,0.5,0.8,0.02199995517730713
CiteSeer,0.4,4,0.5,0.9,0.02199995517730713
CiteSeer,0.4,4,0.5,1.0,0.02199995517730713
CiteSeer,0.4,4,0.6,0.0,0.02499997615814209
CiteSeer,0.4,4,0.6,0.1,0.04499995708465576
CiteSeer,0.4,4,0.6,0.2,0.02199995517730713
CiteSeer,0.4,4,0.6,0.3,0.02199995517730713
CiteSeer,0.4,4,0.6,0.4,0.02199995517730713
CiteSeer,0.4,4,0.6,0.5,0.02199995517730713
CiteSeer,0.4,4,0.6,0.6,0.02199995517730713
CiteSeer,0.4,4,0.6,0.7,0.02199995517730713
CiteSeer,0.4,4,0.6,0.8,0.02199995517730713
CiteSeer,0.4,4,0.6,0.9,0.02199995517730713
CiteSeer,0.4,4,0.6,1.0,0.02199995517730713
CiteSeer,0.4,4,0.7,0.0,0.02499997615814209
CiteSeer,0.4,4,0.7,0.1,0.04499995708465576
CiteSeer,0.4,4,0.7,0.2,0.02199995517730713
CiteSeer,0.4,4,0.7,0.3,0.02199995517730713
CiteSeer,0.4,4,0.7,0.4,0.02199995517730713
CiteSeer,0.4,4,0.7,0.5,0.02199995517730713
CiteSeer,0.4,4,0.7,0.6,0.02199995517730713
CiteSeer,0.4,4,0.7,0.7,0.02199995517730713
CiteSeer,0.4,4,0.7,0.8,0.02199995517730713
CiteSeer,0.4,4,0.7,0.9,0.02199995517730713
CiteSeer,0.4,4,0.7,1.0,0.02199995517730713
CiteSeer,0.4,4,0.8,0.0,0.02499997615814209
CiteSeer,0.4,4,0.8,0.1,0.04499995708465576
CiteSeer,0.4,4,0.8,0.2,0.02199995517730713
CiteSeer,0.4,4,0.8,0.3,0.02199995517730713
CiteSeer,0.4,4,0.8,0.4,0.02199995517730713
CiteSeer,0.4,4,0.8,0.5,0.02199995517730713
CiteSeer,0.4,4,0.8,0.6,0.02199995517730713
CiteSeer,0.4,4,0.8,0.7,0.02199995517730713
CiteSeer,0.4,4,0.8,0.8,0.02199995517730713
CiteSeer,0.4,4,0.8,0.9,0.02199995517730713
CiteSeer,0.4,4,0.8,1.0,0.02199995517730713
CiteSeer,0.4,4,0.9,0.0,0.02499997615814209
CiteSeer,0.4,4,0.9,0.1,0.04499995708465576
CiteSeer,0.4,4,0.9,0.2,0.02199995517730713
CiteSeer,0.4,4,0.9,0.3,0.02199995517730713
CiteSeer,0.4,4,0.9,0.4,0.02199995517730713
CiteSeer,0.4,4,0.9,0.5,0.02199995517730713
CiteSeer,0.4,4,0.9,0.6,0.02199995517730713
CiteSeer,0.4,4,0.9,0.7,0.02199995517730713
CiteSeer,0.4,4,0.9,0.8,0.02199995517730713
CiteSeer,0.4,4,0.9,0.9,0.02199995517730713
CiteSeer,0.4,4,0.9,1.0,0.02199995517730713
CiteSeer,0.4,4,1.0,0.0,0.023000001907348633
CiteSeer,0.4,4,1.0,0.1,0.019999980926513672
CiteSeer,0.4,4,1.0,0.2,0.023000001907348633
CiteSeer,0.4,4,1.0,0.3,0.023000001907348633
CiteSeer,0.4,4,1.0,0.4,0.023000001907348633
CiteSeer,0.4,4,1.0,0.5,0.023000001907348633
CiteSeer,0.4,4,1.0,0.6,0.023000001907348633
CiteSeer,0.4,4,1.0,0.7,0.023000001907348633
CiteSeer,0.4,4,1.0,0.8,0.023000001907348633
CiteSeer,0.4,4,1.0,0.9,0.023000001907348633
CiteSeer,0.4,4,1.0,1.0,0.023000001907348633
CiteSeer,0.4,5,0.1,0.0,0.026999980211257935
CiteSeer,0.4,5,0.1,0.1,0.02899998426437378
CiteSeer,0.4,5,0.1,0.2,0.02899998426437378
CiteSeer,0.4,5,0.1,0.3,0.05399999022483826
CiteSeer,0.4,5,0.1,0.4,0.04499998688697815
CiteSeer,0.4,5,0.1,0.5,0.04499998688697815
CiteSeer,0.4,5,0.1,0.6,0.0339999794960022
CiteSeer,0.4,5,0.1,0.7,0.0339999794960022
CiteSeer,0.4,5,0.1,0.8,0.0169999897480011
CiteSeer,0.4,5,0.1,0.9,0.0169999897480011
CiteSeer,0.4,5,0.1,1.0,0.0169999897480011
CiteSeer,0.4,5,0.2,0.0,-0.005000025033950806
CiteSeer,0.4,5,0.2,0.1,0.02799999713897705
CiteSeer,0.4,5,0.2,0.2,0.02799999713897705
CiteSeer,0.4,5,0.2,0.3,0.0029999911785125732
CiteSeer,0.4,5,0.2,0.4,0.0059999823570251465
CiteSeer,0.4,5,0.2,0.5,0.0059999823570251465
CiteSeer,0.4,5,0.2,0.6,0.0
CiteSeer,0.4,5,0.2,0.7,0.0
CiteSeer,0.4,5,0.2,0.8,0.021999984979629517
CiteSeer,0.4,5,0.2,0.9,0.021999984979629517
CiteSeer,0.4,5,0.2,1.0,0.021999984979629517
CiteSeer,0.4,5,0.3,0.0,0.02799999713897705
CiteSeer,0.4,5,0.3,0.1,0.0059999823570251465
CiteSeer,0.4,5,0.3,0.2,0.004999995231628418
CiteSeer,0.4,5,0.3,0.3,0.006999999284744263
CiteSeer,0.4,5,0.3,0.4,0.007999986410140991
CiteSeer,0.4,5,0.3,0.5,0.007999986410140991
CiteSeer,0.4,5,0.3,0.6,0.0
CiteSeer,0.4,5,0.3,0.7,0.0
CiteSeer,0.4,5,0.3,0.8,0.009999990463256836
CiteSeer,0.4,5,0.3,0.9,0.009999990463256836
CiteSeer,0.4,5,0.3,1.0,0.009999990463256836
CiteSeer,0.4,5,0.4,0.0,0.02799999713897705
CiteSeer,0.4,5,0.4,0.1,0.004999995231628418
CiteSeer,0.4,5,0.4,0.2,0.004999995231628418
CiteSeer,0.4,5,0.4,0.3,0.006999999284744263
CiteSeer,0.4,5,0.4,0.4,0.007999986410140991
CiteSeer,0.4,5,0.4,0.5,0.007999986410140991
CiteSeer,0.4,5,0.4,0.6,0.0
CiteSeer,0.4,5,0.4,0.7,0.0
CiteSeer,0.4,5,0.4,0.8,0.009999990463256836
CiteSeer,0.4,5,0.4,0.9,0.009999990463256836
CiteSeer,0.4,5,0.4,1.0,0.009999990463256836
CiteSeer,0.4,5,0.5,0.0,0.02799999713897705
CiteSeer,0.4,5,0.5,0.1,0.004999995231628418
CiteSeer,0.4,5,0.5,0.2,0.0059999823570251465
CiteSeer,0.4,5,0.5,0.3,0.006999999284744263
CiteSeer,0.4,5,0.5,0.4,0.007999986410140991
CiteSeer,0.4,5,0.5,0.5,0.007999986410140991
CiteSeer,0.4,5,0.5,0.6,0.0
CiteSeer,0.4,5,0.5,0.7,0.0
CiteSeer,0.4,5,0.5,0.8,0.009999990463256836
CiteSeer,0.4,5,0.5,0.9,0.009999990463256836
CiteSeer,0.4,5,0.5,1.0,0.009999990463256836
CiteSeer,0.4,5,0.6,0.0,0.02799999713897705
CiteSeer,0.4,5,0.6,0.1,0.0059999823570251465
CiteSeer,0.4,5,0.6,0.2,0.004999995231628418
CiteSeer,0.4,5,0.6,0.3,0.006999999284744263
CiteSeer,0.4,5,0.6,0.4,0.007999986410140991
CiteSeer,0.4,5,0.6,0.5,0.007999986410140991
CiteSeer,0.4,5,0.6,0.6,0.0
CiteSeer,0.4,5,0.6,0.7,0.0
CiteSeer,0.4,5,0.6,0.8,0.009999990463256836
CiteSeer,0.4,5,0.6,0.9,0.009999990463256836
CiteSeer,0.4,5,0.6,1.0,0.009999990463256836
CiteSeer,0.4,5,0.7,0.0,0.02799999713897705
CiteSeer,0.4,5,0.7,0.1,0.0059999823570251465
CiteSeer,0.4,5,0.7,0.2,0.0059999823570251465
CiteSeer,0.4,5,0.7,0.3,0.006999999284744263
CiteSeer,0.4,5,0.7,0.4,0.007999986410140991
CiteSeer,0.4,5,0.7,0.5,0.007999986410140991
CiteSeer,0.4,5,0.7,0.6,0.0
CiteSeer,0.4,5,0.7,0.7,0.0
CiteSeer,0.4,5,0.7,0.8,0.009999990463256836
CiteSeer,0.4,5,0.7,0.9,0.009999990463256836
CiteSeer,0.4,5,0.7,1.0,0.009999990463256836
CiteSeer,0.4,5,0.8,0.0,0.02799999713897705
CiteSeer,0.4,5,0.8,0.1,0.0059999823570251465
CiteSeer,0.4,5,0.8,0.2,0.004999995231628418
CiteSeer,0.4,5,0.8,0.3,0.006999999284744263
CiteSeer,0.4,5,0.8,0.4,0.007999986410140991
CiteSeer,0.4,5,0.8,0.5,0.007999986410140991
CiteSeer,0.4,5,0.8,0.6,0.0
CiteSeer,0.4,5,0.8,0.7,0.0
CiteSeer,0.4,5,0.8,0.8,0.009999990463256836
CiteSeer,0.4,5,0.8,0.9,0.009999990463256836
CiteSeer,0.4,5,0.8,1.0,0.009999990463256836
CiteSeer,0.4,5,0.9,0.0,0.02799999713897705
CiteSeer,0.4,5,0.9,0.1,0.004999995231628418
CiteSeer,0.4,5,0.9,0.2,0.0059999823570251465
CiteSeer,0.4,5,0.9,0.3,0.006999999284744263
CiteSeer,0.4,5,0.9,0.4,0.007999986410140991
CiteSeer,0.4,5,0.9,0.5,0.007999986410140991
CiteSeer,0.4,5,0.9,0.6,0.0
CiteSeer,0.4,5,0.9,0.7,0.0
CiteSeer,0.4,5,0.9,0.8,0.009999990463256836
CiteSeer,0.4,5,0.9,0.9,0.009999990463256836
CiteSeer,0.4,5,0.9,1.0,0.009999990463256836
CiteSeer,0.4,5,1.0,0.0,0.0169999897480011
CiteSeer,0.4,5,1.0,0.1,0.01199999451637268
CiteSeer,0.4,5,1.0,0.2,0.01199999451637268
CiteSeer,0.4,5,1.0,0.3,0.004999995231628418
CiteSeer,0.4,5,1.0,0.4,0.025999993085861206
CiteSeer,0.4,5,1.0,0.5,0.025999993085861206
CiteSeer,0.4,5,1.0,0.6,0.006999999284744263
CiteSeer,0.4,5,1.0,0.7,0.006999999284744263
CiteSeer,0.4,5,1.0,0.8,0.018999993801116943
CiteSeer,0.4,5,1.0,0.9,0.018999993801116943
CiteSeer,0.4,5,1.0,1.0,0.018999993801116943
CiteSeer,0.4,6,0.1,0.0,-0.01199999451637268
CiteSeer,0.4,6,0.1,0.1,0.013000041246414185
CiteSeer,0.4,6,0.1,0.2,0.013000041246414185
CiteSeer,0.4,6,0.1,0.3,0.013000041246414185
CiteSeer,0.4,6,0.1,0.4,0.013000041246414185
CiteSeer,0.4,6,0.1,0.5,0.009000033140182495
CiteSeer,0.4,6,0.1,0.6,0.009000033140182495
CiteSeer,0.4,6,0.1,0.7,0.009000033140182495
CiteSeer,0.4,6,0.1,0.8,-0.01299998164176941
CiteSeer,0.4,6,0.1,0.9,-0.01299998164176941
CiteSeer,0.4,6,0.1,1.0,-0.01299998164176941
CiteSeer,0.4,6,0.2,0.0,-0.01299998164176941
CiteSeer,0.4,6,0.2,0.1,-0.014999985694885254
CiteSeer,0.4,6,0.2,0.2,-0.014999985694885254
CiteSeer,0.4,6,0.2,0.3,-0.014999985694885254
CiteSeer,0.4,6,0.2,0.4,-0.014999985694885254
CiteSeer,0.4,6,0.2,0.5,-0.01199999451637268
CiteSeer,0.4,6,0.2,0.6,-0.01199999451637268
CiteSeer,0.4,6,0.2,0.7,-0.01199999451637268
CiteSeer,0.4,6,0.2,0.8,-0.018999993801116943
CiteSeer,0.4,6,0.2,0.9,-0.018999993801116943
CiteSeer,0.4,6,0.2,1.0,-0.018999993801116943
CiteSeer,0.4,6,0.3,0.0,-0.001999974250793457
CiteSeer,0.4,6,0.3,0.1,-0.004999995231628418
CiteSeer,0.4,6,0.3,0.2,-0.004999995231628418
CiteSeer,0.4,6,0.3,0.3,-0.004999995231628418
CiteSeer,0.4,6,0.3,0.4,-0.004999995231628418
CiteSeer,0.4,6,0.3,0.5,-0.004999995231628418
CiteSeer,0.4,6,0.3,0.6,-0.004999995231628418
CiteSeer,0.4,6,0.3,0.7,-0.004999995231628418
CiteSeer,0.4,6,0.3,0.8,-0.004999995231628418
CiteSeer,0.4,6,0.3,0.9,-0.004999995231628418
CiteSeer,0.4,6,0.3,1.0,-0.004999995231628418
CiteSeer,0.4,6,0.4,0.0,-0.001999974250793457
CiteSeer,0.4,6,0.4,0.1,-0.004999995231628418
CiteSeer,0.4,6,0.4,0.2,-0.004999995231628418
CiteSeer,0.4,6,0.4,0.3,-0.004999995231628418
CiteSeer,0.4,6,0.4,0.4,-0.004999995231628418
CiteSeer,0.4,6,0.4,0.5,-0.004999995231628418
CiteSeer,0.4,6,0.4,0.6,-0.004999995231628418
CiteSeer,0.4,6,0.4,0.7,-0.004999995231628418
CiteSeer,0.4,6,0.4,0.8,-0.004999995231628418
CiteSeer,0.4,6,0.4,0.9,-0.004999995231628418
CiteSeer,0.4,6,0.4,1.0,-0.004999995231628418
CiteSeer,0.4,6,0.5,0.0,-0.001999974250793457
CiteSeer,0.4,6,0.5,0.1,-0.004999995231628418
CiteSeer,0.4,6,0.5,0.2,-0.004999995231628418
CiteSeer,0.4,6,0.5,0.3,-0.004999995231628418
CiteSeer,0.4,6,0.5,0.4,-0.004999995231628418
CiteSeer,0.4,6,0.5,0.5,-0.004999995231628418
CiteSeer,0.4,6,0.5,0.6,-0.004999995231628418
CiteSeer,0.4,6,0.5,0.7,-0.004999995231628418
CiteSeer,0.4,6,0.5,0.8,-0.004999995231628418
CiteSeer,0.4,6,0.5,0.9,-0.004999995231628418
CiteSeer,0.4,6,0.5,1.0,-0.004999995231628418
CiteSeer,0.4,6,0.6,0.0,-0.001999974250793457
CiteSeer,0.4,6,0.6,0.1,-0.004999995231628418
CiteSeer,0.4,6,0.6,0.2,-0.004999995231628418
CiteSeer,0.4,6,0.6,0.3,-0.004999995231628418
CiteSeer,0.4,6,0.6,0.4,-0.004999995231628418
CiteSeer,0.4,6,0.6,0.5,-0.004999995231628418
CiteSeer,0.4,6,0.6,0.6,-0.004999995231628418
CiteSeer,0.4,6,0.6,0.7,-0.004999995231628418
CiteSeer,0.4,6,0.6,0.8,-0.004999995231628418
CiteSeer,0.4,6,0.6,0.9,-0.004999995231628418
CiteSeer,0.4,6,0.6,1.0,-0.004999995231628418
CiteSeer,0.4,6,0.7,0.0,-0.001999974250793457
CiteSeer,0.4,6,0.7,0.1,-0.004999995231628418
CiteSeer,0.4,6,0.7,0.2,-0.004999995231628418
CiteSeer,0.4,6,0.7,0.3,-0.004999995231628418
CiteSeer,0.4,6,0.7,0.4,-0.004999995231628418
CiteSeer,0.4,6,0.7,0.5,-0.004999995231628418
CiteSeer,0.4,6,0.7,0.6,-0.004999995231628418
CiteSeer,0.4,6,0.7,0.7,-0.004999995231628418
CiteSeer,0.4,6,0.7,0.8,-0.004999995231628418
CiteSeer,0.4,6,0.7,0.9,-0.004999995231628418
CiteSeer,0.4,6,0.7,1.0,-0.004999995231628418
CiteSeer,0.4,6,0.8,0.0,-0.001999974250793457
CiteSeer,0.4,6,0.8,0.1,-0.004999995231628418
CiteSeer,0.4,6,0.8,0.2,-0.004999995231628418
CiteSeer,0.4,6,0.8,0.3,-0.004999995231628418
CiteSeer,0.4,6,0.8,0.4,-0.004999995231628418
CiteSeer,0.4,6,0.8,0.5,-0.004999995231628418
CiteSeer,0.4,6,0.8,0.6,-0.004999995231628418
CiteSeer,0.4,6,0.8,0.7,-0.004999995231628418
CiteSeer,0.4,6,0.8,0.8,-0.004999995231628418
CiteSeer,0.4,6,0.8,0.9,-0.004999995231628418
CiteSeer,0.4,6,0.8,1.0,-0.004999995231628418
CiteSeer,0.4,6,0.9,0.0,-0.001999974250793457
CiteSeer,0.4,6,0.9,0.1,-0.004999995231628418
CiteSeer,0.4,6,0.9,0.2,-0.004999995231628418
CiteSeer,0.4,6,0.9,0.3,-0.004999995231628418
CiteSeer,0.4,6,0.9,0.4,-0.004999995231628418
CiteSeer,0.4,6,0.9,0.5,-0.004999995231628418
CiteSeer,0.4,6,0.9,0.6,-0.004999995231628418
CiteSeer,0.4,6,0.9,0.7,-0.004999995231628418
CiteSeer,0.4,6,0.9,0.8,-0.004999995231628418
CiteSeer,0.4,6,0.9,0.9,-0.004999995231628418
CiteSeer,0.4,6,0.9,1.0,-0.004999995231628418
CiteSeer,0.4,6,1.0,0.0,-0.001999974250793457
CiteSeer,0.4,6,1.0,0.1,-0.004999995231628418
CiteSeer,0.4,6,1.0,0.2,-0.004999995231628418
CiteSeer,0.4,6,1.0,0.3,-0.004999995231628418
CiteSeer,0.4,6,1.0,0.4,-0.004999995231628418
CiteSeer,0.4,6,1.0,0.5,-0.004999995231628418
CiteSeer,0.4,6,1.0,0.6,-0.004999995231628418
CiteSeer,0.4,6,1.0,0.7,-0.004999995231628418
CiteSeer,0.4,6,1.0,0.8,-0.004999995231628418
CiteSeer,0.4,6,1.0,0.9,-0.004999995231628418
CiteSeer,0.4,6,1.0,1.0,-0.004999995231628418
CiteSeer,0.4,7,0.1,0.0,0.003000020980834961
CiteSeer,0.4,7,0.1,0.1,0.003000020980834961
CiteSeer,0.4,7,0.1,0.2,-0.0020000040531158447
CiteSeer,0.4,7,0.1,0.3,-0.0020000040531158447
CiteSeer,0.4,7,0.1,0.4,-0.0020000040531158447
CiteSeer,0.4,7,0.1,0.5,-0.0020000040531158447
CiteSeer,0.4,7,0.1,0.6,-0.0020000040531158447
CiteSeer,0.4,7,0.1,0.7,-0.0020000040531158447
CiteSeer,0.4,7,0.1,0.8,-0.0020000040531158447
CiteSeer,0.4,7,0.1,0.9,-0.0020000040531158447
CiteSeer,0.4,7,0.1,1.0,-0.0020000040531158447
CiteSeer,0.4,7,0.2,0.0,0.013000011444091797
CiteSeer,0.4,7,0.2,0.1,0.013999998569488525
CiteSeer,0.4,7,0.2,0.2,0.0
CiteSeer,0.4,7,0.2,0.3,0.0
CiteSeer,0.4,7,0.2,0.4,0.0
CiteSeer,0.4,7,0.2,0.5,0.0
CiteSeer,0.4,7,0.2,0.6,0.0
CiteSeer,0.4,7,0.2,0.7,0.0
CiteSeer,0.4,7,0.2,0.8,0.0
CiteSeer,0.4,7,0.2,0.9,0.0
CiteSeer,0.4,7,0.2,1.0,0.0
CiteSeer,0.4,7,0.3,0.0,0.013000011444091797
CiteSeer,0.4,7,0.3,0.1,0.013999998569488525
CiteSeer,0.4,7,0.3,0.2,0.0
CiteSeer,0.4,7,0.3,0.3,0.0
CiteSeer,0.4,7,0.3,0.4,0.0
CiteSeer,0.4,7,0.3,0.5,0.0
CiteSeer,0.4,7,0.3,0.6,0.0
CiteSeer,0.4,7,0.3,0.7,0.0
CiteSeer,0.4,7,0.3,0.8,0.0
CiteSeer,0.4,7,0.3,0.9,0.0
CiteSeer,0.4,7,0.3,1.0,0.0
CiteSeer,0.4,7,0.4,0.0,0.013000011444091797
CiteSeer,0.4,7,0.4,0.1,0.013999998569488525
CiteSeer,0.4,7,0.4,0.2,0.0
CiteSeer,0.4,7,0.4,0.3,0.0
CiteSeer,0.4,7,0.4,0.4,0.0
CiteSeer,0.4,7,0.4,0.5,0.0
CiteSeer,0.4,7,0.4,0.6,0.0
CiteSeer,0.4,7,0.4,0.7,0.0
CiteSeer,0.4,7,0.4,0.8,0.0
CiteSeer,0.4,7,0.4,0.9,0.0
CiteSeer,0.4,7,0.4,1.0,0.0
CiteSeer,0.4,7,0.5,0.0,0.013000011444091797
CiteSeer,0.4,7,0.5,0.1,0.013999998569488525
CiteSeer,0.4,7,0.5,0.2,0.0
CiteSeer,0.4,7,0.5,0.3,0.0
CiteSeer,0.4,7,0.5,0.4,0.0
CiteSeer,0.4,7,0.5,0.5,0.0
CiteSeer,0.4,7,0.5,0.6,0.0
CiteSeer,0.4,7,0.5,0.7,0.0
CiteSeer,0.4,7,0.5,0.8,0.0
CiteSeer,0.4,7,0.5,0.9,0.0
CiteSeer,0.4,7,0.5,1.0,0.0
CiteSeer,0.4,7,0.6,0.0,0.0040000081062316895
CiteSeer,0.4,7,0.6,0.1,0.0040000081062316895
CiteSeer,0.4,7,0.6,0.2,-0.003999978303909302
CiteSeer,0.4,7,0.6,0.3,-0.003999978303909302
CiteSeer,0.4,7,0.6,0.4,-0.003999978303909302
CiteSeer,0.4,7,0.6,0.5,-0.003999978303909302
CiteSeer,0.4,7,0.6,0.6,-0.003999978303909302
CiteSeer,0.4,7,0.6,0.7,-0.003999978303909302
CiteSeer,0.4,7,0.6,0.8,-0.003999978303909302
CiteSeer,0.4,7,0.6,0.9,-0.003999978303909302
CiteSeer,0.4,7,0.6,1.0,-0.003999978303909302
CiteSeer,0.4,7,0.7,0.0,0.0040000081062316895
CiteSeer,0.4,7,0.7,0.1,0.0040000081062316895
CiteSeer,0.4,7,0.7,0.2,-0.003999978303909302
CiteSeer,0.4,7,0.7,0.3,-0.003999978303909302
CiteSeer,0.4,7,0.7,0.4,-0.003999978303909302
CiteSeer,0.4,7,0.7,0.5,-0.003999978303909302
CiteSeer,0.4,7,0.7,0.6,-0.003999978303909302
CiteSeer,0.4,7,0.7,0.7,-0.003999978303909302
CiteSeer,0.4,7,0.7,0.8,-0.003999978303909302
CiteSeer,0.4,7,0.7,0.9,-0.003999978303909302
CiteSeer,0.4,7,0.7,1.0,-0.003999978303909302
CiteSeer,0.4,7,0.8,0.0,0.0040000081062316895
CiteSeer,0.4,7,0.8,0.1,0.0040000081062316895
CiteSeer,0.4,7,0.8,0.2,-0.003999978303909302
CiteSeer,0.4,7,0.8,0.3,-0.003999978303909302
CiteSeer,0.4,7,0.8,0.4,-0.003999978303909302
CiteSeer,0.4,7,0.8,0.5,-0.003999978303909302
CiteSeer,0.4,7,0.8,0.6,-0.003999978303909302
CiteSeer,0.4,7,0.8,0.7,-0.003999978303909302
CiteSeer,0.4,7,0.8,0.8,-0.003999978303909302
CiteSeer,0.4,7,0.8,0.9,-0.003999978303909302
CiteSeer,0.4,7,0.8,1.0,-0.003999978303909302
CiteSeer,0.4,7,0.9,0.0,0.0040000081062316895
CiteSeer,0.4,7,0.9,0.1,0.0040000081062316895
CiteSeer,0.4,7,0.9,0.2,-0.003999978303909302
CiteSeer,0.4,7,0.9,0.3,-0.003999978303909302
CiteSeer,0.4,7,0.9,0.4,-0.003999978303909302
CiteSeer,0.4,7,0.9,0.5,-0.003999978303909302
CiteSeer,0.4,7,0.9,0.6,-0.003999978303909302
CiteSeer,0.4,7,0.9,0.7,-0.003999978303909302
CiteSeer,0.4,7,0.9,0.8,-0.003999978303909302
CiteSeer,0.4,7,0.9,0.9,-0.003999978303909302
CiteSeer,0.4,7,0.9,1.0,-0.003999978303909302
CiteSeer,0.4,7,1.0,0.0,0.0040000081062316895
CiteSeer,0.4,7,1.0,0.1,0.0040000081062316895
CiteSeer,0.4,7,1.0,0.2,-0.003999978303909302
CiteSeer,0.4,7,1.0,0.3,-0.003999978303909302
CiteSeer,0.4,7,1.0,0.4,-0.003999978303909302
CiteSeer,0.4,7,1.0,0.5,-0.003999978303909302
CiteSeer,0.4,7,1.0,0.6,-0.003999978303909302
CiteSeer,0.4,7,1.0,0.7,-0.003999978303909302
CiteSeer,0.4,7,1.0,0.8,-0.003999978303909302
CiteSeer,0.4,7,1.0,0.9,-0.003999978303909302
CiteSeer,0.4,7,1.0,1.0,-0.003999978303909302
CiteSeer,0.4,8,0.1,0.0,0.012000024318695068
CiteSeer,0.4,8,0.1,0.1,0.02399998903274536
CiteSeer,0.4,8,0.1,0.2,0.02399998903274536
CiteSeer,0.4,8,0.1,0.3,0.02399998903274536
CiteSeer,0.4,8,0.1,0.4,0.02399998903274536
CiteSeer,0.4,8,0.1,0.5,0.02399998903274536
CiteSeer,0.4,8,0.1,0.6,0.02399998903274536
CiteSeer,0.4,8,0.1,0.7,0.02399998903274536
CiteSeer,0.4,8,0.1,0.8,0.017000019550323486
CiteSeer,0.4,8,0.1,0.9,0.017000019550323486
CiteSeer,0.4,8,0.1,1.0,0.017000019550323486
CiteSeer,0.4,8,0.2,0.0,0.008000016212463379
CiteSeer,0.4,8,0.2,0.1,0.010999977588653564
CiteSeer,0.4,8,0.2,0.2,0.010999977588653564
CiteSeer,0.4,8,0.2,0.3,0.010999977588653564
CiteSeer,0.4,8,0.2,0.4,0.010999977588653564
CiteSeer,0.4,8,0.2,0.5,0.010999977588653564
CiteSeer,0.4,8,0.2,0.6,0.010999977588653564
CiteSeer,0.4,8,0.2,0.7,0.010999977588653564
CiteSeer,0.4,8,0.2,0.8,0.013000011444091797
CiteSeer,0.4,8,0.2,0.9,0.013000011444091797
CiteSeer,0.4,8,0.2,1.0,0.013000011444091797
CiteSeer,0.4,8,0.3,0.0,-0.009999990463256836
CiteSeer,0.4,8,0.3,0.1,-0.0040000081062316895
CiteSeer,0.4,8,0.3,0.2,-0.0040000081062316895
CiteSeer,0.4,8,0.3,0.3,-0.0040000081062316895
CiteSeer,0.4,8,0.3,0.4,-0.0040000081062316895
CiteSeer,0.4,8,0.3,0.5,-0.0040000081062316895
CiteSeer,0.4,8,0.3,0.6,-0.0040000081062316895
CiteSeer,0.4,8,0.3,0.7,-0.0040000081062316895
CiteSeer,0.4,8,0.3,0.8,-0.004999995231628418
CiteSeer,0.4,8,0.3,0.9,-0.004999995231628418
CiteSeer,0.4,8,0.3,1.0,-0.004999995231628418
CiteSeer,0.4,8,0.4,0.0,-0.009999990463256836
CiteSeer,0.4,8,0.4,0.1,-0.0040000081062316895
CiteSeer,0.4,8,0.4,0.2,-0.0040000081062316895
CiteSeer,0.4,8,0.4,0.3,-0.0040000081062316895
CiteSeer,0.4,8,0.4,0.4,-0.0040000081062316895
CiteSeer,0.4,8,0.4,0.5,-0.0040000081062316895
CiteSeer,0.4,8,0.4,0.6,-0.0040000081062316895
CiteSeer,0.4,8,0.4,0.7,-0.0040000081062316895
CiteSeer,0.4,8,0.4,0.8,-0.004999995231628418
CiteSeer,0.4,8,0.4,0.9,-0.004999995231628418
CiteSeer,0.4,8,0.4,1.0,-0.004999995231628418
CiteSeer,0.4,8,0.5,0.0,-0.009999990463256836
CiteSeer,0.4,8,0.5,0.1,-0.0040000081062316895
CiteSeer,0.4,8,0.5,0.2,-0.0040000081062316895
CiteSeer,0.4,8,0.5,0.3,-0.0040000081062316895
CiteSeer,0.4,8,0.5,0.4,-0.0040000081062316895
CiteSeer,0.4,8,0.5,0.5,-0.0040000081062316895
CiteSeer,0.4,8,0.5,0.6,-0.0040000081062316895
CiteSeer,0.4,8,0.5,0.7,-0.0040000081062316895
CiteSeer,0.4,8,0.5,0.8,-0.004999995231628418
CiteSeer,0.4,8,0.5,0.9,-0.004999995231628418
CiteSeer,0.4,8,0.5,1.0,-0.004999995231628418
CiteSeer,0.4,8,0.6,0.0,-0.009999990463256836
CiteSeer,0.4,8,0.6,0.1,-0.0040000081062316895
CiteSeer,0.4,8,0.6,0.2,-0.0040000081062316895
CiteSeer,0.4,8,0.6,0.3,-0.0040000081062316895
CiteSeer,0.4,8,0.6,0.4,-0.0040000081062316895
CiteSeer,0.4,8,0.6,0.5,-0.0040000081062316895
CiteSeer,0.4,8,0.6,0.6,-0.0040000081062316895
CiteSeer,0.4,8,0.6,0.7,-0.0040000081062316895
CiteSeer,0.4,8,0.6,0.8,-0.004999995231628418
CiteSeer,0.4,8,0.6,0.9,-0.004999995231628418
CiteSeer,0.4,8,0.6,1.0,-0.004999995231628418
CiteSeer,0.4,8,0.7,0.0,-0.009999990463256836
CiteSeer,0.4,8,0.7,0.1,-0.0040000081062316895
CiteSeer,0.4,8,0.7,0.2,-0.0040000081062316895
CiteSeer,0.4,8,0.7,0.3,-0.0040000081062316895
CiteSeer,0.4,8,0.7,0.4,-0.0040000081062316895
CiteSeer,0.4,8,0.7,0.5,-0.0040000081062316895
CiteSeer,0.4,8,0.7,0.6,-0.0040000081062316895
CiteSeer,0.4,8,0.7,0.7,-0.0040000081062316895
CiteSeer,0.4,8,0.7,0.8,-0.004999995231628418
CiteSeer,0.4,8,0.7,0.9,-0.004999995231628418
CiteSeer,0.4,8,0.7,1.0,-0.004999995231628418
CiteSeer,0.4,8,0.8,0.0,-0.009999990463256836
CiteSeer,0.4,8,0.8,0.1,-0.0040000081062316895
CiteSeer,0.4,8,0.8,0.2,-0.0040000081062316895
CiteSeer,0.4,8,0.8,0.3,-0.0040000081062316895
CiteSeer,0.4,8,0.8,0.4,-0.0040000081062316895
CiteSeer,0.4,8,0.8,0.5,-0.0040000081062316895
CiteSeer,0.4,8,0.8,0.6,-0.0040000081062316895
CiteSeer,0.4,8,0.8,0.7,-0.0040000081062316895
CiteSeer,0.4,8,0.8,0.8,-0.004999995231628418
CiteSeer,0.4,8,0.8,0.9,-0.004999995231628418
CiteSeer,0.4,8,0.8,1.0,-0.004999995231628418
CiteSeer,0.4,8,0.9,0.0,-0.009999990463256836
CiteSeer,0.4,8,0.9,0.1,-0.0040000081062316895
CiteSeer,0.4,8,0.9,0.2,-0.0040000081062316895
CiteSeer,0.4,8,0.9,0.3,-0.0040000081062316895
CiteSeer,0.4,8,0.9,0.4,-0.0040000081062316895
CiteSeer,0.4,8,0.9,0.5,-0.0040000081062316895
CiteSeer,0.4,8,0.9,0.6,-0.0040000081062316895
CiteSeer,0.4,8,0.9,0.7,-0.0040000081062316895
CiteSeer,0.4,8,0.9,0.8,-0.004999995231628418
CiteSeer,0.4,8,0.9,0.9,-0.004999995231628418
CiteSeer,0.4,8,0.9,1.0,-0.004999995231628418
CiteSeer,0.4,8,1.0,0.0,-0.0040000081062316895
CiteSeer,0.4,8,1.0,0.1,-0.0059999823570251465
CiteSeer,0.4,8,1.0,0.2,-0.0059999823570251465
CiteSeer,0.4,8,1.0,0.3,-0.0059999823570251465
CiteSeer,0.4,8,1.0,0.4,-0.0059999823570251465
CiteSeer,0.4,8,1.0,0.5,-0.0059999823570251465
CiteSeer,0.4,8,1.0,0.6,-0.0059999823570251465
CiteSeer,0.4,8,1.0,0.7,-0.0059999823570251465
CiteSeer,0.4,8,1.0,0.8,-0.006999969482421875
CiteSeer,0.4,8,1.0,0.9,-0.006999969482421875
CiteSeer,0.4,8,1.0,1.0,-0.006999969482421875
CiteSeer,0.4,9,0.1,0.0,0.014999985694885254
CiteSeer,0.4,9,0.1,0.1,0.010999977588653564
CiteSeer,0.4,9,0.1,0.2,0.010999977588653564
CiteSeer,0.4,9,0.1,0.3,0.010999977588653564
CiteSeer,0.4,9,0.1,0.4,0.010999977588653564
CiteSeer,0.4,9,0.1,0.5,0.010999977588653564
CiteSeer,0.4,9,0.1,0.6,0.010999977588653564
CiteSeer,0.4,9,0.1,0.7,0.010999977588653564
CiteSeer,0.4,9,0.1,0.8,0.010999977588653564
CiteSeer,0.4,9,0.1,0.9,0.010999977588653564
CiteSeer,0.4,9,0.1,1.0,0.010999977588653564
CiteSeer,0.4,9,0.2,0.0,0.02799999713897705
CiteSeer,0.4,9,0.2,0.1,0.017999976873397827
CiteSeer,0.4,9,0.2,0.2,0.017999976873397827
CiteSeer,0.4,9,0.2,0.3,0.017999976873397827
CiteSeer,0.4,9,0.2,0.4,0.017999976873397827
CiteSeer,0.4,9,0.2,0.5,0.017999976873397827
CiteSeer,0.4,9,0.2,0.6,0.017999976873397827
CiteSeer,0.4,9,0.2,0.7,0.017999976873397827
CiteSeer,0.4,9,0.2,0.8,0.017999976873397827
CiteSeer,0.4,9,0.2,0.9,0.017999976873397827
CiteSeer,0.4,9,0.2,1.0,0.017999976873397827
CiteSeer,0.4,9,0.3,0.0,0.02499997615814209
CiteSeer,0.4,9,0.3,0.1,0.025999993085861206
CiteSeer,0.4,9,0.3,0.2,0.025999993085861206
CiteSeer,0.4,9,0.3,0.3,0.025999993085861206
CiteSeer,0.4,9,0.3,0.4,0.025999993085861206
CiteSeer,0.4,9,0.3,0.5,0.025999993085861206
CiteSeer,0.4,9,0.3,0.6,0.025999993085861206
CiteSeer,0.4,9,0.3,0.7,0.025999993085861206
CiteSeer,0.4,9,0.3,0.8,0.025999993085861206
CiteSeer,0.4,9,0.3,0.9,0.025999993085861206
CiteSeer,0.4,9,0.3,1.0,0.025999993085861206
CiteSeer,0.4,9,0.4,0.0,0.014999985694885254
CiteSeer,0.4,9,0.4,0.1,0.020999997854232788
CiteSeer,0.4,9,0.4,0.2,0.020999997854232788
CiteSeer,0.4,9,0.4,0.3,0.020999997854232788
CiteSeer,0.4,9,0.4,0.4,0.020999997854232788
CiteSeer,0.4,9,0.4,0.5,0.020999997854232788
CiteSeer,0.4,9,0.4,0.6,0.020999997854232788
CiteSeer,0.4,9,0.4,0.7,0.020999997854232788
CiteSeer,0.4,9,0.4,0.8,0.020999997854232788
CiteSeer,0.4,9,0.4,0.9,0.020999997854232788
CiteSeer,0.4,9,0.4,1.0,0.020999997854232788
CiteSeer,0.4,9,0.5,0.0,0.014999985694885254
CiteSeer,0.4,9,0.5,0.1,0.020999997854232788
CiteSeer,0.4,9,0.5,0.2,0.020999997854232788
CiteSeer,0.4,9,0.5,0.3,0.020999997854232788
CiteSeer,0.4,9,0.5,0.4,0.020999997854232788
CiteSeer,0.4,9,0.5,0.5,0.020999997854232788
CiteSeer,0.4,9,0.5,0.6,0.020999997854232788
CiteSeer,0.4,9,0.5,0.7,0.020999997854232788
CiteSeer,0.4,9,0.5,0.8,0.020999997854232788
CiteSeer,0.4,9,0.5,0.9,0.020999997854232788
CiteSeer,0.4,9,0.5,1.0,0.020999997854232788
CiteSeer,0.4,9,0.6,0.0,0.014999985694885254
CiteSeer,0.4,9,0.6,0.1,0.020999997854232788
CiteSeer,0.4,9,0.6,0.2,0.020999997854232788
CiteSeer,0.4,9,0.6,0.3,0.020999997854232788
CiteSeer,0.4,9,0.6,0.4,0.020999997854232788
CiteSeer,0.4,9,0.6,0.5,0.020999997854232788
CiteSeer,0.4,9,0.6,0.6,0.020999997854232788
CiteSeer,0.4,9,0.6,0.7,0.020999997854232788
CiteSeer,0.4,9,0.6,0.8,0.020999997854232788
CiteSeer,0.4,9,0.6,0.9,0.020999997854232788
CiteSeer,0.4,9,0.6,1.0,0.020999997854232788
CiteSeer,0.4,9,0.7,0.0,0.014999985694885254
CiteSeer,0.4,9,0.7,0.1,0.020999997854232788
CiteSeer,0.4,9,0.7,0.2,0.020999997854232788
CiteSeer,0.4,9,0.7,0.3,0.020999997854232788
CiteSeer,0.4,9,0.7,0.4,0.020999997854232788
CiteSeer,0.4,9,0.7,0.5,0.020999997854232788
CiteSeer,0.4,9,0.7,0.6,0.020999997854232788
CiteSeer,0.4,9,0.7,0.7,0.020999997854232788
CiteSeer,0.4,9,0.7,0.8,0.020999997854232788
CiteSeer,0.4,9,0.7,0.9,0.020999997854232788
CiteSeer,0.4,9,0.7,1.0,0.020999997854232788
CiteSeer,0.4,9,0.8,0.0,0.014999985694885254
CiteSeer,0.4,9,0.8,0.1,0.020999997854232788
CiteSeer,0.4,9,0.8,0.2,0.020999997854232788
CiteSeer,0.4,9,0.8,0.3,0.020999997854232788
CiteSeer,0.4,9,0.8,0.4,0.020999997854232788
CiteSeer,0.4,9,0.8,0.5,0.020999997854232788
CiteSeer,0.4,9,0.8,0.6,0.020999997854232788
CiteSeer,0.4,9,0.8,0.7,0.020999997854232788
CiteSeer,0.4,9,0.8,0.8,0.020999997854232788
CiteSeer,0.4,9,0.8,0.9,0.020999997854232788
CiteSeer,0.4,9,0.8,1.0,0.020999997854232788
CiteSeer,0.4,9,0.9,0.0,0.014999985694885254
CiteSeer,0.4,9,0.9,0.1,0.020999997854232788
CiteSeer,0.4,9,0.9,0.2,0.020999997854232788
CiteSeer,0.4,9,0.9,0.3,0.020999997854232788
CiteSeer,0.4,9,0.9,0.4,0.020999997854232788
CiteSeer,0.4,9,0.9,0.5,0.020999997854232788
CiteSeer,0.4,9,0.9,0.6,0.020999997854232788
CiteSeer,0.4,9,0.9,0.7,0.020999997854232788
CiteSeer,0.4,9,0.9,0.8,0.020999997854232788
CiteSeer,0.4,9,0.9,0.9,0.020999997854232788
CiteSeer,0.4,9,0.9,1.0,0.020999997854232788
CiteSeer,0.4,9,1.0,0.0,0.0009999871253967285
CiteSeer,0.4,9,1.0,0.1,0.001999974250793457
CiteSeer,0.4,9,1.0,0.2,0.001999974250793457
CiteSeer,0.4,9,1.0,0.3,0.001999974250793457
CiteSeer,0.4,9,1.0,0.4,0.001999974250793457
CiteSeer,0.4,9,1.0,0.5,0.001999974250793457
CiteSeer,0.4,9,1.0,0.6,0.001999974250793457
CiteSeer,0.4,9,1.0,0.7,0.001999974250793457
CiteSeer,0.4,9,1.0,0.8,0.001999974250793457
CiteSeer,0.4,9,1.0,0.9,0.001999974250793457
CiteSeer,0.4,9,1.0,1.0,0.001999974250793457
CiteSeer,0.5,0,0.1,0.0,-0.004999995231628418
CiteSeer,0.5,0,0.1,0.1,0.010000020265579224
CiteSeer,0.5,0,0.1,0.2,0.010000020265579224
CiteSeer,0.5,0,0.1,0.3,0.010000020265579224
CiteSeer,0.5,0,0.1,0.4,0.0
CiteSeer,0.5,0,0.1,0.5,0.0
CiteSeer,0.5,0,0.1,0.6,0.0
CiteSeer,0.5,0,0.1,0.7,0.0
CiteSeer,0.5,0,0.1,0.8,0.0
CiteSeer,0.5,0,0.1,0.9,0.0
CiteSeer,0.5,0,0.1,1.0,0.0
CiteSeer,0.5,0,0.2,0.0,-0.0040000081062316895
CiteSeer,0.5,0,0.2,0.1,-0.018999993801116943
CiteSeer,0.5,0,0.2,0.2,-0.018999993801116943
CiteSeer,0.5,0,0.2,0.3,-0.018999993801116943
CiteSeer,0.5,0,0.2,0.4,-0.026999980211257935
CiteSeer,0.5,0,0.2,0.5,-0.026999980211257935
CiteSeer,0.5,0,0.2,0.6,-0.026999980211257935
CiteSeer,0.5,0,0.2,0.7,-0.026999980211257935
CiteSeer,0.5,0,0.2,0.8,-0.026999980211257935
CiteSeer,0.5,0,0.2,0.9,-0.026999980211257935
CiteSeer,0.5,0,0.2,1.0,-0.026999980211257935
CiteSeer,0.5,0,0.3,0.0,-0.009000003337860107
CiteSeer,0.5,0,0.3,0.1,-0.007999986410140991
CiteSeer,0.5,0,0.3,0.2,-0.007999986410140991
CiteSeer,0.5,0,0.3,0.3,-0.007999986410140991
CiteSeer,0.5,0,0.3,0.4,-0.007999986410140991
CiteSeer,0.5,0,0.3,0.5,-0.007999986410140991
CiteSeer,0.5,0,0.3,0.6,-0.007999986410140991
CiteSeer,0.5,0,0.3,0.7,-0.007999986410140991
CiteSeer,0.5,0,0.3,0.8,-0.007999986410140991
CiteSeer,0.5,0,0.3,0.9,-0.007999986410140991
CiteSeer,0.5,0,0.3,1.0,-0.007999986410140991
CiteSeer,0.5,0,0.4,0.0,-0.009000003337860107
CiteSeer,0.5,0,0.4,0.1,-0.007999986410140991
CiteSeer,0.5,0,0.4,0.2,-0.007999986410140991
CiteSeer,0.5,0,0.4,0.3,-0.007999986410140991
CiteSeer,0.5,0,0.4,0.4,-0.007999986410140991
CiteSeer,0.5,0,0.4,0.5,-0.007999986410140991
CiteSeer,0.5,0,0.4,0.6,-0.007999986410140991
CiteSeer,0.5,0,0.4,0.7,-0.007999986410140991
CiteSeer,0.5,0,0.4,0.8,-0.007999986410140991
CiteSeer,0.5,0,0.4,0.9,-0.007999986410140991
CiteSeer,0.5,0,0.4,1.0,-0.007999986410140991
CiteSeer,0.5,0,0.5,0.0,-0.009000003337860107
CiteSeer,0.5,0,0.5,0.1,-0.007999986410140991
CiteSeer,0.5,0,0.5,0.2,-0.007999986410140991
CiteSeer,0.5,0,0.5,0.3,-0.007999986410140991
CiteSeer,0.5,0,0.5,0.4,-0.007999986410140991
CiteSeer,0.5,0,0.5,0.5,-0.007999986410140991
CiteSeer,0.5,0,0.5,0.6,-0.007999986410140991
CiteSeer,0.5,0,0.5,0.7,-0.007999986410140991
CiteSeer,0.5,0,0.5,0.8,-0.007999986410140991
CiteSeer,0.5,0,0.5,0.9,-0.007999986410140991
CiteSeer,0.5,0,0.5,1.0,-0.007999986410140991
CiteSeer,0.5,0,0.6,0.0,-0.009000003337860107
CiteSeer,0.5,0,0.6,0.1,-0.007999986410140991
CiteSeer,0.5,0,0.6,0.2,-0.007999986410140991
CiteSeer,0.5,0,0.6,0.3,-0.007999986410140991
CiteSeer,0.5,0,0.6,0.4,-0.007999986410140991
CiteSeer,0.5,0,0.6,0.5,-0.007999986410140991
CiteSeer,0.5,0,0.6,0.6,-0.007999986410140991
CiteSeer,0.5,0,0.6,0.7,-0.007999986410140991
CiteSeer,0.5,0,0.6,0.8,-0.007999986410140991
CiteSeer,0.5,0,0.6,0.9,-0.007999986410140991
CiteSeer,0.5,0,0.6,1.0,-0.007999986410140991
CiteSeer,0.5,0,0.7,0.0,-0.009000003337860107
CiteSeer,0.5,0,0.7,0.1,-0.007999986410140991
CiteSeer,0.5,0,0.7,0.2,-0.009999990463256836
CiteSeer,0.5,0,0.7,0.3,-0.007999986410140991
CiteSeer,0.5,0,0.7,0.4,-0.007999986410140991
CiteSeer,0.5,0,0.7,0.5,-0.007999986410140991
CiteSeer,0.5,0,0.7,0.6,-0.007999986410140991
CiteSeer,0.5,0,0.7,0.7,-0.007999986410140991
CiteSeer,0.5,0,0.7,0.8,-0.007999986410140991
CiteSeer,0.5,0,0.7,0.9,-0.007999986410140991
CiteSeer,0.5,0,0.7,1.0,-0.007999986410140991
CiteSeer,0.5,0,0.8,0.0,-0.009000003337860107
CiteSeer,0.5,0,0.8,0.1,-0.007999986410140991
CiteSeer,0.5,0,0.8,0.2,-0.007999986410140991
CiteSeer,0.5,0,0.8,0.3,-0.009999990463256836
CiteSeer,0.5,0,0.8,0.4,-0.007999986410140991
CiteSeer,0.5,0,0.8,0.5,-0.007999986410140991
CiteSeer,0.5,0,0.8,0.6,-0.007999986410140991
CiteSeer,0.5,0,0.8,0.7,-0.007999986410140991
CiteSeer,0.5,0,0.8,0.8,-0.007999986410140991
CiteSeer,0.5,0,0.8,0.9,-0.007999986410140991
CiteSeer,0.5,0,0.8,1.0,-0.007999986410140991
CiteSeer,0.5,0,0.9,0.0,-0.009000003337860107
CiteSeer,0.5,0,0.9,0.1,-0.007999986410140991
CiteSeer,0.5,0,0.9,0.2,-0.007999986410140991
CiteSeer,0.5,0,0.9,0.3,-0.007999986410140991
CiteSeer,0.5,0,0.9,0.4,-0.007999986410140991
CiteSeer,0.5,0,0.9,0.5,-0.007999986410140991
CiteSeer,0.5,0,0.9,0.6,-0.007999986410140991
CiteSeer,0.5,0,0.9,0.7,-0.007999986410140991
CiteSeer,0.5,0,0.9,0.8,-0.007999986410140991
CiteSeer,0.5,0,0.9,0.9,-0.007999986410140991
CiteSeer,0.5,0,0.9,1.0,-0.007999986410140991
CiteSeer,0.5,0,1.0,0.0,0.0010000169277191162
CiteSeer,0.5,0,1.0,0.1,-0.007999986410140991
CiteSeer,0.5,0,1.0,0.2,-0.007999986410140991
CiteSeer,0.5,0,1.0,0.3,-0.007999986410140991
CiteSeer,0.5,0,1.0,0.4,-0.0169999897480011
CiteSeer,0.5,0,1.0,0.5,-0.0169999897480011
CiteSeer,0.5,0,1.0,0.6,-0.0169999897480011
CiteSeer,0.5,0,1.0,0.7,-0.0169999897480011
CiteSeer,0.5,0,1.0,0.8,-0.0169999897480011
CiteSeer,0.5,0,1.0,0.9,-0.0169999897480011
CiteSeer,0.5,0,1.0,1.0,-0.0169999897480011
CiteSeer,0.5,1,0.1,0.0,0.034000009298324585
CiteSeer,0.5,1,0.1,0.1,0.04000002145767212
CiteSeer,0.5,1,0.1,0.2,0.04000002145767212
CiteSeer,0.5,1,0.1,0.3,0.04000002145767212
CiteSeer,0.5,1,0.1,0.4,0.038000017404556274
CiteSeer,0.5,1,0.1,0.5,0.038000017404556274
CiteSeer,0.5,1,0.1,0.6,0.038000017404556274
CiteSeer,0.5,1,0.1,0.7,0.038000017404556274
CiteSeer,0.5,1,0.1,0.8,0.038000017404556274
CiteSeer,0.5,1,0.1,0.9,0.038000017404556274
CiteSeer,0.5,1,0.1,1.0,0.038000017404556274
CiteSeer,0.5,1,0.2,0.0,0.02400001883506775
CiteSeer,0.5,1,0.2,0.1,0.025000005960464478
CiteSeer,0.5,1,0.2,0.2,0.025000005960464478
CiteSeer,0.5,1,0.2,0.3,0.025000005960464478
CiteSeer,0.5,1,0.2,0.4,0.02799999713897705
CiteSeer,0.5,1,0.2,0.5,0.02799999713897705
CiteSeer,0.5,1,0.2,0.6,0.02799999713897705
CiteSeer,0.5,1,0.2,0.7,0.02799999713897705
CiteSeer,0.5,1,0.2,0.8,0.02799999713897705
CiteSeer,0.5,1,0.2,0.9,0.02799999713897705
CiteSeer,0.5,1,0.2,1.0,0.02799999713897705
CiteSeer,0.5,1,0.3,0.0,0.02400001883506775
CiteSeer,0.5,1,0.3,0.1,0.025000005960464478
CiteSeer,0.5,1,0.3,0.2,0.025000005960464478
CiteSeer,0.5,1,0.3,0.3,0.025000005960464478
CiteSeer,0.5,1,0.3,0.4,0.02799999713897705
CiteSeer,0.5,1,0.3,0.5,0.02799999713897705
CiteSeer,0.5,1,0.3,0.6,0.02799999713897705
CiteSeer,0.5,1,0.3,0.7,0.02799999713897705
CiteSeer,0.5,1,0.3,0.8,0.02799999713897705
CiteSeer,0.5,1,0.3,0.9,0.02799999713897705
CiteSeer,0.5,1,0.3,1.0,0.02799999713897705
CiteSeer,0.5,1,0.4,0.0,0.02400001883506775
CiteSeer,0.5,1,0.4,0.1,0.025000005960464478
CiteSeer,0.5,1,0.4,0.2,0.025000005960464478
CiteSeer,0.5,1,0.4,0.3,0.025000005960464478
CiteSeer,0.5,1,0.4,0.4,0.02799999713897705
CiteSeer,0.5,1,0.4,0.5,0.02799999713897705
CiteSeer,0.5,1,0.4,0.6,0.02799999713897705
CiteSeer,0.5,1,0.4,0.7,0.02799999713897705
CiteSeer,0.5,1,0.4,0.8,0.02799999713897705
CiteSeer,0.5,1,0.4,0.9,0.02799999713897705
CiteSeer,0.5,1,0.4,1.0,0.02799999713897705
CiteSeer,0.5,1,0.5,0.0,0.02400001883506775
CiteSeer,0.5,1,0.5,0.1,0.025000005960464478
CiteSeer,0.5,1,0.5,0.2,0.025000005960464478
CiteSeer,0.5,1,0.5,0.3,0.025000005960464478
CiteSeer,0.5,1,0.5,0.4,0.02799999713897705
CiteSeer,0.5,1,0.5,0.5,0.02799999713897705
CiteSeer,0.5,1,0.5,0.6,0.02799999713897705
CiteSeer,0.5,1,0.5,0.7,0.02799999713897705
CiteSeer,0.5,1,0.5,0.8,0.02799999713897705
CiteSeer,0.5,1,0.5,0.9,0.02799999713897705
CiteSeer,0.5,1,0.5,1.0,0.02799999713897705
CiteSeer,0.5,1,0.6,0.0,0.02400001883506775
CiteSeer,0.5,1,0.6,0.1,0.025000005960464478
CiteSeer,0.5,1,0.6,0.2,0.025000005960464478
CiteSeer,0.5,1,0.6,0.3,0.025000005960464478
CiteSeer,0.5,1,0.6,0.4,0.02799999713897705
CiteSeer,0.5,1,0.6,0.5,0.02799999713897705
CiteSeer,0.5,1,0.6,0.6,0.02799999713897705
CiteSeer,0.5,1,0.6,0.7,0.02799999713897705
CiteSeer,0.5,1,0.6,0.8,0.02799999713897705
CiteSeer,0.5,1,0.6,0.9,0.02799999713897705
CiteSeer,0.5,1,0.6,1.0,0.02799999713897705
CiteSeer,0.5,1,0.7,0.0,0.02400001883506775
CiteSeer,0.5,1,0.7,0.1,0.025000005960464478
CiteSeer,0.5,1,0.7,0.2,0.025000005960464478
CiteSeer,0.5,1,0.7,0.3,0.025000005960464478
CiteSeer,0.5,1,0.7,0.4,0.02799999713897705
CiteSeer,0.5,1,0.7,0.5,0.02799999713897705
CiteSeer,0.5,1,0.7,0.6,0.02799999713897705
CiteSeer,0.5,1,0.7,0.7,0.02799999713897705
CiteSeer,0.5,1,0.7,0.8,0.02799999713897705
CiteSeer,0.5,1,0.7,0.9,0.02799999713897705
CiteSeer,0.5,1,0.7,1.0,0.02799999713897705
CiteSeer,0.5,1,0.8,0.0,0.02400001883506775
CiteSeer,0.5,1,0.8,0.1,0.025000005960464478
CiteSeer,0.5,1,0.8,0.2,0.025000005960464478
CiteSeer,0.5,1,0.8,0.3,0.025000005960464478
CiteSeer,0.5,1,0.8,0.4,0.02799999713897705
CiteSeer,0.5,1,0.8,0.5,0.02799999713897705
CiteSeer,0.5,1,0.8,0.6,0.02799999713897705
CiteSeer,0.5,1,0.8,0.7,0.02799999713897705
CiteSeer,0.5,1,0.8,0.8,0.02799999713897705
CiteSeer,0.5,1,0.8,0.9,0.02799999713897705
CiteSeer,0.5,1,0.8,1.0,0.02799999713897705
CiteSeer,0.5,1,0.9,0.0,0.02400001883506775
CiteSeer,0.5,1,0.9,0.1,0.025000005960464478
CiteSeer,0.5,1,0.9,0.2,0.025000005960464478
CiteSeer,0.5,1,0.9,0.3,0.025000005960464478
CiteSeer,0.5,1,0.9,0.4,0.02799999713897705
CiteSeer,0.5,1,0.9,0.5,0.02799999713897705
CiteSeer,0.5,1,0.9,0.6,0.02799999713897705
CiteSeer,0.5,1,0.9,0.7,0.02799999713897705
CiteSeer,0.5,1,0.9,0.8,0.02799999713897705
CiteSeer,0.5,1,0.9,0.9,0.02799999713897705
CiteSeer,0.5,1,0.9,1.0,0.02799999713897705
CiteSeer,0.5,1,1.0,0.0,0.026000022888183594
CiteSeer,0.5,1,1.0,0.1,0.030000001192092896
CiteSeer,0.5,1,1.0,0.2,0.030000001192092896
CiteSeer,0.5,1,1.0,0.3,0.030000001192092896
CiteSeer,0.5,1,1.0,0.4,0.027000010013580322
CiteSeer,0.5,1,1.0,0.5,0.027000010013580322
CiteSeer,0.5,1,1.0,0.6,0.027000010013580322
CiteSeer,0.5,1,1.0,0.7,0.027000010013580322
CiteSeer,0.5,1,1.0,0.8,0.027000010013580322
CiteSeer,0.5,1,1.0,0.9,0.027000010013580322
CiteSeer,0.5,1,1.0,1.0,0.027000010013580322
CiteSeer,0.5,2,0.1,0.0,0.0029999911785125732
CiteSeer,0.5,2,0.1,0.1,0.019999980926513672
CiteSeer,0.5,2,0.1,0.2,0.0059999823570251465
CiteSeer,0.5,2,0.1,0.3,0.0059999823570251465
CiteSeer,0.5,2,0.1,0.4,0.0059999823570251465
CiteSeer,0.5,2,0.1,0.5,0.0059999823570251465
CiteSeer,0.5,2,0.1,0.6,0.0059999823570251465
CiteSeer,0.5,2,0.1,0.7,0.0059999823570251465
CiteSeer,0.5,2,0.1,0.8,0.0059999823570251465
CiteSeer,0.5,2,0.1,0.9,0.0059999823570251465
CiteSeer,0.5,2,0.1,1.0,0.0059999823570251465
CiteSeer,0.5,2,0.2,0.0,0.0009999871253967285
CiteSeer,0.5,2,0.2,0.1,0.018000006675720215
CiteSeer,0.5,2,0.2,0.2,0.018999993801116943
CiteSeer,0.5,2,0.2,0.3,0.018999993801116943
CiteSeer,0.5,2,0.2,0.4,0.018999993801116943
CiteSeer,0.5,2,0.2,0.5,0.018999993801116943
CiteSeer,0.5,2,0.2,0.6,0.018999993801116943
CiteSeer,0.5,2,0.2,0.7,0.018999993801116943
CiteSeer,0.5,2,0.2,0.8,0.018999993801116943
CiteSeer,0.5,2,0.2,0.9,0.018999993801116943
CiteSeer,0.5,2,0.2,1.0,0.018999993801116943
CiteSeer,0.5,2,0.3,0.0,0.0
CiteSeer,0.5,2,0.3,0.1,0.009999990463256836
CiteSeer,0.5,2,0.3,0.2,-0.004999995231628418
CiteSeer,0.5,2,0.3,0.3,-0.004999995231628418
CiteSeer,0.5,2,0.3,0.4,-0.004999995231628418
CiteSeer,0.5,2,0.3,0.5,-0.004999995231628418
CiteSeer,0.5,2,0.3,0.6,-0.004999995231628418
CiteSeer,0.5,2,0.3,0.7,-0.004999995231628418
CiteSeer,0.5,2,0.3,0.8,-0.004999995231628418
CiteSeer,0.5,2,0.3,0.9,-0.004999995231628418
CiteSeer,0.5,2,0.3,1.0,-0.004999995231628418
CiteSeer,0.5,2,0.4,0.0,0.0
CiteSeer,0.5,2,0.4,0.1,0.009999990463256836
CiteSeer,0.5,2,0.4,0.2,-0.004999995231628418
CiteSeer,0.5,2,0.4,0.3,-0.004999995231628418
CiteSeer,0.5,2,0.4,0.4,-0.004999995231628418
CiteSeer,0.5,2,0.4,0.5,-0.004999995231628418
CiteSeer,0.5,2,0.4,0.6,-0.004999995231628418
CiteSeer,0.5,2,0.4,0.7,-0.004999995231628418
CiteSeer,0.5,2,0.4,0.8,-0.004999995231628418
CiteSeer,0.5,2,0.4,0.9,-0.004999995231628418
CiteSeer,0.5,2,0.4,1.0,-0.004999995231628418
CiteSeer,0.5,2,0.5,0.0,0.0
CiteSeer,0.5,2,0.5,0.1,0.009999990463256836
CiteSeer,0.5,2,0.5,0.2,-0.004999995231628418
CiteSeer,0.5,2,0.5,0.3,-0.004999995231628418
CiteSeer,0.5,2,0.5,0.4,-0.004999995231628418
CiteSeer,0.5,2,0.5,0.5,-0.004999995231628418
CiteSeer,0.5,2,0.5,0.6,-0.004999995231628418
CiteSeer,0.5,2,0.5,0.7,-0.004999995231628418
CiteSeer,0.5,2,0.5,0.8,-0.004999995231628418
CiteSeer,0.5,2,0.5,0.9,-0.004999995231628418
CiteSeer,0.5,2,0.5,1.0,-0.004999995231628418
CiteSeer,0.5,2,0.6,0.0,0.0
CiteSeer,0.5,2,0.6,0.1,0.009999990463256836
CiteSeer,0.5,2,0.6,0.2,-0.004999995231628418
CiteSeer,0.5,2,0.6,0.3,-0.004999995231628418
CiteSeer,0.5,2,0.6,0.4,-0.004999995231628418
CiteSeer,0.5,2,0.6,0.5,-0.004999995231628418
CiteSeer,0.5,2,0.6,0.6,-0.004999995231628418
CiteSeer,0.5,2,0.6,0.7,-0.004999995231628418
CiteSeer,0.5,2,0.6,0.8,-0.004999995231628418
CiteSeer,0.5,2,0.6,0.9,-0.004999995231628418
CiteSeer,0.5,2,0.6,1.0,-0.004999995231628418
CiteSeer,0.5,2,0.7,0.0,0.0
CiteSeer,0.5,2,0.7,0.1,0.009999990463256836
CiteSeer,0.5,2,0.7,0.2,-0.004999995231628418
CiteSeer,0.5,2,0.7,0.3,-0.004999995231628418
CiteSeer,0.5,2,0.7,0.4,-0.004999995231628418
CiteSeer,0.5,2,0.7,0.5,-0.004999995231628418
CiteSeer,0.5,2,0.7,0.6,-0.004999995231628418
CiteSeer,0.5,2,0.7,0.7,-0.004999995231628418
CiteSeer,0.5,2,0.7,0.8,-0.004999995231628418
CiteSeer,0.5,2,0.7,0.9,-0.004999995231628418
CiteSeer,0.5,2,0.7,1.0,-0.004999995231628418
CiteSeer,0.5,2,0.8,0.0,0.0
CiteSeer,0.5,2,0.8,0.1,0.009999990463256836
CiteSeer,0.5,2,0.8,0.2,-0.004999995231628418
CiteSeer,0.5,2,0.8,0.3,-0.004999995231628418
CiteSeer,0.5,2,0.8,0.4,-0.004999995231628418
CiteSeer,0.5,2,0.8,0.5,-0.004999995231628418
CiteSeer,0.5,2,0.8,0.6,-0.004999995231628418
CiteSeer,0.5,2,0.8,0.7,-0.004999995231628418
CiteSeer,0.5,2,0.8,0.8,-0.004999995231628418
CiteSeer,0.5,2,0.8,0.9,-0.004999995231628418
CiteSeer,0.5,2,0.8,1.0,-0.004999995231628418
CiteSeer,0.5,2,0.9,0.0,0.0
CiteSeer,0.5,2,0.9,0.1,0.009999990463256836
CiteSeer,0.5,2,0.9,0.2,-0.004999995231628418
CiteSeer,0.5,2,0.9,0.3,-0.004999995231628418
CiteSeer,0.5,2,0.9,0.4,-0.004999995231628418
CiteSeer,0.5,2,0.9,0.5,-0.004999995231628418
CiteSeer,0.5,2,0.9,0.6,-0.004999995231628418
CiteSeer,0.5,2,0.9,0.7,-0.004999995231628418
CiteSeer,0.5,2,0.9,0.8,-0.004999995231628418
CiteSeer,0.5,2,0.9,0.9,-0.004999995231628418
CiteSeer,0.5,2,0.9,1.0,-0.004999995231628418
CiteSeer,0.5,2,1.0,0.0,0.0
CiteSeer,0.5,2,1.0,0.1,0.0029999911785125732
CiteSeer,0.5,2,1.0,0.2,-0.004999995231628418
CiteSeer,0.5,2,1.0,0.3,-0.004999995231628418
CiteSeer,0.5,2,1.0,0.4,-0.004999995231628418
CiteSeer,0.5,2,1.0,0.5,-0.004999995231628418
CiteSeer,0.5,2,1.0,0.6,-0.004999995231628418
CiteSeer,0.5,2,1.0,0.7,-0.004999995231628418
CiteSeer,0.5,2,1.0,0.8,-0.004999995231628418
CiteSeer,0.5,2,1.0,0.9,-0.004999995231628418
CiteSeer,0.5,2,1.0,1.0,-0.004999995231628418
CiteSeer,0.5,3,0.1,0.0,0.034999996423721313
CiteSeer,0.5,3,0.1,0.1,0.029000014066696167
CiteSeer,0.5,3,0.1,0.2,0.012000024318695068
CiteSeer,0.5,3,0.1,0.3,0.012000024318695068
CiteSeer,0.5,3,0.1,0.4,0.012000024318695068
CiteSeer,0.5,3,0.1,0.5,0.012000024318695068
CiteSeer,0.5,3,0.1,0.6,0.012000024318695068
CiteSeer,0.5,3,0.1,0.7,0.029000014066696167
CiteSeer,0.5,3,0.1,0.8,0.029000014066696167
CiteSeer,0.5,3,0.1,0.9,0.029000014066696167
CiteSeer,0.5,3,0.1,1.0,0.029000014066696167
CiteSeer,0.5,3,0.2,0.0,0.01900002360343933
CiteSeer,0.5,3,0.2,0.1,0.026000022888183594
CiteSeer,0.5,3,0.2,0.2,0.018000006675720215
CiteSeer,0.5,3,0.2,0.3,0.018000006675720215
CiteSeer,0.5,3,0.2,0.4,0.018000006675720215
CiteSeer,0.5,3,0.2,0.5,0.018000006675720215
CiteSeer,0.5,3,0.2,0.6,0.018000006675720215
CiteSeer,0.5,3,0.2,0.7,0.026000022888183594
CiteSeer,0.5,3,0.2,0.8,0.026000022888183594
CiteSeer,0.5,3,0.2,0.9,0.026000022888183594
CiteSeer,0.5,3,0.2,1.0,0.026000022888183594
CiteSeer,0.5,3,0.3,0.0,0.01900002360343933
CiteSeer,0.5,3,0.3,0.1,0.026000022888183594
CiteSeer,0.5,3,0.3,0.2,0.018000006675720215
CiteSeer,0.5,3,0.3,0.3,0.018000006675720215
CiteSeer,0.5,3,0.3,0.4,0.018000006675720215
CiteSeer,0.5,3,0.3,0.5,0.018000006675720215
CiteSeer,0.5,3,0.3,0.6,0.018000006675720215
CiteSeer,0.5,3,0.3,0.7,0.026000022888183594
CiteSeer,0.5,3,0.3,0.8,0.026000022888183594
CiteSeer,0.5,3,0.3,0.9,0.026000022888183594
CiteSeer,0.5,3,0.3,1.0,0.026000022888183594
CiteSeer,0.5,3,0.4,0.0,0.01900002360343933
CiteSeer,0.5,3,0.4,0.1,0.026000022888183594
CiteSeer,0.5,3,0.4,0.2,0.018000006675720215
CiteSeer,0.5,3,0.4,0.3,0.018000006675720215
CiteSeer,0.5,3,0.4,0.4,0.018000006675720215
CiteSeer,0.5,3,0.4,0.5,0.018000006675720215
CiteSeer,0.5,3,0.4,0.6,0.018000006675720215
CiteSeer,0.5,3,0.4,0.7,0.026000022888183594
CiteSeer,0.5,3,0.4,0.8,0.026000022888183594
CiteSeer,0.5,3,0.4,0.9,0.026000022888183594
CiteSeer,0.5,3,0.4,1.0,0.026000022888183594
CiteSeer,0.5,3,0.5,0.0,0.01900002360343933
CiteSeer,0.5,3,0.5,0.1,0.026000022888183594
CiteSeer,0.5,3,0.5,0.2,0.018000006675720215
CiteSeer,0.5,3,0.5,0.3,0.018000006675720215
CiteSeer,0.5,3,0.5,0.4,0.018000006675720215
CiteSeer,0.5,3,0.5,0.5,0.018000006675720215
CiteSeer,0.5,3,0.5,0.6,0.018000006675720215
CiteSeer,0.5,3,0.5,0.7,0.026000022888183594
CiteSeer,0.5,3,0.5,0.8,0.026000022888183594
CiteSeer,0.5,3,0.5,0.9,0.026000022888183594
CiteSeer,0.5,3,0.5,1.0,0.026000022888183594
CiteSeer,0.5,3,0.6,0.0,0.01900002360343933
CiteSeer,0.5,3,0.6,0.1,0.026000022888183594
CiteSeer,0.5,3,0.6,0.2,0.018000006675720215
CiteSeer,0.5,3,0.6,0.3,0.018000006675720215
CiteSeer,0.5,3,0.6,0.4,0.018000006675720215
CiteSeer,0.5,3,0.6,0.5,0.018000006675720215
CiteSeer,0.5,3,0.6,0.6,0.018000006675720215
CiteSeer,0.5,3,0.6,0.7,0.026000022888183594
CiteSeer,0.5,3,0.6,0.8,0.026000022888183594
CiteSeer,0.5,3,0.6,0.9,0.026000022888183594
CiteSeer,0.5,3,0.6,1.0,0.026000022888183594
CiteSeer,0.5,3,0.7,0.0,0.022000014781951904
CiteSeer,0.5,3,0.7,0.1,0.026000022888183594
CiteSeer,0.5,3,0.7,0.2,0.018000006675720215
CiteSeer,0.5,3,0.7,0.3,0.018000006675720215
CiteSeer,0.5,3,0.7,0.4,0.018000006675720215
CiteSeer,0.5,3,0.7,0.5,0.018000006675720215
CiteSeer,0.5,3,0.7,0.6,0.018000006675720215
CiteSeer,0.5,3,0.7,0.7,0.026000022888183594
CiteSeer,0.5,3,0.7,0.8,0.026000022888183594
CiteSeer,0.5,3,0.7,0.9,0.026000022888183594
CiteSeer,0.5,3,0.7,1.0,0.026000022888183594
CiteSeer,0.5,3,0.8,0.0,0.017000019550323486
CiteSeer,0.5,3,0.8,0.1,0.015000015497207642
CiteSeer,0.5,3,0.8,0.2,0.0040000081062316895
CiteSeer,0.5,3,0.8,0.3,0.0040000081062316895
CiteSeer,0.5,3,0.8,0.4,0.0040000081062316895
CiteSeer,0.5,3,0.8,0.5,0.0040000081062316895
CiteSeer,0.5,3,0.8,0.6,0.0040000081062316895
CiteSeer,0.5,3,0.8,0.7,0.027000010013580322
CiteSeer,0.5,3,0.8,0.8,0.027000010013580322
CiteSeer,0.5,3,0.8,0.9,0.027000010013580322
CiteSeer,0.5,3,0.8,1.0,0.027000010013580322
CiteSeer,0.5,3,0.9,0.0,0.017000019550323486
CiteSeer,0.5,3,0.9,0.1,0.015000015497207642
CiteSeer,0.5,3,0.9,0.2,0.0040000081062316895
CiteSeer,0.5,3,0.9,0.3,0.0040000081062316895
CiteSeer,0.5,3,0.9,0.4,0.0040000081062316895
CiteSeer,0.5,3,0.9,0.5,0.0040000081062316895
CiteSeer,0.5,3,0.9,0.6,0.0040000081062316895
CiteSeer,0.5,3,0.9,0.7,0.027000010013580322
CiteSeer,0.5,3,0.9,0.8,0.027000010013580322
CiteSeer,0.5,3,0.9,0.9,0.027000010013580322
CiteSeer,0.5,3,0.9,1.0,0.027000010013580322
CiteSeer,0.5,3,1.0,0.0,0.03600001335144043
CiteSeer,0.5,3,1.0,0.1,0.020999997854232788
CiteSeer,0.5,3,1.0,0.2,0.03200000524520874
CiteSeer,0.5,3,1.0,0.3,0.03200000524520874
CiteSeer,0.5,3,1.0,0.4,0.03200000524520874
CiteSeer,0.5,3,1.0,0.5,0.03200000524520874
CiteSeer,0.5,3,1.0,0.6,0.03200000524520874
CiteSeer,0.5,3,1.0,0.7,0.02000001072883606
CiteSeer,0.5,3,1.0,0.8,0.02000001072883606
CiteSeer,0.5,3,1.0,0.9,0.02000001072883606
CiteSeer,0.5,3,1.0,1.0,0.02000001072883606
CiteSeer,0.5,4,0.1,0.0,0.02399998903274536
CiteSeer,0.5,4,0.1,0.1,0.02399998903274536
CiteSeer,0.5,4,0.1,0.2,0.02399998903274536
CiteSeer,0.5,4,0.1,0.3,0.02399998903274536
CiteSeer,0.5,4,0.1,0.4,0.02399998903274536
CiteSeer,0.5,4,0.1,0.5,0.02399998903274536
CiteSeer,0.5,4,0.1,0.6,0.02399998903274536
CiteSeer,0.5,4,0.1,0.7,0.02399998903274536
CiteSeer,0.5,4,0.1,0.8,0.02399998903274536
CiteSeer,0.5,4,0.1,0.9,0.02399998903274536
CiteSeer,0.5,4,0.1,1.0,0.02399998903274536
CiteSeer,0.5,4,0.2,0.0,0.0350000262260437
CiteSeer,0.5,4,0.2,0.1,0.0350000262260437
CiteSeer,0.5,4,0.2,0.2,0.0350000262260437
CiteSeer,0.5,4,0.2,0.3,0.0350000262260437
CiteSeer,0.5,4,0.2,0.4,0.0350000262260437
CiteSeer,0.5,4,0.2,0.5,0.0350000262260437
CiteSeer,0.5,4,0.2,0.6,0.0350000262260437
CiteSeer,0.5,4,0.2,0.7,0.0350000262260437
CiteSeer,0.5,4,0.2,0.8,0.0350000262260437
CiteSeer,0.5,4,0.2,0.9,0.0350000262260437
CiteSeer,0.5,4,0.2,1.0,0.0350000262260437
CiteSeer,0.5,4,0.3,0.0,0.0350000262260437
CiteSeer,0.5,4,0.3,0.1,0.0350000262260437
CiteSeer,0.5,4,0.3,0.2,0.0350000262260437
CiteSeer,0.5,4,0.3,0.3,0.0350000262260437
CiteSeer,0.5,4,0.3,0.4,0.0350000262260437
CiteSeer,0.5,4,0.3,0.5,0.0350000262260437
CiteSeer,0.5,4,0.3,0.6,0.0350000262260437
CiteSeer,0.5,4,0.3,0.7,0.0350000262260437
CiteSeer,0.5,4,0.3,0.8,0.0350000262260437
CiteSeer,0.5,4,0.3,0.9,0.0350000262260437
CiteSeer,0.5,4,0.3,1.0,0.0350000262260437
CiteSeer,0.5,4,0.4,0.0,0.022000014781951904
CiteSeer,0.5,4,0.4,0.1,0.026000022888183594
CiteSeer,0.5,4,0.4,0.2,0.026000022888183594
CiteSeer,0.5,4,0.4,0.3,0.026000022888183594
CiteSeer,0.5,4,0.4,0.4,0.026000022888183594
CiteSeer,0.5,4,0.4,0.5,0.026000022888183594
CiteSeer,0.5,4,0.4,0.6,0.026000022888183594
CiteSeer,0.5,4,0.4,0.7,0.026000022888183594
CiteSeer,0.5,4,0.4,0.8,0.026000022888183594
CiteSeer,0.5,4,0.4,0.9,0.026000022888183594
CiteSeer,0.5,4,0.4,1.0,0.026000022888183594
CiteSeer,0.5,4,0.5,0.0,0.023000001907348633
CiteSeer,0.5,4,0.5,0.1,0.02000001072883606
CiteSeer,0.5,4,0.5,0.2,0.02000001072883606
CiteSeer,0.5,4,0.5,0.3,0.02000001072883606
CiteSeer,0.5,4,0.5,0.4,0.02000001072883606
CiteSeer,0.5,4,0.5,0.5,0.02000001072883606
CiteSeer,0.5,4,0.5,0.6,0.02000001072883606
CiteSeer,0.5,4,0.5,0.7,0.02000001072883606
CiteSeer,0.5,4,0.5,0.8,0.02000001072883606
CiteSeer,0.5,4,0.5,0.9,0.02000001072883606
CiteSeer,0.5,4,0.5,1.0,0.02000001072883606
CiteSeer,0.5,4,0.6,0.0,0.023000001907348633
CiteSeer,0.5,4,0.6,0.1,0.02000001072883606
CiteSeer,0.5,4,0.6,0.2,0.02000001072883606
CiteSeer,0.5,4,0.6,0.3,0.02000001072883606
CiteSeer,0.5,4,0.6,0.4,0.02000001072883606
CiteSeer,0.5,4,0.6,0.5,0.02000001072883606
CiteSeer,0.5,4,0.6,0.6,0.02000001072883606
CiteSeer,0.5,4,0.6,0.7,0.02000001072883606
CiteSeer,0.5,4,0.6,0.8,0.02000001072883606
CiteSeer,0.5,4,0.6,0.9,0.02000001072883606
CiteSeer,0.5,4,0.6,1.0,0.02000001072883606
CiteSeer,0.5,4,0.7,0.0,0.023000001907348633
CiteSeer,0.5,4,0.7,0.1,0.02000001072883606
CiteSeer,0.5,4,0.7,0.2,0.02000001072883606
CiteSeer,0.5,4,0.7,0.3,0.02000001072883606
CiteSeer,0.5,4,0.7,0.4,0.02000001072883606
CiteSeer,0.5,4,0.7,0.5,0.02000001072883606
CiteSeer,0.5,4,0.7,0.6,0.02000001072883606
CiteSeer,0.5,4,0.7,0.7,0.02000001072883606
CiteSeer,0.5,4,0.7,0.8,0.02000001072883606
CiteSeer,0.5,4,0.7,0.9,0.02000001072883606
CiteSeer,0.5,4,0.7,1.0,0.02000001072883606
CiteSeer,0.5,4,0.8,0.0,0.023000001907348633
CiteSeer,0.5,4,0.8,0.1,0.02000001072883606
CiteSeer,0.5,4,0.8,0.2,0.02000001072883606
CiteSeer,0.5,4,0.8,0.3,0.02000001072883606
CiteSeer,0.5,4,0.8,0.4,0.02000001072883606
CiteSeer,0.5,4,0.8,0.5,0.02000001072883606
CiteSeer,0.5,4,0.8,0.6,0.02000001072883606
CiteSeer,0.5,4,0.8,0.7,0.02000001072883606
CiteSeer,0.5,4,0.8,0.8,0.02000001072883606
CiteSeer,0.5,4,0.8,0.9,0.02000001072883606
CiteSeer,0.5,4,0.8,1.0,0.02000001072883606
CiteSeer,0.5,4,0.9,0.0,0.023000001907348633
CiteSeer,0.5,4,0.9,0.1,0.02000001072883606
CiteSeer,0.5,4,0.9,0.2,0.02000001072883606
CiteSeer,0.5,4,0.9,0.3,0.02000001072883606
CiteSeer,0.5,4,0.9,0.4,0.02000001072883606
CiteSeer,0.5,4,0.9,0.5,0.02000001072883606
CiteSeer,0.5,4,0.9,0.6,0.02000001072883606
CiteSeer,0.5,4,0.9,0.7,0.02000001072883606
CiteSeer,0.5,4,0.9,0.8,0.02000001072883606
CiteSeer,0.5,4,0.9,0.9,0.02000001072883606
CiteSeer,0.5,4,0.9,1.0,0.02000001072883606
CiteSeer,0.5,4,1.0,0.0,0.0040000081062316895
CiteSeer,0.5,4,1.0,0.1,0.009000003337860107
CiteSeer,0.5,4,1.0,0.2,0.009000003337860107
CiteSeer,0.5,4,1.0,0.3,0.009000003337860107
CiteSeer,0.5,4,1.0,0.4,0.009000003337860107
CiteSeer,0.5,4,1.0,0.5,0.009000003337860107
CiteSeer,0.5,4,1.0,0.6,0.009000003337860107
CiteSeer,0.5,4,1.0,0.7,0.009000003337860107
CiteSeer,0.5,4,1.0,0.8,0.009000003337860107
CiteSeer,0.5,4,1.0,0.9,0.009000003337860107
CiteSeer,0.5,4,1.0,1.0,0.009000003337860107
CiteSeer,0.5,5,0.1,0.0,-0.013000011444091797
CiteSeer,0.5,5,0.1,0.1,-0.004999995231628418
CiteSeer,0.5,5,0.1,0.2,-0.004999995231628418
CiteSeer,0.5,5,0.1,0.3,-0.004999995231628418
CiteSeer,0.5,5,0.1,0.4,-0.004999995231628418
CiteSeer,0.5,5,0.1,0.5,-0.004999995231628418
CiteSeer,0.5,5,0.1,0.6,-0.004999995231628418
CiteSeer,0.5,5,0.1,0.7,-0.004999995231628418
CiteSeer,0.5,5,0.1,0.8,-0.004999995231628418
CiteSeer,0.5,5,0.1,0.9,-0.004999995231628418
CiteSeer,0.5,5,0.1,1.0,-0.004999995231628418
CiteSeer,0.5,5,0.2,0.0,-0.013000011444091797
CiteSeer,0.5,5,0.2,0.1,-0.004999995231628418
CiteSeer,0.5,5,0.2,0.2,-0.004999995231628418
CiteSeer,0.5,5,0.2,0.3,-0.004999995231628418
CiteSeer,0.5,5,0.2,0.4,-0.004999995231628418
CiteSeer,0.5,5,0.2,0.5,-0.004999995231628418
CiteSeer,0.5,5,0.2,0.6,-0.004999995231628418
CiteSeer,0.5,5,0.2,0.7,-0.004999995231628418
CiteSeer,0.5,5,0.2,0.8,-0.004999995231628418
CiteSeer,0.5,5,0.2,0.9,-0.004999995231628418
CiteSeer,0.5,5,0.2,1.0,-0.004999995231628418
CiteSeer,0.5,5,0.3,0.0,-0.0020000040531158447
CiteSeer,0.5,5,0.3,0.1,0.018000006675720215
CiteSeer,0.5,5,0.3,0.2,0.018000006675720215
CiteSeer,0.5,5,0.3,0.3,0.018000006675720215
CiteSeer,0.5,5,0.3,0.4,0.018000006675720215
CiteSeer,0.5,5,0.3,0.5,0.018000006675720215
CiteSeer,0.5,5,0.3,0.6,0.018000006675720215
CiteSeer,0.5,5,0.3,0.7,0.018000006675720215
CiteSeer,0.5,5,0.3,0.8,0.018000006675720215
CiteSeer,0.5,5,0.3,0.9,0.018000006675720215
CiteSeer,0.5,5,0.3,1.0,0.018000006675720215
CiteSeer,0.5,5,0.4,0.0,-0.0020000040531158447
CiteSeer,0.5,5,0.4,0.1,0.018000006675720215
CiteSeer,0.5,5,0.4,0.2,0.018000006675720215
CiteSeer,0.5,5,0.4,0.3,0.018000006675720215
CiteSeer,0.5,5,0.4,0.4,0.018000006675720215
CiteSeer,0.5,5,0.4,0.5,0.018000006675720215
CiteSeer,0.5,5,0.4,0.6,0.018000006675720215
CiteSeer,0.5,5,0.4,0.7,0.018000006675720215
CiteSeer,0.5,5,0.4,0.8,0.018000006675720215
CiteSeer,0.5,5,0.4,0.9,0.018000006675720215
CiteSeer,0.5,5,0.4,1.0,0.018000006675720215
CiteSeer,0.5,5,0.5,0.0,-0.0029999911785125732
CiteSeer,0.5,5,0.5,0.1,-0.0029999911785125732
CiteSeer,0.5,5,0.5,0.2,-0.0029999911785125732
CiteSeer,0.5,5,0.5,0.3,-0.0029999911785125732
CiteSeer,0.5,5,0.5,0.4,-0.0029999911785125732
CiteSeer,0.5,5,0.5,0.5,-0.0029999911785125732
CiteSeer,0.5,5,0.5,0.6,-0.0029999911785125732
CiteSeer,0.5,5,0.5,0.7,-0.0029999911785125732
CiteSeer,0.5,5,0.5,0.8,-0.0029999911785125732
CiteSeer,0.5,5,0.5,0.9,-0.0029999911785125732
CiteSeer,0.5,5,0.5,1.0,-0.0029999911785125732
CiteSeer,0.5,5,0.6,0.0,-0.0029999911785125732
CiteSeer,0.5,5,0.6,0.1,-0.0029999911785125732
CiteSeer,0.5,5,0.6,0.2,-0.0029999911785125732
CiteSeer,0.5,5,0.6,0.3,-0.0029999911785125732
CiteSeer,0.5,5,0.6,0.4,-0.0029999911785125732
CiteSeer,0.5,5,0.6,0.5,-0.0029999911785125732
CiteSeer,0.5,5,0.6,0.6,-0.0029999911785125732
CiteSeer,0.5,5,0.6,0.7,-0.0029999911785125732
CiteSeer,0.5,5,0.6,0.8,-0.0029999911785125732
CiteSeer,0.5,5,0.6,0.9,-0.0029999911785125732
CiteSeer,0.5,5,0.6,1.0,-0.0029999911785125732
CiteSeer,0.5,5,0.7,0.0,-0.006999999284744263
CiteSeer,0.5,5,0.7,0.1,-0.013000011444091797
CiteSeer,0.5,5,0.7,0.2,-0.013000011444091797
CiteSeer,0.5,5,0.7,0.3,-0.013000011444091797
CiteSeer,0.5,5,0.7,0.4,-0.013000011444091797
CiteSeer,0.5,5,0.7,0.5,-0.013000011444091797
CiteSeer,0.5,5,0.7,0.6,-0.013000011444091797
CiteSeer,0.5,5,0.7,0.7,-0.013000011444091797
CiteSeer,0.5,5,0.7,0.8,-0.013000011444091797
CiteSeer,0.5,5,0.7,0.9,-0.013000011444091797
CiteSeer,0.5,5,0.7,1.0,-0.013000011444091797
CiteSeer,0.5,5,0.8,0.0,-0.006999999284744263
CiteSeer,0.5,5,0.8,0.1,-0.013000011444091797
CiteSeer,0.5,5,0.8,0.2,-0.013000011444091797
CiteSeer,0.5,5,0.8,0.3,-0.013000011444091797
CiteSeer,0.5,5,0.8,0.4,-0.013000011444091797
CiteSeer,0.5,5,0.8,0.5,-0.013000011444091797
CiteSeer,0.5,5,0.8,0.6,-0.013000011444091797
CiteSeer,0.5,5,0.8,0.7,-0.013000011444091797
CiteSeer,0.5,5,0.8,0.8,-0.013000011444091797
CiteSeer,0.5,5,0.8,0.9,-0.013000011444091797
CiteSeer,0.5,5,0.8,1.0,-0.013000011444091797
CiteSeer,0.5,5,0.9,0.0,-0.006999999284744263
CiteSeer,0.5,5,0.9,0.1,-0.013000011444091797
CiteSeer,0.5,5,0.9,0.2,-0.013000011444091797
CiteSeer,0.5,5,0.9,0.3,-0.013000011444091797
CiteSeer,0.5,5,0.9,0.4,-0.013000011444091797
CiteSeer,0.5,5,0.9,0.5,-0.013000011444091797
CiteSeer,0.5,5,0.9,0.6,-0.013000011444091797
CiteSeer,0.5,5,0.9,0.7,-0.013000011444091797
CiteSeer,0.5,5,0.9,0.8,-0.013000011444091797
CiteSeer,0.5,5,0.9,0.9,-0.013000011444091797
CiteSeer,0.5,5,0.9,1.0,-0.013000011444091797
CiteSeer,0.5,5,1.0,0.0,-0.020999997854232788
CiteSeer,0.5,5,1.0,0.1,-0.004999995231628418
CiteSeer,0.5,5,1.0,0.2,-0.004999995231628418
CiteSeer,0.5,5,1.0,0.3,-0.004999995231628418
CiteSeer,0.5,5,1.0,0.4,-0.004999995231628418
CiteSeer,0.5,5,1.0,0.5,-0.004999995231628418
CiteSeer,0.5,5,1.0,0.6,-0.004999995231628418
CiteSeer,0.5,5,1.0,0.7,-0.004999995231628418
CiteSeer,0.5,5,1.0,0.8,-0.004999995231628418
CiteSeer,0.5,5,1.0,0.9,-0.004999995231628418
CiteSeer,0.5,5,1.0,1.0,-0.004999995231628418
CiteSeer,0.5,6,0.1,0.0,-0.00899997353553772
CiteSeer,0.5,6,0.1,0.1,-0.01299998164176941
CiteSeer,0.5,6,0.1,0.2,-0.01299998164176941
CiteSeer,0.5,6,0.1,0.3,-0.01299998164176941
CiteSeer,0.5,6,0.1,0.4,-0.01299998164176941
CiteSeer,0.5,6,0.1,0.5,-0.01299998164176941
CiteSeer,0.5,6,0.1,0.6,-0.01299998164176941
CiteSeer,0.5,6,0.1,0.7,-0.00899997353553772
CiteSeer,0.5,6,0.1,0.8,-0.00899997353553772
CiteSeer,0.5,6,0.1,0.9,-0.00899997353553772
CiteSeer,0.5,6,0.1,1.0,-0.00899997353553772
CiteSeer,0.5,6,0.2,0.0,0.009000003337860107
CiteSeer,0.5,6,0.2,0.1,-0.009999990463256836
CiteSeer,0.5,6,0.2,0.2,-0.009999990463256836
CiteSeer,0.5,6,0.2,0.3,-0.009999990463256836
CiteSeer,0.5,6,0.2,0.4,-0.009999990463256836
CiteSeer,0.5,6,0.2,0.5,-0.009999990463256836
CiteSeer,0.5,6,0.2,0.6,-0.009999990463256836
CiteSeer,0.5,6,0.2,0.7,0.010000020265579224
CiteSeer,0.5,6,0.2,0.8,0.010000020265579224
CiteSeer,0.5,6,0.2,0.9,0.010000020265579224
CiteSeer,0.5,6,0.2,1.0,0.010000020265579224
CiteSeer,0.5,6,0.3,0.0,0.009000003337860107
CiteSeer,0.5,6,0.3,0.1,0.0040000081062316895
CiteSeer,0.5,6,0.3,0.2,0.0040000081062316895
CiteSeer,0.5,6,0.3,0.3,0.0040000081062316895
CiteSeer,0.5,6,0.3,0.4,0.0040000081062316895
CiteSeer,0.5,6,0.3,0.5,0.0040000081062316895
CiteSeer,0.5,6,0.3,0.6,0.0040000081062316895
CiteSeer,0.5,6,0.3,0.7,0.0
CiteSeer,0.5,6,0.3,0.8,0.0
CiteSeer,0.5,6,0.3,0.9,0.0
CiteSeer,0.5,6,0.3,1.0,0.0
CiteSeer,0.5,6,0.4,0.0,0.009000003337860107
CiteSeer,0.5,6,0.4,0.1,0.0040000081062316895
CiteSeer,0.5,6,0.4,0.2,0.0040000081062316895
CiteSeer,0.5,6,0.4,0.3,0.0040000081062316895
CiteSeer,0.5,6,0.4,0.4,0.0040000081062316895
CiteSeer,0.5,6,0.4,0.5,0.0040000081062316895
CiteSeer,0.5,6,0.4,0.6,0.0040000081062316895
CiteSeer,0.5,6,0.4,0.7,0.0
CiteSeer,0.5,6,0.4,0.8,0.0
CiteSeer,0.5,6,0.4,0.9,0.0
CiteSeer,0.5,6,0.4,1.0,0.0
CiteSeer,0.5,6,0.5,0.0,0.009000003337860107
CiteSeer,0.5,6,0.5,0.1,0.0040000081062316895
CiteSeer,0.5,6,0.5,0.2,0.0040000081062316895
CiteSeer,0.5,6,0.5,0.3,0.0040000081062316895
CiteSeer,0.5,6,0.5,0.4,0.0040000081062316895
CiteSeer,0.5,6,0.5,0.5,0.0040000081062316895
CiteSeer,0.5,6,0.5,0.6,0.0040000081062316895
CiteSeer,0.5,6,0.5,0.7,0.0
CiteSeer,0.5,6,0.5,0.8,0.0
CiteSeer,0.5,6,0.5,0.9,0.0
CiteSeer,0.5,6,0.5,1.0,0.0
CiteSeer,0.5,6,0.6,0.0,0.006999999284744263
CiteSeer,0.5,6,0.6,0.1,0.006000012159347534
CiteSeer,0.5,6,0.6,0.2,0.006000012159347534
CiteSeer,0.5,6,0.6,0.3,0.008000016212463379
CiteSeer,0.5,6,0.6,0.4,0.006000012159347534
CiteSeer,0.5,6,0.6,0.5,0.006000012159347534
CiteSeer,0.5,6,0.6,0.6,0.006000012159347534
CiteSeer,0.5,6,0.6,0.7,0.009000003337860107
CiteSeer,0.5,6,0.6,0.8,0.009000003337860107
CiteSeer,0.5,6,0.6,0.9,0.009000003337860107
CiteSeer,0.5,6,0.6,1.0,0.009000003337860107
CiteSeer,0.5,6,0.7,0.0,0.006999999284744263
CiteSeer,0.5,6,0.7,0.1,0.006000012159347534
CiteSeer,0.5,6,0.7,0.2,0.006000012159347534
CiteSeer,0.5,6,0.7,0.3,0.006000012159347534
CiteSeer,0.5,6,0.7,0.4,0.006000012159347534
CiteSeer,0.5,6,0.7,0.5,0.006000012159347534
CiteSeer,0.5,6,0.7,0.6,0.006000012159347534
CiteSeer,0.5,6,0.7,0.7,0.009000003337860107
CiteSeer,0.5,6,0.7,0.8,0.009000003337860107
CiteSeer,0.5,6,0.7,0.9,0.009000003337860107
CiteSeer,0.5,6,0.7,1.0,0.009000003337860107
CiteSeer,0.5,6,0.8,0.0,0.006999999284744263
CiteSeer,0.5,6,0.8,0.1,0.006000012159347534
CiteSeer,0.5,6,0.8,0.2,0.006000012159347534
CiteSeer,0.5,6,0.8,0.3,0.006000012159347534
CiteSeer,0.5,6,0.8,0.4,0.006000012159347534
CiteSeer,0.5,6,0.8,0.5,0.006000012159347534
CiteSeer,0.5,6,0.8,0.6,0.006000012159347534
CiteSeer,0.5,6,0.8,0.7,0.009000003337860107
CiteSeer,0.5,6,0.8,0.8,0.009000003337860107
CiteSeer,0.5,6,0.8,0.9,0.009000003337860107
CiteSeer,0.5,6,0.8,1.0,0.009000003337860107
CiteSeer,0.5,6,0.9,0.0,0.006999999284744263
CiteSeer,0.5,6,0.9,0.1,0.006000012159347534
CiteSeer,0.5,6,0.9,0.2,0.006000012159347534
CiteSeer,0.5,6,0.9,0.3,0.006000012159347534
CiteSeer,0.5,6,0.9,0.4,0.006000012159347534
CiteSeer,0.5,6,0.9,0.5,0.006000012159347534
CiteSeer,0.5,6,0.9,0.6,0.006000012159347534
CiteSeer,0.5,6,0.9,0.7,0.009000003337860107
CiteSeer,0.5,6,0.9,0.8,0.009000003337860107
CiteSeer,0.5,6,0.9,0.9,0.009000003337860107
CiteSeer,0.5,6,0.9,1.0,0.009000003337860107
CiteSeer,0.5,6,1.0,0.0,0.006999999284744263
CiteSeer,0.5,6,1.0,0.1,0.006000012159347534
CiteSeer,0.5,6,1.0,0.2,0.006000012159347534
CiteSeer,0.5,6,1.0,0.3,0.006000012159347534
CiteSeer,0.5,6,1.0,0.4,0.006000012159347534
CiteSeer,0.5,6,1.0,0.5,0.006000012159347534
CiteSeer,0.5,6,1.0,0.6,0.006000012159347534
CiteSeer,0.5,6,1.0,0.7,0.009000003337860107
CiteSeer,0.5,6,1.0,0.8,0.009000003337860107
CiteSeer,0.5,6,1.0,0.9,0.009000003337860107
CiteSeer,0.5,6,1.0,1.0,0.009000003337860107
CiteSeer,0.5,7,0.1,0.0,0.046000003814697266
CiteSeer,0.5,7,0.1,0.1,0.03999999165534973
CiteSeer,0.5,7,0.1,0.2,0.03600001335144043
CiteSeer,0.5,7,0.1,0.3,0.03600001335144043
CiteSeer,0.5,7,0.1,0.4,0.03600001335144043
CiteSeer,0.5,7,0.1,0.5,0.03600001335144043
CiteSeer,0.5,7,0.1,0.6,0.03600001335144043
CiteSeer,0.5,7,0.1,0.7,0.03600001335144043
CiteSeer,0.5,7,0.1,0.8,0.03600001335144043
CiteSeer,0.5,7,0.1,0.9,0.03600001335144043
CiteSeer,0.5,7,0.1,1.0,0.03600001335144043
CiteSeer,0.5,7,0.2,0.0,0.01199999451637268
CiteSeer,0.5,7,0.2,0.1,0.006000012159347534
CiteSeer,0.5,7,0.2,0.2,0.004999995231628418
CiteSeer,0.5,7,0.2,0.3,0.004999995231628418
CiteSeer,0.5,7,0.2,0.4,0.004999995231628418
CiteSeer,0.5,7,0.2,0.5,0.004999995231628418
CiteSeer,0.5,7,0.2,0.6,0.004999995231628418
CiteSeer,0.5,7,0.2,0.7,0.004999995231628418
CiteSeer,0.5,7,0.2,0.8,0.004999995231628418
CiteSeer,0.5,7,0.2,0.9,0.004999995231628418
CiteSeer,0.5,7,0.2,1.0,0.004999995231628418
CiteSeer,0.5,7,0.3,0.0,-0.0020000040531158447
CiteSeer,0.5,7,0.3,0.1,0.011000007390975952
CiteSeer,0.5,7,0.3,0.2,0.0010000169277191162
CiteSeer,0.5,7,0.3,0.3,0.0010000169277191162
CiteSeer,0.5,7,0.3,0.4,0.0010000169277191162
CiteSeer,0.5,7,0.3,0.5,0.0010000169277191162
CiteSeer,0.5,7,0.3,0.6,0.0010000169277191162
CiteSeer,0.5,7,0.3,0.7,0.0010000169277191162
CiteSeer,0.5,7,0.3,0.8,0.0010000169277191162
CiteSeer,0.5,7,0.3,0.9,0.0010000169277191162
CiteSeer,0.5,7,0.3,1.0,0.0010000169277191162
CiteSeer,0.5,7,0.4,0.0,-0.0020000040531158447
CiteSeer,0.5,7,0.4,0.1,0.011000007390975952
CiteSeer,0.5,7,0.4,0.2,0.0010000169277191162
CiteSeer,0.5,7,0.4,0.3,0.0010000169277191162
CiteSeer,0.5,7,0.4,0.4,0.0010000169277191162
CiteSeer,0.5,7,0.4,0.5,0.0010000169277191162
CiteSeer,0.5,7,0.4,0.6,0.0010000169277191162
CiteSeer,0.5,7,0.4,0.7,0.0010000169277191162
CiteSeer,0.5,7,0.4,0.8,0.0010000169277191162
CiteSeer,0.5,7,0.4,0.9,0.0010000169277191162
CiteSeer,0.5,7,0.4,1.0,0.0010000169277191162
CiteSeer,0.5,7,0.5,0.0,-0.0020000040531158447
CiteSeer,0.5,7,0.5,0.1,0.011000007390975952
CiteSeer,0.5,7,0.5,0.2,0.0010000169277191162
CiteSeer,0.5,7,0.5,0.3,0.0010000169277191162
CiteSeer,0.5,7,0.5,0.4,0.0010000169277191162
CiteSeer,0.5,7,0.5,0.5,0.0010000169277191162
CiteSeer,0.5,7,0.5,0.6,0.0010000169277191162
CiteSeer,0.5,7,0.5,0.7,0.0010000169277191162
CiteSeer,0.5,7,0.5,0.8,0.0010000169277191162
CiteSeer,0.5,7,0.5,0.9,0.0010000169277191162
CiteSeer,0.5,7,0.5,1.0,0.0010000169277191162
CiteSeer,0.5,7,0.6,0.0,-0.0020000040531158447
CiteSeer,0.5,7,0.6,0.1,0.011000007390975952
CiteSeer,0.5,7,0.6,0.2,0.0010000169277191162
CiteSeer,0.5,7,0.6,0.3,0.0010000169277191162
CiteSeer,0.5,7,0.6,0.4,0.0010000169277191162
CiteSeer,0.5,7,0.6,0.5,0.0010000169277191162
CiteSeer,0.5,7,0.6,0.6,0.0010000169277191162
CiteSeer,0.5,7,0.6,0.7,0.0010000169277191162
CiteSeer,0.5,7,0.6,0.8,0.0010000169277191162
CiteSeer,0.5,7,0.6,0.9,0.0010000169277191162
CiteSeer,0.5,7,0.6,1.0,0.0010000169277191162
CiteSeer,0.5,7,0.7,0.0,-0.0020000040531158447
CiteSeer,0.5,7,0.7,0.1,0.011000007390975952
CiteSeer,0.5,7,0.7,0.2,0.0010000169277191162
CiteSeer,0.5,7,0.7,0.3,0.0010000169277191162
CiteSeer,0.5,7,0.7,0.4,0.0010000169277191162
CiteSeer,0.5,7,0.7,0.5,0.0010000169277191162
CiteSeer,0.5,7,0.7,0.6,0.0010000169277191162
CiteSeer,0.5,7,0.7,0.7,0.0010000169277191162
CiteSeer,0.5,7,0.7,0.8,0.0010000169277191162
CiteSeer,0.5,7,0.7,0.9,0.0010000169277191162
CiteSeer,0.5,7,0.7,1.0,0.0010000169277191162
CiteSeer,0.5,7,0.8,0.0,-0.0020000040531158447
CiteSeer,0.5,7,0.8,0.1,0.011000007390975952
CiteSeer,0.5,7,0.8,0.2,0.0010000169277191162
CiteSeer,0.5,7,0.8,0.3,0.0010000169277191162
CiteSeer,0.5,7,0.8,0.4,0.0010000169277191162
CiteSeer,0.5,7,0.8,0.5,0.0010000169277191162
CiteSeer,0.5,7,0.8,0.6,0.0010000169277191162
CiteSeer,0.5,7,0.8,0.7,0.0010000169277191162
CiteSeer,0.5,7,0.8,0.8,0.0010000169277191162
CiteSeer,0.5,7,0.8,0.9,0.0010000169277191162
CiteSeer,0.5,7,0.8,1.0,0.0010000169277191162
CiteSeer,0.5,7,0.9,0.0,-0.0020000040531158447
CiteSeer,0.5,7,0.9,0.1,0.011000007390975952
CiteSeer,0.5,7,0.9,0.2,0.0010000169277191162
CiteSeer,0.5,7,0.9,0.3,0.0010000169277191162
CiteSeer,0.5,7,0.9,0.4,0.0010000169277191162
CiteSeer,0.5,7,0.9,0.5,0.0010000169277191162
CiteSeer,0.5,7,0.9,0.6,0.0010000169277191162
CiteSeer,0.5,7,0.9,0.7,0.0010000169277191162
CiteSeer,0.5,7,0.9,0.8,0.0010000169277191162
CiteSeer,0.5,7,0.9,0.9,0.0010000169277191162
CiteSeer,0.5,7,0.9,1.0,0.0010000169277191162
CiteSeer,0.5,7,1.0,0.0,-0.0020000040531158447
CiteSeer,0.5,7,1.0,0.1,0.011000007390975952
CiteSeer,0.5,7,1.0,0.2,0.0010000169277191162
CiteSeer,0.5,7,1.0,0.3,0.0010000169277191162
CiteSeer,0.5,7,1.0,0.4,0.0010000169277191162
CiteSeer,0.5,7,1.0,0.5,0.0010000169277191162
CiteSeer,0.5,7,1.0,0.6,0.0010000169277191162
CiteSeer,0.5,7,1.0,0.7,0.0010000169277191162
CiteSeer,0.5,7,1.0,0.8,0.0010000169277191162
CiteSeer,0.5,7,1.0,0.9,0.0010000169277191162
CiteSeer,0.5,7,1.0,1.0,0.0010000169277191162
CiteSeer,0.5,8,0.1,0.0,0.015000015497207642
CiteSeer,0.5,8,0.1,0.1,0.014000028371810913
CiteSeer,0.5,8,0.1,0.2,0.014000028371810913
CiteSeer,0.5,8,0.1,0.3,0.014000028371810913
CiteSeer,0.5,8,0.1,0.4,-0.050999999046325684
CiteSeer,0.5,8,0.1,0.5,-0.050999999046325684
CiteSeer,0.5,8,0.1,0.6,-0.050999999046325684
CiteSeer,0.5,8,0.1,0.7,-0.050999999046325684
CiteSeer,0.5,8,0.1,0.8,-0.050999999046325684
CiteSeer,0.5,8,0.1,0.9,-0.050999999046325684
CiteSeer,0.5,8,0.1,1.0,-0.050999999046325684
CiteSeer,0.5,8,0.2,0.0,0.00899997353553772
CiteSeer,0.5,8,0.2,0.1,0.005000025033950806
CiteSeer,0.5,8,0.2,0.2,0.005000025033950806
CiteSeer,0.5,8,0.2,0.3,0.005000025033950806
CiteSeer,0.5,8,0.2,0.4,0.003999978303909302
CiteSeer,0.5,8,0.2,0.5,0.003999978303909302
CiteSeer,0.5,8,0.2,0.6,0.003999978303909302
CiteSeer,0.5,8,0.2,0.7,0.003999978303909302
CiteSeer,0.5,8,0.2,0.8,0.003999978303909302
CiteSeer,0.5,8,0.2,0.9,0.003999978303909302
CiteSeer,0.5,8,0.2,1.0,0.003999978303909302
CiteSeer,0.5,8,0.3,0.0,0.014000028371810913
CiteSeer,0.5,8,0.3,0.1,0.005000025033950806
CiteSeer,0.5,8,0.3,0.2,0.005000025033950806
CiteSeer,0.5,8,0.3,0.3,0.005000025033950806
CiteSeer,0.5,8,0.3,0.4,-0.034000009298324585
CiteSeer,0.5,8,0.3,0.5,-0.034000009298324585
CiteSeer,0.5,8,0.3,0.6,-0.034000009298324585
CiteSeer,0.5,8,0.3,0.7,-0.034000009298324585
CiteSeer,0.5,8,0.3,0.8,-0.034000009298324585
CiteSeer,0.5,8,0.3,0.9,-0.034000009298324585
CiteSeer,0.5,8,0.3,1.0,-0.034000009298324585
CiteSeer,0.5,8,0.4,0.0,0.014000028371810913
CiteSeer,0.5,8,0.4,0.1,0.005000025033950806
CiteSeer,0.5,8,0.4,0.2,0.005000025033950806
CiteSeer,0.5,8,0.4,0.3,0.005000025033950806
CiteSeer,0.5,8,0.4,0.4,-0.034000009298324585
CiteSeer,0.5,8,0.4,0.5,-0.034000009298324585
CiteSeer,0.5,8,0.4,0.6,-0.034000009298324585
CiteSeer,0.5,8,0.4,0.7,-0.034000009298324585
CiteSeer,0.5,8,0.4,0.8,-0.034000009298324585
CiteSeer,0.5,8,0.4,0.9,-0.034000009298324585
CiteSeer,0.5,8,0.4,1.0,-0.034000009298324585
CiteSeer,0.5,8,0.5,0.0,0.014000028371810913
CiteSeer,0.5,8,0.5,0.1,0.005000025033950806
CiteSeer,0.5,8,0.5,0.2,0.005000025033950806
CiteSeer,0.5,8,0.5,0.3,0.005000025033950806
CiteSeer,0.5,8,0.5,0.4,-0.034000009298324585
CiteSeer,0.5,8,0.5,0.5,-0.034000009298324585
CiteSeer,0.5,8,0.5,0.6,-0.034000009298324585
CiteSeer,0.5,8,0.5,0.7,-0.034000009298324585
CiteSeer,0.5,8,0.5,0.8,-0.034000009298324585
CiteSeer,0.5,8,0.5,0.9,-0.034000009298324585
CiteSeer,0.5,8,0.5,1.0,-0.034000009298324585
CiteSeer,0.5,8,0.6,0.0,0.014000028371810913
CiteSeer,0.5,8,0.6,0.1,0.005000025033950806
CiteSeer,0.5,8,0.6,0.2,0.005000025033950806
CiteSeer,0.5,8,0.6,0.3,0.005000025033950806
CiteSeer,0.5,8,0.6,0.4,-0.034000009298324585
CiteSeer,0.5,8,0.6,0.5,-0.034000009298324585
CiteSeer,0.5,8,0.6,0.6,-0.034000009298324585
CiteSeer,0.5,8,0.6,0.7,-0.034000009298324585
CiteSeer,0.5,8,0.6,0.8,-0.034000009298324585
CiteSeer,0.5,8,0.6,0.9,-0.034000009298324585
CiteSeer,0.5,8,0.6,1.0,-0.034000009298324585
CiteSeer,0.5,8,0.7,0.0,0.014000028371810913
CiteSeer,0.5,8,0.7,0.1,0.005000025033950806
CiteSeer,0.5,8,0.7,0.2,0.005000025033950806
CiteSeer,0.5,8,0.7,0.3,0.005000025033950806
CiteSeer,0.5,8,0.7,0.4,-0.034000009298324585
CiteSeer,0.5,8,0.7,0.5,-0.034000009298324585
CiteSeer,0.5,8,0.7,0.6,-0.034000009298324585
CiteSeer,0.5,8,0.7,0.7,-0.034000009298324585
CiteSeer,0.5,8,0.7,0.8,-0.034000009298324585
CiteSeer,0.5,8,0.7,0.9,-0.034000009298324585
CiteSeer,0.5,8,0.7,1.0,-0.034000009298324585
CiteSeer,0.5,8,0.8,0.0,0.014000028371810913
CiteSeer,0.5,8,0.8,0.1,0.005000025033950806
CiteSeer,0.5,8,0.8,0.2,0.005000025033950806
CiteSeer,0.5,8,0.8,0.3,0.005000025033950806
CiteSeer,0.5,8,0.8,0.4,-0.034000009298324585
CiteSeer,0.5,8,0.8,0.5,-0.034000009298324585
CiteSeer,0.5,8,0.8,0.6,-0.034000009298324585
CiteSeer,0.5,8,0.8,0.7,-0.034000009298324585
CiteSeer,0.5,8,0.8,0.8,-0.034000009298324585
CiteSeer,0.5,8,0.8,0.9,-0.034000009298324585
CiteSeer,0.5,8,0.8,1.0,-0.034000009298324585
CiteSeer,0.5,8,0.9,0.0,0.014000028371810913
CiteSeer,0.5,8,0.9,0.1,0.005000025033950806
CiteSeer,0.5,8,0.9,0.2,0.005000025033950806
CiteSeer,0.5,8,0.9,0.3,0.005000025033950806
CiteSeer,0.5,8,0.9,0.4,-0.034000009298324585
CiteSeer,0.5,8,0.9,0.5,-0.034000009298324585
CiteSeer,0.5,8,0.9,0.6,-0.034000009298324585
CiteSeer,0.5,8,0.9,0.7,-0.034000009298324585
CiteSeer,0.5,8,0.9,0.8,-0.034000009298324585
CiteSeer,0.5,8,0.9,0.9,-0.034000009298324585
CiteSeer,0.5,8,0.9,1.0,-0.034000009298324585
CiteSeer,0.5,8,1.0,0.0,0.007999986410140991
CiteSeer,0.5,8,1.0,0.1,0.0009999871253967285
CiteSeer,0.5,8,1.0,0.2,0.0009999871253967285
CiteSeer,0.5,8,1.0,0.3,0.0009999871253967285
CiteSeer,0.5,8,1.0,0.4,-0.034000009298324585
CiteSeer,0.5,8,1.0,0.5,-0.034000009298324585
CiteSeer,0.5,8,1.0,0.6,-0.034000009298324585
CiteSeer,0.5,8,1.0,0.7,-0.034000009298324585
CiteSeer,0.5,8,1.0,0.8,-0.034000009298324585
CiteSeer,0.5,8,1.0,0.9,-0.034000009298324585
CiteSeer,0.5,8,1.0,1.0,-0.034000009298324585
CiteSeer,0.5,9,0.1,0.0,-0.007999986410140991
CiteSeer,0.5,9,0.1,0.1,-0.01199999451637268
CiteSeer,0.5,9,0.1,0.2,-0.01199999451637268
CiteSeer,0.5,9,0.1,0.3,-0.01199999451637268
CiteSeer,0.5,9,0.1,0.4,-0.01199999451637268
CiteSeer,0.5,9,0.1,0.5,-0.01199999451637268
CiteSeer,0.5,9,0.1,0.6,-0.01299998164176941
CiteSeer,0.5,9,0.1,0.7,-0.01299998164176941
CiteSeer,0.5,9,0.1,0.8,-0.01299998164176941
CiteSeer,0.5,9,0.1,0.9,-0.01299998164176941
CiteSeer,0.5,9,0.1,1.0,-0.01299998164176941
CiteSeer,0.5,9,0.2,0.0,-0.02799999713897705
CiteSeer,0.5,9,0.2,0.1,-0.01299998164176941
CiteSeer,0.5,9,0.2,0.2,-0.01299998164176941
CiteSeer,0.5,9,0.2,0.3,-0.01299998164176941
CiteSeer,0.5,9,0.2,0.4,-0.01299998164176941
CiteSeer,0.5,9,0.2,0.5,-0.01299998164176941
CiteSeer,0.5,9,0.2,0.6,-0.019999980926513672
CiteSeer,0.5,9,0.2,0.7,-0.019999980926513672
CiteSeer,0.5,9,0.2,0.8,-0.019999980926513672
CiteSeer,0.5,9,0.2,0.9,-0.019999980926513672
CiteSeer,0.5,9,0.2,1.0,-0.019999980926513672
CiteSeer,0.5,9,0.3,0.0,-0.007999986410140991
CiteSeer,0.5,9,0.3,0.1,-0.011000007390975952
CiteSeer,0.5,9,0.3,0.2,-0.011000007390975952
CiteSeer,0.5,9,0.3,0.3,-0.011000007390975952
CiteSeer,0.5,9,0.3,0.4,-0.011000007390975952
CiteSeer,0.5,9,0.3,0.5,-0.011000007390975952
CiteSeer,0.5,9,0.3,0.6,-0.013999998569488525
CiteSeer,0.5,9,0.3,0.7,-0.013999998569488525
CiteSeer,0.5,9,0.3,0.8,-0.013999998569488525
CiteSeer,0.5,9,0.3,0.9,-0.013999998569488525
CiteSeer,0.5,9,0.3,1.0,-0.013999998569488525
CiteSeer,0.5,9,0.4,0.0,-0.007999986410140991
CiteSeer,0.5,9,0.4,0.1,-0.011000007390975952
CiteSeer,0.5,9,0.4,0.2,-0.011000007390975952
CiteSeer,0.5,9,0.4,0.3,-0.011000007390975952
CiteSeer,0.5,9,0.4,0.4,-0.011000007390975952
CiteSeer,0.5,9,0.4,0.5,-0.011000007390975952
CiteSeer,0.5,9,0.4,0.6,-0.013999998569488525
CiteSeer,0.5,9,0.4,0.7,-0.013999998569488525
CiteSeer,0.5,9,0.4,0.8,-0.013999998569488525
CiteSeer,0.5,9,0.4,0.9,-0.013999998569488525
CiteSeer,0.5,9,0.4,1.0,-0.013999998569488525
CiteSeer,0.5,9,0.5,0.0,-0.007999986410140991
CiteSeer,0.5,9,0.5,0.1,-0.011000007390975952
CiteSeer,0.5,9,0.5,0.2,-0.011000007390975952
CiteSeer,0.5,9,0.5,0.3,-0.011000007390975952
CiteSeer,0.5,9,0.5,0.4,-0.011000007390975952
CiteSeer,0.5,9,0.5,0.5,-0.011000007390975952
CiteSeer,0.5,9,0.5,0.6,-0.013999998569488525
CiteSeer,0.5,9,0.5,0.7,-0.013999998569488525
CiteSeer,0.5,9,0.5,0.8,-0.013999998569488525
CiteSeer,0.5,9,0.5,0.9,-0.013999998569488525
CiteSeer,0.5,9,0.5,1.0,-0.013999998569488525
CiteSeer,0.5,9,0.6,0.0,-0.007999986410140991
CiteSeer,0.5,9,0.6,0.1,-0.011000007390975952
CiteSeer,0.5,9,0.6,0.2,-0.011000007390975952
CiteSeer,0.5,9,0.6,0.3,-0.011000007390975952
CiteSeer,0.5,9,0.6,0.4,-0.011000007390975952
CiteSeer,0.5,9,0.6,0.5,-0.011000007390975952
CiteSeer,0.5,9,0.6,0.6,-0.013999998569488525
CiteSeer,0.5,9,0.6,0.7,-0.013999998569488525
CiteSeer,0.5,9,0.6,0.8,-0.013999998569488525
CiteSeer,0.5,9,0.6,0.9,-0.013999998569488525
CiteSeer,0.5,9,0.6,1.0,-0.013999998569488525
CiteSeer,0.5,9,0.7,0.0,-0.007999986410140991
CiteSeer,0.5,9,0.7,0.1,-0.011000007390975952
CiteSeer,0.5,9,0.7,0.2,-0.011000007390975952
CiteSeer,0.5,9,0.7,0.3,-0.011000007390975952
CiteSeer,0.5,9,0.7,0.4,-0.011000007390975952
CiteSeer,0.5,9,0.7,0.5,-0.011000007390975952
CiteSeer,0.5,9,0.7,0.6,-0.013999998569488525
CiteSeer,0.5,9,0.7,0.7,-0.013999998569488525
CiteSeer,0.5,9,0.7,0.8,-0.013999998569488525
CiteSeer,0.5,9,0.7,0.9,-0.013999998569488525
CiteSeer,0.5,9,0.7,1.0,-0.013999998569488525
CiteSeer,0.5,9,0.8,0.0,-0.007999986410140991
CiteSeer,0.5,9,0.8,0.1,-0.011000007390975952
CiteSeer,0.5,9,0.8,0.2,-0.011000007390975952
CiteSeer,0.5,9,0.8,0.3,-0.011000007390975952
CiteSeer,0.5,9,0.8,0.4,-0.011000007390975952
CiteSeer,0.5,9,0.8,0.5,-0.011000007390975952
CiteSeer,0.5,9,0.8,0.6,-0.013999998569488525
CiteSeer,0.5,9,0.8,0.7,-0.013999998569488525
CiteSeer,0.5,9,0.8,0.8,-0.013999998569488525
CiteSeer,0.5,9,0.8,0.9,-0.013999998569488525
CiteSeer,0.5,9,0.8,1.0,-0.013999998569488525
CiteSeer,0.5,9,0.9,0.0,-0.007999986410140991
CiteSeer,0.5,9,0.9,0.1,-0.011000007390975952
CiteSeer,0.5,9,0.9,0.2,-0.011000007390975952
CiteSeer,0.5,9,0.9,0.3,-0.011000007390975952
CiteSeer,0.5,9,0.9,0.4,-0.011000007390975952
CiteSeer,0.5,9,0.9,0.5,-0.011000007390975952
CiteSeer,0.5,9,0.9,0.6,-0.013999998569488525
CiteSeer,0.5,9,0.9,0.7,-0.013999998569488525
CiteSeer,0.5,9,0.9,0.8,-0.013999998569488525
CiteSeer,0.5,9,0.9,0.9,-0.013999998569488525
CiteSeer,0.5,9,0.9,1.0,-0.013999998569488525
CiteSeer,0.5,9,1.0,0.0,-0.009000003337860107
CiteSeer,0.5,9,1.0,0.1,-0.014999985694885254
CiteSeer,0.5,9,1.0,0.2,-0.014999985694885254
CiteSeer,0.5,9,1.0,0.3,-0.014999985694885254
CiteSeer,0.5,9,1.0,0.4,-0.014999985694885254
CiteSeer,0.5,9,1.0,0.5,-0.014999985694885254
CiteSeer,0.5,9,1.0,0.6,-0.01199999451637268
CiteSeer,0.5,9,1.0,0.7,-0.01199999451637268
CiteSeer,0.5,9,1.0,0.8,-0.01199999451637268
CiteSeer,0.5,9,1.0,0.9,-0.01199999451637268
CiteSeer,0.5,9,1.0,1.0,-0.01199999451637268
