dataset,noise_rate,seed,p_grd,dexp,gain
PubMed,0.1,0,0.0,0,-0.042999982833862305
PubMed,0.1,0,0.0,1,-0.05299997329711914
PubMed,0.1,0,0.0,2,-0.026000022888183594
PubMed,0.1,0,0.0,3,-0.07300001382827759
PubMed,0.1,0,0.0,4,-0.10799998044967651
PubMed,0.1,0,0.0,5,-0.04000002145767212
PubMed,0.1,0,0.0,6,-0.021000027656555176
PubMed,0.1,0,0.0,7,-0.02899998426437378
PubMed,0.1,0,0.0,8,-0.11900001764297485
PubMed,0.1,0,0.0,9,-0.06800001859664917
PubMed,0.1,0,0.0,10,-0.03600001335144043
PubMed,0.1,0,0.1,0,-0.015999972820281982
PubMed,0.1,0,0.1,1,-0.001999974250793457
PubMed,0.1,0,0.1,2,-0.041999995708465576
PubMed,0.1,0,0.1,3,-0.041999995708465576
PubMed,0.1,0,0.1,4,-0.03299999237060547
PubMed,0.1,0,0.1,5,-0.05500000715255737
PubMed,0.1,0,0.1,6,-0.05900001525878906
PubMed,0.1,0,0.1,7,-0.029999971389770508
PubMed,0.1,0,0.1,8,-0.038999974727630615
PubMed,0.1,0,0.1,9,-0.041999995708465576
PubMed,0.1,0,0.1,10,-0.038999974727630615
PubMed,0.1,0,0.2,0,-0.06499999761581421
PubMed,0.1,0,0.2,1,-0.05500000715255737
PubMed,0.1,0,0.2,2,-0.06199997663497925
PubMed,0.1,0,0.2,3,-0.05199998617172241
PubMed,0.1,0,0.2,4,-0.04100000858306885
PubMed,0.1,0,0.2,5,-0.014999985694885254
PubMed,0.1,0,0.2,6,-0.02899998426437378
PubMed,0.1,0,0.2,7,-0.018000006675720215
PubMed,0.1,0,0.2,8,-0.027000010013580322
PubMed,0.1,0,0.2,9,-0.001999974250793457
PubMed,0.1,0,0.2,10,-0.015999972820281982
PubMed,0.1,0,0.3,0,-0.018999993801116943
PubMed,0.1,0,0.3,1,-0.054000020027160645
PubMed,0.1,0,0.3,2,-0.046999990940093994
PubMed,0.1,0,0.3,3,-0.03299999237060547
PubMed,0.1,0,0.3,4,-0.03299999237060547
PubMed,0.1,0,0.3,5,-0.02899998426437378
PubMed,0.1,0,0.3,6,-0.009999990463256836
PubMed,0.1,0,0.3,7,-0.003000020980834961
PubMed,0.1,0,0.3,8,-0.003000020980834961
PubMed,0.1,0,0.3,9,0.0
PubMed,0.1,0,0.3,10,0.0
PubMed,0.1,0,0.4,0,-0.041999995708465576
PubMed,0.1,0,0.4,1,-0.06199997663497925
PubMed,0.1,0,0.4,2,-0.041999995708465576
PubMed,0.1,0,0.4,3,-0.022000014781951904
PubMed,0.1,0,0.4,4,-0.014999985694885254
PubMed,0.1,0,0.4,5,-0.003000020980834961
PubMed,0.1,0,0.4,6,0.0
PubMed,0.1,0,0.4,7,0.0
PubMed,0.1,0,0.4,8,0.0
PubMed,0.1,0,0.4,9,0.0
PubMed,0.1,0,0.4,10,0.0
PubMed,0.1,0,0.5,0,0.0009999871253967285
PubMed,0.1,0,0.5,1,-0.054000020027160645
PubMed,0.1,0,0.5,2,-0.026000022888183594
PubMed,0.1,0,0.5,3,-0.0009999871253967285
PubMed,0.1,0,0.5,4,-0.003000020980834961
PubMed,0.1,0,0.5,5,0.0
PubMed,0.1,0,0.5,6,0.0
PubMed,0.1,0,0.5,7,0.0
PubMed,0.1,0,0.5,8,0.0
PubMed,0.1,0,0.5,9,0.0
PubMed,0.1,0,0.5,10,0.0
PubMed,0.1,0,0.6,0,-0.02899998426437378
PubMed,0.1,0,0.6,1,-0.02499997615814209
PubMed,0.1,0,0.6,2,-0.03700000047683716
PubMed,0.1,0,0.6,3,-0.017000019550323486
PubMed,0.1,0,0.6,4,0.0
PubMed,0.1,0,0.6,5,0.0
PubMed,0.1,0,0.6,6,0.0
PubMed,0.1,0,0.6,7,0.0
PubMed,0.1,0,0.6,8,0.0
PubMed,0.1,0,0.6,9,0.0
PubMed,0.1,0,0.6,10,0.0
PubMed,0.1,0,0.7,0,-0.015999972820281982
PubMed,0.1,0,0.7,1,-0.015999972820281982
PubMed,0.1,0,0.7,2,0.0040000081062316895
PubMed,0.1,0,0.7,3,-0.003000020980834961
PubMed,0.1,0,0.7,4,0.0
PubMed,0.1,0,0.7,5,0.0
PubMed,0.1,0,0.7,6,0.0
PubMed,0.1,0,0.7,7,0.0
PubMed,0.1,0,0.7,8,0.0
PubMed,0.1,0,0.7,9,0.0
PubMed,0.1,0,0.7,10,0.0
PubMed,0.1,0,0.8,0,-0.0040000081062316895
PubMed,0.1,0,0.8,1,-0.03299999237060547
PubMed,0.1,0,0.8,2,-0.004999995231628418
PubMed,0.1,0,0.8,3,0.0
PubMed,0.1,0,0.8,4,0.0
PubMed,0.1,0,0.8,5,0.0
PubMed,0.1,0,0.8,6,0.0
PubMed,0.1,0,0.8,7,0.0
PubMed,0.1,0,0.8,8,0.0
PubMed,0.1,0,0.8,9,0.0
PubMed,0.1,0,0.8,10,0.0
PubMed,0.1,0,0.9,0,-0.02399998903274536
PubMed,0.1,0,0.9,1,0.009999990463256836
PubMed,0.1,0,0.9,2,0.0
PubMed,0.1,0,0.9,3,0.0
PubMed,0.1,0,0.9,4,0.0
PubMed,0.1,0,0.9,5,0.0
PubMed,0.1,0,0.9,6,0.0
PubMed,0.1,0,0.9,7,0.0
PubMed,0.1,0,0.9,8,0.0
PubMed,0.1,0,0.9,9,0.0
PubMed,0.1,0,0.9,10,0.0
PubMed,0.1,1,0.0,0,-0.026999950408935547
PubMed,0.1,1,0.0,1,-0.014999985694885254
PubMed,0.1,1,0.0,2,-0.03299999237060547
PubMed,0.1,1,0.0,3,0.00700002908706665
PubMed,0.1,1,0.0,4,-0.01799994707107544
PubMed,0.1,1,0.0,5,-0.042999982833862305
PubMed,0.1,1,0.0,6,-0.007999956607818604
PubMed,0.1,1,0.0,7,-0.0679999589920044
PubMed,0.1,1,0.0,8,-0.01799994707107544
PubMed,0.1,1,0.0,9,-0.14699995517730713
PubMed,0.1,1,0.0,10,-0.046000003814697266
PubMed,0.1,1,0.1,0,-0.011999964714050293
PubMed,0.1,1,0.1,1,0.0
PubMed,0.1,1,0.1,2,-0.050999999046325684
PubMed,0.1,1,0.1,3,-0.02899998426437378
PubMed,0.1,1,0.1,4,-0.015999972820281982
PubMed,0.1,1,0.1,5,-0.014999985694885254
PubMed,0.1,1,0.1,6,-0.015999972820281982
PubMed,0.1,1,0.1,7,-0.02399998903274536
PubMed,0.1,1,0.1,8,-0.026999950408935547
PubMed,0.1,1,0.1,9,-0.004999995231628418
PubMed,0.1,1,0.1,10,-0.02599996328353882
PubMed,0.1,1,0.2,0,-0.0209999680519104
PubMed,0.1,1,0.2,1,-0.04499995708465576
PubMed,0.1,1,0.2,2,-0.029999971389770508
PubMed,0.1,1,0.2,3,-0.0059999823570251465
PubMed,0.1,1,0.2,4,-0.013999998569488525
PubMed,0.1,1,0.2,5,0.003000020980834961
PubMed,0.1,1,0.2,6,-0.011999964714050293
PubMed,0.1,1,0.2,7,0.005000054836273193
PubMed,0.1,1,0.2,8,0.010000050067901611
PubMed,0.1,1,0.2,9,0.009000003337860107
PubMed,0.1,1,0.2,10,0.012000024318695068
PubMed,0.1,1,0.3,0,-0.023000001907348633
PubMed,0.1,1,0.3,1,-0.02599996328353882
PubMed,0.1,1,0.3,2,-0.015999972820281982
PubMed,0.1,1,0.3,3,0.01100003719329834
PubMed,0.1,1,0.3,4,-0.009999990463256836
PubMed,0.1,1,0.3,5,0.010000050067901611
PubMed,0.1,1,0.3,6,0.013999998569488525
PubMed,0.1,1,0.3,7,0.0
PubMed,0.1,1,0.3,8,0.0
PubMed,0.1,1,0.3,9,0.0
PubMed,0.1,1,0.3,10,0.0
PubMed,0.1,1,0.4,0,-0.008999943733215332
PubMed,0.1,1,0.4,1,-0.042999982833862305
PubMed,0.1,1,0.4,2,-0.031999945640563965
PubMed,0.1,1,0.4,3,-0.008999943733215332
PubMed,0.1,1,0.4,4,0.01900005340576172
PubMed,0.1,1,0.4,5,0.008000016212463379
PubMed,0.1,1,0.4,6,0.0
PubMed,0.1,1,0.4,7,0.0
PubMed,0.1,1,0.4,8,0.0
PubMed,0.1,1,0.4,9,0.0
PubMed,0.1,1,0.4,10,0.0
PubMed,0.1,1,0.5,0,0.03100001811981201
PubMed,0.1,1,0.5,1,-0.03700000047683716
PubMed,0.1,1,0.5,2,-0.012999951839447021
PubMed,0.1,1,0.5,3,0.010000050067901611
PubMed,0.1,1,0.5,4,0.008000016212463379
PubMed,0.1,1,0.5,5,0.0
PubMed,0.1,1,0.5,6,0.0
PubMed,0.1,1,0.5,7,0.0
PubMed,0.1,1,0.5,8,0.0
PubMed,0.1,1,0.5,9,0.0
PubMed,0.1,1,0.5,10,0.0
PubMed,0.1,1,0.6,0,0.005000054836273193
PubMed,0.1,1,0.6,1,-0.02799999713897705
PubMed,0.1,1,0.6,2,0.013000011444091797
PubMed,0.1,1,0.6,3,0.013999998569488525
PubMed,0.1,1,0.6,4,0.0
PubMed,0.1,1,0.6,5,0.0
PubMed,0.1,1,0.6,6,0.0
PubMed,0.1,1,0.6,7,0.0
PubMed,0.1,1,0.6,8,0.0
PubMed,0.1,1,0.6,9,0.0
PubMed,0.1,1,0.6,10,0.0
PubMed,0.1,1,0.7,0,0.025000035762786865
PubMed,0.1,1,0.7,1,-0.02399998903274536
PubMed,0.1,1,0.7,2,0.010000050067901611
PubMed,0.1,1,0.7,3,0.008000016212463379
PubMed,0.1,1,0.7,4,0.0
PubMed,0.1,1,0.7,5,0.0
PubMed,0.1,1,0.7,6,0.0
PubMed,0.1,1,0.7,7,0.0
PubMed,0.1,1,0.7,8,0.0
PubMed,0.1,1,0.7,9,0.0
PubMed,0.1,1,0.7,10,0.0
PubMed,0.1,1,0.8,0,0.01100003719329834
PubMed,0.1,1,0.8,1,-0.0029999613761901855
PubMed,0.1,1,0.8,2,0.00700002908706665
PubMed,0.1,1,0.8,3,0.0
PubMed,0.1,1,0.8,4,0.0
PubMed,0.1,1,0.8,5,0.0
PubMed,0.1,1,0.8,6,0.0
PubMed,0.1,1,0.8,7,0.0
PubMed,0.1,1,0.8,8,0.0
PubMed,0.1,1,0.8,9,0.0
PubMed,0.1,1,0.8,10,0.0
PubMed,0.1,1,0.9,0,0.00700002908706665
PubMed,0.1,1,0.9,1,0.012000024318695068
PubMed,0.1,1,0.9,2,0.0
PubMed,0.1,1,0.9,3,0.0
PubMed,0.1,1,0.9,4,0.0
PubMed,0.1,1,0.9,5,0.0
PubMed,0.1,1,0.9,6,0.0
PubMed,0.1,1,0.9,7,0.0
PubMed,0.1,1,0.9,8,0.0
PubMed,0.1,1,0.9,9,0.0
PubMed,0.1,1,0.9,10,0.0
PubMed,0.1,2,0.0,0,-0.008000016212463379
PubMed,0.1,2,0.0,1,-0.00700002908706665
PubMed,0.1,2,0.0,2,-0.0059999823570251465
PubMed,0.1,2,0.0,3,0.009000003337860107
PubMed,0.1,2,0.0,4,-0.012000024318695068
PubMed,0.1,2,0.0,5,-0.0040000081062316895
PubMed,0.1,2,0.0,6,-0.03200000524520874
PubMed,0.1,2,0.0,7,0.008000016212463379
PubMed,0.1,2,0.0,8,0.017000019550323486
PubMed,0.1,2,0.0,9,0.0
PubMed,0.1,2,0.0,10,-0.021000027656555176
PubMed,0.1,2,0.1,0,0.02399998903274536
PubMed,0.1,2,0.1,1,-0.03600001335144043
PubMed,0.1,2,0.1,2,0.003000020980834961
PubMed,0.1,2,0.1,3,-0.03299999237060547
PubMed,0.1,2,0.1,4,-0.010999977588653564
PubMed,0.1,2,0.1,5,-0.02899998426437378
PubMed,0.1,2,0.1,6,-0.0009999871253967285
PubMed,0.1,2,0.1,7,-0.02899998426437378
PubMed,0.1,2,0.1,8,0.0
PubMed,0.1,2,0.1,9,-0.0020000338554382324
PubMed,0.1,2,0.1,10,-0.012000024318695068
PubMed,0.1,2,0.2,0,-0.0339999794960022
PubMed,0.1,2,0.2,1,-0.021000027656555176
PubMed,0.1,2,0.2,2,-0.02799999713897705
PubMed,0.1,2,0.2,3,0.004999995231628418
PubMed,0.1,2,0.2,4,-0.023000001907348633
PubMed,0.1,2,0.2,5,0.008000016212463379
PubMed,0.1,2,0.2,6,0.0009999871253967285
PubMed,0.1,2,0.2,7,0.026000022888183594
PubMed,0.1,2,0.2,8,0.026000022888183594
PubMed,0.1,2,0.2,9,0.023000001907348633
PubMed,0.1,2,0.2,10,0.0339999794960022
PubMed,0.1,2,0.3,0,-0.0059999823570251465
PubMed,0.1,2,0.3,1,-0.04100000858306885
PubMed,0.1,2,0.3,2,0.0
PubMed,0.1,2,0.3,3,0.0009999871253967285
PubMed,0.1,2,0.3,4,-0.003000020980834961
PubMed,0.1,2,0.3,5,0.015999972820281982
PubMed,0.1,2,0.3,6,-0.0009999871253967285
PubMed,0.1,2,0.3,7,0.019999980926513672
PubMed,0.1,2,0.3,8,0.0
PubMed,0.1,2,0.3,9,0.0
PubMed,0.1,2,0.3,10,0.0
PubMed,0.1,2,0.4,0,-0.03200000524520874
PubMed,0.1,2,0.4,1,-0.04799997806549072
PubMed,0.1,2,0.4,2,-0.013000011444091797
PubMed,0.1,2,0.4,3,0.006999969482421875
PubMed,0.1,2,0.4,4,0.018999993801116943
PubMed,0.1,2,0.4,5,0.001999974250793457
PubMed,0.1,2,0.4,6,0.0
PubMed,0.1,2,0.4,7,0.0
PubMed,0.1,2,0.4,8,0.0
PubMed,0.1,2,0.4,9,0.0
PubMed,0.1,2,0.4,10,0.0
PubMed,0.1,2,0.5,0,-0.003000020980834961
PubMed,0.1,2,0.5,1,-0.026000022888183594
PubMed,0.1,2,0.5,2,-0.010999977588653564
PubMed,0.1,2,0.5,3,0.0209999680519104
PubMed,0.1,2,0.5,4,0.001999974250793457
PubMed,0.1,2,0.5,5,0.0
PubMed,0.1,2,0.5,6,0.0
PubMed,0.1,2,0.5,7,0.0
PubMed,0.1,2,0.5,8,0.0
PubMed,0.1,2,0.5,9,0.0
PubMed,0.1,2,0.5,10,0.0
PubMed,0.1,2,0.6,0,0.015999972820281982
PubMed,0.1,2,0.6,1,-0.008000016212463379
PubMed,0.1,2,0.6,2,0.014999985694885254
PubMed,0.1,2,0.6,3,0.0009999871253967285
PubMed,0.1,2,0.6,4,0.0
PubMed,0.1,2,0.6,5,0.0
PubMed,0.1,2,0.6,6,0.0
PubMed,0.1,2,0.6,7,0.0
PubMed,0.1,2,0.6,8,0.0
PubMed,0.1,2,0.6,9,0.0
PubMed,0.1,2,0.6,10,0.0
PubMed,0.1,2,0.7,0,-0.012000024318695068
PubMed,0.1,2,0.7,1,-0.013999998569488525
PubMed,0.1,2,0.7,2,0.006999969482421875
PubMed,0.1,2,0.7,3,0.0
PubMed,0.1,2,0.7,4,0.0
PubMed,0.1,2,0.7,5,0.0
PubMed,0.1,2,0.7,6,0.0
PubMed,0.1,2,0.7,7,0.0
PubMed,0.1,2,0.7,8,0.0
PubMed,0.1,2,0.7,9,0.0
PubMed,0.1,2,0.7,10,0.0
PubMed,0.1,2,0.8,0,0.010999977588653564
PubMed,0.1,2,0.8,1,0.013999998569488525
PubMed,0.1,2,0.8,2,0.0009999871253967285
PubMed,0.1,2,0.8,3,0.0
PubMed,0.1,2,0.8,4,0.0
PubMed,0.1,2,0.8,5,0.0
PubMed,0.1,2,0.8,6,0.0
PubMed,0.1,2,0.8,7,0.0
PubMed,0.1,2,0.8,8,0.0
PubMed,0.1,2,0.8,9,0.0
PubMed,0.1,2,0.8,10,0.0
PubMed,0.1,2,0.9,0,-0.0009999871253967285
PubMed,0.1,2,0.9,1,0.023000001907348633
PubMed,0.1,2,0.9,2,0.0
PubMed,0.1,2,0.9,3,0.0
PubMed,0.1,2,0.9,4,0.0
PubMed,0.1,2,0.9,5,0.0
PubMed,0.1,2,0.9,6,0.0
PubMed,0.1,2,0.9,7,0.0
PubMed,0.1,2,0.9,8,0.0
PubMed,0.1,2,0.9,9,0.0
PubMed,0.1,2,0.9,10,0.0
PubMed,0.1,3,0.0,0,-0.009000003337860107
PubMed,0.1,3,0.0,1,-0.001999974250793457
PubMed,0.1,3,0.0,2,-0.02399998903274536
PubMed,0.1,3,0.0,3,-0.0009999871253967285
PubMed,0.1,3,0.0,4,0.021000027656555176
PubMed,0.1,3,0.0,5,0.02799999713897705
PubMed,0.1,3,0.0,6,0.023000001907348633
PubMed,0.1,3,0.0,7,0.019999980926513672
PubMed,0.1,3,0.0,8,0.0
PubMed,0.1,3,0.0,9,0.003000020980834961
PubMed,0.1,3,0.0,10,0.013999998569488525
PubMed,0.1,3,0.1,0,0.03299999237060547
PubMed,0.1,3,0.1,1,0.04000002145767212
PubMed,0.1,3,0.1,2,-0.02899998426437378
PubMed,0.1,3,0.1,3,-0.022000014781951904
PubMed,0.1,3,0.1,4,-0.03200000524520874
PubMed,0.1,3,0.1,5,0.008000016212463379
PubMed,0.1,3,0.1,6,0.00700002908706665
PubMed,0.1,3,0.1,7,-0.013000011444091797
PubMed,0.1,3,0.1,8,0.0009999871253967285
PubMed,0.1,3,0.1,9,-0.003000020980834961
PubMed,0.1,3,0.1,10,-0.0009999871253967285
PubMed,0.1,3,0.2,0,-0.013999998569488525
PubMed,0.1,3,0.2,1,-0.02399998903274536
PubMed,0.1,3,0.2,2,-0.019999980926513672
PubMed,0.1,3,0.2,3,-0.011999964714050293
PubMed,0.1,3,0.2,4,0.0
PubMed,0.1,3,0.2,5,-0.004999995231628418
PubMed,0.1,3,0.2,6,0.012000024318695068
PubMed,0.1,3,0.2,7,0.018000006675720215
PubMed,0.1,3,0.2,8,0.02799999713897705
PubMed,0.1,3,0.2,9,0.02799999713897705
PubMed,0.1,3,0.2,10,-0.004999995231628418
PubMed,0.1,3,0.3,0,0.0350000262260437
PubMed,0.1,3,0.3,1,0.01100003719329834
PubMed,0.1,3,0.3,2,0.013000011444091797
PubMed,0.1,3,0.3,3,0.004999995231628418
PubMed,0.1,3,0.3,4,0.014999985694885254
PubMed,0.1,3,0.3,5,0.02399998903274536
PubMed,0.1,3,0.3,6,-0.008000016212463379
PubMed,0.1,3,0.3,7,-0.004999995231628418
PubMed,0.1,3,0.3,8,0.0
PubMed,0.1,3,0.3,9,0.0
PubMed,0.1,3,0.3,10,0.0
PubMed,0.1,3,0.4,0,0.008000016212463379
PubMed,0.1,3,0.4,1,-0.008000016212463379
PubMed,0.1,3,0.4,2,-0.009000003337860107
PubMed,0.1,3,0.4,3,0.014999985694885254
PubMed,0.1,3,0.4,4,0.02799999713897705
PubMed,0.1,3,0.4,5,-0.004999995231628418
PubMed,0.1,3,0.4,6,0.0
PubMed,0.1,3,0.4,7,0.0
PubMed,0.1,3,0.4,8,0.0
PubMed,0.1,3,0.4,9,0.0
PubMed,0.1,3,0.4,10,0.0
PubMed,0.1,3,0.5,0,0.030000030994415283
PubMed,0.1,3,0.5,1,-0.013000011444091797
PubMed,0.1,3,0.5,2,0.009000003337860107
PubMed,0.1,3,0.5,3,0.03100001811981201
PubMed,0.1,3,0.5,4,-0.004999995231628418
PubMed,0.1,3,0.5,5,0.0
PubMed,0.1,3,0.5,6,0.0
PubMed,0.1,3,0.5,7,0.0
PubMed,0.1,3,0.5,8,0.0
PubMed,0.1,3,0.5,9,0.0
PubMed,0.1,3,0.5,10,0.0
PubMed,0.1,3,0.6,0,0.025000035762786865
PubMed,0.1,3,0.6,1,0.0020000338554382324
PubMed,0.1,3,0.6,2,0.018000006675720215
PubMed,0.1,3,0.6,3,0.0059999823570251465
PubMed,0.1,3,0.6,4,0.0
PubMed,0.1,3,0.6,5,0.0
PubMed,0.1,3,0.6,6,0.0
PubMed,0.1,3,0.6,7,0.0
PubMed,0.1,3,0.6,8,0.0
PubMed,0.1,3,0.6,9,0.0
PubMed,0.1,3,0.6,10,0.0
PubMed,0.1,3,0.7,0,0.02399998903274536
PubMed,0.1,3,0.7,1,0.027000010013580322
PubMed,0.1,3,0.7,2,0.012000024318695068
PubMed,0.1,3,0.7,3,-0.004999995231628418
PubMed,0.1,3,0.7,4,0.0
PubMed,0.1,3,0.7,5,0.0
PubMed,0.1,3,0.7,6,0.0
PubMed,0.1,3,0.7,7,0.0
PubMed,0.1,3,0.7,8,0.0
PubMed,0.1,3,0.7,9,0.0
PubMed,0.1,3,0.7,10,0.0
PubMed,0.1,3,0.8,0,0.013000011444091797
PubMed,0.1,3,0.8,1,0.02899998426437378
PubMed,0.1,3,0.8,2,0.0
PubMed,0.1,3,0.8,3,0.0
PubMed,0.1,3,0.8,4,0.0
PubMed,0.1,3,0.8,5,0.0
PubMed,0.1,3,0.8,6,0.0
PubMed,0.1,3,0.8,7,0.0
PubMed,0.1,3,0.8,8,0.0
PubMed,0.1,3,0.8,9,0.0
PubMed,0.1,3,0.8,10,0.0
PubMed,0.1,3,0.9,0,0.025000035762786865
PubMed,0.1,3,0.9,1,0.023000001907348633
PubMed,0.1,3,0.9,2,-0.004999995231628418
PubMed,0.1,3,0.9,3,0.0
PubMed,0.1,3,0.9,4,0.0
PubMed,0.1,3,0.9,5,0.0
PubMed,0.1,3,0.9,6,0.0
PubMed,0.1,3,0.9,7,0.0
PubMed,0.1,3,0.9,8,0.0
PubMed,0.1,3,0.9,9,0.0
PubMed,0.1,3,0.9,10,0.0
PubMed,0.1,4,0.0,0,-0.018999993801116943
PubMed,0.1,4,0.0,1,-0.030000030994415283
PubMed,0.1,4,0.0,2,-0.10199999809265137
PubMed,0.1,4,0.0,3,-0.014999985694885254
PubMed,0.1,4,0.0,4,-0.025000035762786865
PubMed,0.1,4,0.0,5,-0.050000011920928955
PubMed,0.1,4,0.0,6,-0.046000003814697266
PubMed,0.1,4,0.0,7,-0.18300002813339233
PubMed,0.1,4,0.0,8,-0.053000032901763916
PubMed,0.1,4,0.0,9,-0.12200003862380981
PubMed,0.1,4,0.0,10,0.004999995231628418
PubMed,0.1,4,0.1,0,-0.04400002956390381
PubMed,0.1,4,0.1,1,-0.019999980926513672
PubMed,0.1,4,0.1,2,0.0009999871253967285
PubMed,0.1,4,0.1,3,-0.027000010013580322
PubMed,0.1,4,0.1,4,-0.018999993801116943
PubMed,0.1,4,0.1,5,-0.0040000081062316895
PubMed,0.1,4,0.1,6,0.038999974727630615
PubMed,0.1,4,0.1,7,-0.008000016212463379
PubMed,0.1,4,0.1,8,-0.021000027656555176
PubMed,0.1,4,0.1,9,0.009000003337860107
PubMed,0.1,4,0.1,10,0.003000020980834961
PubMed,0.1,4,0.2,0,0.004999995231628418
PubMed,0.1,4,0.2,1,-0.027000010013580322
PubMed,0.1,4,0.2,2,-0.023000001907348633
PubMed,0.1,4,0.2,3,-0.013999998569488525
PubMed,0.1,4,0.2,4,-0.004999995231628418
PubMed,0.1,4,0.2,5,-0.017000019550323486
PubMed,0.1,4,0.2,6,0.026000022888183594
PubMed,0.1,4,0.2,7,0.03299999237060547
PubMed,0.1,4,0.2,8,0.03100001811981201
PubMed,0.1,4,0.2,9,0.0339999794960022
PubMed,0.1,4,0.2,10,0.046000003814697266
PubMed,0.1,4,0.3,0,-0.018999993801116943
PubMed,0.1,4,0.3,1,-0.03100001811981201
PubMed,0.1,4,0.3,2,-0.013999998569488525
PubMed,0.1,4,0.3,3,-0.008000016212463379
PubMed,0.1,4,0.3,4,-0.0059999823570251465
PubMed,0.1,4,0.3,5,0.029999971389770508
PubMed,0.1,4,0.3,6,0.03700000047683716
PubMed,0.1,4,0.3,7,0.0
PubMed,0.1,4,0.3,8,0.0
PubMed,0.1,4,0.3,9,0.0
PubMed,0.1,4,0.3,10,0.0
PubMed,0.1,4,0.4,0,0.02399998903274536
PubMed,0.1,4,0.4,1,-0.013999998569488525
PubMed,0.1,4,0.4,2,-0.009000003337860107
PubMed,0.1,4,0.4,3,0.0
PubMed,0.1,4,0.4,4,0.0339999794960022
PubMed,0.1,4,0.4,5,0.0
PubMed,0.1,4,0.4,6,0.0
PubMed,0.1,4,0.4,7,0.0
PubMed,0.1,4,0.4,8,0.0
PubMed,0.1,4,0.4,9,0.0
PubMed,0.1,4,0.4,10,0.0
PubMed,0.1,4,0.5,0,0.009999990463256836
PubMed,0.1,4,0.5,1,-0.018000006675720215
PubMed,0.1,4,0.5,2,0.008000016212463379
PubMed,0.1,4,0.5,3,0.03600001335144043
PubMed,0.1,4,0.5,4,-0.0020000338554382324
PubMed,0.1,4,0.5,5,0.0
PubMed,0.1,4,0.5,6,0.0
PubMed,0.1,4,0.5,7,0.0
PubMed,0.1,4,0.5,8,0.0
PubMed,0.1,4,0.5,9,0.0
PubMed,0.1,4,0.5,10,0.0
PubMed,0.1,4,0.6,0,0.009000003337860107
PubMed,0.1,4,0.6,1,0.013999998569488525
PubMed,0.1,4,0.6,2,0.013999998569488525
PubMed,0.1,4,0.6,3,0.03700000047683716
PubMed,0.1,4,0.6,4,0.0
PubMed,0.1,4,0.6,5,0.0
PubMed,0.1,4,0.6,6,0.0
PubMed,0.1,4,0.6,7,0.0
PubMed,0.1,4,0.6,8,0.0
PubMed,0.1,4,0.6,9,0.0
PubMed,0.1,4,0.6,10,0.0
PubMed,0.1,4,0.7,0,-0.0040000081062316895
PubMed,0.1,4,0.7,1,0.010999977588653564
PubMed,0.1,4,0.7,2,0.027000010013580322
PubMed,0.1,4,0.7,3,0.0
PubMed,0.1,4,0.7,4,0.0
PubMed,0.1,4,0.7,5,0.0
PubMed,0.1,4,0.7,6,0.0
PubMed,0.1,4,0.7,7,0.0
PubMed,0.1,4,0.7,8,0.0
PubMed,0.1,4,0.7,9,0.0
PubMed,0.1,4,0.7,10,0.0
PubMed,0.1,4,0.8,0,0.0209999680519104
PubMed,0.1,4,0.8,1,0.013999998569488525
PubMed,0.1,4,0.8,2,0.03700000047683716
PubMed,0.1,4,0.8,3,0.0
PubMed,0.1,4,0.8,4,0.0
PubMed,0.1,4,0.8,5,0.0
PubMed,0.1,4,0.8,6,0.0
PubMed,0.1,4,0.8,7,0.0
PubMed,0.1,4,0.8,8,0.0
PubMed,0.1,4,0.8,9,0.0
PubMed,0.1,4,0.8,10,0.0
PubMed,0.1,4,0.9,0,0.04399996995925903
PubMed,0.1,4,0.9,1,0.014999985694885254
PubMed,0.1,4,0.9,2,0.0
PubMed,0.1,4,0.9,3,0.0
PubMed,0.1,4,0.9,4,0.0
PubMed,0.1,4,0.9,5,0.0
PubMed,0.1,4,0.9,6,0.0
PubMed,0.1,4,0.9,7,0.0
PubMed,0.1,4,0.9,8,0.0
PubMed,0.1,4,0.9,9,0.0
PubMed,0.1,4,0.9,10,0.0
PubMed,0.1,5,0.0,0,-0.034999966621398926
PubMed,0.1,5,0.0,1,-0.06499999761581421
PubMed,0.1,5,0.0,2,-0.02199995517730713
PubMed,0.1,5,0.0,3,-0.034999966621398926
PubMed,0.1,5,0.0,4,0.0020000338554382324
PubMed,0.1,5,0.0,5,-0.018000006675720215
PubMed,0.1,5,0.0,6,-0.08099997043609619
PubMed,0.1,5,0.0,7,-0.03200000524520874
PubMed,0.1,5,0.0,8,-0.018000006675720215
PubMed,0.1,5,0.0,9,-0.006999969482421875
PubMed,0.1,5,0.0,10,-0.013999998569488525
PubMed,0.1,5,0.1,0,-0.02799999713897705
PubMed,0.1,5,0.1,1,-0.014999985694885254
PubMed,0.1,5,0.1,2,-0.03700000047683716
PubMed,0.1,5,0.1,3,-0.02899998426437378
PubMed,0.1,5,0.1,4,-0.02799999713897705
PubMed,0.1,5,0.1,5,-0.009999990463256836
PubMed,0.1,5,0.1,6,-0.02199995517730713
PubMed,0.1,5,0.1,7,-0.023000001907348633
PubMed,0.1,5,0.1,8,-0.009000003337860107
PubMed,0.1,5,0.1,9,-0.013999998569488525
PubMed,0.1,5,0.1,10,0.0020000338554382324
PubMed,0.1,5,0.2,0,0.009999990463256836
PubMed,0.1,5,0.2,1,-0.029999971389770508
PubMed,0.1,5,0.2,2,-0.0339999794960022
PubMed,0.1,5,0.2,3,-0.009999990463256836
PubMed,0.1,5,0.2,4,-0.006999969482421875
PubMed,0.1,5,0.2,5,0.008000016212463379
PubMed,0.1,5,0.2,6,0.008000016212463379
PubMed,0.1,5,0.2,7,0.026000022888183594
PubMed,0.1,5,0.2,8,0.03200000524520874
PubMed,0.1,5,0.2,9,-0.012999951839447021
PubMed,0.1,5,0.2,10,0.009000003337860107
PubMed,0.1,5,0.3,0,0.0
PubMed,0.1,5,0.3,1,-0.04399996995925903
PubMed,0.1,5,0.3,2,-0.03200000524520874
PubMed,0.1,5,0.3,3,-0.0029999613761901855
PubMed,0.1,5,0.3,4,0.013000011444091797
PubMed,0.1,5,0.3,5,0.018000006675720215
PubMed,0.1,5,0.3,6,-0.012999951839447021
PubMed,0.1,5,0.3,7,0.0040000081062316895
PubMed,0.1,5,0.3,8,0.0
PubMed,0.1,5,0.3,9,0.0
PubMed,0.1,5,0.3,10,0.0
PubMed,0.1,5,0.4,0,-0.004999995231628418
PubMed,0.1,5,0.4,1,-0.02599996328353882
PubMed,0.1,5,0.4,2,-0.010999977588653564
PubMed,0.1,5,0.4,3,0.023000001907348633
PubMed,0.1,5,0.4,4,0.026000022888183594
PubMed,0.1,5,0.4,5,0.0040000081062316895
PubMed,0.1,5,0.4,6,0.0040000081062316895
PubMed,0.1,5,0.4,7,0.0
PubMed,0.1,5,0.4,8,0.0
PubMed,0.1,5,0.4,9,0.0
PubMed,0.1,5,0.4,10,0.0
PubMed,0.1,5,0.5,0,0.009999990463256836
PubMed,0.1,5,0.5,1,-0.0339999794960022
PubMed,0.1,5,0.5,2,0.013999998569488525
PubMed,0.1,5,0.5,3,0.018000006675720215
PubMed,0.1,5,0.5,4,0.006000041961669922
PubMed,0.1,5,0.5,5,0.0040000081062316895
PubMed,0.1,5,0.5,6,0.0
PubMed,0.1,5,0.5,7,0.0
PubMed,0.1,5,0.5,8,0.0
PubMed,0.1,5,0.5,9,0.0
PubMed,0.1,5,0.5,10,0.0
PubMed,0.1,5,0.6,0,0.008000016212463379
PubMed,0.1,5,0.6,1,-0.02399998903274536
PubMed,0.1,5,0.6,2,0.013999998569488525
PubMed,0.1,5,0.6,3,0.012000024318695068
PubMed,0.1,5,0.6,4,0.0040000081062316895
PubMed,0.1,5,0.6,5,0.0
PubMed,0.1,5,0.6,6,0.0
PubMed,0.1,5,0.6,7,0.0
PubMed,0.1,5,0.6,8,0.0
PubMed,0.1,5,0.6,9,0.0
PubMed,0.1,5,0.6,10,0.0
PubMed,0.1,5,0.7,0,0.009000003337860107
PubMed,0.1,5,0.7,1,-0.012999951839447021
PubMed,0.1,5,0.7,2,0.029000043869018555
PubMed,0.1,5,0.7,3,0.0
PubMed,0.1,5,0.7,4,0.0
PubMed,0.1,5,0.7,5,0.0
PubMed,0.1,5,0.7,6,0.0
PubMed,0.1,5,0.7,7,0.0
PubMed,0.1,5,0.7,8,0.0
PubMed,0.1,5,0.7,9,0.0
PubMed,0.1,5,0.7,10,0.0
PubMed,0.1,5,0.8,0,-0.006999969482421875
PubMed,0.1,5,0.8,1,0.009000003337860107
PubMed,0.1,5,0.8,2,0.012000024318695068
PubMed,0.1,5,0.8,3,0.0
PubMed,0.1,5,0.8,4,0.0
PubMed,0.1,5,0.8,5,0.0
PubMed,0.1,5,0.8,6,0.0
PubMed,0.1,5,0.8,7,0.0
PubMed,0.1,5,0.8,8,0.0
PubMed,0.1,5,0.8,9,0.0
PubMed,0.1,5,0.8,10,0.0
PubMed,0.1,5,0.9,0,-0.001999974250793457
PubMed,0.1,5,0.9,1,0.013000011444091797
PubMed,0.1,5,0.9,2,0.0
PubMed,0.1,5,0.9,3,0.0
PubMed,0.1,5,0.9,4,0.0
PubMed,0.1,5,0.9,5,0.0
PubMed,0.1,5,0.9,6,0.0
PubMed,0.1,5,0.9,7,0.0
PubMed,0.1,5,0.9,8,0.0
PubMed,0.1,5,0.9,9,0.0
PubMed,0.1,5,0.9,10,0.0
PubMed,0.1,6,0.0,0,-0.04400002956390381
PubMed,0.1,6,0.0,1,-0.053000032901763916
PubMed,0.1,6,0.0,2,-0.04500001668930054
PubMed,0.1,6,0.0,3,-0.057000041007995605
PubMed,0.1,6,0.0,4,-0.08799999952316284
PubMed,0.1,6,0.0,5,-0.022000014781951904
PubMed,0.1,6,0.0,6,-0.1980000138282776
PubMed,0.1,6,0.0,7,-0.10600000619888306
PubMed,0.1,6,0.0,8,-0.008000016212463379
PubMed,0.1,6,0.0,9,-0.06400001049041748
PubMed,0.1,6,0.0,10,-0.010000050067901611
PubMed,0.1,6,0.1,0,-0.02799999713897705
PubMed,0.1,6,0.1,1,-0.06499999761581421
PubMed,0.1,6,0.1,2,-0.05200004577636719
PubMed,0.1,6,0.1,3,-0.057000041007995605
PubMed,0.1,6,0.1,4,-0.0690000057220459
PubMed,0.1,6,0.1,5,-0.04500001668930054
PubMed,0.1,6,0.1,6,-0.020000040531158447
PubMed,0.1,6,0.1,7,-0.06700003147125244
PubMed,0.1,6,0.1,8,-0.03400003910064697
PubMed,0.1,6,0.1,9,-0.04000002145767212
PubMed,0.1,6,0.1,10,-0.025000035762786865
PubMed,0.1,6,0.2,0,-0.04900002479553223
PubMed,0.1,6,0.2,1,-0.04100000858306885
PubMed,0.1,6,0.2,2,-0.07700002193450928
PubMed,0.1,6,0.2,3,-0.09600001573562622
PubMed,0.1,6,0.2,4,-0.050000011920928955
PubMed,0.1,6,0.2,5,0.0029999613761901855
PubMed,0.1,6,0.2,6,-0.025000035762786865
PubMed,0.1,6,0.2,7,-0.009000003337860107
PubMed,0.1,6,0.2,8,-0.03200000524520874
PubMed,0.1,6,0.2,9,-0.03200000524520874
PubMed,0.1,6,0.2,10,-0.006000041961669922
PubMed,0.1,6,0.3,0,-0.0480000376701355
PubMed,0.1,6,0.3,1,-0.03600001335144043
PubMed,0.1,6,0.3,2,-0.05900001525878906
PubMed,0.1,6,0.3,3,-0.04100000858306885
PubMed,0.1,6,0.3,4,-0.02799999713897705
PubMed,0.1,6,0.3,5,-0.04000002145767212
PubMed,0.1,6,0.3,6,0.003999948501586914
PubMed,0.1,6,0.3,7,-0.009000003337860107
PubMed,0.1,6,0.3,8,-0.004999995231628418
PubMed,0.1,6,0.3,9,-0.004999995231628418
PubMed,0.1,6,0.3,10,-0.004999995231628418
PubMed,0.1,6,0.4,0,-0.061000049114227295
PubMed,0.1,6,0.4,1,-0.03800004720687866
PubMed,0.1,6,0.4,2,-0.08400005102157593
PubMed,0.1,6,0.4,3,-0.02799999713897705
PubMed,0.1,6,0.4,4,-0.022000014781951904
PubMed,0.1,6,0.4,5,-0.004999995231628418
PubMed,0.1,6,0.4,6,-0.004999995231628418
PubMed,0.1,6,0.4,7,-0.004999995231628418
PubMed,0.1,6,0.4,8,-0.004999995231628418
PubMed,0.1,6,0.4,9,0.0
PubMed,0.1,6,0.4,10,0.0
PubMed,0.1,6,0.5,0,-0.03700000047683716
PubMed,0.1,6,0.5,1,-0.07600003480911255
PubMed,0.1,6,0.5,2,-0.07100003957748413
PubMed,0.1,6,0.5,3,-0.04000002145767212
PubMed,0.1,6,0.5,4,0.003999948501586914
PubMed,0.1,6,0.5,5,-0.004999995231628418
PubMed,0.1,6,0.5,6,-0.004999995231628418
PubMed,0.1,6,0.5,7,-0.004999995231628418
PubMed,0.1,6,0.5,8,0.0
PubMed,0.1,6,0.5,9,0.0
PubMed,0.1,6,0.5,10,0.0
PubMed,0.1,6,0.6,0,-0.030000030994415283
PubMed,0.1,6,0.6,1,-0.06300002336502075
PubMed,0.1,6,0.6,2,-0.04000002145767212
PubMed,0.1,6,0.6,3,0.003999948501586914
PubMed,0.1,6,0.6,4,-0.004999995231628418
PubMed,0.1,6,0.6,5,-0.004999995231628418
PubMed,0.1,6,0.6,6,-0.004999995231628418
PubMed,0.1,6,0.6,7,0.0
PubMed,0.1,6,0.6,8,0.0
PubMed,0.1,6,0.6,9,0.0
PubMed,0.1,6,0.6,10,0.0
PubMed,0.1,6,0.7,0,-0.001000046730041504
PubMed,0.1,6,0.7,1,-0.06700003147125244
PubMed,0.1,6,0.7,2,-0.01500004529953003
PubMed,0.1,6,0.7,3,-0.004999995231628418
PubMed,0.1,6,0.7,4,-0.004999995231628418
PubMed,0.1,6,0.7,5,0.0
PubMed,0.1,6,0.7,6,0.0
PubMed,0.1,6,0.7,7,0.0
PubMed,0.1,6,0.7,8,0.0
PubMed,0.1,6,0.7,9,0.0
PubMed,0.1,6,0.7,10,0.0
PubMed,0.1,6,0.8,0,-0.04100000858306885
PubMed,0.1,6,0.8,1,-0.021000027656555176
PubMed,0.1,6,0.8,2,0.003999948501586914
PubMed,0.1,6,0.8,3,-0.004999995231628418
PubMed,0.1,6,0.8,4,0.0
PubMed,0.1,6,0.8,5,0.0
PubMed,0.1,6,0.8,6,0.0
PubMed,0.1,6,0.8,7,0.0
PubMed,0.1,6,0.8,8,0.0
PubMed,0.1,6,0.8,9,0.0
PubMed,0.1,6,0.8,10,0.0
PubMed,0.1,6,0.9,0,-0.0040000081062316895
PubMed,0.1,6,0.9,1,-0.04000002145767212
PubMed,0.1,6,0.9,2,0.0
PubMed,0.1,6,0.9,3,0.0
PubMed,0.1,6,0.9,4,0.0
PubMed,0.1,6,0.9,5,0.0
PubMed,0.1,6,0.9,6,0.0
PubMed,0.1,6,0.9,7,0.0
PubMed,0.1,6,0.9,8,0.0
PubMed,0.1,6,0.9,9,0.0
PubMed,0.1,6,0.9,10,0.0
PubMed,0.1,7,0.0,0,-0.04200005531311035
PubMed,0.1,7,0.0,1,-0.010000050067901611
PubMed,0.1,7,0.0,2,-0.04400002956390381
PubMed,0.1,7,0.0,3,-0.03800004720687866
PubMed,0.1,7,0.0,4,-0.018000006675720215
PubMed,0.1,7,0.0,5,-0.03600001335144043
PubMed,0.1,7,0.0,6,-0.009000003337860107
PubMed,0.1,7,0.0,7,-0.04000002145767212
PubMed,0.1,7,0.0,8,-0.020000040531158447
PubMed,0.1,7,0.0,9,-0.037000060081481934
PubMed,0.1,7,0.0,10,-0.008000016212463379
PubMed,0.1,7,0.1,0,-0.022000014781951904
PubMed,0.1,7,0.1,1,-0.03600001335144043
PubMed,0.1,7,0.1,2,-0.0140000581741333
PubMed,0.1,7,0.1,3,-0.009000003337860107
PubMed,0.1,7,0.1,4,-0.022000014781951904
PubMed,0.1,7,0.1,5,0.0059999823570251465
PubMed,0.1,7,0.1,6,-0.001000046730041504
PubMed,0.1,7,0.1,7,-0.009000003337860107
PubMed,0.1,7,0.1,8,-0.01500004529953003
PubMed,0.1,7,0.1,9,-0.021000027656555176
PubMed,0.1,7,0.1,10,-0.025000035762786865
PubMed,0.1,7,0.2,0,-0.026000022888183594
PubMed,0.1,7,0.2,1,-0.020000040531158447
PubMed,0.1,7,0.2,2,-0.01900005340576172
PubMed,0.1,7,0.2,3,-0.017000019550323486
PubMed,0.1,7,0.2,4,-0.005000054836273193
PubMed,0.1,7,0.2,5,-0.012000024318695068
PubMed,0.1,7,0.2,6,0.004999995231628418
PubMed,0.1,7,0.2,7,0.015999972820281982
PubMed,0.1,7,0.2,8,0.022999942302703857
PubMed,0.1,7,0.2,9,0.007999956607818604
PubMed,0.1,7,0.2,10,0.0009999871253967285
PubMed,0.1,7,0.3,0,-0.010000050067901611
PubMed,0.1,7,0.3,1,-0.03900003433227539
PubMed,0.1,7,0.3,2,-0.016000032424926758
PubMed,0.1,7,0.3,3,-0.017000019550323486
PubMed,0.1,7,0.3,4,0.02199995517730713
PubMed,0.1,7,0.3,5,0.02799999713897705
PubMed,0.1,7,0.3,6,0.029999971389770508
PubMed,0.1,7,0.3,7,-0.006000041961669922
PubMed,0.1,7,0.3,8,0.0
PubMed,0.1,7,0.3,9,0.0
PubMed,0.1,7,0.3,10,0.0
PubMed,0.1,7,0.4,0,-0.009000003337860107
PubMed,0.1,7,0.4,1,-0.033000051975250244
PubMed,0.1,7,0.4,2,-0.012000024318695068
PubMed,0.1,7,0.4,3,0.011999964714050293
PubMed,0.1,7,0.4,4,0.02199995517730713
PubMed,0.1,7,0.4,5,0.0059999823570251465
PubMed,0.1,7,0.4,6,0.0
PubMed,0.1,7,0.4,7,0.0
PubMed,0.1,7,0.4,8,0.0
PubMed,0.1,7,0.4,9,0.0
PubMed,0.1,7,0.4,10,0.0
PubMed,0.1,7,0.5,0,0.0009999871253967285
PubMed,0.1,7,0.5,1,-0.03100001811981201
PubMed,0.1,7,0.5,2,-0.012000024318695068
PubMed,0.1,7,0.5,3,0.022999942302703857
PubMed,0.1,7,0.5,4,0.014999985694885254
PubMed,0.1,7,0.5,5,0.0059999823570251465
PubMed,0.1,7,0.5,6,0.0
PubMed,0.1,7,0.5,7,0.0
PubMed,0.1,7,0.5,8,0.0
PubMed,0.1,7,0.5,9,0.0
PubMed,0.1,7,0.5,10,0.0
PubMed,0.1,7,0.6,0,-0.009000003337860107
PubMed,0.1,7,0.6,1,-0.03200000524520874
PubMed,0.1,7,0.6,2,0.012999951839447021
PubMed,0.1,7,0.6,3,0.0339999794960022
PubMed,0.1,7,0.6,4,0.0059999823570251465
PubMed,0.1,7,0.6,5,0.0
PubMed,0.1,7,0.6,6,0.0
PubMed,0.1,7,0.6,7,0.0
PubMed,0.1,7,0.6,8,0.0
PubMed,0.1,7,0.6,9,0.0
PubMed,0.1,7,0.6,10,0.0
PubMed,0.1,7,0.7,0,0.015999972820281982
PubMed,0.1,7,0.7,1,-0.0040000081062316895
PubMed,0.1,7,0.7,2,0.02199995517730713
PubMed,0.1,7,0.7,3,0.0059999823570251465
PubMed,0.1,7,0.7,4,0.0
PubMed,0.1,7,0.7,5,0.0
PubMed,0.1,7,0.7,6,0.0
PubMed,0.1,7,0.7,7,0.0
PubMed,0.1,7,0.7,8,0.0
PubMed,0.1,7,0.7,9,0.0
PubMed,0.1,7,0.7,10,0.0
PubMed,0.1,7,0.8,0,-0.026000022888183594
PubMed,0.1,7,0.8,1,0.01699995994567871
PubMed,0.1,7,0.8,2,0.026999950408935547
PubMed,0.1,7,0.8,3,0.0
PubMed,0.1,7,0.8,4,0.0
PubMed,0.1,7,0.8,5,0.0
PubMed,0.1,7,0.8,6,0.0
PubMed,0.1,7,0.8,7,0.0
PubMed,0.1,7,0.8,8,0.0
PubMed,0.1,7,0.8,9,0.0
PubMed,0.1,7,0.8,10,0.0
PubMed,0.1,7,0.9,0,-0.0040000081062316895
PubMed,0.1,7,0.9,1,0.02499997615814209
PubMed,0.1,7,0.9,2,-0.006000041961669922
PubMed,0.1,7,0.9,3,0.0
PubMed,0.1,7,0.9,4,0.0
PubMed,0.1,7,0.9,5,0.0
PubMed,0.1,7,0.9,6,0.0
PubMed,0.1,7,0.9,7,0.0
PubMed,0.1,7,0.9,8,0.0
PubMed,0.1,7,0.9,9,0.0
PubMed,0.1,7,0.9,10,0.0
PubMed,0.1,8,0.0,0,-0.2690000534057617
PubMed,0.1,8,0.0,1,0.010999977588653564
PubMed,0.1,8,0.0,2,0.009999990463256836
PubMed,0.1,8,0.0,3,-0.046000003814697266
PubMed,0.1,8,0.0,4,-0.14500004053115845
PubMed,0.1,8,0.0,5,-0.027000010013580322
PubMed,0.1,8,0.0,6,0.0009999871253967285
PubMed,0.1,8,0.0,7,-0.24100002646446228
PubMed,0.1,8,0.0,8,-0.01500004529953003
PubMed,0.1,8,0.0,9,-0.026000022888183594
PubMed,0.1,8,0.0,10,-0.04300004243850708
PubMed,0.1,8,0.1,0,-0.03100001811981201
PubMed,0.1,8,0.1,1,-0.03800004720687866
PubMed,0.1,8,0.1,2,-0.027000010013580322
PubMed,0.1,8,0.1,3,-0.013000011444091797
PubMed,0.1,8,0.1,4,-0.018000006675720215
PubMed,0.1,8,0.1,5,0.0029999613761901855
PubMed,0.1,8,0.1,6,-0.0040000081062316895
PubMed,0.1,8,0.1,7,-0.024000048637390137
PubMed,0.1,8,0.1,8,0.010999977588653564
PubMed,0.1,8,0.1,9,-0.005000054836273193
PubMed,0.1,8,0.1,10,-0.024000048637390137
PubMed,0.1,8,0.2,0,0.015999972820281982
PubMed,0.1,8,0.2,1,-0.01500004529953003
PubMed,0.1,8,0.2,2,-0.03100001811981201
PubMed,0.1,8,0.2,3,-0.030000030994415283
PubMed,0.1,8,0.2,4,-0.006000041961669922
PubMed,0.1,8,0.2,5,-0.005000054836273193
PubMed,0.1,8,0.2,6,0.0029999613761901855
PubMed,0.1,8,0.2,7,-0.008000016212463379
PubMed,0.1,8,0.2,8,-0.0040000081062316895
PubMed,0.1,8,0.2,9,0.004999995231628418
PubMed,0.1,8,0.2,10,-0.005000054836273193
PubMed,0.1,8,0.3,0,-0.05600005388259888
PubMed,0.1,8,0.3,1,-0.0040000081062316895
PubMed,0.1,8,0.3,2,-0.008000016212463379
PubMed,0.1,8,0.3,3,-0.0020000338554382324
PubMed,0.1,8,0.3,4,-0.01100003719329834
PubMed,0.1,8,0.3,5,0.006999969482421875
PubMed,0.1,8,0.3,6,-0.020000040531158447
PubMed,0.1,8,0.3,7,-0.01100003719329834
PubMed,0.1,8,0.3,8,0.0
PubMed,0.1,8,0.3,9,0.0
PubMed,0.1,8,0.3,10,0.0
PubMed,0.1,8,0.4,0,0.0209999680519104
PubMed,0.1,8,0.4,1,-0.018000006675720215
PubMed,0.1,8,0.4,2,0.003999948501586914
PubMed,0.1,8,0.4,3,0.004999995231628418
PubMed,0.1,8,0.4,4,0.003999948501586914
PubMed,0.1,8,0.4,5,-0.01100003719329834
PubMed,0.1,8,0.4,6,0.0
PubMed,0.1,8,0.4,7,0.0
PubMed,0.1,8,0.4,8,0.0
PubMed,0.1,8,0.4,9,0.0
PubMed,0.1,8,0.4,10,0.0
PubMed,0.1,8,0.5,0,0.0059999823570251465
PubMed,0.1,8,0.5,1,-0.009000003337860107
PubMed,0.1,8,0.5,2,0.015999972820281982
PubMed,0.1,8,0.5,3,-0.001000046730041504
PubMed,0.1,8,0.5,4,-0.01100003719329834
PubMed,0.1,8,0.5,5,0.0
PubMed,0.1,8,0.5,6,0.0
PubMed,0.1,8,0.5,7,0.0
PubMed,0.1,8,0.5,8,0.0
PubMed,0.1,8,0.5,9,0.0
PubMed,0.1,8,0.5,10,0.0
PubMed,0.1,8,0.6,0,0.0
PubMed,0.1,8,0.6,1,0.007999956607818604
PubMed,0.1,8,0.6,2,0.001999974250793457
PubMed,0.1,8,0.6,3,-0.012000024318695068
PubMed,0.1,8,0.6,4,0.0
PubMed,0.1,8,0.6,5,0.0
PubMed,0.1,8,0.6,6,0.0
PubMed,0.1,8,0.6,7,0.0
PubMed,0.1,8,0.6,8,0.0
PubMed,0.1,8,0.6,9,0.0
PubMed,0.1,8,0.6,10,0.0
PubMed,0.1,8,0.7,0,0.0009999871253967285
PubMed,0.1,8,0.7,1,-0.01500004529953003
PubMed,0.1,8,0.7,2,-0.009000003337860107
PubMed,0.1,8,0.7,3,-0.01100003719329834
PubMed,0.1,8,0.7,4,0.0
PubMed,0.1,8,0.7,5,0.0
PubMed,0.1,8,0.7,6,0.0
PubMed,0.1,8,0.7,7,0.0
PubMed,0.1,8,0.7,8,0.0
PubMed,0.1,8,0.7,9,0.0
PubMed,0.1,8,0.7,10,0.0
PubMed,0.1,8,0.8,0,0.007999956607818604
PubMed,0.1,8,0.8,1,-0.00700002908706665
PubMed,0.1,8,0.8,2,-0.012000024318695068
PubMed,0.1,8,0.8,3,0.0
PubMed,0.1,8,0.8,4,0.0
PubMed,0.1,8,0.8,5,0.0
PubMed,0.1,8,0.8,6,0.0
PubMed,0.1,8,0.8,7,0.0
PubMed,0.1,8,0.8,8,0.0
PubMed,0.1,8,0.8,9,0.0
PubMed,0.1,8,0.8,10,0.0
PubMed,0.1,8,0.9,0,0.0059999823570251465
PubMed,0.1,8,0.9,1,0.001999974250793457
PubMed,0.1,8,0.9,2,0.0
PubMed,0.1,8,0.9,3,0.0
PubMed,0.1,8,0.9,4,0.0
PubMed,0.1,8,0.9,5,0.0
PubMed,0.1,8,0.9,6,0.0
PubMed,0.1,8,0.9,7,0.0
PubMed,0.1,8,0.9,8,0.0
PubMed,0.1,8,0.9,9,0.0
PubMed,0.1,8,0.9,10,0.0
PubMed,0.1,9,0.0,0,0.0209999680519104
PubMed,0.1,9,0.0,1,0.004999995231628418
PubMed,0.1,9,0.0,2,-0.003000020980834961
PubMed,0.1,9,0.0,3,0.001999974250793457
PubMed,0.1,9,0.0,4,0.04899996519088745
PubMed,0.1,9,0.0,5,0.0559999942779541
PubMed,0.1,9,0.0,6,0.046000003814697266
PubMed,0.1,9,0.0,7,0.03700000047683716
PubMed,0.1,9,0.0,8,0.050999999046325684
PubMed,0.1,9,0.0,9,0.01799994707107544
PubMed,0.1,9,0.0,10,0.046000003814697266
PubMed,0.1,9,0.1,0,0.006999969482421875
PubMed,0.1,9,0.1,1,0.0339999794960022
PubMed,0.1,9,0.1,2,0.009000003337860107
PubMed,0.1,9,0.1,3,0.0339999794960022
PubMed,0.1,9,0.1,4,0.01699995994567871
PubMed,0.1,9,0.1,5,0.04499995708465576
PubMed,0.1,9,0.1,6,0.019999980926513672
PubMed,0.1,9,0.1,7,0.06099998950958252
PubMed,0.1,9,0.1,8,0.02899998426437378
PubMed,0.1,9,0.1,9,0.03700000047683716
PubMed,0.1,9,0.1,10,0.02899998426437378
PubMed,0.1,9,0.2,0,0.038999974727630615
PubMed,0.1,9,0.2,1,0.007999956607818604
PubMed,0.1,9,0.2,2,0.007999956607818604
PubMed,0.1,9,0.2,3,-0.009000003337860107
PubMed,0.1,9,0.2,4,0.038999974727630615
PubMed,0.1,9,0.2,5,0.04799997806549072
PubMed,0.1,9,0.2,6,0.05199998617172241
PubMed,0.1,9,0.2,7,0.046999990940093994
PubMed,0.1,9,0.2,8,0.0559999942779541
PubMed,0.1,9,0.2,9,0.023000001907348633
PubMed,0.1,9,0.2,10,0.023000001907348633
PubMed,0.1,9,0.3,0,0.03700000047683716
PubMed,0.1,9,0.3,1,0.04099994897842407
PubMed,0.1,9,0.3,2,0.019999980926513672
PubMed,0.1,9,0.3,3,0.041999995708465576
PubMed,0.1,9,0.3,4,0.06000000238418579
PubMed,0.1,9,0.3,5,0.02599996328353882
PubMed,0.1,9,0.3,6,-0.0020000338554382324
PubMed,0.1,9,0.3,7,0.0
PubMed,0.1,9,0.3,8,0.0
PubMed,0.1,9,0.3,9,0.0
PubMed,0.1,9,0.3,10,0.0
PubMed,0.1,9,0.4,0,0.041999995708465576
PubMed,0.1,9,0.4,1,0.009000003337860107
PubMed,0.1,9,0.4,2,0.042999982833862305
PubMed,0.1,9,0.4,3,0.04399996995925903
PubMed,0.1,9,0.4,4,0.011999964714050293
PubMed,0.1,9,0.4,5,0.0
PubMed,0.1,9,0.4,6,0.0
PubMed,0.1,9,0.4,7,0.0
PubMed,0.1,9,0.4,8,0.0
PubMed,0.1,9,0.4,9,0.0
PubMed,0.1,9,0.4,10,0.0
PubMed,0.1,9,0.5,0,0.0559999942779541
PubMed,0.1,9,0.5,1,0.018999993801116943
PubMed,0.1,9,0.5,2,0.04399996995925903
PubMed,0.1,9,0.5,3,0.001999974250793457
PubMed,0.1,9,0.5,4,0.0
PubMed,0.1,9,0.5,5,0.0
PubMed,0.1,9,0.5,6,0.0
PubMed,0.1,9,0.5,7,0.0
PubMed,0.1,9,0.5,8,0.0
PubMed,0.1,9,0.5,9,0.0
PubMed,0.1,9,0.5,10,0.0
PubMed,0.1,9,0.6,0,0.05799996852874756
PubMed,0.1,9,0.6,1,0.04099994897842407
PubMed,0.1,9,0.6,2,0.04399996995925903
PubMed,0.1,9,0.6,3,-0.0020000338554382324
PubMed,0.1,9,0.6,4,0.0
PubMed,0.1,9,0.6,5,0.0
PubMed,0.1,9,0.6,6,0.0
PubMed,0.1,9,0.6,7,0.0
PubMed,0.1,9,0.6,8,0.0
PubMed,0.1,9,0.6,9,0.0
PubMed,0.1,9,0.6,10,0.0
PubMed,0.1,9,0.7,0,0.06699997186660767
PubMed,0.1,9,0.7,1,0.06299996376037598
PubMed,0.1,9,0.7,2,0.02899998426437378
PubMed,0.1,9,0.7,3,0.0
PubMed,0.1,9,0.7,4,0.0
PubMed,0.1,9,0.7,5,0.0
PubMed,0.1,9,0.7,6,0.0
PubMed,0.1,9,0.7,7,0.0
PubMed,0.1,9,0.7,8,0.0
PubMed,0.1,9,0.7,9,0.0
PubMed,0.1,9,0.7,10,0.0
PubMed,0.1,9,0.8,0,0.06099998950958252
PubMed,0.1,9,0.8,1,0.0559999942779541
PubMed,0.1,9,0.8,2,-0.0020000338554382324
PubMed,0.1,9,0.8,3,0.0
PubMed,0.1,9,0.8,4,0.0
PubMed,0.1,9,0.8,5,0.0
PubMed,0.1,9,0.8,6,0.0
PubMed,0.1,9,0.8,7,0.0
PubMed,0.1,9,0.8,8,0.0
PubMed,0.1,9,0.8,9,0.0
PubMed,0.1,9,0.8,10,0.0
PubMed,0.1,9,0.9,0,0.026999950408935547
PubMed,0.1,9,0.9,1,0.018999993801116943
PubMed,0.1,9,0.9,2,0.0
PubMed,0.1,9,0.9,3,0.0
PubMed,0.1,9,0.9,4,0.0
PubMed,0.1,9,0.9,5,0.0
PubMed,0.1,9,0.9,6,0.0
PubMed,0.1,9,0.9,7,0.0
PubMed,0.1,9,0.9,8,0.0
PubMed,0.1,9,0.9,9,0.0
PubMed,0.1,9,0.9,10,0.0
PubMed,0.2,0,0.0,0,0.034999966621398926
PubMed,0.2,0,0.0,1,0.007999956607818604
PubMed,0.2,0,0.0,2,-0.03700000047683716
PubMed,0.2,0,0.0,3,0.009999990463256836
PubMed,0.2,0,0.0,4,0.03200000524520874
PubMed,0.2,0,0.0,5,0.014999985694885254
PubMed,0.2,0,0.0,6,0.05199998617172241
PubMed,0.2,0,0.0,7,-0.025000035762786865
PubMed,0.2,0,0.0,8,0.009000003337860107
PubMed,0.2,0,0.0,9,0.03200000524520874
PubMed,0.2,0,0.0,10,0.004999995231628418
PubMed,0.2,0,0.1,0,0.0009999871253967285
PubMed,0.2,0,0.1,1,0.0209999680519104
PubMed,0.2,0,0.1,2,0.02599996328353882
PubMed,0.2,0,0.1,3,-0.026000022888183594
PubMed,0.2,0,0.1,4,0.0040000081062316895
PubMed,0.2,0,0.1,5,0.004999995231628418
PubMed,0.2,0,0.1,6,0.029999971389770508
PubMed,0.2,0,0.1,7,0.023000001907348633
PubMed,0.2,0,0.1,8,0.013999998569488525
PubMed,0.2,0,0.1,9,0.018999993801116943
PubMed,0.2,0,0.1,10,0.03299999237060547
PubMed,0.2,0,0.2,0,0.0209999680519104
PubMed,0.2,0,0.2,1,0.030999958515167236
PubMed,0.2,0,0.2,2,0.019999980926513672
PubMed,0.2,0,0.2,3,0.001999974250793457
PubMed,0.2,0,0.2,4,0.02199995517730713
PubMed,0.2,0,0.2,5,0.013000011444091797
PubMed,0.2,0,0.2,6,0.0040000081062316895
PubMed,0.2,0,0.2,7,0.006999969482421875
PubMed,0.2,0,0.2,8,0.019999980926513672
PubMed,0.2,0,0.2,9,0.013999998569488525
PubMed,0.2,0,0.2,10,0.001999974250793457
PubMed,0.2,0,0.3,0,0.007999956607818604
PubMed,0.2,0,0.3,1,0.009999990463256836
PubMed,0.2,0,0.3,2,0.014999985694885254
PubMed,0.2,0,0.3,3,-0.0020000338554382324
PubMed,0.2,0,0.3,4,0.001999974250793457
PubMed,0.2,0,0.3,5,0.0
PubMed,0.2,0,0.3,6,0.010999977588653564
PubMed,0.2,0,0.3,7,0.0
PubMed,0.2,0,0.3,8,0.0
PubMed,0.2,0,0.3,9,0.0
PubMed,0.2,0,0.3,10,0.0
PubMed,0.2,0,0.4,0,0.03299999237060547
PubMed,0.2,0,0.4,1,0.006999969482421875
PubMed,0.2,0,0.4,2,0.014999985694885254
PubMed,0.2,0,0.4,3,0.0029999613761901855
PubMed,0.2,0,0.4,4,0.010999977588653564
PubMed,0.2,0,0.4,5,0.0
PubMed,0.2,0,0.4,6,0.0029999613761901855
PubMed,0.2,0,0.4,7,0.0
PubMed,0.2,0,0.4,8,0.0
PubMed,0.2,0,0.4,9,0.0
PubMed,0.2,0,0.4,10,0.0
PubMed,0.2,0,0.5,0,0.007999956607818604
PubMed,0.2,0,0.5,1,0.030999958515167236
PubMed,0.2,0,0.5,2,0.013999998569488525
PubMed,0.2,0,0.5,3,0.01699995994567871
PubMed,0.2,0,0.5,4,0.0029999613761901855
PubMed,0.2,0,0.5,5,0.0
PubMed,0.2,0,0.5,6,0.0
PubMed,0.2,0,0.5,7,0.0
PubMed,0.2,0,0.5,8,0.0
PubMed,0.2,0,0.5,9,0.0
PubMed,0.2,0,0.5,10,0.0
PubMed,0.2,0,0.6,0,0.01699995994567871
PubMed,0.2,0,0.6,1,0.01699995994567871
PubMed,0.2,0,0.6,2,0.01699995994567871
PubMed,0.2,0,0.6,3,0.0
PubMed,0.2,0,0.6,4,0.0029999613761901855
PubMed,0.2,0,0.6,5,0.0
PubMed,0.2,0,0.6,6,0.0
PubMed,0.2,0,0.6,7,0.0
PubMed,0.2,0,0.6,8,0.0
PubMed,0.2,0,0.6,9,0.0
PubMed,0.2,0,0.6,10,0.0
PubMed,0.2,0,0.7,0,0.009999990463256836
PubMed,0.2,0,0.7,1,0.019999980926513672
PubMed,0.2,0,0.7,2,0.014999985694885254
PubMed,0.2,0,0.7,3,0.0029999613761901855
PubMed,0.2,0,0.7,4,0.0
PubMed,0.2,0,0.7,5,0.0
PubMed,0.2,0,0.7,6,0.0
PubMed,0.2,0,0.7,7,0.0
PubMed,0.2,0,0.7,8,0.0
PubMed,0.2,0,0.7,9,0.0
PubMed,0.2,0,0.7,10,0.0
PubMed,0.2,0,0.8,0,0.019999980926513672
PubMed,0.2,0,0.8,1,0.023000001907348633
PubMed,0.2,0,0.8,2,0.0
PubMed,0.2,0,0.8,3,0.0
PubMed,0.2,0,0.8,4,0.0
PubMed,0.2,0,0.8,5,0.0
PubMed,0.2,0,0.8,6,0.0
PubMed,0.2,0,0.8,7,0.0
PubMed,0.2,0,0.8,8,0.0
PubMed,0.2,0,0.8,9,0.0
PubMed,0.2,0,0.8,10,0.0
PubMed,0.2,0,0.9,0,0.01699995994567871
PubMed,0.2,0,0.9,1,0.01699995994567871
PubMed,0.2,0,0.9,2,0.0029999613761901855
PubMed,0.2,0,0.9,3,0.0
PubMed,0.2,0,0.9,4,0.0
PubMed,0.2,0,0.9,5,0.0
PubMed,0.2,0,0.9,6,0.0
PubMed,0.2,0,0.9,7,0.0
PubMed,0.2,0,0.9,8,0.0
PubMed,0.2,0,0.9,9,0.0
PubMed,0.2,0,0.9,10,0.0
PubMed,0.2,1,0.0,0,0.018999993801116943
PubMed,0.2,1,0.0,1,-0.01699995994567871
PubMed,0.2,1,0.0,2,-0.0059999823570251465
PubMed,0.2,1,0.0,3,0.018000006675720215
PubMed,0.2,1,0.0,4,0.057000041007995605
PubMed,0.2,1,0.0,5,0.046000003814697266
PubMed,0.2,1,0.0,6,0.03299999237060547
PubMed,0.2,1,0.0,7,0.029000043869018555
PubMed,0.2,1,0.0,8,0.03700000047683716
PubMed,0.2,1,0.0,9,0.03299999237060547
PubMed,0.2,1,0.0,10,0.030000030994415283
PubMed,0.2,1,0.1,0,0.008000016212463379
PubMed,0.2,1,0.1,1,0.030000030994415283
PubMed,0.2,1,0.1,2,0.03100001811981201
PubMed,0.2,1,0.1,3,0.017000019550323486
PubMed,0.2,1,0.1,4,0.018999993801116943
PubMed,0.2,1,0.1,5,0.023000001907348633
PubMed,0.2,1,0.1,6,0.03200000524520874
PubMed,0.2,1,0.1,7,0.021000027656555176
PubMed,0.2,1,0.1,8,0.04900002479553223
PubMed,0.2,1,0.1,9,0.03200000524520874
PubMed,0.2,1,0.1,10,0.03900003433227539
PubMed,0.2,1,0.2,0,0.023000001907348633
PubMed,0.2,1,0.2,1,-0.006999969482421875
PubMed,0.2,1,0.2,2,-0.030999958515167236
PubMed,0.2,1,0.2,3,0.03700000047683716
PubMed,0.2,1,0.2,4,0.04100000858306885
PubMed,0.2,1,0.2,5,0.018000006675720215
PubMed,0.2,1,0.2,6,0.026000022888183594
PubMed,0.2,1,0.2,7,0.03299999237060547
PubMed,0.2,1,0.2,8,0.012000024318695068
PubMed,0.2,1,0.2,9,0.03400003910064697
PubMed,0.2,1,0.2,10,0.03700000047683716
PubMed,0.2,1,0.3,0,0.009999990463256836
PubMed,0.2,1,0.3,1,0.022000014781951904
PubMed,0.2,1,0.3,2,0.025000035762786865
PubMed,0.2,1,0.3,3,0.03100001811981201
PubMed,0.2,1,0.3,4,0.013000011444091797
PubMed,0.2,1,0.3,5,0.03299999237060547
PubMed,0.2,1,0.3,6,0.03400003910064697
PubMed,0.2,1,0.3,7,0.0
PubMed,0.2,1,0.3,8,0.0
PubMed,0.2,1,0.3,9,0.0
PubMed,0.2,1,0.3,10,0.0
PubMed,0.2,1,0.4,0,0.023000001907348633
PubMed,0.2,1,0.4,1,-0.004999995231628418
PubMed,0.2,1,0.4,2,0.041999995708465576
PubMed,0.2,1,0.4,3,-0.0009999871253967285
PubMed,0.2,1,0.4,4,0.0350000262260437
PubMed,0.2,1,0.4,5,0.0
PubMed,0.2,1,0.4,6,0.0
PubMed,0.2,1,0.4,7,0.0
PubMed,0.2,1,0.4,8,0.0
PubMed,0.2,1,0.4,9,0.0
PubMed,0.2,1,0.4,10,0.0
PubMed,0.2,1,0.5,0,0.030000030994415283
PubMed,0.2,1,0.5,1,0.024000048637390137
PubMed,0.2,1,0.5,2,0.030000030994415283
PubMed,0.2,1,0.5,3,0.04500001668930054
PubMed,0.2,1,0.5,4,0.0
PubMed,0.2,1,0.5,5,0.0
PubMed,0.2,1,0.5,6,0.0
PubMed,0.2,1,0.5,7,0.0
PubMed,0.2,1,0.5,8,0.0
PubMed,0.2,1,0.5,9,0.0
PubMed,0.2,1,0.5,10,0.0
PubMed,0.2,1,0.6,0,0.025000035762786865
PubMed,0.2,1,0.6,1,0.0350000262260437
PubMed,0.2,1,0.6,2,0.018999993801116943
PubMed,0.2,1,0.6,3,0.03800004720687866
PubMed,0.2,1,0.6,4,0.0
PubMed,0.2,1,0.6,5,0.0
PubMed,0.2,1,0.6,6,0.0
PubMed,0.2,1,0.6,7,0.0
PubMed,0.2,1,0.6,8,0.0
PubMed,0.2,1,0.6,9,0.0
PubMed,0.2,1,0.6,10,0.0
PubMed,0.2,1,0.7,0,0.04400002956390381
PubMed,0.2,1,0.7,1,0.026000022888183594
PubMed,0.2,1,0.7,2,-0.004999995231628418
PubMed,0.2,1,0.7,3,0.0
PubMed,0.2,1,0.7,4,0.0
PubMed,0.2,1,0.7,5,0.0
PubMed,0.2,1,0.7,6,0.0
PubMed,0.2,1,0.7,7,0.0
PubMed,0.2,1,0.7,8,0.0
PubMed,0.2,1,0.7,9,0.0
PubMed,0.2,1,0.7,10,0.0
PubMed,0.2,1,0.8,0,0.04100000858306885
PubMed,0.2,1,0.8,1,0.012000024318695068
PubMed,0.2,1,0.8,2,0.013999998569488525
PubMed,0.2,1,0.8,3,0.0
PubMed,0.2,1,0.8,4,0.0
PubMed,0.2,1,0.8,5,0.0
PubMed,0.2,1,0.8,6,0.0
PubMed,0.2,1,0.8,7,0.0
PubMed,0.2,1,0.8,8,0.0
PubMed,0.2,1,0.8,9,0.0
PubMed,0.2,1,0.8,10,0.0
PubMed,0.2,1,0.9,0,0.023000001907348633
PubMed,0.2,1,0.9,1,0.00700002908706665
PubMed,0.2,1,0.9,2,0.0
PubMed,0.2,1,0.9,3,0.0
PubMed,0.2,1,0.9,4,0.0
PubMed,0.2,1,0.9,5,0.0
PubMed,0.2,1,0.9,6,0.0
PubMed,0.2,1,0.9,7,0.0
PubMed,0.2,1,0.9,8,0.0
PubMed,0.2,1,0.9,9,0.0
PubMed,0.2,1,0.9,10,0.0
PubMed,0.2,2,0.0,0,0.03400003910064697
PubMed,0.2,2,0.0,1,0.033000051975250244
PubMed,0.2,2,0.0,2,0.022000014781951904
PubMed,0.2,2,0.0,3,0.05900001525878906
PubMed,0.2,2,0.0,4,0.04200005531311035
PubMed,0.2,2,0.0,5,0.0350000262260437
PubMed,0.2,2,0.0,6,-0.003999948501586914
PubMed,0.2,2,0.0,7,0.046000003814697266
PubMed,0.2,2,0.0,8,0.027000010013580322
PubMed,0.2,2,0.0,9,0.021000027656555176
PubMed,0.2,2,0.0,10,0.008000016212463379
PubMed,0.2,2,0.1,0,0.025000035762786865
PubMed,0.2,2,0.1,1,0.012000024318695068
PubMed,0.2,2,0.1,2,0.029000043869018555
PubMed,0.2,2,0.1,3,0.03800004720687866
PubMed,0.2,2,0.1,4,0.009000003337860107
PubMed,0.2,2,0.1,5,0.05100005865097046
PubMed,0.2,2,0.1,6,0.046000003814697266
PubMed,0.2,2,0.1,7,0.0480000376701355
PubMed,0.2,2,0.1,8,0.03800004720687866
PubMed,0.2,2,0.1,9,0.03600001335144043
PubMed,0.2,2,0.1,10,0.03800004720687866
PubMed,0.2,2,0.2,0,0.04000002145767212
PubMed,0.2,2,0.2,1,0.04200005531311035
PubMed,0.2,2,0.2,2,0.030000030994415283
PubMed,0.2,2,0.2,3,0.03600001335144043
PubMed,0.2,2,0.2,4,0.03100001811981201
PubMed,0.2,2,0.2,5,0.03900003433227539
PubMed,0.2,2,0.2,6,0.054000020027160645
PubMed,0.2,2,0.2,7,0.08600002527236938
PubMed,0.2,2,0.2,8,0.06000000238418579
PubMed,0.2,2,0.2,9,0.00700002908706665
PubMed,0.2,2,0.2,10,0.00700002908706665
PubMed,0.2,2,0.3,0,0.01100003719329834
PubMed,0.2,2,0.3,1,0.01500004529953003
PubMed,0.2,2,0.3,2,0.027000010013580322
PubMed,0.2,2,0.3,3,0.03900003433227539
PubMed,0.2,2,0.3,4,0.053000032901763916
PubMed,0.2,2,0.3,5,0.03400003910064697
PubMed,0.2,2,0.3,6,-0.02499997615814209
PubMed,0.2,2,0.3,7,-0.02399998903274536
PubMed,0.2,2,0.3,8,-0.009999990463256836
PubMed,0.2,2,0.3,9,-0.02799999713897705
PubMed,0.2,2,0.3,10,-0.02799999713897705
PubMed,0.2,2,0.4,0,0.03200000524520874
PubMed,0.2,2,0.4,1,0.03900003433227539
PubMed,0.2,2,0.4,2,0.05500000715255737
PubMed,0.2,2,0.4,3,0.078000009059906
PubMed,0.2,2,0.4,4,0.00700002908706665
PubMed,0.2,2,0.4,5,-0.02399998903274536
PubMed,0.2,2,0.4,6,-0.02799999713897705
PubMed,0.2,2,0.4,7,-0.02799999713897705
PubMed,0.2,2,0.4,8,0.0
PubMed,0.2,2,0.4,9,0.0
PubMed,0.2,2,0.4,10,0.0
PubMed,0.2,2,0.5,0,0.04500001668930054
PubMed,0.2,2,0.5,1,0.03100001811981201
PubMed,0.2,2,0.5,2,0.06700003147125244
PubMed,0.2,2,0.5,3,0.029000043869018555
PubMed,0.2,2,0.5,4,-0.02499997615814209
PubMed,0.2,2,0.5,5,-0.02799999713897705
PubMed,0.2,2,0.5,6,-0.02799999713897705
PubMed,0.2,2,0.5,7,0.0
PubMed,0.2,2,0.5,8,0.0
PubMed,0.2,2,0.5,9,0.0
PubMed,0.2,2,0.5,10,0.0
PubMed,0.2,2,0.6,0,0.04200005531311035
PubMed,0.2,2,0.6,1,0.06400001049041748
PubMed,0.2,2,0.6,2,0.04300004243850708
PubMed,0.2,2,0.6,3,-0.02399998903274536
PubMed,0.2,2,0.6,4,-0.02799999713897705
PubMed,0.2,2,0.6,5,-0.02799999713897705
PubMed,0.2,2,0.6,6,0.0
PubMed,0.2,2,0.6,7,0.0
PubMed,0.2,2,0.6,8,0.0
PubMed,0.2,2,0.6,9,0.0
PubMed,0.2,2,0.6,10,0.0
PubMed,0.2,2,0.7,0,0.046000003814697266
PubMed,0.2,2,0.7,1,0.06500005722045898
PubMed,0.2,2,0.7,2,-0.01699995994567871
PubMed,0.2,2,0.7,3,0.0
PubMed,0.2,2,0.7,4,-0.02799999713897705
PubMed,0.2,2,0.7,5,0.0
PubMed,0.2,2,0.7,6,0.0
PubMed,0.2,2,0.7,7,0.0
PubMed,0.2,2,0.7,8,0.0
PubMed,0.2,2,0.7,9,0.0
PubMed,0.2,2,0.7,10,0.0
PubMed,0.2,2,0.8,0,0.04100000858306885
PubMed,0.2,2,0.8,1,0.050000011920928955
PubMed,0.2,2,0.8,2,0.013000011444091797
PubMed,0.2,2,0.8,3,0.0
PubMed,0.2,2,0.8,4,0.0
PubMed,0.2,2,0.8,5,0.0
PubMed,0.2,2,0.8,6,0.0
PubMed,0.2,2,0.8,7,0.0
PubMed,0.2,2,0.8,8,0.0
PubMed,0.2,2,0.8,9,0.0
PubMed,0.2,2,0.8,10,0.0
PubMed,0.2,2,0.9,0,0.04900002479553223
PubMed,0.2,2,0.9,1,0.013000011444091797
PubMed,0.2,2,0.9,2,0.0
PubMed,0.2,2,0.9,3,0.0
PubMed,0.2,2,0.9,4,0.0
PubMed,0.2,2,0.9,5,0.0
PubMed,0.2,2,0.9,6,0.0
PubMed,0.2,2,0.9,7,0.0
PubMed,0.2,2,0.9,8,0.0
PubMed,0.2,2,0.9,9,0.0
PubMed,0.2,2,0.9,10,0.0
PubMed,0.2,3,0.0,0,0.05500000715255737
PubMed,0.2,3,0.0,1,0.01500004529953003
PubMed,0.2,3,0.0,2,0.009000003337860107
PubMed,0.2,3,0.0,3,0.04900002479553223
PubMed,0.2,3,0.0,4,-0.015999972820281982
PubMed,0.2,3,0.0,5,0.009999990463256836
PubMed,0.2,3,0.0,6,0.018999993801116943
PubMed,0.2,3,0.0,7,-0.0029999613761901855
PubMed,0.2,3,0.0,8,0.050000011920928955
PubMed,0.2,3,0.0,9,0.016000032424926758
PubMed,0.2,3,0.0,10,0.0350000262260437
PubMed,0.2,3,0.1,0,-0.009999990463256836
PubMed,0.2,3,0.1,1,0.02799999713897705
PubMed,0.2,3,0.1,2,0.0480000376701355
PubMed,0.2,3,0.1,3,0.0480000376701355
PubMed,0.2,3,0.1,4,0.018999993801116943
PubMed,0.2,3,0.1,5,0.04000002145767212
PubMed,0.2,3,0.1,6,0.050999999046325684
PubMed,0.2,3,0.1,7,0.06600004434585571
PubMed,0.2,3,0.1,8,0.00700002908706665
PubMed,0.2,3,0.1,9,0.00700002908706665
PubMed,0.2,3,0.1,10,0.027000010013580322
PubMed,0.2,3,0.2,0,-0.0339999794960022
PubMed,0.2,3,0.2,1,0.009999990463256836
PubMed,0.2,3,0.2,2,0.030000030994415283
PubMed,0.2,3,0.2,3,0.027000010013580322
PubMed,0.2,3,0.2,4,0.046999990940093994
PubMed,0.2,3,0.2,5,0.018999993801116943
PubMed,0.2,3,0.2,6,0.0350000262260437
PubMed,0.2,3,0.2,7,0.009000003337860107
PubMed,0.2,3,0.2,8,-0.019999980926513672
PubMed,0.2,3,0.2,9,-0.030999958515167236
PubMed,0.2,3,0.2,10,-0.0059999823570251465
PubMed,0.2,3,0.3,0,0.03900003433227539
PubMed,0.2,3,0.3,1,0.03400003910064697
PubMed,0.2,3,0.3,2,0.009999990463256836
PubMed,0.2,3,0.3,3,0.02399998903274536
PubMed,0.2,3,0.3,4,0.0350000262260437
PubMed,0.2,3,0.3,5,-0.04100000858306885
PubMed,0.2,3,0.3,6,-0.030999958515167236
PubMed,0.2,3,0.3,7,0.0
PubMed,0.2,3,0.3,8,0.0
PubMed,0.2,3,0.3,9,0.0
PubMed,0.2,3,0.3,10,0.0
PubMed,0.2,3,0.4,0,0.054000020027160645
PubMed,0.2,3,0.4,1,0.018000006675720215
PubMed,0.2,3,0.4,2,0.027000010013580322
PubMed,0.2,3,0.4,3,0.021000027656555176
PubMed,0.2,3,0.4,4,-0.030999958515167236
PubMed,0.2,3,0.4,5,-0.027000010013580322
PubMed,0.2,3,0.4,6,0.0
PubMed,0.2,3,0.4,7,0.0
PubMed,0.2,3,0.4,8,0.0
PubMed,0.2,3,0.4,9,0.0
PubMed,0.2,3,0.4,10,0.0
PubMed,0.2,3,0.5,0,-0.010999977588653564
PubMed,0.2,3,0.5,1,0.01500004529953003
PubMed,0.2,3,0.5,2,0.0040000081062316895
PubMed,0.2,3,0.5,3,-0.001999974250793457
PubMed,0.2,3,0.5,4,-0.027000010013580322
PubMed,0.2,3,0.5,5,0.0
PubMed,0.2,3,0.5,6,0.0
PubMed,0.2,3,0.5,7,0.0
PubMed,0.2,3,0.5,8,0.0
PubMed,0.2,3,0.5,9,0.0
PubMed,0.2,3,0.5,10,0.0
PubMed,0.2,3,0.6,0,0.012000024318695068
PubMed,0.2,3,0.6,1,0.03600001335144043
PubMed,0.2,3,0.6,2,0.04300004243850708
PubMed,0.2,3,0.6,3,-0.0339999794960022
PubMed,0.2,3,0.6,4,0.0
PubMed,0.2,3,0.6,5,0.0
PubMed,0.2,3,0.6,6,0.0
PubMed,0.2,3,0.6,7,0.0
PubMed,0.2,3,0.6,8,0.0
PubMed,0.2,3,0.6,9,0.0
PubMed,0.2,3,0.6,10,0.0
PubMed,0.2,3,0.7,0,0.03299999237060547
PubMed,0.2,3,0.7,1,0.017000019550323486
PubMed,0.2,3,0.7,2,0.003000020980834961
PubMed,0.2,3,0.7,3,0.0
PubMed,0.2,3,0.7,4,0.0
PubMed,0.2,3,0.7,5,0.0
PubMed,0.2,3,0.7,6,0.0
PubMed,0.2,3,0.7,7,0.0
PubMed,0.2,3,0.7,8,0.0
PubMed,0.2,3,0.7,9,0.0
PubMed,0.2,3,0.7,10,0.0
PubMed,0.2,3,0.8,0,0.025000035762786865
PubMed,0.2,3,0.8,1,0.023000001907348633
PubMed,0.2,3,0.8,2,-0.027000010013580322
PubMed,0.2,3,0.8,3,0.0
PubMed,0.2,3,0.8,4,0.0
PubMed,0.2,3,0.8,5,0.0
PubMed,0.2,3,0.8,6,0.0
PubMed,0.2,3,0.8,7,0.0
PubMed,0.2,3,0.8,8,0.0
PubMed,0.2,3,0.8,9,0.0
PubMed,0.2,3,0.8,10,0.0
PubMed,0.2,3,0.9,0,0.00700002908706665
PubMed,0.2,3,0.9,1,-0.01699995994567871
PubMed,0.2,3,0.9,2,0.0
PubMed,0.2,3,0.9,3,0.0
PubMed,0.2,3,0.9,4,0.0
PubMed,0.2,3,0.9,5,0.0
PubMed,0.2,3,0.9,6,0.0
PubMed,0.2,3,0.9,7,0.0
PubMed,0.2,3,0.9,8,0.0
PubMed,0.2,3,0.9,9,0.0
PubMed,0.2,3,0.9,10,0.0
PubMed,0.2,4,0.0,0,-0.12200003862380981
PubMed,0.2,4,0.0,1,0.0
PubMed,0.2,4,0.0,2,-0.11400002241134644
PubMed,0.2,4,0.0,3,-0.04100000858306885
PubMed,0.2,4,0.0,4,-0.12099999189376831
PubMed,0.2,4,0.0,5,-0.13999998569488525
PubMed,0.2,4,0.0,6,-0.1380000114440918
PubMed,0.2,4,0.0,7,0.013000011444091797
PubMed,0.2,4,0.0,8,0.014999985694885254
PubMed,0.2,4,0.0,9,-0.07400000095367432
PubMed,0.2,4,0.0,10,-0.2770000100135803
PubMed,0.2,4,0.1,0,0.04799997806549072
PubMed,0.2,4,0.1,1,-0.03900003433227539
PubMed,0.2,4,0.1,2,-0.00700002908706665
PubMed,0.2,4,0.1,3,0.006999969482421875
PubMed,0.2,4,0.1,4,-0.018999993801116943
PubMed,0.2,4,0.1,5,0.07300001382827759
PubMed,0.2,4,0.1,6,0.02499997615814209
PubMed,0.2,4,0.1,7,0.0
PubMed,0.2,4,0.1,8,0.04799997806549072
PubMed,0.2,4,0.1,9,0.04500001668930054
PubMed,0.2,4,0.1,10,0.04000002145767212
PubMed,0.2,4,0.2,0,-0.030000030994415283
PubMed,0.2,4,0.2,1,0.0339999794960022
PubMed,0.2,4,0.2,2,0.03600001335144043
PubMed,0.2,4,0.2,3,0.07199996709823608
PubMed,0.2,4,0.2,4,0.05699998140335083
PubMed,0.2,4,0.2,5,0.06499999761581421
PubMed,0.2,4,0.2,6,0.08399999141693115
PubMed,0.2,4,0.2,7,0.0559999942779541
PubMed,0.2,4,0.2,8,0.05199998617172241
PubMed,0.2,4,0.2,9,0.05199998617172241
PubMed,0.2,4,0.2,10,0.0059999823570251465
PubMed,0.2,4,0.3,0,-0.08700001239776611
PubMed,0.2,4,0.3,1,0.02399998903274536
PubMed,0.2,4,0.3,2,0.04100000858306885
PubMed,0.2,4,0.3,3,0.05299997329711914
PubMed,0.2,4,0.3,4,0.05199998617172241
PubMed,0.2,4,0.3,5,0.05199998617172241
PubMed,0.2,4,0.3,6,-0.01100003719329834
PubMed,0.2,4,0.3,7,-0.01100003719329834
PubMed,0.2,4,0.3,8,-0.01100003719329834
PubMed,0.2,4,0.3,9,0.0
PubMed,0.2,4,0.3,10,0.0
PubMed,0.2,4,0.4,0,-0.03299999237060547
PubMed,0.2,4,0.4,1,-0.009999990463256836
PubMed,0.2,4,0.4,2,0.04100000858306885
PubMed,0.2,4,0.4,3,0.046999990940093994
PubMed,0.2,4,0.4,4,0.05199998617172241
PubMed,0.2,4,0.4,5,-0.01100003719329834
PubMed,0.2,4,0.4,6,-0.01100003719329834
PubMed,0.2,4,0.4,7,0.0
PubMed,0.2,4,0.4,8,0.0
PubMed,0.2,4,0.4,9,0.0
PubMed,0.2,4,0.4,10,0.0
PubMed,0.2,4,0.5,0,0.07099997997283936
PubMed,0.2,4,0.5,1,0.02399998903274536
PubMed,0.2,4,0.5,2,0.050000011920928955
PubMed,0.2,4,0.5,3,0.05199998617172241
PubMed,0.2,4,0.5,4,-0.01100003719329834
PubMed,0.2,4,0.5,5,0.0
PubMed,0.2,4,0.5,6,0.0
PubMed,0.2,4,0.5,7,0.0
PubMed,0.2,4,0.5,8,0.0
PubMed,0.2,4,0.5,9,0.0
PubMed,0.2,4,0.5,10,0.0
PubMed,0.2,4,0.6,0,0.06000000238418579
PubMed,0.2,4,0.6,1,0.03200000524520874
PubMed,0.2,4,0.6,2,0.046999990940093994
PubMed,0.2,4,0.6,3,0.034999966621398926
PubMed,0.2,4,0.6,4,-0.01100003719329834
PubMed,0.2,4,0.6,5,0.0
PubMed,0.2,4,0.6,6,0.0
PubMed,0.2,4,0.6,7,0.0
PubMed,0.2,4,0.6,8,0.0
PubMed,0.2,4,0.6,9,0.0
PubMed,0.2,4,0.6,10,0.0
PubMed,0.2,4,0.7,0,0.06000000238418579
PubMed,0.2,4,0.7,1,0.07300001382827759
PubMed,0.2,4,0.7,2,0.034999966621398926
PubMed,0.2,4,0.7,3,-0.01100003719329834
PubMed,0.2,4,0.7,4,0.0
PubMed,0.2,4,0.7,5,0.0
PubMed,0.2,4,0.7,6,0.0
PubMed,0.2,4,0.7,7,0.0
PubMed,0.2,4,0.7,8,0.0
PubMed,0.2,4,0.7,9,0.0
PubMed,0.2,4,0.7,10,0.0
PubMed,0.2,4,0.8,0,0.034999966621398926
PubMed,0.2,4,0.8,1,0.046000003814697266
PubMed,0.2,4,0.8,2,-0.01100003719329834
PubMed,0.2,4,0.8,3,0.0
PubMed,0.2,4,0.8,4,0.0
PubMed,0.2,4,0.8,5,0.0
PubMed,0.2,4,0.8,6,0.0
PubMed,0.2,4,0.8,7,0.0
PubMed,0.2,4,0.8,8,0.0
PubMed,0.2,4,0.8,9,0.0
PubMed,0.2,4,0.8,10,0.0
PubMed,0.2,4,0.9,0,0.015999972820281982
PubMed,0.2,4,0.9,1,0.03100001811981201
PubMed,0.2,4,0.9,2,0.0
PubMed,0.2,4,0.9,3,0.0
PubMed,0.2,4,0.9,4,0.0
PubMed,0.2,4,0.9,5,0.0
PubMed,0.2,4,0.9,6,0.0
PubMed,0.2,4,0.9,7,0.0
PubMed,0.2,4,0.9,8,0.0
PubMed,0.2,4,0.9,9,0.0
PubMed,0.2,4,0.9,10,0.0
PubMed,0.2,5,0.0,0,0.001999974250793457
PubMed,0.2,5,0.0,1,-0.018000006675720215
PubMed,0.2,5,0.0,2,-0.008000016212463379
PubMed,0.2,5,0.0,3,0.008000016212463379
PubMed,0.2,5,0.0,4,-0.02799999713897705
PubMed,0.2,5,0.0,5,-0.0009999871253967285
PubMed,0.2,5,0.0,6,-0.014999985694885254
PubMed,0.2,5,0.0,7,-0.018000006675720215
PubMed,0.2,5,0.0,8,-0.003000020980834961
PubMed,0.2,5,0.0,9,-0.0009999871253967285
PubMed,0.2,5,0.0,10,0.0059999823570251465
PubMed,0.2,5,0.1,0,0.02799999713897705
PubMed,0.2,5,0.1,1,0.001999974250793457
PubMed,0.2,5,0.1,2,0.003000020980834961
PubMed,0.2,5,0.1,3,-0.013000011444091797
PubMed,0.2,5,0.1,4,-0.013000011444091797
PubMed,0.2,5,0.1,5,-0.014999985694885254
PubMed,0.2,5,0.1,6,-0.012000024318695068
PubMed,0.2,5,0.1,7,0.003000020980834961
PubMed,0.2,5,0.1,8,-0.012000024318695068
PubMed,0.2,5,0.1,9,-0.0020000338554382324
PubMed,0.2,5,0.1,10,0.001999974250793457
PubMed,0.2,5,0.2,0,0.008000016212463379
PubMed,0.2,5,0.2,1,-0.013999998569488525
PubMed,0.2,5,0.2,2,-0.025000035762786865
PubMed,0.2,5,0.2,3,0.0009999871253967285
PubMed,0.2,5,0.2,4,-0.013000011444091797
PubMed,0.2,5,0.2,5,0.0009999871253967285
PubMed,0.2,5,0.2,6,0.008000016212463379
PubMed,0.2,5,0.2,7,0.003000020980834961
PubMed,0.2,5,0.2,8,0.009999990463256836
PubMed,0.2,5,0.2,9,-0.009000003337860107
PubMed,0.2,5,0.2,10,0.003000020980834961
PubMed,0.2,5,0.3,0,0.008000016212463379
PubMed,0.2,5,0.3,1,-0.03700000047683716
PubMed,0.2,5,0.3,2,-0.013999998569488525
PubMed,0.2,5,0.3,3,-0.009999990463256836
PubMed,0.2,5,0.3,4,0.02399998903274536
PubMed,0.2,5,0.3,5,0.010999977588653564
PubMed,0.2,5,0.3,6,-0.009999990463256836
PubMed,0.2,5,0.3,7,-0.009999990463256836
PubMed,0.2,5,0.3,8,0.003000020980834961
PubMed,0.2,5,0.3,9,0.0009999871253967285
PubMed,0.2,5,0.3,10,0.0
PubMed,0.2,5,0.4,0,0.001999974250793457
PubMed,0.2,5,0.4,1,-0.017000019550323486
PubMed,0.2,5,0.4,2,0.003000020980834961
PubMed,0.2,5,0.4,3,0.014999985694885254
PubMed,0.2,5,0.4,4,0.003000020980834961
PubMed,0.2,5,0.4,5,0.0009999871253967285
PubMed,0.2,5,0.4,6,0.003000020980834961
PubMed,0.2,5,0.4,7,0.0
PubMed,0.2,5,0.4,8,0.0
PubMed,0.2,5,0.4,9,0.0
PubMed,0.2,5,0.4,10,0.0
PubMed,0.2,5,0.5,0,0.010999977588653564
PubMed,0.2,5,0.5,1,-0.009999990463256836
PubMed,0.2,5,0.5,2,0.003000020980834961
PubMed,0.2,5,0.5,3,0.015999972820281982
PubMed,0.2,5,0.5,4,-0.019999980926513672
PubMed,0.2,5,0.5,5,0.003000020980834961
PubMed,0.2,5,0.5,6,0.0
PubMed,0.2,5,0.5,7,0.0
PubMed,0.2,5,0.5,8,0.0
PubMed,0.2,5,0.5,9,0.0
PubMed,0.2,5,0.5,10,0.0
PubMed,0.2,5,0.6,0,-0.0020000338554382324
PubMed,0.2,5,0.6,1,-0.0040000081062316895
PubMed,0.2,5,0.6,2,0.010999977588653564
PubMed,0.2,5,0.6,3,-0.0040000081062316895
PubMed,0.2,5,0.6,4,0.003000020980834961
PubMed,0.2,5,0.6,5,0.0
PubMed,0.2,5,0.6,6,0.0
PubMed,0.2,5,0.6,7,0.0
PubMed,0.2,5,0.6,8,0.0
PubMed,0.2,5,0.6,9,0.0
PubMed,0.2,5,0.6,10,0.0
PubMed,0.2,5,0.7,0,-0.013000011444091797
PubMed,0.2,5,0.7,1,0.0040000081062316895
PubMed,0.2,5,0.7,2,0.013999998569488525
PubMed,0.2,5,0.7,3,-0.009999990463256836
PubMed,0.2,5,0.7,4,0.0
PubMed,0.2,5,0.7,5,0.0
PubMed,0.2,5,0.7,6,0.0
PubMed,0.2,5,0.7,7,0.0
PubMed,0.2,5,0.7,8,0.0
PubMed,0.2,5,0.7,9,0.0
PubMed,0.2,5,0.7,10,0.0
PubMed,0.2,5,0.8,0,-0.00700002908706665
PubMed,0.2,5,0.8,1,0.008000016212463379
PubMed,0.2,5,0.8,2,-0.009999990463256836
PubMed,0.2,5,0.8,3,0.0
PubMed,0.2,5,0.8,4,0.0
PubMed,0.2,5,0.8,5,0.0
PubMed,0.2,5,0.8,6,0.0
PubMed,0.2,5,0.8,7,0.0
PubMed,0.2,5,0.8,8,0.0
PubMed,0.2,5,0.8,9,0.0
PubMed,0.2,5,0.8,10,0.0
PubMed,0.2,5,0.9,0,0.001999974250793457
PubMed,0.2,5,0.9,1,-0.0020000338554382324
PubMed,0.2,5,0.9,2,-0.00700002908706665
PubMed,0.2,5,0.9,3,0.0
PubMed,0.2,5,0.9,4,0.0
PubMed,0.2,5,0.9,5,0.0
PubMed,0.2,5,0.9,6,0.0
PubMed,0.2,5,0.9,7,0.0
PubMed,0.2,5,0.9,8,0.0
PubMed,0.2,5,0.9,9,0.0
PubMed,0.2,5,0.9,10,0.0
PubMed,0.2,6,0.0,0,-0.0059999823570251465
PubMed,0.2,6,0.0,1,-0.07999998331069946
PubMed,0.2,6,0.0,2,-0.04900002479553223
PubMed,0.2,6,0.0,3,-0.010999977588653564
PubMed,0.2,6,0.0,4,-0.041999995708465576
PubMed,0.2,6,0.0,5,-0.009000003337860107
PubMed,0.2,6,0.0,6,-0.026000022888183594
PubMed,0.2,6,0.0,7,-0.021000027656555176
PubMed,0.2,6,0.0,8,-0.008000016212463379
PubMed,0.2,6,0.0,9,0.02499997615814209
PubMed,0.2,6,0.0,10,-0.02799999713897705
PubMed,0.2,6,0.1,0,-0.00700002908706665
PubMed,0.2,6,0.1,1,-0.0040000081062316895
PubMed,0.2,6,0.1,2,-0.019999980926513672
PubMed,0.2,6,0.1,3,-0.03600001335144043
PubMed,0.2,6,0.1,4,-0.027000010013580322
PubMed,0.2,6,0.1,5,0.0009999871253967285
PubMed,0.2,6,0.1,6,0.018000006675720215
PubMed,0.2,6,0.1,7,-0.014999985694885254
PubMed,0.2,6,0.1,8,-0.004999995231628418
PubMed,0.2,6,0.1,9,-0.0009999871253967285
PubMed,0.2,6,0.1,10,-0.004999995231628418
PubMed,0.2,6,0.2,0,-0.021000027656555176
PubMed,0.2,6,0.2,1,0.003000020980834961
PubMed,0.2,6,0.2,2,-0.00700002908706665
PubMed,0.2,6,0.2,3,-0.0339999794960022
PubMed,0.2,6,0.2,4,-0.058000028133392334
PubMed,0.2,6,0.2,5,0.009999990463256836
PubMed,0.2,6,0.2,6,0.03299999237060547
PubMed,0.2,6,0.2,7,-0.02499997615814209
PubMed,0.2,6,0.2,8,-0.02399998903274536
PubMed,0.2,6,0.2,9,-0.018000006675720215
PubMed,0.2,6,0.2,10,0.0040000081062316895
PubMed,0.2,6,0.3,0,-0.02799999713897705
PubMed,0.2,6,0.3,1,-0.03100001811981201
PubMed,0.2,6,0.3,2,-0.0009999871253967285
PubMed,0.2,6,0.3,3,-0.013999998569488525
PubMed,0.2,6,0.3,4,-0.041999995708465576
PubMed,0.2,6,0.3,5,-0.02799999713897705
PubMed,0.2,6,0.3,6,-0.04900002479553223
PubMed,0.2,6,0.3,7,-0.07999998331069946
PubMed,0.2,6,0.3,8,-0.018000006675720215
PubMed,0.2,6,0.3,9,-0.0339999794960022
PubMed,0.2,6,0.3,10,-0.0339999794960022
PubMed,0.2,6,0.4,0,-0.02399998903274536
PubMed,0.2,6,0.4,1,-0.04900002479553223
PubMed,0.2,6,0.4,2,0.018999993801116943
PubMed,0.2,6,0.4,3,-0.03200000524520874
PubMed,0.2,6,0.4,4,-0.004999995231628418
PubMed,0.2,6,0.4,5,-0.07999998331069946
PubMed,0.2,6,0.4,6,-0.0339999794960022
PubMed,0.2,6,0.4,7,-0.0339999794960022
PubMed,0.2,6,0.4,8,-0.0339999794960022
PubMed,0.2,6,0.4,9,-0.0339999794960022
PubMed,0.2,6,0.4,10,0.0
PubMed,0.2,6,0.5,0,-0.023000001907348633
PubMed,0.2,6,0.5,1,-0.027000010013580322
PubMed,0.2,6,0.5,2,-0.046000003814697266
PubMed,0.2,6,0.5,3,-0.0350000262260437
PubMed,0.2,6,0.5,4,-0.018000006675720215
PubMed,0.2,6,0.5,5,-0.0339999794960022
PubMed,0.2,6,0.5,6,-0.0339999794960022
PubMed,0.2,6,0.5,7,-0.0339999794960022
PubMed,0.2,6,0.5,8,0.0
PubMed,0.2,6,0.5,9,0.0
PubMed,0.2,6,0.5,10,0.0
PubMed,0.2,6,0.6,0,-0.0059999823570251465
PubMed,0.2,6,0.6,1,-0.050999999046325684
PubMed,0.2,6,0.6,2,-0.04100000858306885
PubMed,0.2,6,0.6,3,-0.018000006675720215
PubMed,0.2,6,0.6,4,-0.0339999794960022
PubMed,0.2,6,0.6,5,-0.0339999794960022
PubMed,0.2,6,0.6,6,-0.0339999794960022
PubMed,0.2,6,0.6,7,0.0
PubMed,0.2,6,0.6,8,0.0
PubMed,0.2,6,0.6,9,0.0
PubMed,0.2,6,0.6,10,0.0
PubMed,0.2,6,0.7,0,-0.019999980926513672
PubMed,0.2,6,0.7,1,-0.050000011920928955
PubMed,0.2,6,0.7,2,0.008000016212463379
PubMed,0.2,6,0.7,3,-0.0339999794960022
PubMed,0.2,6,0.7,4,-0.0339999794960022
PubMed,0.2,6,0.7,5,-0.0339999794960022
PubMed,0.2,6,0.7,6,0.0
PubMed,0.2,6,0.7,7,0.0
PubMed,0.2,6,0.7,8,0.0
PubMed,0.2,6,0.7,9,0.0
PubMed,0.2,6,0.7,10,0.0
PubMed,0.2,6,0.8,0,-0.001999974250793457
PubMed,0.2,6,0.8,1,-0.013999998569488525
PubMed,0.2,6,0.8,2,-0.010999977588653564
PubMed,0.2,6,0.8,3,-0.0339999794960022
PubMed,0.2,6,0.8,4,-0.0339999794960022
PubMed,0.2,6,0.8,5,0.0
PubMed,0.2,6,0.8,6,0.0
PubMed,0.2,6,0.8,7,0.0
PubMed,0.2,6,0.8,8,0.0
PubMed,0.2,6,0.8,9,0.0
PubMed,0.2,6,0.8,10,0.0
PubMed,0.2,6,0.9,0,-0.0059999823570251465
PubMed,0.2,6,0.9,1,0.008000016212463379
PubMed,0.2,6,0.9,2,0.008000016212463379
PubMed,0.2,6,0.9,3,0.0
PubMed,0.2,6,0.9,4,0.0
PubMed,0.2,6,0.9,5,0.0
PubMed,0.2,6,0.9,6,0.0
PubMed,0.2,6,0.9,7,0.0
PubMed,0.2,6,0.9,8,0.0
PubMed,0.2,6,0.9,9,0.0
PubMed,0.2,6,0.9,10,0.0
PubMed,0.2,7,0.0,0,-0.038999974727630615
PubMed,0.2,7,0.0,1,-0.1459999680519104
PubMed,0.2,7,0.0,2,-0.04999995231628418
PubMed,0.2,7,0.0,3,-0.29099997878074646
PubMed,0.2,7,0.0,4,-0.15099996328353882
PubMed,0.2,7,0.0,5,-0.011999964714050293
PubMed,0.2,7,0.0,6,-0.21999996900558472
PubMed,0.2,7,0.0,7,-0.25599998235702515
PubMed,0.2,7,0.0,8,-0.08499997854232788
PubMed,0.2,7,0.0,9,-0.06599998474121094
PubMed,0.2,7,0.0,10,-0.0559999942779541
PubMed,0.2,7,0.1,0,-0.012999951839447021
PubMed,0.2,7,0.1,1,-0.02499997615814209
PubMed,0.2,7,0.1,2,-0.046999990940093994
PubMed,0.2,7,0.1,3,-0.05399996042251587
PubMed,0.2,7,0.1,4,-0.013999998569488525
PubMed,0.2,7,0.1,5,-0.0009999871253967285
PubMed,0.2,7,0.1,6,-0.04100000858306885
PubMed,0.2,7,0.1,7,-0.012999951839447021
PubMed,0.2,7,0.1,8,-0.03200000524520874
PubMed,0.2,7,0.1,9,-0.009999990463256836
PubMed,0.2,7,0.1,10,-0.007999956607818604
PubMed,0.2,7,0.2,0,-0.014999985694885254
PubMed,0.2,7,0.2,1,-0.05299997329711914
PubMed,0.2,7,0.2,2,-0.0009999871253967285
PubMed,0.2,7,0.2,3,-0.007999956607818604
PubMed,0.2,7,0.2,4,0.010000050067901611
PubMed,0.2,7,0.2,5,0.0040000081062316895
PubMed,0.2,7,0.2,6,-0.038999974727630615
PubMed,0.2,7,0.2,7,0.0
PubMed,0.2,7,0.2,8,-0.0059999823570251465
PubMed,0.2,7,0.2,9,-0.02399998903274536
PubMed,0.2,7,0.2,10,-0.014999985694885254
PubMed,0.2,7,0.3,0,0.01100003719329834
PubMed,0.2,7,0.3,1,-0.039999961853027344
PubMed,0.2,7,0.3,2,-0.038999974727630615
PubMed,0.2,7,0.3,3,-0.0029999613761901855
PubMed,0.2,7,0.3,4,-0.012999951839447021
PubMed,0.2,7,0.3,5,-0.007999956607818604
PubMed,0.2,7,0.3,6,-0.012999951839447021
PubMed,0.2,7,0.3,7,-0.011999964714050293
PubMed,0.2,7,0.3,8,-0.011999964714050293
PubMed,0.2,7,0.3,9,-0.001999974250793457
PubMed,0.2,7,0.3,10,-0.001999974250793457
PubMed,0.2,7,0.4,0,-0.02799999713897705
PubMed,0.2,7,0.4,1,-0.02399998903274536
PubMed,0.2,7,0.4,2,-0.009000003337860107
PubMed,0.2,7,0.4,3,-0.041999995708465576
PubMed,0.2,7,0.4,4,-0.012999951839447021
PubMed,0.2,7,0.4,5,-0.011999964714050293
PubMed,0.2,7,0.4,6,-0.011999964714050293
PubMed,0.2,7,0.4,7,-0.001999974250793457
PubMed,0.2,7,0.4,8,-0.001999974250793457
PubMed,0.2,7,0.4,9,0.0
PubMed,0.2,7,0.4,10,0.0
PubMed,0.2,7,0.5,0,-0.07899999618530273
PubMed,0.2,7,0.5,1,-0.019999980926513672
PubMed,0.2,7,0.5,2,-0.041999995708465576
PubMed,0.2,7,0.5,3,-0.007999956607818604
PubMed,0.2,7,0.5,4,-0.011999964714050293
PubMed,0.2,7,0.5,5,-0.001999974250793457
PubMed,0.2,7,0.5,6,-0.001999974250793457
PubMed,0.2,7,0.5,7,-0.001999974250793457
PubMed,0.2,7,0.5,8,0.0
PubMed,0.2,7,0.5,9,0.0
PubMed,0.2,7,0.5,10,0.0
PubMed,0.2,7,0.6,0,-0.009999990463256836
PubMed,0.2,7,0.6,1,-0.015999972820281982
PubMed,0.2,7,0.6,2,-0.0009999871253967285
PubMed,0.2,7,0.6,3,-0.0040000081062316895
PubMed,0.2,7,0.6,4,-0.001999974250793457
PubMed,0.2,7,0.6,5,-0.001999974250793457
PubMed,0.2,7,0.6,6,0.0
PubMed,0.2,7,0.6,7,0.0
PubMed,0.2,7,0.6,8,0.0
PubMed,0.2,7,0.6,9,0.0
PubMed,0.2,7,0.6,10,0.0
PubMed,0.2,7,0.7,0,-0.029999971389770508
PubMed,0.2,7,0.7,1,-0.011999964714050293
PubMed,0.2,7,0.7,2,-0.014999985694885254
PubMed,0.2,7,0.7,3,-0.011999964714050293
PubMed,0.2,7,0.7,4,-0.001999974250793457
PubMed,0.2,7,0.7,5,0.0
PubMed,0.2,7,0.7,6,0.0
PubMed,0.2,7,0.7,7,0.0
PubMed,0.2,7,0.7,8,0.0
PubMed,0.2,7,0.7,9,0.0
PubMed,0.2,7,0.7,10,0.0
PubMed,0.2,7,0.8,0,-0.0690000057220459
PubMed,0.2,7,0.8,1,-0.007999956607818604
PubMed,0.2,7,0.8,2,-0.0029999613761901855
PubMed,0.2,7,0.8,3,0.0
PubMed,0.2,7,0.8,4,0.0
PubMed,0.2,7,0.8,5,0.0
PubMed,0.2,7,0.8,6,0.0
PubMed,0.2,7,0.8,7,0.0
PubMed,0.2,7,0.8,8,0.0
PubMed,0.2,7,0.8,9,0.0
PubMed,0.2,7,0.8,10,0.0
PubMed,0.2,7,0.9,0,-0.0059999823570251465
PubMed,0.2,7,0.9,1,-0.02399998903274536
PubMed,0.2,7,0.9,2,0.0
PubMed,0.2,7,0.9,3,0.0
PubMed,0.2,7,0.9,4,0.0
PubMed,0.2,7,0.9,5,0.0
PubMed,0.2,7,0.9,6,0.0
PubMed,0.2,7,0.9,7,0.0
PubMed,0.2,7,0.9,8,0.0
PubMed,0.2,7,0.9,9,0.0
PubMed,0.2,7,0.9,10,0.0
PubMed,0.2,8,0.0,0,-0.04399996995925903
PubMed,0.2,8,0.0,1,-0.018000006675720215
PubMed,0.2,8,0.0,2,-0.03799998760223389
PubMed,0.2,8,0.0,3,-0.10399997234344482
PubMed,0.2,8,0.0,4,-0.14899998903274536
PubMed,0.2,8,0.0,5,-0.0339999794960022
PubMed,0.2,8,0.0,6,-0.09200000762939453
PubMed,0.2,8,0.0,7,-0.09200000762939453
PubMed,0.2,8,0.0,8,-0.18299996852874756
PubMed,0.2,8,0.0,9,-0.06299996376037598
PubMed,0.2,8,0.0,10,-0.05899995565414429
PubMed,0.2,8,0.1,0,-0.0559999942779541
PubMed,0.2,8,0.1,1,0.0020000338554382324
PubMed,0.2,8,0.1,2,-0.013999998569488525
PubMed,0.2,8,0.1,3,-0.023000001907348633
PubMed,0.2,8,0.1,4,0.003000020980834961
PubMed,0.2,8,0.1,5,-0.01699995994567871
PubMed,0.2,8,0.1,6,-0.010999977588653564
PubMed,0.2,8,0.1,7,-0.0009999871253967285
PubMed,0.2,8,0.1,8,-0.019999980926513672
PubMed,0.2,8,0.1,9,-0.02899998426437378
PubMed,0.2,8,0.1,10,-0.015999972820281982
PubMed,0.2,8,0.2,0,0.001000046730041504
PubMed,0.2,8,0.2,1,-0.02399998903274536
PubMed,0.2,8,0.2,2,-0.06099998950958252
PubMed,0.2,8,0.2,3,-0.0209999680519104
PubMed,0.2,8,0.2,4,-0.01699995994567871
PubMed,0.2,8,0.2,5,-0.029999971389770508
PubMed,0.2,8,0.2,6,-0.02199995517730713
PubMed,0.2,8,0.2,7,0.0020000338554382324
PubMed,0.2,8,0.2,8,-0.011999964714050293
PubMed,0.2,8,0.2,9,-0.023000001907348633
PubMed,0.2,8,0.2,10,-0.0559999942779541
PubMed,0.2,8,0.3,0,-0.010999977588653564
PubMed,0.2,8,0.3,1,-0.023000001907348633
PubMed,0.2,8,0.3,2,-0.018999993801116943
PubMed,0.2,8,0.3,3,0.0020000338554382324
PubMed,0.2,8,0.3,4,-0.030999958515167236
PubMed,0.2,8,0.3,5,-0.0209999680519104
PubMed,0.2,8,0.3,6,-0.06999999284744263
PubMed,0.2,8,0.3,7,-0.039999961853027344
PubMed,0.2,8,0.3,8,-0.03700000047683716
PubMed,0.2,8,0.3,9,-0.03700000047683716
PubMed,0.2,8,0.3,10,-0.03700000047683716
PubMed,0.2,8,0.4,0,-0.0009999871253967285
PubMed,0.2,8,0.4,1,-0.018999993801116943
PubMed,0.2,8,0.4,2,-0.0040000081062316895
PubMed,0.2,8,0.4,3,-0.05500000715255737
PubMed,0.2,8,0.4,4,-0.06999999284744263
PubMed,0.2,8,0.4,5,-0.039999961853027344
PubMed,0.2,8,0.4,6,-0.03700000047683716
PubMed,0.2,8,0.4,7,-0.03700000047683716
PubMed,0.2,8,0.4,8,-0.03700000047683716
PubMed,0.2,8,0.4,9,0.0
PubMed,0.2,8,0.4,10,0.0
PubMed,0.2,8,0.5,0,0.0040000081062316895
PubMed,0.2,8,0.5,1,0.0040000081062316895
PubMed,0.2,8,0.5,2,-0.04899996519088745
PubMed,0.2,8,0.5,3,-0.0559999942779541
PubMed,0.2,8,0.5,4,-0.03299999237060547
PubMed,0.2,8,0.5,5,-0.03700000047683716
PubMed,0.2,8,0.5,6,-0.03700000047683716
PubMed,0.2,8,0.5,7,0.0
PubMed,0.2,8,0.5,8,0.0
PubMed,0.2,8,0.5,9,0.0
PubMed,0.2,8,0.5,10,0.0
PubMed,0.2,8,0.6,0,0.0
PubMed,0.2,8,0.6,1,-0.03200000524520874
PubMed,0.2,8,0.6,2,-0.02399998903274536
PubMed,0.2,8,0.6,3,-0.03299999237060547
PubMed,0.2,8,0.6,4,-0.03700000047683716
PubMed,0.2,8,0.6,5,-0.03700000047683716
PubMed,0.2,8,0.6,6,0.0
PubMed,0.2,8,0.6,7,0.0
PubMed,0.2,8,0.6,8,0.0
PubMed,0.2,8,0.6,9,0.0
PubMed,0.2,8,0.6,10,0.0
PubMed,0.2,8,0.7,0,-0.02899998426437378
PubMed,0.2,8,0.7,1,-0.046000003814697266
PubMed,0.2,8,0.7,2,-0.0559999942779541
PubMed,0.2,8,0.7,3,-0.039999961853027344
PubMed,0.2,8,0.7,4,-0.03700000047683716
PubMed,0.2,8,0.7,5,0.0
PubMed,0.2,8,0.7,6,0.0
PubMed,0.2,8,0.7,7,0.0
PubMed,0.2,8,0.7,8,0.0
PubMed,0.2,8,0.7,9,0.0
PubMed,0.2,8,0.7,10,0.0
PubMed,0.2,8,0.8,0,0.004999995231628418
PubMed,0.2,8,0.8,1,-0.034999966621398926
PubMed,0.2,8,0.8,2,-0.0559999942779541
PubMed,0.2,8,0.8,3,-0.03700000047683716
PubMed,0.2,8,0.8,4,0.0
PubMed,0.2,8,0.8,5,0.0
PubMed,0.2,8,0.8,6,0.0
PubMed,0.2,8,0.8,7,0.0
PubMed,0.2,8,0.8,8,0.0
PubMed,0.2,8,0.8,9,0.0
PubMed,0.2,8,0.8,10,0.0
PubMed,0.2,8,0.9,0,0.009000003337860107
PubMed,0.2,8,0.9,1,-0.030999958515167236
PubMed,0.2,8,0.9,2,-0.015999972820281982
PubMed,0.2,8,0.9,3,0.0
PubMed,0.2,8,0.9,4,0.0
PubMed,0.2,8,0.9,5,0.0
PubMed,0.2,8,0.9,6,0.0
PubMed,0.2,8,0.9,7,0.0
PubMed,0.2,8,0.9,8,0.0
PubMed,0.2,8,0.9,9,0.0
PubMed,0.2,8,0.9,10,0.0
PubMed,0.2,9,0.0,0,0.1040000319480896
PubMed,0.2,9,0.0,1,0.12000000476837158
PubMed,0.2,9,0.0,2,0.07600003480911255
PubMed,0.2,9,0.0,3,0.08100003004074097
PubMed,0.2,9,0.0,4,0.058000028133392334
PubMed,0.2,9,0.0,5,0.09900003671646118
PubMed,0.2,9,0.0,6,0.07100003957748413
PubMed,0.2,9,0.0,7,0.078000009059906
PubMed,0.2,9,0.0,8,-0.10099995136260986
PubMed,0.2,9,0.0,9,0.06800001859664917
PubMed,0.2,9,0.0,10,0.04700005054473877
PubMed,0.2,9,0.1,0,0.0690000057220459
PubMed,0.2,9,0.1,1,0.11900001764297485
PubMed,0.2,9,0.1,2,0.11500000953674316
PubMed,0.2,9,0.1,3,0.09200000762939453
PubMed,0.2,9,0.1,4,0.04700005054473877
PubMed,0.2,9,0.1,5,0.12000000476837158
PubMed,0.2,9,0.1,6,0.1290000081062317
PubMed,0.2,9,0.1,7,0.09900003671646118
PubMed,0.2,9,0.1,8,0.11100006103515625
PubMed,0.2,9,0.1,9,0.13700002431869507
PubMed,0.2,9,0.1,10,0.10900002717971802
PubMed,0.2,9,0.2,0,0.11100006103515625
PubMed,0.2,9,0.2,1,0.12100005149841309
PubMed,0.2,9,0.2,2,0.11600005626678467
PubMed,0.2,9,0.2,3,0.11900001764297485
PubMed,0.2,9,0.2,4,0.11300003528594971
PubMed,0.2,9,0.2,5,0.12700003385543823
PubMed,0.2,9,0.2,6,0.06400001049041748
PubMed,0.2,9,0.2,7,0.018000006675720215
PubMed,0.2,9,0.2,8,-0.004999995231628418
PubMed,0.2,9,0.2,9,0.0
PubMed,0.2,9,0.2,10,0.0
PubMed,0.2,9,0.3,0,0.11600005626678467
PubMed,0.2,9,0.3,1,0.09600001573562622
PubMed,0.2,9,0.3,2,0.11800003051757812
PubMed,0.2,9,0.3,3,0.11000001430511475
PubMed,0.2,9,0.3,4,-0.0059999823570251465
PubMed,0.2,9,0.3,5,-0.004999995231628418
PubMed,0.2,9,0.3,6,0.01100003719329834
PubMed,0.2,9,0.3,7,0.0
PubMed,0.2,9,0.3,8,0.0
PubMed,0.2,9,0.3,9,0.0
PubMed,0.2,9,0.3,10,0.0
PubMed,0.2,9,0.4,0,0.07500004768371582
PubMed,0.2,9,0.4,1,0.10500001907348633
PubMed,0.2,9,0.4,2,0.07200002670288086
PubMed,0.2,9,0.4,3,-0.013999998569488525
PubMed,0.2,9,0.4,4,-0.004999995231628418
PubMed,0.2,9,0.4,5,0.0
PubMed,0.2,9,0.4,6,0.0
PubMed,0.2,9,0.4,7,0.0
PubMed,0.2,9,0.4,8,0.0
PubMed,0.2,9,0.4,9,0.0
PubMed,0.2,9,0.4,10,0.0
PubMed,0.2,9,0.5,0,0.08900004625320435
PubMed,0.2,9,0.5,1,0.1260000467300415
PubMed,0.2,9,0.5,2,0.022000014781951904
PubMed,0.2,9,0.5,3,-0.004999995231628418
PubMed,0.2,9,0.5,4,0.0
PubMed,0.2,9,0.5,5,0.0
PubMed,0.2,9,0.5,6,0.0
PubMed,0.2,9,0.5,7,0.0
PubMed,0.2,9,0.5,8,0.0
PubMed,0.2,9,0.5,9,0.0
PubMed,0.2,9,0.5,10,0.0
PubMed,0.2,9,0.6,0,0.05100005865097046
PubMed,0.2,9,0.6,1,0.11800003051757812
PubMed,0.2,9,0.6,2,0.012000024318695068
PubMed,0.2,9,0.6,3,0.0
PubMed,0.2,9,0.6,4,0.0
PubMed,0.2,9,0.6,5,0.0
PubMed,0.2,9,0.6,6,0.0
PubMed,0.2,9,0.6,7,0.0
PubMed,0.2,9,0.6,8,0.0
PubMed,0.2,9,0.6,9,0.0
PubMed,0.2,9,0.6,10,0.0
PubMed,0.2,9,0.7,0,0.03900003433227539
PubMed,0.2,9,0.7,1,0.03900003433227539
PubMed,0.2,9,0.7,2,-0.02399998903274536
PubMed,0.2,9,0.7,3,0.0
PubMed,0.2,9,0.7,4,0.0
PubMed,0.2,9,0.7,5,0.0
PubMed,0.2,9,0.7,6,0.0
PubMed,0.2,9,0.7,7,0.0
PubMed,0.2,9,0.7,8,0.0
PubMed,0.2,9,0.7,9,0.0
PubMed,0.2,9,0.7,10,0.0
PubMed,0.2,9,0.8,0,0.022000014781951904
PubMed,0.2,9,0.8,1,-0.0059999823570251465
PubMed,0.2,9,0.8,2,0.0
PubMed,0.2,9,0.8,3,0.0
PubMed,0.2,9,0.8,4,0.0
PubMed,0.2,9,0.8,5,0.0
PubMed,0.2,9,0.8,6,0.0
PubMed,0.2,9,0.8,7,0.0
PubMed,0.2,9,0.8,8,0.0
PubMed,0.2,9,0.8,9,0.0
PubMed,0.2,9,0.8,10,0.0
PubMed,0.2,9,0.9,0,-0.006999969482421875
PubMed,0.2,9,0.9,1,-0.006999969482421875
PubMed,0.2,9,0.9,2,0.0
PubMed,0.2,9,0.9,3,0.0
PubMed,0.2,9,0.9,4,0.0
PubMed,0.2,9,0.9,5,0.0
PubMed,0.2,9,0.9,6,0.0
PubMed,0.2,9,0.9,7,0.0
PubMed,0.2,9,0.9,8,0.0
PubMed,0.2,9,0.9,9,0.0
PubMed,0.2,9,0.9,10,0.0
PubMed,0.3,0,0.0,0,-0.09000003337860107
PubMed,0.3,0,0.0,1,0.038999974727630615
PubMed,0.3,0,0.0,2,-0.25800004601478577
PubMed,0.3,0,0.0,3,-0.12400001287460327
PubMed,0.3,0,0.0,4,-0.09900003671646118
PubMed,0.3,0,0.0,5,0.029999971389770508
PubMed,0.3,0,0.0,6,-0.1810000240802765
PubMed,0.3,0,0.0,7,0.001999974250793457
PubMed,0.3,0,0.0,8,0.046999990940093994
PubMed,0.3,0,0.0,9,0.0009999871253967285
PubMed,0.3,0,0.0,10,-0.10100001096725464
PubMed,0.3,0,0.1,0,0.04100000858306885
PubMed,0.3,0,0.1,1,0.046000003814697266
PubMed,0.3,0,0.1,2,-0.1510000228881836
PubMed,0.3,0,0.1,3,0.014999985694885254
PubMed,0.3,0,0.1,4,-0.004999995231628418
PubMed,0.3,0,0.1,5,0.015999972820281982
PubMed,0.3,0,0.1,6,0.07299995422363281
PubMed,0.3,0,0.1,7,0.04799997806549072
PubMed,0.3,0,0.1,8,0.029999971389770508
PubMed,0.3,0,0.1,9,-0.01100003719329834
PubMed,0.3,0,0.1,10,-0.01900005340576172
PubMed,0.3,0,0.2,0,-0.022000014781951904
PubMed,0.3,0,0.2,1,0.05199998617172241
PubMed,0.3,0,0.2,2,0.023000001907348633
PubMed,0.3,0,0.2,3,0.06599998474121094
PubMed,0.3,0,0.2,4,0.018000006675720215
PubMed,0.3,0,0.2,5,-0.010000050067901611
PubMed,0.3,0,0.2,6,-0.027000010013580322
PubMed,0.3,0,0.2,7,0.05899995565414429
PubMed,0.3,0,0.2,8,0.015999972820281982
PubMed,0.3,0,0.2,9,0.02899998426437378
PubMed,0.3,0,0.2,10,0.007999956607818604
PubMed,0.3,0,0.3,0,-0.016000032424926758
PubMed,0.3,0,0.3,1,0.018000006675720215
PubMed,0.3,0,0.3,2,-0.0020000338554382324
PubMed,0.3,0,0.3,3,0.014999985694885254
PubMed,0.3,0,0.3,4,0.001999974250793457
PubMed,0.3,0,0.3,5,0.04899996519088745
PubMed,0.3,0,0.3,6,0.0
PubMed,0.3,0,0.3,7,0.01699995994567871
PubMed,0.3,0,0.3,8,0.009000003337860107
PubMed,0.3,0,0.3,9,0.009000003337860107
PubMed,0.3,0,0.3,10,0.009000003337860107
PubMed,0.3,0,0.4,0,-0.026000022888183594
PubMed,0.3,0,0.4,1,0.0209999680519104
PubMed,0.3,0,0.4,2,-0.003000020980834961
PubMed,0.3,0,0.4,3,0.03799998760223389
PubMed,0.3,0,0.4,4,0.02899998426437378
PubMed,0.3,0,0.4,5,0.01699995994567871
PubMed,0.3,0,0.4,6,0.009000003337860107
PubMed,0.3,0,0.4,7,0.0
PubMed,0.3,0,0.4,8,0.0
PubMed,0.3,0,0.4,9,0.0
PubMed,0.3,0,0.4,10,0.0
PubMed,0.3,0,0.5,0,-0.009000003337860107
PubMed,0.3,0,0.5,1,-0.03400003910064697
PubMed,0.3,0,0.5,2,0.030999958515167236
PubMed,0.3,0,0.5,3,0.015999972820281982
PubMed,0.3,0,0.5,4,0.02199995517730713
PubMed,0.3,0,0.5,5,0.009000003337860107
PubMed,0.3,0,0.5,6,0.0
PubMed,0.3,0,0.5,7,0.0
PubMed,0.3,0,0.5,8,0.0
PubMed,0.3,0,0.5,9,0.0
PubMed,0.3,0,0.5,10,0.0
PubMed,0.3,0,0.6,0,-0.025000035762786865
PubMed,0.3,0,0.6,1,-0.00700002908706665
PubMed,0.3,0,0.6,2,0.02799999713897705
PubMed,0.3,0,0.6,3,0.02199995517730713
PubMed,0.3,0,0.6,4,0.0
PubMed,0.3,0,0.6,5,0.0
PubMed,0.3,0,0.6,6,0.0
PubMed,0.3,0,0.6,7,0.0
PubMed,0.3,0,0.6,8,0.0
PubMed,0.3,0,0.6,9,0.0
PubMed,0.3,0,0.6,10,0.0
PubMed,0.3,0,0.7,0,-0.027000010013580322
PubMed,0.3,0,0.7,1,-0.013000011444091797
PubMed,0.3,0,0.7,2,0.039999961853027344
PubMed,0.3,0,0.7,3,0.009000003337860107
PubMed,0.3,0,0.7,4,0.0
PubMed,0.3,0,0.7,5,0.0
PubMed,0.3,0,0.7,6,0.0
PubMed,0.3,0,0.7,7,0.0
PubMed,0.3,0,0.7,8,0.0
PubMed,0.3,0,0.7,9,0.0
PubMed,0.3,0,0.7,10,0.0
PubMed,0.3,0,0.8,0,-0.013999998569488525
PubMed,0.3,0,0.8,1,0.02199995517730713
PubMed,0.3,0,0.8,2,0.02199995517730713
PubMed,0.3,0,0.8,3,0.0
PubMed,0.3,0,0.8,4,0.0
PubMed,0.3,0,0.8,5,0.0
PubMed,0.3,0,0.8,6,0.0
PubMed,0.3,0,0.8,7,0.0
PubMed,0.3,0,0.8,8,0.0
PubMed,0.3,0,0.8,9,0.0
PubMed,0.3,0,0.8,10,0.0
PubMed,0.3,0,0.9,0,-0.026000022888183594
PubMed,0.3,0,0.9,1,0.018000006675720215
PubMed,0.3,0,0.9,2,-0.010000050067901611
PubMed,0.3,0,0.9,3,0.0
PubMed,0.3,0,0.9,4,0.0
PubMed,0.3,0,0.9,5,0.0
PubMed,0.3,0,0.9,6,0.0
PubMed,0.3,0,0.9,7,0.0
PubMed,0.3,0,0.9,8,0.0
PubMed,0.3,0,0.9,9,0.0
PubMed,0.3,0,0.9,10,0.0
PubMed,0.3,1,0.0,0,0.009000003337860107
PubMed,0.3,1,0.0,1,0.04100000858306885
PubMed,0.3,1,0.0,2,0.026000022888183594
PubMed,0.3,1,0.0,3,0.00700002908706665
PubMed,0.3,1,0.0,4,-0.014999985694885254
PubMed,0.3,1,0.0,5,0.05200004577636719
PubMed,0.3,1,0.0,6,-0.004999995231628418
PubMed,0.3,1,0.0,7,0.020000040531158447
PubMed,0.3,1,0.0,8,0.050000011920928955
PubMed,0.3,1,0.0,9,0.029000043869018555
PubMed,0.3,1,0.0,10,0.010000050067901611
PubMed,0.3,1,0.1,0,0.030000030994415283
PubMed,0.3,1,0.1,1,0.024000048637390137
PubMed,0.3,1,0.1,2,0.0020000338554382324
PubMed,0.3,1,0.1,3,0.04000002145767212
PubMed,0.3,1,0.1,4,0.03400003910064697
PubMed,0.3,1,0.1,5,0.006000041961669922
PubMed,0.3,1,0.1,6,-0.006999969482421875
PubMed,0.3,1,0.1,7,0.04500001668930054
PubMed,0.3,1,0.1,8,0.03700000047683716
PubMed,0.3,1,0.1,9,0.04400002956390381
PubMed,0.3,1,0.1,10,0.05200004577636719
PubMed,0.3,1,0.2,0,0.03900003433227539
PubMed,0.3,1,0.2,1,0.00700002908706665
PubMed,0.3,1,0.2,2,0.029000043869018555
PubMed,0.3,1,0.2,3,0.02799999713897705
PubMed,0.3,1,0.2,4,0.04100000858306885
PubMed,0.3,1,0.2,5,0.058000028133392334
PubMed,0.3,1,0.2,6,0.041999995708465576
PubMed,0.3,1,0.2,7,0.04700005054473877
PubMed,0.3,1,0.2,8,0.050000011920928955
PubMed,0.3,1,0.2,9,0.009000003337860107
PubMed,0.3,1,0.2,10,0.010000050067901611
PubMed,0.3,1,0.3,0,0.02799999713897705
PubMed,0.3,1,0.3,1,0.009000003337860107
PubMed,0.3,1,0.3,2,0.03400003910064697
PubMed,0.3,1,0.3,3,0.04700005054473877
PubMed,0.3,1,0.3,4,0.04700005054473877
PubMed,0.3,1,0.3,5,0.004999995231628418
PubMed,0.3,1,0.3,6,0.010000050067901611
PubMed,0.3,1,0.3,7,0.022000014781951904
PubMed,0.3,1,0.3,8,0.0
PubMed,0.3,1,0.3,9,0.0
PubMed,0.3,1,0.3,10,0.0
PubMed,0.3,1,0.4,0,0.0480000376701355
PubMed,0.3,1,0.4,1,0.006000041961669922
PubMed,0.3,1,0.4,2,0.03400003910064697
PubMed,0.3,1,0.4,3,0.04100000858306885
PubMed,0.3,1,0.4,4,0.013000011444091797
PubMed,0.3,1,0.4,5,0.013999998569488525
PubMed,0.3,1,0.4,6,0.0
PubMed,0.3,1,0.4,7,0.0
PubMed,0.3,1,0.4,8,0.0
PubMed,0.3,1,0.4,9,0.0
PubMed,0.3,1,0.4,10,0.0
PubMed,0.3,1,0.5,0,0.06300002336502075
PubMed,0.3,1,0.5,1,0.0040000081062316895
PubMed,0.3,1,0.5,2,0.03600001335144043
PubMed,0.3,1,0.5,3,0.0040000081062316895
PubMed,0.3,1,0.5,4,0.021000027656555176
PubMed,0.3,1,0.5,5,0.0
PubMed,0.3,1,0.5,6,0.0
PubMed,0.3,1,0.5,7,0.0
PubMed,0.3,1,0.5,8,0.0
PubMed,0.3,1,0.5,9,0.0
PubMed,0.3,1,0.5,10,0.0
PubMed,0.3,1,0.6,0,0.010000050067901611
PubMed,0.3,1,0.6,1,0.03700000047683716
PubMed,0.3,1,0.6,2,-0.0009999871253967285
PubMed,0.3,1,0.6,3,0.016000032424926758
PubMed,0.3,1,0.6,4,0.0
PubMed,0.3,1,0.6,5,0.0
PubMed,0.3,1,0.6,6,0.0
PubMed,0.3,1,0.6,7,0.0
PubMed,0.3,1,0.6,8,0.0
PubMed,0.3,1,0.6,9,0.0
PubMed,0.3,1,0.6,10,0.0
PubMed,0.3,1,0.7,0,0.04900002479553223
PubMed,0.3,1,0.7,1,0.0040000081062316895
PubMed,0.3,1,0.7,2,0.01900005340576172
PubMed,0.3,1,0.7,3,-0.001999974250793457
PubMed,0.3,1,0.7,4,0.0
PubMed,0.3,1,0.7,5,0.0
PubMed,0.3,1,0.7,6,0.0
PubMed,0.3,1,0.7,7,0.0
PubMed,0.3,1,0.7,8,0.0
PubMed,0.3,1,0.7,9,0.0
PubMed,0.3,1,0.7,10,0.0
PubMed,0.3,1,0.8,0,0.05500000715255737
PubMed,0.3,1,0.8,1,-0.011999964714050293
PubMed,0.3,1,0.8,2,0.01500004529953003
PubMed,0.3,1,0.8,3,0.0
PubMed,0.3,1,0.8,4,0.0
PubMed,0.3,1,0.8,5,0.0
PubMed,0.3,1,0.8,6,0.0
PubMed,0.3,1,0.8,7,0.0
PubMed,0.3,1,0.8,8,0.0
PubMed,0.3,1,0.8,9,0.0
PubMed,0.3,1,0.8,10,0.0
PubMed,0.3,1,0.9,0,0.033000051975250244
PubMed,0.3,1,0.9,1,0.017000019550323486
PubMed,0.3,1,0.9,2,0.0
PubMed,0.3,1,0.9,3,0.0
PubMed,0.3,1,0.9,4,0.0
PubMed,0.3,1,0.9,5,0.0
PubMed,0.3,1,0.9,6,0.0
PubMed,0.3,1,0.9,7,0.0
PubMed,0.3,1,0.9,8,0.0
PubMed,0.3,1,0.9,9,0.0
PubMed,0.3,1,0.9,10,0.0
PubMed,0.3,2,0.0,0,0.10100001096725464
PubMed,0.3,2,0.0,1,0.04500001668930054
PubMed,0.3,2,0.0,2,0.08700001239776611
PubMed,0.3,2,0.0,3,0.07300001382827759
PubMed,0.3,2,0.0,4,0.06200003623962402
PubMed,0.3,2,0.0,5,0.05200004577636719
PubMed,0.3,2,0.0,6,0.09200000762939453
PubMed,0.3,2,0.0,7,0.04100000858306885
PubMed,0.3,2,0.0,8,0.09900003671646118
PubMed,0.3,2,0.0,9,0.08399999141693115
PubMed,0.3,2,0.0,10,0.10500001907348633
PubMed,0.3,2,0.1,0,0.0559999942779541
PubMed,0.3,2,0.1,1,0.046000003814697266
PubMed,0.3,2,0.1,2,0.08300000429153442
PubMed,0.3,2,0.1,3,0.0559999942779541
PubMed,0.3,2,0.1,4,0.08100003004074097
PubMed,0.3,2,0.1,5,0.078000009059906
PubMed,0.3,2,0.1,6,0.07499998807907104
PubMed,0.3,2,0.1,7,0.07600003480911255
PubMed,0.3,2,0.1,8,0.07400000095367432
PubMed,0.3,2,0.1,9,0.078000009059906
PubMed,0.3,2,0.1,10,0.08799999952316284
PubMed,0.3,2,0.2,0,0.09600001573562622
PubMed,0.3,2,0.2,1,0.05900001525878906
PubMed,0.3,2,0.2,2,0.07300001382827759
PubMed,0.3,2,0.2,3,0.07600003480911255
PubMed,0.3,2,0.2,4,0.10600000619888306
PubMed,0.3,2,0.2,5,0.0690000057220459
PubMed,0.3,2,0.2,6,0.04300004243850708
PubMed,0.3,2,0.2,7,0.04400002956390381
PubMed,0.3,2,0.2,8,0.04900002479553223
PubMed,0.3,2,0.2,9,0.0040000081062316895
PubMed,0.3,2,0.2,10,-0.009000003337860107
PubMed,0.3,2,0.3,0,0.022000014781951904
PubMed,0.3,2,0.3,1,0.07600003480911255
PubMed,0.3,2,0.3,2,0.07899999618530273
PubMed,0.3,2,0.3,3,0.07499998807907104
PubMed,0.3,2,0.3,4,0.03900003433227539
PubMed,0.3,2,0.3,5,-0.018000006675720215
PubMed,0.3,2,0.3,6,-0.011999964714050293
PubMed,0.3,2,0.3,7,-0.009999990463256836
PubMed,0.3,2,0.3,8,-0.009000003337860107
PubMed,0.3,2,0.3,9,-0.02599996328353882
PubMed,0.3,2,0.3,10,0.0
PubMed,0.3,2,0.4,0,0.09200000762939453
PubMed,0.3,2,0.4,1,0.04400002956390381
PubMed,0.3,2,0.4,2,0.07899999618530273
PubMed,0.3,2,0.4,3,0.018000006675720215
PubMed,0.3,2,0.4,4,-0.011999964714050293
PubMed,0.3,2,0.4,5,-0.009999990463256836
PubMed,0.3,2,0.4,6,-0.02599996328353882
PubMed,0.3,2,0.4,7,-0.02599996328353882
PubMed,0.3,2,0.4,8,0.0
PubMed,0.3,2,0.4,9,0.0
PubMed,0.3,2,0.4,10,0.0
PubMed,0.3,2,0.5,0,0.04000002145767212
PubMed,0.3,2,0.5,1,0.06600004434585571
PubMed,0.3,2,0.5,2,0.03200000524520874
PubMed,0.3,2,0.5,3,-0.014999985694885254
PubMed,0.3,2,0.5,4,-0.009000003337860107
PubMed,0.3,2,0.5,5,-0.02599996328353882
PubMed,0.3,2,0.5,6,-0.02599996328353882
PubMed,0.3,2,0.5,7,0.0
PubMed,0.3,2,0.5,8,0.0
PubMed,0.3,2,0.5,9,0.0
PubMed,0.3,2,0.5,10,0.0
PubMed,0.3,2,0.6,0,0.022000014781951904
PubMed,0.3,2,0.6,1,0.08399999141693115
PubMed,0.3,2,0.6,2,0.0040000081062316895
PubMed,0.3,2,0.6,3,-0.009999990463256836
PubMed,0.3,2,0.6,4,-0.02599996328353882
PubMed,0.3,2,0.6,5,-0.02599996328353882
PubMed,0.3,2,0.6,6,0.0
PubMed,0.3,2,0.6,7,0.0
PubMed,0.3,2,0.6,8,0.0
PubMed,0.3,2,0.6,9,0.0
PubMed,0.3,2,0.6,10,0.0
PubMed,0.3,2,0.7,0,0.026000022888183594
PubMed,0.3,2,0.7,1,0.07700002193450928
PubMed,0.3,2,0.7,2,0.006000041961669922
PubMed,0.3,2,0.7,3,-0.02599996328353882
PubMed,0.3,2,0.7,4,-0.02599996328353882
PubMed,0.3,2,0.7,5,0.0
PubMed,0.3,2,0.7,6,0.0
PubMed,0.3,2,0.7,7,0.0
PubMed,0.3,2,0.7,8,0.0
PubMed,0.3,2,0.7,9,0.0
PubMed,0.3,2,0.7,10,0.0
PubMed,0.3,2,0.8,0,0.003000020980834961
PubMed,0.3,2,0.8,1,0.0009999871253967285
PubMed,0.3,2,0.8,2,-0.03299999237060547
PubMed,0.3,2,0.8,3,-0.02599996328353882
PubMed,0.3,2,0.8,4,0.0
PubMed,0.3,2,0.8,5,0.0
PubMed,0.3,2,0.8,6,0.0
PubMed,0.3,2,0.8,7,0.0
PubMed,0.3,2,0.8,8,0.0
PubMed,0.3,2,0.8,9,0.0
PubMed,0.3,2,0.8,10,0.0
PubMed,0.3,2,0.9,0,0.02399998903274536
PubMed,0.3,2,0.9,1,0.006000041961669922
PubMed,0.3,2,0.9,2,0.0
PubMed,0.3,2,0.9,3,0.0
PubMed,0.3,2,0.9,4,0.0
PubMed,0.3,2,0.9,5,0.0
PubMed,0.3,2,0.9,6,0.0
PubMed,0.3,2,0.9,7,0.0
PubMed,0.3,2,0.9,8,0.0
PubMed,0.3,2,0.9,9,0.0
PubMed,0.3,2,0.9,10,0.0
PubMed,0.3,3,0.0,0,0.04500001668930054
PubMed,0.3,3,0.0,1,0.09799998998641968
PubMed,0.3,3,0.0,2,-0.05799996852874756
PubMed,0.3,3,0.0,3,0.06999999284744263
PubMed,0.3,3,0.0,4,-0.02399998903274536
PubMed,0.3,3,0.0,5,0.09299999475479126
PubMed,0.3,3,0.0,6,0.06499999761581421
PubMed,0.3,3,0.0,7,0.058000028133392334
PubMed,0.3,3,0.0,8,0.1040000319480896
PubMed,0.3,3,0.0,9,-0.018000006675720215
PubMed,0.3,3,0.0,10,-0.1080000102519989
PubMed,0.3,3,0.1,0,0.07100003957748413
PubMed,0.3,3,0.1,1,0.10000002384185791
PubMed,0.3,3,0.1,2,0.12099999189376831
PubMed,0.3,3,0.1,3,0.12300002574920654
PubMed,0.3,3,0.1,4,0.08600002527236938
PubMed,0.3,3,0.1,5,0.12400001287460327
PubMed,0.3,3,0.1,6,0.04900002479553223
PubMed,0.3,3,0.1,7,0.1380000114440918
PubMed,0.3,3,0.1,8,0.1470000147819519
PubMed,0.3,3,0.1,9,0.08100003004074097
PubMed,0.3,3,0.1,10,0.012000024318695068
PubMed,0.3,3,0.2,0,0.027000010013580322
PubMed,0.3,3,0.2,1,0.09900003671646118
PubMed,0.3,3,0.2,2,0.13600003719329834
PubMed,0.3,3,0.2,3,0.07499998807907104
PubMed,0.3,3,0.2,4,0.12099999189376831
PubMed,0.3,3,0.2,5,0.08300000429153442
PubMed,0.3,3,0.2,6,0.08100003004074097
PubMed,0.3,3,0.2,7,0.03700000047683716
PubMed,0.3,3,0.2,8,0.019999980926513672
PubMed,0.3,3,0.2,9,0.0009999871253967285
PubMed,0.3,3,0.2,10,0.0009999871253967285
PubMed,0.3,3,0.3,0,0.06300002336502075
PubMed,0.3,3,0.3,1,0.13100004196166992
PubMed,0.3,3,0.3,2,0.09400004148483276
PubMed,0.3,3,0.3,3,0.07700002193450928
PubMed,0.3,3,0.3,4,0.046000003814697266
PubMed,0.3,3,0.3,5,-0.013000011444091797
PubMed,0.3,3,0.3,6,0.0009999871253967285
PubMed,0.3,3,0.3,7,0.0
PubMed,0.3,3,0.3,8,0.0
PubMed,0.3,3,0.3,9,0.0
PubMed,0.3,3,0.3,10,0.0
PubMed,0.3,3,0.4,0,0.0559999942779541
PubMed,0.3,3,0.4,1,0.1119999885559082
PubMed,0.3,3,0.4,2,0.1029999852180481
PubMed,0.3,3,0.4,3,0.04400002956390381
PubMed,0.3,3,0.4,4,-0.014999985694885254
PubMed,0.3,3,0.4,5,0.0
PubMed,0.3,3,0.4,6,0.0
PubMed,0.3,3,0.4,7,0.0
PubMed,0.3,3,0.4,8,0.0
PubMed,0.3,3,0.4,9,0.0
PubMed,0.3,3,0.4,10,0.0
PubMed,0.3,3,0.5,0,0.06999999284744263
PubMed,0.3,3,0.5,1,0.11500000953674316
PubMed,0.3,3,0.5,2,0.02799999713897705
PubMed,0.3,3,0.5,3,-0.014999985694885254
PubMed,0.3,3,0.5,4,0.0
PubMed,0.3,3,0.5,5,0.0
PubMed,0.3,3,0.5,6,0.0
PubMed,0.3,3,0.5,7,0.0
PubMed,0.3,3,0.5,8,0.0
PubMed,0.3,3,0.5,9,0.0
PubMed,0.3,3,0.5,10,0.0
PubMed,0.3,3,0.6,0,0.050000011920928955
PubMed,0.3,3,0.6,1,0.13600003719329834
PubMed,0.3,3,0.6,2,0.027000010013580322
PubMed,0.3,3,0.6,3,-0.013000011444091797
PubMed,0.3,3,0.6,4,0.0
PubMed,0.3,3,0.6,5,0.0
PubMed,0.3,3,0.6,6,0.0
PubMed,0.3,3,0.6,7,0.0
PubMed,0.3,3,0.6,8,0.0
PubMed,0.3,3,0.6,9,0.0
PubMed,0.3,3,0.6,10,0.0
PubMed,0.3,3,0.7,0,0.03900003433227539
PubMed,0.3,3,0.7,1,0.06599998474121094
PubMed,0.3,3,0.7,2,-0.014999985694885254
PubMed,0.3,3,0.7,3,0.0
PubMed,0.3,3,0.7,4,0.0
PubMed,0.3,3,0.7,5,0.0
PubMed,0.3,3,0.7,6,0.0
PubMed,0.3,3,0.7,7,0.0
PubMed,0.3,3,0.7,8,0.0
PubMed,0.3,3,0.7,9,0.0
PubMed,0.3,3,0.7,10,0.0
PubMed,0.3,3,0.8,0,0.046000003814697266
PubMed,0.3,3,0.8,1,0.004999995231628418
PubMed,0.3,3,0.8,2,0.0009999871253967285
PubMed,0.3,3,0.8,3,0.0
PubMed,0.3,3,0.8,4,0.0
PubMed,0.3,3,0.8,5,0.0
PubMed,0.3,3,0.8,6,0.0
PubMed,0.3,3,0.8,7,0.0
PubMed,0.3,3,0.8,8,0.0
PubMed,0.3,3,0.8,9,0.0
PubMed,0.3,3,0.8,10,0.0
PubMed,0.3,3,0.9,0,0.009000003337860107
PubMed,0.3,3,0.9,1,0.014999985694885254
PubMed,0.3,3,0.9,2,0.0
PubMed,0.3,3,0.9,3,0.0
PubMed,0.3,3,0.9,4,0.0
PubMed,0.3,3,0.9,5,0.0
PubMed,0.3,3,0.9,6,0.0
PubMed,0.3,3,0.9,7,0.0
PubMed,0.3,3,0.9,8,0.0
PubMed,0.3,3,0.9,9,0.0
PubMed,0.3,3,0.9,10,0.0
PubMed,0.3,4,0.0,0,-0.10500001907348633
PubMed,0.3,4,0.0,1,-0.1510000228881836
PubMed,0.3,4,0.0,2,-0.06600004434585571
PubMed,0.3,4,0.0,3,-0.2540000379085541
PubMed,0.3,4,0.0,4,-0.08100003004074097
PubMed,0.3,4,0.0,5,-0.13500002026557922
PubMed,0.3,4,0.0,6,-0.12200000882148743
PubMed,0.3,4,0.0,7,-0.0820000171661377
PubMed,0.3,4,0.0,8,-0.3230000138282776
PubMed,0.3,4,0.0,9,-0.4140000343322754
PubMed,0.3,4,0.0,10,-0.14100003242492676
PubMed,0.3,4,0.1,0,-0.28600001335144043
PubMed,0.3,4,0.1,1,-0.09500002861022949
PubMed,0.3,4,0.1,2,-0.02799999713897705
PubMed,0.3,4,0.1,3,-0.07300001382827759
PubMed,0.3,4,0.1,4,0.05799996852874756
PubMed,0.3,4,0.1,5,-0.07700002193450928
PubMed,0.3,4,0.1,6,0.02599996328353882
PubMed,0.3,4,0.1,7,-0.050999999046325684
PubMed,0.3,4,0.1,8,0.06099998950958252
PubMed,0.3,4,0.1,9,0.04500001668930054
PubMed,0.3,4,0.1,10,0.029999971389770508
PubMed,0.3,4,0.2,0,-0.18700003623962402
PubMed,0.3,4,0.2,1,0.013000011444091797
PubMed,0.3,4,0.2,2,0.02599996328353882
PubMed,0.3,4,0.2,3,0.05900001525878906
PubMed,0.3,4,0.2,4,-0.02399998903274536
PubMed,0.3,4,0.2,5,0.0
PubMed,0.3,4,0.2,6,0.013999998569488525
PubMed,0.3,4,0.2,7,0.029999971389770508
PubMed,0.3,4,0.2,8,-0.003000020980834961
PubMed,0.3,4,0.2,9,-0.003000020980834961
PubMed,0.3,4,0.2,10,0.0
PubMed,0.3,4,0.3,0,-0.04300004243850708
PubMed,0.3,4,0.3,1,0.018000006675720215
PubMed,0.3,4,0.3,2,0.050999999046325684
PubMed,0.3,4,0.3,3,0.03799998760223389
PubMed,0.3,4,0.3,4,0.01699995994567871
PubMed,0.3,4,0.3,5,0.014999985694885254
PubMed,0.3,4,0.3,6,0.0
PubMed,0.3,4,0.3,7,-0.003000020980834961
PubMed,0.3,4,0.3,8,-0.003000020980834961
PubMed,0.3,4,0.3,9,-0.003000020980834961
PubMed,0.3,4,0.3,10,0.0
PubMed,0.3,4,0.4,0,-0.078000009059906
PubMed,0.3,4,0.4,1,0.02899998426437378
PubMed,0.3,4,0.4,2,0.06599998474121094
PubMed,0.3,4,0.4,3,0.0209999680519104
PubMed,0.3,4,0.4,4,-0.009000003337860107
PubMed,0.3,4,0.4,5,-0.003000020980834961
PubMed,0.3,4,0.4,6,-0.003000020980834961
PubMed,0.3,4,0.4,7,0.0
PubMed,0.3,4,0.4,8,0.0
PubMed,0.3,4,0.4,9,0.0
PubMed,0.3,4,0.4,10,0.0
PubMed,0.3,4,0.5,0,-0.11800003051757812
PubMed,0.3,4,0.5,1,0.04399996995925903
PubMed,0.3,4,0.5,2,0.01699995994567871
PubMed,0.3,4,0.5,3,-0.008000016212463379
PubMed,0.3,4,0.5,4,-0.003000020980834961
PubMed,0.3,4,0.5,5,-0.003000020980834961
PubMed,0.3,4,0.5,6,0.0
PubMed,0.3,4,0.5,7,0.0
PubMed,0.3,4,0.5,8,0.0
PubMed,0.3,4,0.5,9,0.0
PubMed,0.3,4,0.5,10,0.0
PubMed,0.3,4,0.6,0,-0.022000014781951904
PubMed,0.3,4,0.6,1,-0.008000016212463379
PubMed,0.3,4,0.6,2,-0.0040000081062316895
PubMed,0.3,4,0.6,3,-0.009000003337860107
PubMed,0.3,4,0.6,4,-0.003000020980834961
PubMed,0.3,4,0.6,5,0.0
PubMed,0.3,4,0.6,6,0.0
PubMed,0.3,4,0.6,7,0.0
PubMed,0.3,4,0.6,8,0.0
PubMed,0.3,4,0.6,9,0.0
PubMed,0.3,4,0.6,10,0.0
PubMed,0.3,4,0.7,0,0.014999985694885254
PubMed,0.3,4,0.7,1,0.0559999942779541
PubMed,0.3,4,0.7,2,-0.009000003337860107
PubMed,0.3,4,0.7,3,-0.003000020980834961
PubMed,0.3,4,0.7,4,0.0
PubMed,0.3,4,0.7,5,0.0
PubMed,0.3,4,0.7,6,0.0
PubMed,0.3,4,0.7,7,0.0
PubMed,0.3,4,0.7,8,0.0
PubMed,0.3,4,0.7,9,0.0
PubMed,0.3,4,0.7,10,0.0
PubMed,0.3,4,0.8,0,-0.03900003433227539
PubMed,0.3,4,0.8,1,0.008000016212463379
PubMed,0.3,4,0.8,2,-0.006000041961669922
PubMed,0.3,4,0.8,3,0.0
PubMed,0.3,4,0.8,4,0.0
PubMed,0.3,4,0.8,5,0.0
PubMed,0.3,4,0.8,6,0.0
PubMed,0.3,4,0.8,7,0.0
PubMed,0.3,4,0.8,8,0.0
PubMed,0.3,4,0.8,9,0.0
PubMed,0.3,4,0.8,10,0.0
PubMed,0.3,4,0.9,0,0.050000011920928955
PubMed,0.3,4,0.9,1,0.006999969482421875
PubMed,0.3,4,0.9,2,0.0
PubMed,0.3,4,0.9,3,0.0
PubMed,0.3,4,0.9,4,0.0
PubMed,0.3,4,0.9,5,0.0
PubMed,0.3,4,0.9,6,0.0
PubMed,0.3,4,0.9,7,0.0
PubMed,0.3,4,0.9,8,0.0
PubMed,0.3,4,0.9,9,0.0
PubMed,0.3,4,0.9,10,0.0
PubMed,0.3,5,0.0,0,0.03800004720687866
PubMed,0.3,5,0.0,1,0.06700003147125244
PubMed,0.3,5,0.0,2,-0.001999974250793457
PubMed,0.3,5,0.0,3,-0.20999997854232788
PubMed,0.3,5,0.0,4,0.053000032901763916
PubMed,0.3,5,0.0,5,-0.07999998331069946
PubMed,0.3,5,0.0,6,0.026000022888183594
PubMed,0.3,5,0.0,7,0.03800004720687866
PubMed,0.3,5,0.0,8,-0.029999971389770508
PubMed,0.3,5,0.0,9,0.01100003719329834
PubMed,0.3,5,0.0,10,0.022000014781951904
PubMed,0.3,5,0.1,0,0.0559999942779541
PubMed,0.3,5,0.1,1,0.04300004243850708
PubMed,0.3,5,0.1,2,0.04300004243850708
PubMed,0.3,5,0.1,3,0.057000041007995605
PubMed,0.3,5,0.1,4,0.053000032901763916
PubMed,0.3,5,0.1,5,0.04000002145767212
PubMed,0.3,5,0.1,6,0.046000003814697266
PubMed,0.3,5,0.1,7,0.02799999713897705
PubMed,0.3,5,0.1,8,0.02799999713897705
PubMed,0.3,5,0.1,9,0.03800004720687866
PubMed,0.3,5,0.1,10,0.054000020027160645
PubMed,0.3,5,0.2,0,0.025000035762786865
PubMed,0.3,5,0.2,1,0.06499999761581421
PubMed,0.3,5,0.2,2,0.058000028133392334
PubMed,0.3,5,0.2,3,0.054000020027160645
PubMed,0.3,5,0.2,4,0.06200003623962402
PubMed,0.3,5,0.2,5,0.06700003147125244
PubMed,0.3,5,0.2,6,0.050000011920928955
PubMed,0.3,5,0.2,7,0.04900002479553223
PubMed,0.3,5,0.2,8,-0.0029999613761901855
PubMed,0.3,5,0.2,9,-0.019999980926513672
PubMed,0.3,5,0.2,10,-0.02799999713897705
PubMed,0.3,5,0.3,0,0.050000011920928955
PubMed,0.3,5,0.3,1,0.06200003623962402
PubMed,0.3,5,0.3,2,0.057000041007995605
PubMed,0.3,5,0.3,3,0.06300002336502075
PubMed,0.3,5,0.3,4,0.07100003957748413
PubMed,0.3,5,0.3,5,-0.007999956607818604
PubMed,0.3,5,0.3,6,-0.019999980926513672
PubMed,0.3,5,0.3,7,0.0
PubMed,0.3,5,0.3,8,0.0
PubMed,0.3,5,0.3,9,0.0
PubMed,0.3,5,0.3,10,0.0
PubMed,0.3,5,0.4,0,0.04400002956390381
PubMed,0.3,5,0.4,1,0.03400003910064697
PubMed,0.3,5,0.4,2,0.04400002956390381
PubMed,0.3,5,0.4,3,0.050999999046325684
PubMed,0.3,5,0.4,4,-0.011999964714050293
PubMed,0.3,5,0.4,5,-0.0009999871253967285
PubMed,0.3,5,0.4,6,0.0
PubMed,0.3,5,0.4,7,0.0
PubMed,0.3,5,0.4,8,0.0
PubMed,0.3,5,0.4,9,0.0
PubMed,0.3,5,0.4,10,0.0
PubMed,0.3,5,0.5,0,0.03600001335144043
PubMed,0.3,5,0.5,1,0.050999999046325684
PubMed,0.3,5,0.5,2,0.061000049114227295
PubMed,0.3,5,0.5,3,-0.010999977588653564
PubMed,0.3,5,0.5,4,0.0
PubMed,0.3,5,0.5,5,0.0
PubMed,0.3,5,0.5,6,0.0
PubMed,0.3,5,0.5,7,0.0
PubMed,0.3,5,0.5,8,0.0
PubMed,0.3,5,0.5,9,0.0
PubMed,0.3,5,0.5,10,0.0
PubMed,0.3,5,0.6,0,0.03100001811981201
PubMed,0.3,5,0.6,1,0.029000043869018555
PubMed,0.3,5,0.6,2,0.0480000376701355
PubMed,0.3,5,0.6,3,0.0
PubMed,0.3,5,0.6,4,0.0
PubMed,0.3,5,0.6,5,0.0
PubMed,0.3,5,0.6,6,0.0
PubMed,0.3,5,0.6,7,0.0
PubMed,0.3,5,0.6,8,0.0
PubMed,0.3,5,0.6,9,0.0
PubMed,0.3,5,0.6,10,0.0
PubMed,0.3,5,0.7,0,0.06700003147125244
PubMed,0.3,5,0.7,1,0.058000028133392334
PubMed,0.3,5,0.7,2,0.03299999237060547
PubMed,0.3,5,0.7,3,0.0
PubMed,0.3,5,0.7,4,0.0
PubMed,0.3,5,0.7,5,0.0
PubMed,0.3,5,0.7,6,0.0
PubMed,0.3,5,0.7,7,0.0
PubMed,0.3,5,0.7,8,0.0
PubMed,0.3,5,0.7,9,0.0
PubMed,0.3,5,0.7,10,0.0
PubMed,0.3,5,0.8,0,0.03900003433227539
PubMed,0.3,5,0.8,1,0.02799999713897705
PubMed,0.3,5,0.8,2,0.0
PubMed,0.3,5,0.8,3,0.0
PubMed,0.3,5,0.8,4,0.0
PubMed,0.3,5,0.8,5,0.0
PubMed,0.3,5,0.8,6,0.0
PubMed,0.3,5,0.8,7,0.0
PubMed,0.3,5,0.8,8,0.0
PubMed,0.3,5,0.8,9,0.0
PubMed,0.3,5,0.8,10,0.0
PubMed,0.3,5,0.9,0,-0.0040000081062316895
PubMed,0.3,5,0.9,1,0.022000014781951904
PubMed,0.3,5,0.9,2,0.0
PubMed,0.3,5,0.9,3,0.0
PubMed,0.3,5,0.9,4,0.0
PubMed,0.3,5,0.9,5,0.0
PubMed,0.3,5,0.9,6,0.0
PubMed,0.3,5,0.9,7,0.0
PubMed,0.3,5,0.9,8,0.0
PubMed,0.3,5,0.9,9,0.0
PubMed,0.3,5,0.9,10,0.0
PubMed,0.3,6,0.0,0,-0.057000041007995605
PubMed,0.3,6,0.0,1,-0.21100002527236938
PubMed,0.3,6,0.0,2,-0.05200004577636719
PubMed,0.3,6,0.0,3,-0.15200001001358032
PubMed,0.3,6,0.0,4,-0.05200004577636719
PubMed,0.3,6,0.0,5,-0.021000027656555176
PubMed,0.3,6,0.0,6,0.014999985694885254
PubMed,0.3,6,0.0,7,-0.04500001668930054
PubMed,0.3,6,0.0,8,-0.046999990940093994
PubMed,0.3,6,0.0,9,0.015999972820281982
PubMed,0.3,6,0.0,10,-0.03900003433227539
PubMed,0.3,6,0.1,0,-0.05900001525878906
PubMed,0.3,6,0.1,1,-0.013999998569488525
PubMed,0.3,6,0.1,2,0.125
PubMed,0.3,6,0.1,3,0.13199996948242188
PubMed,0.3,6,0.1,4,0.13199996948242188
PubMed,0.3,6,0.1,5,0.12999999523162842
PubMed,0.3,6,0.1,6,0.11500000953674316
PubMed,0.3,6,0.1,7,0.09499996900558472
PubMed,0.3,6,0.1,8,0.046999990940093994
PubMed,0.3,6,0.1,9,0.06699997186660767
PubMed,0.3,6,0.1,10,0.10799998044967651
PubMed,0.3,6,0.2,0,0.06599998474121094
PubMed,0.3,6,0.2,1,0.06400001049041748
PubMed,0.3,6,0.2,2,0.09799998998641968
PubMed,0.3,6,0.2,3,-0.0020000338554382324
PubMed,0.3,6,0.2,4,0.10899996757507324
PubMed,0.3,6,0.2,5,0.08499997854232788
PubMed,0.3,6,0.2,6,0.03600001335144043
PubMed,0.3,6,0.2,7,0.06099998950958252
PubMed,0.3,6,0.2,8,-0.01100003719329834
PubMed,0.3,6,0.2,9,-0.01100003719329834
PubMed,0.3,6,0.2,10,-0.01100003719329834
PubMed,0.3,6,0.3,0,0.023000001907348633
PubMed,0.3,6,0.3,1,0.11599999666213989
PubMed,0.3,6,0.3,2,0.11900001764297485
PubMed,0.3,6,0.3,3,0.06199997663497925
PubMed,0.3,6,0.3,4,0.0339999794960022
PubMed,0.3,6,0.3,5,-0.03400003910064697
PubMed,0.3,6,0.3,6,-0.018000006675720215
PubMed,0.3,6,0.3,7,-0.018000006675720215
PubMed,0.3,6,0.3,8,-0.018000006675720215
PubMed,0.3,6,0.3,9,-0.023000001907348633
PubMed,0.3,6,0.3,10,-0.018000006675720215
PubMed,0.3,6,0.4,0,0.0059999823570251465
PubMed,0.3,6,0.4,1,0.1119999885559082
PubMed,0.3,6,0.4,2,0.042999982833862305
PubMed,0.3,6,0.4,3,-0.009000003337860107
PubMed,0.3,6,0.4,4,-0.04300004243850708
PubMed,0.3,6,0.4,5,-0.018000006675720215
PubMed,0.3,6,0.4,6,-0.018000006675720215
PubMed,0.3,6,0.4,7,-0.018000006675720215
PubMed,0.3,6,0.4,8,-0.018000006675720215
PubMed,0.3,6,0.4,9,0.0
PubMed,0.3,6,0.4,10,0.0
PubMed,0.3,6,0.5,0,0.05299997329711914
PubMed,0.3,6,0.5,1,0.08599996566772461
PubMed,0.3,6,0.5,2,0.0209999680519104
PubMed,0.3,6,0.5,3,-0.05200004577636719
PubMed,0.3,6,0.5,4,-0.018000006675720215
PubMed,0.3,6,0.5,5,-0.018000006675720215
PubMed,0.3,6,0.5,6,-0.018000006675720215
PubMed,0.3,6,0.5,7,-0.018000006675720215
PubMed,0.3,6,0.5,8,0.0
PubMed,0.3,6,0.5,9,0.0
PubMed,0.3,6,0.5,10,0.0
PubMed,0.3,6,0.6,0,-0.01500004529953003
PubMed,0.3,6,0.6,1,0.10799998044967651
PubMed,0.3,6,0.6,2,0.03200000524520874
PubMed,0.3,6,0.6,3,-0.03299999237060547
PubMed,0.3,6,0.6,4,-0.018000006675720215
PubMed,0.3,6,0.6,5,-0.018000006675720215
PubMed,0.3,6,0.6,6,-0.018000006675720215
PubMed,0.3,6,0.6,7,0.0
PubMed,0.3,6,0.6,8,0.0
PubMed,0.3,6,0.6,9,0.0
PubMed,0.3,6,0.6,10,0.0
PubMed,0.3,6,0.7,0,-0.06499999761581421
PubMed,0.3,6,0.7,1,-0.004999995231628418
PubMed,0.3,6,0.7,2,-0.016000032424926758
PubMed,0.3,6,0.7,3,-0.023000001907348633
PubMed,0.3,6,0.7,4,-0.018000006675720215
PubMed,0.3,6,0.7,5,0.0
PubMed,0.3,6,0.7,6,0.0
PubMed,0.3,6,0.7,7,0.0
PubMed,0.3,6,0.7,8,0.0
PubMed,0.3,6,0.7,9,0.0
PubMed,0.3,6,0.7,10,0.0
PubMed,0.3,6,0.8,0,-0.012000024318695068
PubMed,0.3,6,0.8,1,0.038999974727630615
PubMed,0.3,6,0.8,2,0.0
PubMed,0.3,6,0.8,3,-0.018000006675720215
PubMed,0.3,6,0.8,4,0.0
PubMed,0.3,6,0.8,5,0.0
PubMed,0.3,6,0.8,6,0.0
PubMed,0.3,6,0.8,7,0.0
PubMed,0.3,6,0.8,8,0.0
PubMed,0.3,6,0.8,9,0.0
PubMed,0.3,6,0.8,10,0.0
PubMed,0.3,6,0.9,0,0.06199997663497925
PubMed,0.3,6,0.9,1,0.001999974250793457
PubMed,0.3,6,0.9,2,0.0
PubMed,0.3,6,0.9,3,0.0
PubMed,0.3,6,0.9,4,0.0
PubMed,0.3,6,0.9,5,0.0
PubMed,0.3,6,0.9,6,0.0
PubMed,0.3,6,0.9,7,0.0
PubMed,0.3,6,0.9,8,0.0
PubMed,0.3,6,0.9,9,0.0
PubMed,0.3,6,0.9,10,0.0
PubMed,0.3,7,0.0,0,-0.2679999768733978
PubMed,0.3,7,0.0,1,-0.03799998760223389
PubMed,0.3,7,0.0,2,-0.2359999716281891
PubMed,0.3,7,0.0,3,-0.3139999806880951
PubMed,0.3,7,0.0,4,-0.09999996423721313
PubMed,0.3,7,0.0,5,-0.019999980926513672
PubMed,0.3,7,0.0,6,0.05600005388259888
PubMed,0.3,7,0.0,7,-0.009999990463256836
PubMed,0.3,7,0.0,8,-0.3009999990463257
PubMed,0.3,7,0.0,9,-0.14399999380111694
PubMed,0.3,7,0.0,10,-0.30699998140335083
PubMed,0.3,7,0.1,0,-0.14300000667572021
PubMed,0.3,7,0.1,1,0.012000024318695068
PubMed,0.3,7,0.1,2,0.013999998569488525
PubMed,0.3,7,0.1,3,0.006000041961669922
PubMed,0.3,7,0.1,4,-0.12799996137619019
PubMed,0.3,7,0.1,5,-0.006999969482421875
PubMed,0.3,7,0.1,6,0.03700000047683716
PubMed,0.3,7,0.1,7,0.04400002956390381
PubMed,0.3,7,0.1,8,0.033000051975250244
PubMed,0.3,7,0.1,9,-0.02499997615814209
PubMed,0.3,7,0.1,10,-0.026999950408935547
PubMed,0.3,7,0.2,0,-0.08199995756149292
PubMed,0.3,7,0.2,1,0.04700005054473877
PubMed,0.3,7,0.2,2,0.04900002479553223
PubMed,0.3,7,0.2,3,0.018000006675720215
PubMed,0.3,7,0.2,4,0.029000043869018555
PubMed,0.3,7,0.2,5,0.012000024318695068
PubMed,0.3,7,0.2,6,-0.018999993801116943
PubMed,0.3,7,0.2,7,-0.02199995517730713
PubMed,0.3,7,0.2,8,0.03100001811981201
PubMed,0.3,7,0.2,9,-0.01799994707107544
PubMed,0.3,7,0.2,10,-0.003999948501586914
PubMed,0.3,7,0.3,0,0.050999999046325684
PubMed,0.3,7,0.3,1,0.006000041961669922
PubMed,0.3,7,0.3,2,-0.013999998569488525
PubMed,0.3,7,0.3,3,0.030000030994415283
PubMed,0.3,7,0.3,4,0.01900005340576172
PubMed,0.3,7,0.3,5,0.03400003910064697
PubMed,0.3,7,0.3,6,-0.01799994707107544
PubMed,0.3,7,0.3,7,-0.015999972820281982
PubMed,0.3,7,0.3,8,-0.009000003337860107
PubMed,0.3,7,0.3,9,-0.007999956607818604
PubMed,0.3,7,0.3,10,0.0
PubMed,0.3,7,0.4,0,-0.10999995470046997
PubMed,0.3,7,0.4,1,-0.08300000429153442
PubMed,0.3,7,0.4,2,0.013999998569488525
PubMed,0.3,7,0.4,3,0.0020000338554382324
PubMed,0.3,7,0.4,4,0.021000027656555176
PubMed,0.3,7,0.4,5,-0.009000003337860107
PubMed,0.3,7,0.4,6,-0.009000003337860107
PubMed,0.3,7,0.4,7,-0.007999956607818604
PubMed,0.3,7,0.4,8,-0.007999956607818604
PubMed,0.3,7,0.4,9,0.0
PubMed,0.3,7,0.4,10,0.0
PubMed,0.3,7,0.5,0,-0.0009999871253967285
PubMed,0.3,7,0.5,1,-0.01699995994567871
PubMed,0.3,7,0.5,2,0.0020000338554382324
PubMed,0.3,7,0.5,3,0.016000032424926758
PubMed,0.3,7,0.5,4,-0.009000003337860107
PubMed,0.3,7,0.5,5,-0.007999956607818604
PubMed,0.3,7,0.5,6,-0.007999956607818604
PubMed,0.3,7,0.5,7,-0.007999956607818604
PubMed,0.3,7,0.5,8,0.0
PubMed,0.3,7,0.5,9,0.0
PubMed,0.3,7,0.5,10,0.0
PubMed,0.3,7,0.6,0,-0.009000003337860107
PubMed,0.3,7,0.6,1,-0.02599996328353882
PubMed,0.3,7,0.6,2,0.023000001907348633
PubMed,0.3,7,0.6,3,-0.006999969482421875
PubMed,0.3,7,0.6,4,0.0040000081062316895
PubMed,0.3,7,0.6,5,-0.007999956607818604
PubMed,0.3,7,0.6,6,-0.007999956607818604
PubMed,0.3,7,0.6,7,0.0
PubMed,0.3,7,0.6,8,0.0
PubMed,0.3,7,0.6,9,0.0
PubMed,0.3,7,0.6,10,0.0
PubMed,0.3,7,0.7,0,-0.009000003337860107
PubMed,0.3,7,0.7,1,-0.012999951839447021
PubMed,0.3,7,0.7,2,0.016000032424926758
PubMed,0.3,7,0.7,3,-0.0009999871253967285
PubMed,0.3,7,0.7,4,-0.007999956607818604
PubMed,0.3,7,0.7,5,0.0
PubMed,0.3,7,0.7,6,0.0
PubMed,0.3,7,0.7,7,0.0
PubMed,0.3,7,0.7,8,0.0
PubMed,0.3,7,0.7,9,0.0
PubMed,0.3,7,0.7,10,0.0
PubMed,0.3,7,0.8,0,-0.009999990463256836
PubMed,0.3,7,0.8,1,-0.014999985694885254
PubMed,0.3,7,0.8,2,0.005000054836273193
PubMed,0.3,7,0.8,3,-0.007999956607818604
PubMed,0.3,7,0.8,4,0.0
PubMed,0.3,7,0.8,5,0.0
PubMed,0.3,7,0.8,6,0.0
PubMed,0.3,7,0.8,7,0.0
PubMed,0.3,7,0.8,8,0.0
PubMed,0.3,7,0.8,9,0.0
PubMed,0.3,7,0.8,10,0.0
PubMed,0.3,7,0.9,0,0.01900005340576172
PubMed,0.3,7,0.9,1,0.024000048637390137
PubMed,0.3,7,0.9,2,0.0
PubMed,0.3,7,0.9,3,0.0
PubMed,0.3,7,0.9,4,0.0
PubMed,0.3,7,0.9,5,0.0
PubMed,0.3,7,0.9,6,0.0
PubMed,0.3,7,0.9,7,0.0
PubMed,0.3,7,0.9,8,0.0
PubMed,0.3,7,0.9,9,0.0
PubMed,0.3,7,0.9,10,0.0
PubMed,0.3,8,0.0,0,-0.04700005054473877
PubMed,0.3,8,0.0,1,-0.20900002121925354
PubMed,0.3,8,0.0,2,-0.27900004386901855
PubMed,0.3,8,0.0,3,-0.030000030994415283
PubMed,0.3,8,0.0,4,-0.45500004291534424
PubMed,0.3,8,0.0,5,-0.4540000408887863
PubMed,0.3,8,0.0,6,0.07499998807907104
PubMed,0.3,8,0.0,7,-0.32100003957748413
PubMed,0.3,8,0.0,8,-0.01100003719329834
PubMed,0.3,8,0.0,9,0.018000006675720215
PubMed,0.3,8,0.0,10,-0.2930000424385071
PubMed,0.3,8,0.1,0,-0.06600004434585571
PubMed,0.3,8,0.1,1,0.06699997186660767
PubMed,0.3,8,0.1,2,-0.08600002527236938
PubMed,0.3,8,0.1,3,-0.08600002527236938
PubMed,0.3,8,0.1,4,-0.006000041961669922
PubMed,0.3,8,0.1,5,0.03700000047683716
PubMed,0.3,8,0.1,6,-0.046000003814697266
PubMed,0.3,8,0.1,7,0.0690000057220459
PubMed,0.3,8,0.1,8,0.042999982833862305
PubMed,0.3,8,0.1,9,0.039999961853027344
PubMed,0.3,8,0.1,10,0.0040000081062316895
PubMed,0.3,8,0.2,0,-0.11200004816055298
PubMed,0.3,8,0.2,1,0.034999966621398926
PubMed,0.3,8,0.2,2,-0.057000041007995605
PubMed,0.3,8,0.2,3,-0.029000043869018555
PubMed,0.3,8,0.2,4,0.01699995994567871
PubMed,0.3,8,0.2,5,0.041999995708465576
PubMed,0.3,8,0.2,6,-0.010000050067901611
PubMed,0.3,8,0.2,7,-0.06600004434585571
PubMed,0.3,8,0.2,8,-0.025000035762786865
PubMed,0.3,8,0.2,9,-0.057000041007995605
PubMed,0.3,8,0.2,10,0.02199995517730713
PubMed,0.3,8,0.3,0,-0.03299999237060547
PubMed,0.3,8,0.3,1,0.01699995994567871
PubMed,0.3,8,0.3,2,0.015999972820281982
PubMed,0.3,8,0.3,3,0.034999966621398926
PubMed,0.3,8,0.3,4,-0.009000003337860107
PubMed,0.3,8,0.3,5,0.006999969482421875
PubMed,0.3,8,0.3,6,-0.03200000524520874
PubMed,0.3,8,0.3,7,-0.03600001335144043
PubMed,0.3,8,0.3,8,0.0029999613761901855
PubMed,0.3,8,0.3,9,0.0
PubMed,0.3,8,0.3,10,0.0
PubMed,0.3,8,0.4,0,-0.17100003361701965
PubMed,0.3,8,0.4,1,0.06199997663497925
PubMed,0.3,8,0.4,2,0.015999972820281982
PubMed,0.3,8,0.4,3,-0.018999993801116943
PubMed,0.3,8,0.4,4,-0.07400000095367432
PubMed,0.3,8,0.4,5,-0.04500001668930054
PubMed,0.3,8,0.4,6,-0.04700005054473877
PubMed,0.3,8,0.4,7,-0.04700005054473877
PubMed,0.3,8,0.4,8,0.0
PubMed,0.3,8,0.4,9,0.0
PubMed,0.3,8,0.4,10,0.0
PubMed,0.3,8,0.5,0,0.03299999237060547
PubMed,0.3,8,0.5,1,0.0029999613761901855
PubMed,0.3,8,0.5,2,0.012999951839447021
PubMed,0.3,8,0.5,3,-0.03800004720687866
PubMed,0.3,8,0.5,4,-0.058000028133392334
PubMed,0.3,8,0.5,5,-0.04700005054473877
PubMed,0.3,8,0.5,6,-0.04700005054473877
PubMed,0.3,8,0.5,7,0.0
PubMed,0.3,8,0.5,8,0.0
PubMed,0.3,8,0.5,9,0.0
PubMed,0.3,8,0.5,10,0.0
PubMed,0.3,8,0.6,0,-0.021000027656555176
PubMed,0.3,8,0.6,1,-0.010000050067901611
PubMed,0.3,8,0.6,2,0.007999956607818604
PubMed,0.3,8,0.6,3,-0.054000020027160645
PubMed,0.3,8,0.6,4,-0.04700005054473877
PubMed,0.3,8,0.6,5,-0.04700005054473877
PubMed,0.3,8,0.6,6,0.0
PubMed,0.3,8,0.6,7,0.0
PubMed,0.3,8,0.6,8,0.0
PubMed,0.3,8,0.6,9,0.0
PubMed,0.3,8,0.6,10,0.0
PubMed,0.3,8,0.7,0,-0.001000046730041504
PubMed,0.3,8,0.7,1,-0.029000043869018555
PubMed,0.3,8,0.7,2,-0.03800004720687866
PubMed,0.3,8,0.7,3,-0.030000030994415283
PubMed,0.3,8,0.7,4,-0.04700005054473877
PubMed,0.3,8,0.7,5,0.0
PubMed,0.3,8,0.7,6,0.0
PubMed,0.3,8,0.7,7,0.0
PubMed,0.3,8,0.7,8,0.0
PubMed,0.3,8,0.7,9,0.0
PubMed,0.3,8,0.7,10,0.0
PubMed,0.3,8,0.8,0,0.009000003337860107
PubMed,0.3,8,0.8,1,-0.016000032424926758
PubMed,0.3,8,0.8,2,-0.054000020027160645
PubMed,0.3,8,0.8,3,0.0
PubMed,0.3,8,0.8,4,0.0
PubMed,0.3,8,0.8,5,0.0
PubMed,0.3,8,0.8,6,0.0
PubMed,0.3,8,0.8,7,0.0
PubMed,0.3,8,0.8,8,0.0
PubMed,0.3,8,0.8,9,0.0
PubMed,0.3,8,0.8,10,0.0
PubMed,0.3,8,0.9,0,-0.006000041961669922
PubMed,0.3,8,0.9,1,-0.023000001907348633
PubMed,0.3,8,0.9,2,0.006999969482421875
PubMed,0.3,8,0.9,3,0.0
PubMed,0.3,8,0.9,4,0.0
PubMed,0.3,8,0.9,5,0.0
PubMed,0.3,8,0.9,6,0.0
PubMed,0.3,8,0.9,7,0.0
PubMed,0.3,8,0.9,8,0.0
PubMed,0.3,8,0.9,9,0.0
PubMed,0.3,8,0.9,10,0.0
PubMed,0.3,9,0.0,0,0.023000001907348633
PubMed,0.3,9,0.0,1,0.06400001049041748
PubMed,0.3,9,0.0,2,-0.10600000619888306
PubMed,0.3,9,0.0,3,0.027000010013580322
PubMed,0.3,9,0.0,4,0.1040000319480896
PubMed,0.3,9,0.0,5,0.046000003814697266
PubMed,0.3,9,0.0,6,-0.078000009059906
PubMed,0.3,9,0.0,7,0.12000000476837158
PubMed,0.3,9,0.0,8,0.09700000286102295
PubMed,0.3,9,0.0,9,0.046000003814697266
PubMed,0.3,9,0.0,10,0.12200003862380981
PubMed,0.3,9,0.1,0,0.0350000262260437
PubMed,0.3,9,0.1,1,0.09600001573562622
PubMed,0.3,9,0.1,2,0.0910000205039978
PubMed,0.3,9,0.1,3,0.11600005626678467
PubMed,0.3,9,0.1,4,0.13899999856948853
PubMed,0.3,9,0.1,5,0.10900002717971802
PubMed,0.3,9,0.1,6,0.12200003862380981
PubMed,0.3,9,0.1,7,0.1350000500679016
PubMed,0.3,9,0.1,8,0.11600005626678467
PubMed,0.3,9,0.1,9,0.10900002717971802
PubMed,0.3,9,0.1,10,0.09800004959106445
PubMed,0.3,9,0.2,0,0.14400005340576172
PubMed,0.3,9,0.2,1,0.11200004816055298
PubMed,0.3,9,0.2,2,0.1040000319480896
PubMed,0.3,9,0.2,3,0.10600000619888306
PubMed,0.3,9,0.2,4,0.12300002574920654
PubMed,0.3,9,0.2,5,0.08799999952316284
PubMed,0.3,9,0.2,6,0.06000000238418579
PubMed,0.3,9,0.2,7,0.01500004529953003
PubMed,0.3,9,0.2,8,0.009000003337860107
PubMed,0.3,9,0.2,9,0.009000003337860107
PubMed,0.3,9,0.2,10,0.022000014781951904
PubMed,0.3,9,0.3,0,0.1260000467300415
PubMed,0.3,9,0.3,1,0.12800002098083496
PubMed,0.3,9,0.3,2,0.1260000467300415
PubMed,0.3,9,0.3,3,0.10500001907348633
PubMed,0.3,9,0.3,4,0.06600004434585571
PubMed,0.3,9,0.3,5,0.006000041961669922
PubMed,0.3,9,0.3,6,0.009000003337860107
PubMed,0.3,9,0.3,7,0.0
PubMed,0.3,9,0.3,8,0.0
PubMed,0.3,9,0.3,9,0.0
PubMed,0.3,9,0.3,10,0.0
PubMed,0.3,9,0.4,0,0.050999999046325684
PubMed,0.3,9,0.4,1,0.10800004005432129
PubMed,0.3,9,0.4,2,0.09400004148483276
PubMed,0.3,9,0.4,3,0.053000032901763916
PubMed,0.3,9,0.4,4,0.009000003337860107
PubMed,0.3,9,0.4,5,0.0
PubMed,0.3,9,0.4,6,0.0
PubMed,0.3,9,0.4,7,0.0
PubMed,0.3,9,0.4,8,0.0
PubMed,0.3,9,0.4,9,0.0
PubMed,0.3,9,0.4,10,0.0
PubMed,0.3,9,0.5,0,0.06300002336502075
PubMed,0.3,9,0.5,1,0.10500001907348633
PubMed,0.3,9,0.5,2,0.05600005388259888
PubMed,0.3,9,0.5,3,0.009000003337860107
PubMed,0.3,9,0.5,4,0.0
PubMed,0.3,9,0.5,5,0.0
PubMed,0.3,9,0.5,6,0.0
PubMed,0.3,9,0.5,7,0.0
PubMed,0.3,9,0.5,8,0.0
PubMed,0.3,9,0.5,9,0.0
PubMed,0.3,9,0.5,10,0.0
PubMed,0.3,9,0.6,0,0.05600005388259888
PubMed,0.3,9,0.6,1,0.10900002717971802
PubMed,0.3,9,0.6,2,0.054000020027160645
PubMed,0.3,9,0.6,3,-0.001999974250793457
PubMed,0.3,9,0.6,4,0.0
PubMed,0.3,9,0.6,5,0.0
PubMed,0.3,9,0.6,6,0.0
PubMed,0.3,9,0.6,7,0.0
PubMed,0.3,9,0.6,8,0.0
PubMed,0.3,9,0.6,9,0.0
PubMed,0.3,9,0.6,10,0.0
PubMed,0.3,9,0.7,0,0.08400005102157593
PubMed,0.3,9,0.7,1,0.07500004768371582
PubMed,0.3,9,0.7,2,0.009000003337860107
PubMed,0.3,9,0.7,3,0.0
PubMed,0.3,9,0.7,4,0.0
PubMed,0.3,9,0.7,5,0.0
PubMed,0.3,9,0.7,6,0.0
PubMed,0.3,9,0.7,7,0.0
PubMed,0.3,9,0.7,8,0.0
PubMed,0.3,9,0.7,9,0.0
PubMed,0.3,9,0.7,10,0.0
PubMed,0.3,9,0.8,0,0.050000011920928955
PubMed,0.3,9,0.8,1,0.03100001811981201
PubMed,0.3,9,0.8,2,-0.001999974250793457
PubMed,0.3,9,0.8,3,0.0
PubMed,0.3,9,0.8,4,0.0
PubMed,0.3,9,0.8,5,0.0
PubMed,0.3,9,0.8,6,0.0
PubMed,0.3,9,0.8,7,0.0
PubMed,0.3,9,0.8,8,0.0
PubMed,0.3,9,0.8,9,0.0
PubMed,0.3,9,0.8,10,0.0
PubMed,0.3,9,0.9,0,0.027000010013580322
PubMed,0.3,9,0.9,1,0.026000022888183594
PubMed,0.3,9,0.9,2,0.0
PubMed,0.3,9,0.9,3,0.0
PubMed,0.3,9,0.9,4,0.0
PubMed,0.3,9,0.9,5,0.0
PubMed,0.3,9,0.9,6,0.0
PubMed,0.3,9,0.9,7,0.0
PubMed,0.3,9,0.9,8,0.0
PubMed,0.3,9,0.9,9,0.0
PubMed,0.3,9,0.9,10,0.0
PubMed,0.4,0,0.0,0,-0.13700002431869507
PubMed,0.4,0,0.0,1,-0.1250000298023224
PubMed,0.4,0,0.0,2,-0.13800004124641418
PubMed,0.4,0,0.0,3,-0.01900005340576172
PubMed,0.4,0,0.0,4,0.050999999046325684
PubMed,0.4,0,0.0,5,-0.078000009059906
PubMed,0.4,0,0.0,6,0.07099997997283936
PubMed,0.4,0,0.0,7,-0.04200005531311035
PubMed,0.4,0,0.0,8,0.004999995231628418
PubMed,0.4,0,0.0,9,0.07999998331069946
PubMed,0.4,0,0.0,10,-0.18500003218650818
PubMed,0.4,0,0.1,0,0.046000003814697266
PubMed,0.4,0,0.1,1,-0.005000054836273193
PubMed,0.4,0,0.1,2,0.015999972820281982
PubMed,0.4,0,0.1,3,-0.04400002956390381
PubMed,0.4,0,0.1,4,-0.0480000376701355
PubMed,0.4,0,0.1,5,0.07099997997283936
PubMed,0.4,0,0.1,6,0.031999945640563965
PubMed,0.4,0,0.1,7,-0.01100003719329834
PubMed,0.4,0,0.1,8,0.05199998617172241
PubMed,0.4,0,0.1,9,0.07999998331069946
PubMed,0.4,0,0.1,10,0.038999974727630615
PubMed,0.4,0,0.2,0,0.006999969482421875
PubMed,0.4,0,0.2,1,0.01699995994567871
PubMed,0.4,0,0.2,2,0.010999977588653564
PubMed,0.4,0,0.2,3,-0.008000016212463379
PubMed,0.4,0,0.2,4,-0.021000027656555176
PubMed,0.4,0,0.2,5,0.0029999613761901855
PubMed,0.4,0,0.2,6,0.0059999823570251465
PubMed,0.4,0,0.2,7,0.035999953746795654
PubMed,0.4,0,0.2,8,0.029999971389770508
PubMed,0.4,0,0.2,9,-0.0020000338554382324
PubMed,0.4,0,0.2,10,0.012999951839447021
PubMed,0.4,0,0.3,0,-0.01500004529953003
PubMed,0.4,0,0.3,1,-0.0020000338554382324
PubMed,0.4,0,0.3,2,-0.005000054836273193
PubMed,0.4,0,0.3,3,-0.0040000081062316895
PubMed,0.4,0,0.3,4,0.007999956607818604
PubMed,0.4,0,0.3,5,0.05699998140335083
PubMed,0.4,0,0.3,6,-0.01500004529953003
PubMed,0.4,0,0.3,7,0.0059999823570251465
PubMed,0.4,0,0.3,8,0.0059999823570251465
PubMed,0.4,0,0.3,9,0.026999950408935547
PubMed,0.4,0,0.3,10,0.0
PubMed,0.4,0,0.4,0,-0.06400001049041748
PubMed,0.4,0,0.4,1,0.014999985694885254
PubMed,0.4,0,0.4,2,-0.024000048637390137
PubMed,0.4,0,0.4,3,0.03799998760223389
PubMed,0.4,0,0.4,4,0.02599996328353882
PubMed,0.4,0,0.4,5,0.02599996328353882
PubMed,0.4,0,0.4,6,0.026999950408935547
PubMed,0.4,0,0.4,7,0.0
PubMed,0.4,0,0.4,8,0.0
PubMed,0.4,0,0.4,9,0.0
PubMed,0.4,0,0.4,10,0.0
PubMed,0.4,0,0.5,0,0.05299997329711914
PubMed,0.4,0,0.5,1,0.0029999613761901855
PubMed,0.4,0,0.5,2,0.019999980926513672
PubMed,0.4,0,0.5,3,0.006999969482421875
PubMed,0.4,0,0.5,4,0.026999950408935547
PubMed,0.4,0,0.5,5,0.0
PubMed,0.4,0,0.5,6,0.0
PubMed,0.4,0,0.5,7,0.0
PubMed,0.4,0,0.5,8,0.0
PubMed,0.4,0,0.5,9,0.0
PubMed,0.4,0,0.5,10,0.0
PubMed,0.4,0,0.6,0,-0.005000054836273193
PubMed,0.4,0,0.6,1,0.004999995231628418
PubMed,0.4,0,0.6,2,0.035999953746795654
PubMed,0.4,0,0.6,3,0.015999972820281982
PubMed,0.4,0,0.6,4,0.0
PubMed,0.4,0,0.6,5,0.0
PubMed,0.4,0,0.6,6,0.0
PubMed,0.4,0,0.6,7,0.0
PubMed,0.4,0,0.6,8,0.0
PubMed,0.4,0,0.6,9,0.0
PubMed,0.4,0,0.6,10,0.0
PubMed,0.4,0,0.7,0,-0.025000035762786865
PubMed,0.4,0,0.7,1,0.019999980926513672
PubMed,0.4,0,0.7,2,0.01699995994567871
PubMed,0.4,0,0.7,3,0.026999950408935547
PubMed,0.4,0,0.7,4,0.0
PubMed,0.4,0,0.7,5,0.0
PubMed,0.4,0,0.7,6,0.0
PubMed,0.4,0,0.7,7,0.0
PubMed,0.4,0,0.7,8,0.0
PubMed,0.4,0,0.7,9,0.0
PubMed,0.4,0,0.7,10,0.0
PubMed,0.4,0,0.8,0,0.010999977588653564
PubMed,0.4,0,0.8,1,0.03799998760223389
PubMed,0.4,0,0.8,2,0.014999985694885254
PubMed,0.4,0,0.8,3,0.0
PubMed,0.4,0,0.8,4,0.0
PubMed,0.4,0,0.8,5,0.0
PubMed,0.4,0,0.8,6,0.0
PubMed,0.4,0,0.8,7,0.0
PubMed,0.4,0,0.8,8,0.0
PubMed,0.4,0,0.8,9,0.0
PubMed,0.4,0,0.8,10,0.0
PubMed,0.4,0,0.9,0,-0.017000019550323486
PubMed,0.4,0,0.9,1,0.023000001907348633
PubMed,0.4,0,0.9,2,0.026999950408935547
PubMed,0.4,0,0.9,3,0.0
PubMed,0.4,0,0.9,4,0.0
PubMed,0.4,0,0.9,5,0.0
PubMed,0.4,0,0.9,6,0.0
PubMed,0.4,0,0.9,7,0.0
PubMed,0.4,0,0.9,8,0.0
PubMed,0.4,0,0.9,9,0.0
PubMed,0.4,0,0.9,10,0.0
PubMed,0.4,1,0.0,0,0.04900002479553223
PubMed,0.4,1,0.0,1,0.05500000715255737
PubMed,0.4,1,0.0,2,0.003000020980834961
PubMed,0.4,1,0.0,3,0.041999995708465576
PubMed,0.4,1,0.0,4,0.0009999871253967285
PubMed,0.4,1,0.0,5,0.03100001811981201
PubMed,0.4,1,0.0,6,0.03700000047683716
PubMed,0.4,1,0.0,7,0.0009999871253967285
PubMed,0.4,1,0.0,8,-0.010999977588653564
PubMed,0.4,1,0.0,9,0.046999990940093994
PubMed,0.4,1,0.0,10,0.046999990940093994
PubMed,0.4,1,0.1,0,-0.00700002908706665
PubMed,0.4,1,0.1,1,0.054000020027160645
PubMed,0.4,1,0.1,2,0.041999995708465576
PubMed,0.4,1,0.1,3,0.05199998617172241
PubMed,0.4,1,0.1,4,0.017000019550323486
PubMed,0.4,1,0.1,5,0.04000002145767212
PubMed,0.4,1,0.1,6,0.03299999237060547
PubMed,0.4,1,0.1,7,0.0
PubMed,0.4,1,0.1,8,0.05900001525878906
PubMed,0.4,1,0.1,9,0.029999971389770508
PubMed,0.4,1,0.1,10,0.0350000262260437
PubMed,0.4,1,0.2,0,0.015999972820281982
PubMed,0.4,1,0.2,1,0.03600001335144043
PubMed,0.4,1,0.2,2,0.0209999680519104
PubMed,0.4,1,0.2,3,0.027000010013580322
PubMed,0.4,1,0.2,4,0.013000011444091797
PubMed,0.4,1,0.2,5,0.02399998903274536
PubMed,0.4,1,0.2,6,0.04900002479553223
PubMed,0.4,1,0.2,7,0.04900002479553223
PubMed,0.4,1,0.2,8,-0.03299999237060547
PubMed,0.4,1,0.2,9,-0.03299999237060547
PubMed,0.4,1,0.2,10,0.017000019550323486
PubMed,0.4,1,0.3,0,0.010999977588653564
PubMed,0.4,1,0.3,1,0.07400000095367432
PubMed,0.4,1,0.3,2,0.04000002145767212
PubMed,0.4,1,0.3,3,0.02499997615814209
PubMed,0.4,1,0.3,4,0.04799997806549072
PubMed,0.4,1,0.3,5,-0.03299999237060547
PubMed,0.4,1,0.3,6,0.017000019550323486
PubMed,0.4,1,0.3,7,0.0
PubMed,0.4,1,0.3,8,0.0
PubMed,0.4,1,0.3,9,0.0
PubMed,0.4,1,0.3,10,0.0
PubMed,0.4,1,0.4,0,0.013999998569488525
PubMed,0.4,1,0.4,1,0.046999990940093994
PubMed,0.4,1,0.4,2,0.041999995708465576
PubMed,0.4,1,0.4,3,0.009999990463256836
PubMed,0.4,1,0.4,4,0.017000019550323486
PubMed,0.4,1,0.4,5,0.0
PubMed,0.4,1,0.4,6,0.0
PubMed,0.4,1,0.4,7,0.0
PubMed,0.4,1,0.4,8,0.0
PubMed,0.4,1,0.4,9,0.0
PubMed,0.4,1,0.4,10,0.0
PubMed,0.4,1,0.5,0,0.022000014781951904
PubMed,0.4,1,0.5,1,0.018999993801116943
PubMed,0.4,1,0.5,2,0.03299999237060547
PubMed,0.4,1,0.5,3,-0.019999980926513672
PubMed,0.4,1,0.5,4,0.0
PubMed,0.4,1,0.5,5,0.0
PubMed,0.4,1,0.5,6,0.0
PubMed,0.4,1,0.5,7,0.0
PubMed,0.4,1,0.5,8,0.0
PubMed,0.4,1,0.5,9,0.0
PubMed,0.4,1,0.5,10,0.0
PubMed,0.4,1,0.6,0,0.029999971389770508
PubMed,0.4,1,0.6,1,0.019999980926513672
PubMed,0.4,1,0.6,2,0.004999995231628418
PubMed,0.4,1,0.6,3,0.009999990463256836
PubMed,0.4,1,0.6,4,0.0
PubMed,0.4,1,0.6,5,0.0
PubMed,0.4,1,0.6,6,0.0
PubMed,0.4,1,0.6,7,0.0
PubMed,0.4,1,0.6,8,0.0
PubMed,0.4,1,0.6,9,0.0
PubMed,0.4,1,0.6,10,0.0
PubMed,0.4,1,0.7,0,0.042999982833862305
PubMed,0.4,1,0.7,1,0.04000002145767212
PubMed,0.4,1,0.7,2,0.006999969482421875
PubMed,0.4,1,0.7,3,-0.046999990940093994
PubMed,0.4,1,0.7,4,0.0
PubMed,0.4,1,0.7,5,0.0
PubMed,0.4,1,0.7,6,0.0
PubMed,0.4,1,0.7,7,0.0
PubMed,0.4,1,0.7,8,0.0
PubMed,0.4,1,0.7,9,0.0
PubMed,0.4,1,0.7,10,0.0
PubMed,0.4,1,0.8,0,0.03600001335144043
PubMed,0.4,1,0.8,1,0.010999977588653564
PubMed,0.4,1,0.8,2,0.014999985694885254
PubMed,0.4,1,0.8,3,0.0
PubMed,0.4,1,0.8,4,0.0
PubMed,0.4,1,0.8,5,0.0
PubMed,0.4,1,0.8,6,0.0
PubMed,0.4,1,0.8,7,0.0
PubMed,0.4,1,0.8,8,0.0
PubMed,0.4,1,0.8,9,0.0
PubMed,0.4,1,0.8,10,0.0
PubMed,0.4,1,0.9,0,0.014999985694885254
PubMed,0.4,1,0.9,1,0.029999971389770508
PubMed,0.4,1,0.9,2,0.0
PubMed,0.4,1,0.9,3,0.0
PubMed,0.4,1,0.9,4,0.0
PubMed,0.4,1,0.9,5,0.0
PubMed,0.4,1,0.9,6,0.0
PubMed,0.4,1,0.9,7,0.0
PubMed,0.4,1,0.9,8,0.0
PubMed,0.4,1,0.9,9,0.0
PubMed,0.4,1,0.9,10,0.0
PubMed,0.4,2,0.0,0,0.04300004243850708
PubMed,0.4,2,0.0,1,0.08400005102157593
PubMed,0.4,2,0.0,2,0.10300004482269287
PubMed,0.4,2,0.0,3,0.004999995231628418
PubMed,0.4,2,0.0,4,0.0350000262260437
PubMed,0.4,2,0.0,5,0.07100003957748413
PubMed,0.4,2,0.0,6,0.0559999942779541
PubMed,0.4,2,0.0,7,0.021000027656555176
PubMed,0.4,2,0.0,8,-0.050999999046325684
PubMed,0.4,2,0.0,9,-0.007999956607818604
PubMed,0.4,2,0.0,10,0.04000002145767212
PubMed,0.4,2,0.1,0,0.009999990463256836
PubMed,0.4,2,0.1,1,0.050999999046325684
PubMed,0.4,2,0.1,2,0.025000035762786865
PubMed,0.4,2,0.1,3,0.09299999475479126
PubMed,0.4,2,0.1,4,0.11400002241134644
PubMed,0.4,2,0.1,5,0.08700001239776611
PubMed,0.4,2,0.1,6,0.07300001382827759
PubMed,0.4,2,0.1,7,0.08500003814697266
PubMed,0.4,2,0.1,8,0.07400000095367432
PubMed,0.4,2,0.1,9,0.08000004291534424
PubMed,0.4,2,0.1,10,0.06499999761581421
PubMed,0.4,2,0.2,0,0.06400001049041748
PubMed,0.4,2,0.2,1,0.03700000047683716
PubMed,0.4,2,0.2,2,0.08400005102157593
PubMed,0.4,2,0.2,3,0.06200003623962402
PubMed,0.4,2,0.2,4,0.09600001573562622
PubMed,0.4,2,0.2,5,0.06300002336502075
PubMed,0.4,2,0.2,6,0.04300004243850708
PubMed,0.4,2,0.2,7,0.023000001907348633
PubMed,0.4,2,0.2,8,-0.007999956607818604
PubMed,0.4,2,0.2,9,0.01100003719329834
PubMed,0.4,2,0.2,10,0.001000046730041504
PubMed,0.4,2,0.3,0,0.057000041007995605
PubMed,0.4,2,0.3,1,0.10000002384185791
PubMed,0.4,2,0.3,2,0.0910000205039978
PubMed,0.4,2,0.3,3,0.07500004768371582
PubMed,0.4,2,0.3,4,0.03800004720687866
PubMed,0.4,2,0.3,5,-0.03200000524520874
PubMed,0.4,2,0.3,6,-0.03700000047683716
PubMed,0.4,2,0.3,7,-0.02799999713897705
PubMed,0.4,2,0.3,8,-0.018000006675720215
PubMed,0.4,2,0.3,9,-0.03299999237060547
PubMed,0.4,2,0.3,10,-0.03299999237060547
PubMed,0.4,2,0.4,0,0.0559999942779541
PubMed,0.4,2,0.4,1,0.078000009059906
PubMed,0.4,2,0.4,2,0.08400005102157593
PubMed,0.4,2,0.4,3,0.041999995708465576
PubMed,0.4,2,0.4,4,-0.034999966621398926
PubMed,0.4,2,0.4,5,-0.02799999713897705
PubMed,0.4,2,0.4,6,-0.03299999237060547
PubMed,0.4,2,0.4,7,-0.03299999237060547
PubMed,0.4,2,0.4,8,-0.03299999237060547
PubMed,0.4,2,0.4,9,0.0
PubMed,0.4,2,0.4,10,0.0
PubMed,0.4,2,0.5,0,0.09500002861022949
PubMed,0.4,2,0.5,1,0.08900004625320435
PubMed,0.4,2,0.5,2,0.054000020027160645
PubMed,0.4,2,0.5,3,-0.023000001907348633
PubMed,0.4,2,0.5,4,-0.018000006675720215
PubMed,0.4,2,0.5,5,-0.03299999237060547
PubMed,0.4,2,0.5,6,-0.03299999237060547
PubMed,0.4,2,0.5,7,0.0
PubMed,0.4,2,0.5,8,0.0
PubMed,0.4,2,0.5,9,0.0
PubMed,0.4,2,0.5,10,0.0
PubMed,0.4,2,0.6,0,0.058000028133392334
PubMed,0.4,2,0.6,1,0.08799999952316284
PubMed,0.4,2,0.6,2,0.04500001668930054
PubMed,0.4,2,0.6,3,-0.02799999713897705
PubMed,0.4,2,0.6,4,-0.03299999237060547
PubMed,0.4,2,0.6,5,-0.03299999237060547
PubMed,0.4,2,0.6,6,0.0
PubMed,0.4,2,0.6,7,0.0
PubMed,0.4,2,0.6,8,0.0
PubMed,0.4,2,0.6,9,0.0
PubMed,0.4,2,0.6,10,0.0
PubMed,0.4,2,0.7,0,-0.015999972820281982
PubMed,0.4,2,0.7,1,0.030000030994415283
PubMed,0.4,2,0.7,2,-0.011999964714050293
PubMed,0.4,2,0.7,3,-0.03299999237060547
PubMed,0.4,2,0.7,4,-0.03299999237060547
PubMed,0.4,2,0.7,5,0.0
PubMed,0.4,2,0.7,6,0.0
PubMed,0.4,2,0.7,7,0.0
PubMed,0.4,2,0.7,8,0.0
PubMed,0.4,2,0.7,9,0.0
PubMed,0.4,2,0.7,10,0.0
PubMed,0.4,2,0.8,0,0.04000002145767212
PubMed,0.4,2,0.8,1,0.050999999046325684
PubMed,0.4,2,0.8,2,-0.03700000047683716
PubMed,0.4,2,0.8,3,-0.03299999237060547
PubMed,0.4,2,0.8,4,0.0
PubMed,0.4,2,0.8,5,0.0
PubMed,0.4,2,0.8,6,0.0
PubMed,0.4,2,0.8,7,0.0
PubMed,0.4,2,0.8,8,0.0
PubMed,0.4,2,0.8,9,0.0
PubMed,0.4,2,0.8,10,0.0
PubMed,0.4,2,0.9,0,-0.0029999613761901855
PubMed,0.4,2,0.9,1,-0.0040000081062316895
PubMed,0.4,2,0.9,2,0.016000032424926758
PubMed,0.4,2,0.9,3,0.0
PubMed,0.4,2,0.9,4,0.0
PubMed,0.4,2,0.9,5,0.0
PubMed,0.4,2,0.9,6,0.0
PubMed,0.4,2,0.9,7,0.0
PubMed,0.4,2,0.9,8,0.0
PubMed,0.4,2,0.9,9,0.0
PubMed,0.4,2,0.9,10,0.0
PubMed,0.4,3,0.0,0,0.001999974250793457
PubMed,0.4,3,0.0,1,0.022000014781951904
PubMed,0.4,3,0.0,2,0.013000011444091797
PubMed,0.4,3,0.0,3,-0.008000016212463379
PubMed,0.4,3,0.0,4,-0.018999993801116943
PubMed,0.4,3,0.0,5,-0.025000005960464478
PubMed,0.4,3,0.0,6,-0.0009999871253967285
PubMed,0.4,3,0.0,7,-0.025000005960464478
PubMed,0.4,3,0.0,8,0.004999995231628418
PubMed,0.4,3,0.0,9,0.009000003337860107
PubMed,0.4,3,0.0,10,0.017000019550323486
PubMed,0.4,3,0.1,0,0.006999969482421875
PubMed,0.4,3,0.1,1,0.0059999823570251465
PubMed,0.4,3,0.1,2,0.07700002193450928
PubMed,0.4,3,0.1,3,0.03200000524520874
PubMed,0.4,3,0.1,4,0.0
PubMed,0.4,3,0.1,5,0.04799997806549072
PubMed,0.4,3,0.1,6,0.04799997806549072
PubMed,0.4,3,0.1,7,0.13700002431869507
PubMed,0.4,3,0.1,8,0.09600001573562622
PubMed,0.4,3,0.1,9,0.09600001573562622
PubMed,0.4,3,0.1,10,0.12800002098083496
PubMed,0.4,3,0.2,0,0.009000003337860107
PubMed,0.4,3,0.2,1,0.05900001525878906
PubMed,0.4,3,0.2,2,0.06099998950958252
PubMed,0.4,3,0.2,3,0.10600000619888306
PubMed,0.4,3,0.2,4,0.0989999771118164
PubMed,0.4,3,0.2,5,0.08499997854232788
PubMed,0.4,3,0.2,6,0.054000020027160645
PubMed,0.4,3,0.2,7,0.06199997663497925
PubMed,0.4,3,0.2,8,0.06400001049041748
PubMed,0.4,3,0.2,9,0.04000002145767212
PubMed,0.4,3,0.2,10,0.02899998426437378
PubMed,0.4,3,0.3,0,0.010999977588653564
PubMed,0.4,3,0.3,1,0.1380000114440918
PubMed,0.4,3,0.3,2,0.1119999885559082
PubMed,0.4,3,0.3,3,0.09200000762939453
PubMed,0.4,3,0.3,4,0.04500001668930054
PubMed,0.4,3,0.3,5,0.02399998903274536
PubMed,0.4,3,0.3,6,0.003000020980834961
PubMed,0.4,3,0.3,7,0.006999969482421875
PubMed,0.4,3,0.3,8,0.006999969482421875
PubMed,0.4,3,0.3,9,0.0
PubMed,0.4,3,0.3,10,0.0
PubMed,0.4,3,0.4,0,0.012000024318695068
PubMed,0.4,3,0.4,1,0.1420000195503235
PubMed,0.4,3,0.4,2,0.09700000286102295
PubMed,0.4,3,0.4,3,0.050999999046325684
PubMed,0.4,3,0.4,4,0.023000001907348633
PubMed,0.4,3,0.4,5,0.006999969482421875
PubMed,0.4,3,0.4,6,0.006999969482421875
PubMed,0.4,3,0.4,7,0.006999969482421875
PubMed,0.4,3,0.4,8,0.0
PubMed,0.4,3,0.4,9,0.0
PubMed,0.4,3,0.4,10,0.0
PubMed,0.4,3,0.5,0,0.10699999332427979
PubMed,0.4,3,0.5,1,0.125
PubMed,0.4,3,0.5,2,0.11400002241134644
PubMed,0.4,3,0.5,3,0.02399998903274536
PubMed,0.4,3,0.5,4,0.006999969482421875
PubMed,0.4,3,0.5,5,0.006999969482421875
PubMed,0.4,3,0.5,6,0.0
PubMed,0.4,3,0.5,7,0.0
PubMed,0.4,3,0.5,8,0.0
PubMed,0.4,3,0.5,9,0.0
PubMed,0.4,3,0.5,10,0.0
PubMed,0.4,3,0.6,0,0.03100001811981201
PubMed,0.4,3,0.6,1,0.125
PubMed,0.4,3,0.6,2,0.09200000762939453
PubMed,0.4,3,0.6,3,0.015999972820281982
PubMed,0.4,3,0.6,4,0.006999969482421875
PubMed,0.4,3,0.6,5,0.006999969482421875
PubMed,0.4,3,0.6,6,0.0
PubMed,0.4,3,0.6,7,0.0
PubMed,0.4,3,0.6,8,0.0
PubMed,0.4,3,0.6,9,0.0
PubMed,0.4,3,0.6,10,0.0
PubMed,0.4,3,0.7,0,0.046000003814697266
PubMed,0.4,3,0.7,1,0.07400000095367432
PubMed,0.4,3,0.7,2,0.02899998426437378
PubMed,0.4,3,0.7,3,0.006999969482421875
PubMed,0.4,3,0.7,4,0.006999969482421875
PubMed,0.4,3,0.7,5,0.0
PubMed,0.4,3,0.7,6,0.0
PubMed,0.4,3,0.7,7,0.0
PubMed,0.4,3,0.7,8,0.0
PubMed,0.4,3,0.7,9,0.0
PubMed,0.4,3,0.7,10,0.0
PubMed,0.4,3,0.8,0,0.07700002193450928
PubMed,0.4,3,0.8,1,0.10000002384185791
PubMed,0.4,3,0.8,2,0.019999980926513672
PubMed,0.4,3,0.8,3,0.006999969482421875
PubMed,0.4,3,0.8,4,0.0
PubMed,0.4,3,0.8,5,0.0
PubMed,0.4,3,0.8,6,0.0
PubMed,0.4,3,0.8,7,0.0
PubMed,0.4,3,0.8,8,0.0
PubMed,0.4,3,0.8,9,0.0
PubMed,0.4,3,0.8,10,0.0
PubMed,0.4,3,0.9,0,0.029999971389770508
PubMed,0.4,3,0.9,1,0.027000010013580322
PubMed,0.4,3,0.9,2,0.0
PubMed,0.4,3,0.9,3,0.0
PubMed,0.4,3,0.9,4,0.0
PubMed,0.4,3,0.9,5,0.0
PubMed,0.4,3,0.9,6,0.0
PubMed,0.4,3,0.9,7,0.0
PubMed,0.4,3,0.9,8,0.0
PubMed,0.4,3,0.9,9,0.0
PubMed,0.4,3,0.9,10,0.0
PubMed,0.4,4,0.0,0,-0.33399999141693115
PubMed,0.4,4,0.0,1,-0.33399999141693115
PubMed,0.4,4,0.0,2,-0.33399999141693115
PubMed,0.4,4,0.0,3,-0.33399999141693115
PubMed,0.4,4,0.0,4,-0.33399999141693115
PubMed,0.4,4,0.0,5,-0.33399999141693115
PubMed,0.4,4,0.0,6,-0.33399999141693115
PubMed,0.4,4,0.0,7,-0.33399999141693115
PubMed,0.4,4,0.0,8,-0.33399999141693115
PubMed,0.4,4,0.0,9,-0.22599998116493225
PubMed,0.4,4,0.0,10,-0.33399999141693115
PubMed,0.4,4,0.1,0,-0.33399999141693115
PubMed,0.4,4,0.1,1,-0.1979999840259552
PubMed,0.4,4,0.1,2,-0.33399999141693115
PubMed,0.4,4,0.1,3,-0.1029999852180481
PubMed,0.4,4,0.1,4,-0.18699997663497925
PubMed,0.4,4,0.1,5,-0.24699997901916504
PubMed,0.4,4,0.1,6,-0.16999998688697815
PubMed,0.4,4,0.1,7,-0.06999996304512024
PubMed,0.4,4,0.1,8,-0.02899998426437378
PubMed,0.4,4,0.1,9,-0.058999985456466675
PubMed,0.4,4,0.1,10,-0.14399999380111694
PubMed,0.4,4,0.2,0,-0.33399999141693115
PubMed,0.4,4,0.2,1,-0.13099998235702515
PubMed,0.4,4,0.2,2,-0.1939999759197235
PubMed,0.4,4,0.2,3,-0.04099997878074646
PubMed,0.4,4,0.2,4,-0.0599999725818634
PubMed,0.4,4,0.2,5,-0.004999995231628418
PubMed,0.4,4,0.2,6,0.03600001335144043
PubMed,0.4,4,0.2,7,0.028000056743621826
PubMed,0.4,4,0.2,8,-0.02499997615814209
PubMed,0.4,4,0.2,9,0.028000056743621826
PubMed,0.4,4,0.2,10,0.028000056743621826
PubMed,0.4,4,0.3,0,-0.1769999861717224
PubMed,0.4,4,0.3,1,-0.1679999828338623
PubMed,0.4,4,0.3,2,-0.05399999022483826
PubMed,0.4,4,0.3,3,0.01900005340576172
PubMed,0.4,4,0.3,4,0.020000040531158447
PubMed,0.4,4,0.3,5,0.021000027656555176
PubMed,0.4,4,0.3,6,0.028000056743621826
PubMed,0.4,4,0.3,7,0.028000056743621826
PubMed,0.4,4,0.3,8,0.008000016212463379
PubMed,0.4,4,0.3,9,0.0
PubMed,0.4,4,0.3,10,0.0
PubMed,0.4,4,0.4,0,-0.1199999749660492
PubMed,0.4,4,0.4,1,0.0820000171661377
PubMed,0.4,4,0.4,2,0.033000051975250244
PubMed,0.4,4,0.4,3,0.017000019550323486
PubMed,0.4,4,0.4,4,0.028000056743621826
PubMed,0.4,4,0.4,5,0.028000056743621826
PubMed,0.4,4,0.4,6,0.008000016212463379
PubMed,0.4,4,0.4,7,0.008000016212463379
PubMed,0.4,4,0.4,8,0.0
PubMed,0.4,4,0.4,9,0.0
PubMed,0.4,4,0.4,10,0.0
PubMed,0.4,4,0.5,0,-0.06599998474121094
PubMed,0.4,4,0.5,1,0.04700005054473877
PubMed,0.4,4,0.5,2,0.023000001907348633
PubMed,0.4,4,0.5,3,0.04400002956390381
PubMed,0.4,4,0.5,4,0.028000056743621826
PubMed,0.4,4,0.5,5,0.008000016212463379
PubMed,0.4,4,0.5,6,0.008000016212463379
PubMed,0.4,4,0.5,7,0.0
PubMed,0.4,4,0.5,8,0.0
PubMed,0.4,4,0.5,9,0.0
PubMed,0.4,4,0.5,10,0.0
PubMed,0.4,4,0.6,0,-0.16499999165534973
PubMed,0.4,4,0.6,1,-0.03299996256828308
PubMed,0.4,4,0.6,2,0.020000040531158447
PubMed,0.4,4,0.6,3,0.028000056743621826
PubMed,0.4,4,0.6,4,0.008000016212463379
PubMed,0.4,4,0.6,5,0.008000016212463379
PubMed,0.4,4,0.6,6,0.0
PubMed,0.4,4,0.6,7,0.0
PubMed,0.4,4,0.6,8,0.0
PubMed,0.4,4,0.6,9,0.0
PubMed,0.4,4,0.6,10,0.0
PubMed,0.4,4,0.7,0,-0.06099998950958252
PubMed,0.4,4,0.7,1,0.04200005531311035
PubMed,0.4,4,0.7,2,0.04400002956390381
PubMed,0.4,4,0.7,3,0.028000056743621826
PubMed,0.4,4,0.7,4,0.0
PubMed,0.4,4,0.7,5,0.0
PubMed,0.4,4,0.7,6,0.0
PubMed,0.4,4,0.7,7,0.0
PubMed,0.4,4,0.7,8,0.0
PubMed,0.4,4,0.7,9,0.0
PubMed,0.4,4,0.7,10,0.0
PubMed,0.4,4,0.8,0,0.013000011444091797
PubMed,0.4,4,0.8,1,0.03600001335144043
PubMed,0.4,4,0.8,2,0.010000050067901611
PubMed,0.4,4,0.8,3,0.008000016212463379
PubMed,0.4,4,0.8,4,0.0
PubMed,0.4,4,0.8,5,0.0
PubMed,0.4,4,0.8,6,0.0
PubMed,0.4,4,0.8,7,0.0
PubMed,0.4,4,0.8,8,0.0
PubMed,0.4,4,0.8,9,0.0
PubMed,0.4,4,0.8,10,0.0
PubMed,0.4,4,0.9,0,-0.006999969482421875
PubMed,0.4,4,0.9,1,-0.013999998569488525
PubMed,0.4,4,0.9,2,0.0
PubMed,0.4,4,0.9,3,0.0
PubMed,0.4,4,0.9,4,0.0
PubMed,0.4,4,0.9,5,0.0
PubMed,0.4,4,0.9,6,0.0
PubMed,0.4,4,0.9,7,0.0
PubMed,0.4,4,0.9,8,0.0
PubMed,0.4,4,0.9,9,0.0
PubMed,0.4,4,0.9,10,0.0
PubMed,0.4,5,0.0,0,-0.06400001049041748
PubMed,0.4,5,0.0,1,0.06700003147125244
PubMed,0.4,5,0.0,2,-0.08699998259544373
PubMed,0.4,5,0.0,3,0.08799999952316284
PubMed,0.4,5,0.0,4,-0.05500000715255737
PubMed,0.4,5,0.0,5,0.05199998617172241
PubMed,0.4,5,0.0,6,-0.008000016212463379
PubMed,0.4,5,0.0,7,0.07400000095367432
PubMed,0.4,5,0.0,8,-0.039999961853027344
PubMed,0.4,5,0.0,9,-0.08199998736381531
PubMed,0.4,5,0.0,10,-0.12000000476837158
PubMed,0.4,5,0.1,0,0.07899999618530273
PubMed,0.4,5,0.1,1,0.14300000667572021
PubMed,0.4,5,0.1,2,0.0820000171661377
PubMed,0.4,5,0.1,3,0.08799999952316284
PubMed,0.4,5,0.1,4,0.12999999523162842
PubMed,0.4,5,0.1,5,0.06999999284744263
PubMed,0.4,5,0.1,6,0.04100000858306885
PubMed,0.4,5,0.1,7,0.08399999141693115
PubMed,0.4,5,0.1,8,0.0690000057220459
PubMed,0.4,5,0.1,9,0.08900004625320435
PubMed,0.4,5,0.1,10,0.08399999141693115
PubMed,0.4,5,0.2,0,-0.029999971389770508
PubMed,0.4,5,0.2,1,0.1170000433921814
PubMed,0.4,5,0.2,2,0.08700001239776611
PubMed,0.4,5,0.2,3,0.08600002527236938
PubMed,0.4,5,0.2,4,0.07499998807907104
PubMed,0.4,5,0.2,5,0.09000003337860107
PubMed,0.4,5,0.2,6,0.10699999332427979
PubMed,0.4,5,0.2,7,0.11100000143051147
PubMed,0.4,5,0.2,8,0.058000028133392334
PubMed,0.4,5,0.2,9,0.07899999618530273
PubMed,0.4,5,0.2,10,0.0040000081062316895
PubMed,0.4,5,0.3,0,0.018000006675720215
PubMed,0.4,5,0.3,1,0.12999999523162842
PubMed,0.4,5,0.3,2,0.06499999761581421
PubMed,0.4,5,0.3,3,0.07100003957748413
PubMed,0.4,5,0.3,4,0.10000002384185791
PubMed,0.4,5,0.3,5,0.06300002336502075
PubMed,0.4,5,0.3,6,0.0
PubMed,0.4,5,0.3,7,0.0
PubMed,0.4,5,0.3,8,0.0
PubMed,0.4,5,0.3,9,0.0
PubMed,0.4,5,0.3,10,0.0
PubMed,0.4,5,0.4,0,0.013000011444091797
PubMed,0.4,5,0.4,1,0.07400000095367432
PubMed,0.4,5,0.4,2,0.08399999141693115
PubMed,0.4,5,0.4,3,0.09200000762939453
PubMed,0.4,5,0.4,4,0.06300002336502075
PubMed,0.4,5,0.4,5,0.0
PubMed,0.4,5,0.4,6,0.0
PubMed,0.4,5,0.4,7,0.0
PubMed,0.4,5,0.4,8,0.0
PubMed,0.4,5,0.4,9,0.0
PubMed,0.4,5,0.4,10,0.0
PubMed,0.4,5,0.5,0,0.046000003814697266
PubMed,0.4,5,0.5,1,0.07200002670288086
PubMed,0.4,5,0.5,2,0.07899999618530273
PubMed,0.4,5,0.5,3,0.07499998807907104
PubMed,0.4,5,0.5,4,0.0
PubMed,0.4,5,0.5,5,0.0
PubMed,0.4,5,0.5,6,0.0
PubMed,0.4,5,0.5,7,0.0
PubMed,0.4,5,0.5,8,0.0
PubMed,0.4,5,0.5,9,0.0
PubMed,0.4,5,0.5,10,0.0
PubMed,0.4,5,0.6,0,0.1170000433921814
PubMed,0.4,5,0.6,1,0.08600002527236938
PubMed,0.4,5,0.6,2,0.1040000319480896
PubMed,0.4,5,0.6,3,0.0
PubMed,0.4,5,0.6,4,0.0
PubMed,0.4,5,0.6,5,0.0
PubMed,0.4,5,0.6,6,0.0
PubMed,0.4,5,0.6,7,0.0
PubMed,0.4,5,0.6,8,0.0
PubMed,0.4,5,0.6,9,0.0
PubMed,0.4,5,0.6,10,0.0
PubMed,0.4,5,0.7,0,0.03299999237060547
PubMed,0.4,5,0.7,1,0.12099999189376831
PubMed,0.4,5,0.7,2,0.0
PubMed,0.4,5,0.7,3,0.0
PubMed,0.4,5,0.7,4,0.0
PubMed,0.4,5,0.7,5,0.0
PubMed,0.4,5,0.7,6,0.0
PubMed,0.4,5,0.7,7,0.0
PubMed,0.4,5,0.7,8,0.0
PubMed,0.4,5,0.7,9,0.0
PubMed,0.4,5,0.7,10,0.0
PubMed,0.4,5,0.8,0,0.018000006675720215
PubMed,0.4,5,0.8,1,0.11000001430511475
PubMed,0.4,5,0.8,2,0.0
PubMed,0.4,5,0.8,3,0.0
PubMed,0.4,5,0.8,4,0.0
PubMed,0.4,5,0.8,5,0.0
PubMed,0.4,5,0.8,6,0.0
PubMed,0.4,5,0.8,7,0.0
PubMed,0.4,5,0.8,8,0.0
PubMed,0.4,5,0.8,9,0.0
PubMed,0.4,5,0.8,10,0.0
PubMed,0.4,5,0.9,0,-0.006999969482421875
PubMed,0.4,5,0.9,1,0.0
PubMed,0.4,5,0.9,2,0.0
PubMed,0.4,5,0.9,3,0.0
PubMed,0.4,5,0.9,4,0.0
PubMed,0.4,5,0.9,5,0.0
PubMed,0.4,5,0.9,6,0.0
PubMed,0.4,5,0.9,7,0.0
PubMed,0.4,5,0.9,8,0.0
PubMed,0.4,5,0.9,9,0.0
PubMed,0.4,5,0.9,10,0.0
PubMed,0.4,6,0.0,0,0.03299999237060547
PubMed,0.4,6,0.0,1,-0.046000003814697266
PubMed,0.4,6,0.0,2,0.046000003814697266
PubMed,0.4,6,0.0,3,0.15199995040893555
PubMed,0.4,6,0.0,4,0.08399999141693115
PubMed,0.4,6,0.0,5,0.10600000619888306
PubMed,0.4,6,0.0,6,-0.0040000081062316895
PubMed,0.4,6,0.0,7,0.1369999647140503
PubMed,0.4,6,0.0,8,-0.058000028133392334
PubMed,0.4,6,0.0,9,0.12000000476837158
PubMed,0.4,6,0.0,10,-0.01500004529953003
PubMed,0.4,6,0.1,0,0.023000001907348633
PubMed,0.4,6,0.1,1,-0.00700002908706665
PubMed,0.4,6,0.1,2,0.0559999942779541
PubMed,0.4,6,0.1,3,0.019999980926513672
PubMed,0.4,6,0.1,4,0.04399996995925903
PubMed,0.4,6,0.1,5,0.16200000047683716
PubMed,0.4,6,0.1,6,0.018999993801116943
PubMed,0.4,6,0.1,7,0.04999995231628418
PubMed,0.4,6,0.1,8,0.038999974727630615
PubMed,0.4,6,0.1,9,0.031999945640563965
PubMed,0.4,6,0.1,10,0.0009999871253967285
PubMed,0.4,6,0.2,0,0.029999971389770508
PubMed,0.4,6,0.2,1,0.13799995183944702
PubMed,0.4,6,0.2,2,0.10499995946884155
PubMed,0.4,6,0.2,3,0.10899996757507324
PubMed,0.4,6,0.2,4,0.0899999737739563
PubMed,0.4,6,0.2,5,-0.03900003433227539
PubMed,0.4,6,0.2,6,-0.009000003337860107
PubMed,0.4,6,0.2,7,0.038999974727630615
PubMed,0.4,6,0.2,8,0.006999969482421875
PubMed,0.4,6,0.2,9,-0.005000054836273193
PubMed,0.4,6,0.2,10,0.008999943733215332
PubMed,0.4,6,0.3,0,-0.18900004029273987
PubMed,0.4,6,0.3,1,0.15399998426437378
PubMed,0.4,6,0.3,2,0.13099998235702515
PubMed,0.4,6,0.3,3,0.050999999046325684
PubMed,0.4,6,0.3,4,0.02399998903274536
PubMed,0.4,6,0.3,5,0.0
PubMed,0.4,6,0.3,6,-0.003000020980834961
PubMed,0.4,6,0.3,7,0.008999943733215332
PubMed,0.4,6,0.3,8,-0.0020000338554382324
PubMed,0.4,6,0.3,9,-0.0020000338554382324
PubMed,0.4,6,0.3,10,-0.0020000338554382324
PubMed,0.4,6,0.4,0,0.12599998712539673
PubMed,0.4,6,0.4,1,0.07899999618530273
PubMed,0.4,6,0.4,2,0.0559999942779541
PubMed,0.4,6,0.4,3,0.01799994707107544
PubMed,0.4,6,0.4,4,0.014999985694885254
PubMed,0.4,6,0.4,5,-0.0020000338554382324
PubMed,0.4,6,0.4,6,-0.0020000338554382324
PubMed,0.4,6,0.4,7,-0.0020000338554382324
PubMed,0.4,6,0.4,8,-0.0020000338554382324
PubMed,0.4,6,0.4,9,0.0
PubMed,0.4,6,0.4,10,0.0
PubMed,0.4,6,0.5,0,0.035999953746795654
PubMed,0.4,6,0.5,1,0.08399999141693115
PubMed,0.4,6,0.5,2,0.03700000047683716
PubMed,0.4,6,0.5,3,-0.0020000338554382324
PubMed,0.4,6,0.5,4,-0.0020000338554382324
PubMed,0.4,6,0.5,5,-0.0020000338554382324
PubMed,0.4,6,0.5,6,-0.0020000338554382324
PubMed,0.4,6,0.5,7,-0.0020000338554382324
PubMed,0.4,6,0.5,8,0.0
PubMed,0.4,6,0.5,9,0.0
PubMed,0.4,6,0.5,10,0.0
PubMed,0.4,6,0.6,0,0.0209999680519104
PubMed,0.4,6,0.6,1,0.04099994897842407
PubMed,0.4,6,0.6,2,0.004999995231628418
PubMed,0.4,6,0.6,3,-0.0020000338554382324
PubMed,0.4,6,0.6,4,-0.0020000338554382324
PubMed,0.4,6,0.6,5,-0.0020000338554382324
PubMed,0.4,6,0.6,6,-0.0020000338554382324
PubMed,0.4,6,0.6,7,0.0
PubMed,0.4,6,0.6,8,0.0
PubMed,0.4,6,0.6,9,0.0
PubMed,0.4,6,0.6,10,0.0
PubMed,0.4,6,0.7,0,-0.025000035762786865
PubMed,0.4,6,0.7,1,0.02499997615814209
PubMed,0.4,6,0.7,2,0.0009999871253967285
PubMed,0.4,6,0.7,3,-0.0020000338554382324
PubMed,0.4,6,0.7,4,-0.0020000338554382324
PubMed,0.4,6,0.7,5,-0.0020000338554382324
PubMed,0.4,6,0.7,6,0.0
PubMed,0.4,6,0.7,7,0.0
PubMed,0.4,6,0.7,8,0.0
PubMed,0.4,6,0.7,9,0.0
PubMed,0.4,6,0.7,10,0.0
PubMed,0.4,6,0.8,0,-0.0020000338554382324
PubMed,0.4,6,0.8,1,0.03700000047683716
PubMed,0.4,6,0.8,2,-0.006000041961669922
PubMed,0.4,6,0.8,3,-0.0020000338554382324
PubMed,0.4,6,0.8,4,0.0
PubMed,0.4,6,0.8,5,0.0
PubMed,0.4,6,0.8,6,0.0
PubMed,0.4,6,0.8,7,0.0
PubMed,0.4,6,0.8,8,0.0
PubMed,0.4,6,0.8,9,0.0
PubMed,0.4,6,0.8,10,0.0
PubMed,0.4,6,0.9,0,0.02499997615814209
PubMed,0.4,6,0.9,1,0.03700000047683716
PubMed,0.4,6,0.9,2,0.0
PubMed,0.4,6,0.9,3,0.0
PubMed,0.4,6,0.9,4,0.0
PubMed,0.4,6,0.9,5,0.0
PubMed,0.4,6,0.9,6,0.0
PubMed,0.4,6,0.9,7,0.0
PubMed,0.4,6,0.9,8,0.0
PubMed,0.4,6,0.9,9,0.0
PubMed,0.4,6,0.9,10,0.0
PubMed,0.4,7,0.0,0,-0.4350000321865082
PubMed,0.4,7,0.0,1,-0.17800003290176392
PubMed,0.4,7,0.0,2,-0.16500002145767212
PubMed,0.4,7,0.0,3,-0.2200000286102295
PubMed,0.4,7,0.0,4,-0.018999993801116943
PubMed,0.4,7,0.0,5,-0.1340000033378601
PubMed,0.4,7,0.0,6,-0.2590000331401825
PubMed,0.4,7,0.0,7,-0.16500002145767212
PubMed,0.4,7,0.0,8,-0.2030000388622284
PubMed,0.4,7,0.0,9,0.001999974250793457
PubMed,0.4,7,0.0,10,-0.24400001764297485
PubMed,0.4,7,0.1,0,-0.12000000476837158
PubMed,0.4,7,0.1,1,-0.05200004577636719
PubMed,0.4,7,0.1,2,-0.16800004243850708
PubMed,0.4,7,0.1,3,0.018999993801116943
PubMed,0.4,7,0.1,4,-0.21000003814697266
PubMed,0.4,7,0.1,5,-0.12999999523162842
PubMed,0.4,7,0.1,6,-0.018000006675720215
PubMed,0.4,7,0.1,7,-0.06600004434585571
PubMed,0.4,7,0.1,8,-0.07300001382827759
PubMed,0.4,7,0.1,9,-0.001000046730041504
PubMed,0.4,7,0.1,10,-0.020000040531158447
PubMed,0.4,7,0.2,0,-0.2200000286102295
PubMed,0.4,7,0.2,1,0.001999974250793457
PubMed,0.4,7,0.2,2,-0.16800004243850708
PubMed,0.4,7,0.2,3,-0.07300001382827759
PubMed,0.4,7,0.2,4,-0.008000016212463379
PubMed,0.4,7,0.2,5,-0.012000024318695068
PubMed,0.4,7,0.2,6,0.006999969482421875
PubMed,0.4,7,0.2,7,-0.0020000338554382324
PubMed,0.4,7,0.2,8,-0.024000048637390137
PubMed,0.4,7,0.2,9,-0.041999995708465576
PubMed,0.4,7,0.2,10,-0.01500004529953003
PubMed,0.4,7,0.3,0,-0.053000032901763916
PubMed,0.4,7,0.3,1,-0.09700000286102295
PubMed,0.4,7,0.3,2,-0.02799999713897705
PubMed,0.4,7,0.3,3,0.0059999823570251465
PubMed,0.4,7,0.3,4,0.023000001907348633
PubMed,0.4,7,0.3,5,0.004999995231628418
PubMed,0.4,7,0.3,6,0.0009999871253967285
PubMed,0.4,7,0.3,7,0.004999995231628418
PubMed,0.4,7,0.3,8,0.0
PubMed,0.4,7,0.3,9,0.0
PubMed,0.4,7,0.3,10,0.0
PubMed,0.4,7,0.4,0,-0.050999999046325684
PubMed,0.4,7,0.4,1,-0.003000020980834961
PubMed,0.4,7,0.4,2,0.013999998569488525
PubMed,0.4,7,0.4,3,0.0
PubMed,0.4,7,0.4,4,0.0
PubMed,0.4,7,0.4,5,-0.0040000081062316895
PubMed,0.4,7,0.4,6,0.004999995231628418
PubMed,0.4,7,0.4,7,0.0
PubMed,0.4,7,0.4,8,0.0
PubMed,0.4,7,0.4,9,0.0
PubMed,0.4,7,0.4,10,0.0
PubMed,0.4,7,0.5,0,-0.17200005054473877
PubMed,0.4,7,0.5,1,-0.04300004243850708
PubMed,0.4,7,0.5,2,0.007999956607818604
PubMed,0.4,7,0.5,3,0.0
PubMed,0.4,7,0.5,4,0.0
PubMed,0.4,7,0.5,5,0.0
PubMed,0.4,7,0.5,6,0.0
PubMed,0.4,7,0.5,7,0.0
PubMed,0.4,7,0.5,8,0.0
PubMed,0.4,7,0.5,9,0.0
PubMed,0.4,7,0.5,10,0.0
PubMed,0.4,7,0.6,0,-0.125
PubMed,0.4,7,0.6,1,0.009999990463256836
PubMed,0.4,7,0.6,2,-0.0020000338554382324
PubMed,0.4,7,0.6,3,-0.0040000081062316895
PubMed,0.4,7,0.6,4,0.0
PubMed,0.4,7,0.6,5,0.0
PubMed,0.4,7,0.6,6,0.0
PubMed,0.4,7,0.6,7,0.0
PubMed,0.4,7,0.6,8,0.0
PubMed,0.4,7,0.6,9,0.0
PubMed,0.4,7,0.6,10,0.0
PubMed,0.4,7,0.7,0,0.0009999871253967285
PubMed,0.4,7,0.7,1,-0.01100003719329834
PubMed,0.4,7,0.7,2,0.0
PubMed,0.4,7,0.7,3,0.004999995231628418
PubMed,0.4,7,0.7,4,0.0
PubMed,0.4,7,0.7,5,0.0
PubMed,0.4,7,0.7,6,0.0
PubMed,0.4,7,0.7,7,0.0
PubMed,0.4,7,0.7,8,0.0
PubMed,0.4,7,0.7,9,0.0
PubMed,0.4,7,0.7,10,0.0
PubMed,0.4,7,0.8,0,-0.03100001811981201
PubMed,0.4,7,0.8,1,0.011999964714050293
PubMed,0.4,7,0.8,2,-0.03700000047683716
PubMed,0.4,7,0.8,3,0.0
PubMed,0.4,7,0.8,4,0.0
PubMed,0.4,7,0.8,5,0.0
PubMed,0.4,7,0.8,6,0.0
PubMed,0.4,7,0.8,7,0.0
PubMed,0.4,7,0.8,8,0.0
PubMed,0.4,7,0.8,9,0.0
PubMed,0.4,7,0.8,10,0.0
PubMed,0.4,7,0.9,0,-0.03100001811981201
PubMed,0.4,7,0.9,1,-0.003000020980834961
PubMed,0.4,7,0.9,2,0.0
PubMed,0.4,7,0.9,3,0.0
PubMed,0.4,7,0.9,4,0.0
PubMed,0.4,7,0.9,5,0.0
PubMed,0.4,7,0.9,6,0.0
PubMed,0.4,7,0.9,7,0.0
PubMed,0.4,7,0.9,8,0.0
PubMed,0.4,7,0.9,9,0.0
PubMed,0.4,7,0.9,10,0.0
PubMed,0.4,8,0.0,0,0.10800004005432129
PubMed,0.4,8,0.0,1,-0.11499997973442078
PubMed,0.4,8,0.0,2,0.0820000171661377
PubMed,0.4,8,0.0,3,0.13100004196166992
PubMed,0.4,8,0.0,4,0.01900005340576172
PubMed,0.4,8,0.0,5,-0.0339999794960022
PubMed,0.4,8,0.0,6,0.1260000467300415
PubMed,0.4,8,0.0,7,-0.013999998569488525
PubMed,0.4,8,0.0,8,-0.15599998831748962
PubMed,0.4,8,0.0,9,0.04200005531311035
PubMed,0.4,8,0.0,10,0.08000004291534424
PubMed,0.4,8,0.1,0,0.04200005531311035
PubMed,0.4,8,0.1,1,0.08300000429153442
PubMed,0.4,8,0.1,2,0.1730000376701355
PubMed,0.4,8,0.1,3,-0.37299999594688416
PubMed,0.4,8,0.1,4,0.08700001239776611
PubMed,0.4,8,0.1,5,0.058000028133392334
PubMed,0.4,8,0.1,6,0.13600003719329834
PubMed,0.4,8,0.1,7,0.09800004959106445
PubMed,0.4,8,0.1,8,0.11800003051757812
PubMed,0.4,8,0.1,9,0.06000000238418579
PubMed,0.4,8,0.1,10,0.08900004625320435
PubMed,0.4,8,0.2,0,0.01100003719329834
PubMed,0.4,8,0.2,1,0.11600005626678467
PubMed,0.4,8,0.2,2,0.08600002527236938
PubMed,0.4,8,0.2,3,0.06600004434585571
PubMed,0.4,8,0.2,4,0.10500001907348633
PubMed,0.4,8,0.2,5,0.1170000433921814
PubMed,0.4,8,0.2,6,0.09900003671646118
PubMed,0.4,8,0.2,7,0.006000041961669922
PubMed,0.4,8,0.2,8,0.01100003719329834
PubMed,0.4,8,0.2,9,0.0140000581741333
PubMed,0.4,8,0.2,10,-0.042999982833862305
PubMed,0.4,8,0.3,0,-0.035999953746795654
PubMed,0.4,8,0.3,1,0.10600000619888306
PubMed,0.4,8,0.3,2,0.10600000619888306
PubMed,0.4,8,0.3,3,0.13400006294250488
PubMed,0.4,8,0.3,4,-0.015999972820281982
PubMed,0.4,8,0.3,5,-0.02499997615814209
PubMed,0.4,8,0.3,6,-0.026999950408935547
PubMed,0.4,8,0.3,7,-0.042999982833862305
PubMed,0.4,8,0.3,8,-0.0559999942779541
PubMed,0.4,8,0.3,9,-0.042999982833862305
PubMed,0.4,8,0.3,10,0.0
PubMed,0.4,8,0.4,0,0.05600005388259888
PubMed,0.4,8,0.4,1,0.078000009059906
PubMed,0.4,8,0.4,2,0.09200000762939453
PubMed,0.4,8,0.4,3,-0.0029999613761901855
PubMed,0.4,8,0.4,4,-0.038999974727630615
PubMed,0.4,8,0.4,5,-0.03700000047683716
PubMed,0.4,8,0.4,6,-0.042999982833862305
PubMed,0.4,8,0.4,7,-0.042999982833862305
PubMed,0.4,8,0.4,8,0.0
PubMed,0.4,8,0.4,9,0.0
PubMed,0.4,8,0.4,10,0.0
PubMed,0.4,8,0.5,0,-0.01799994707107544
PubMed,0.4,8,0.5,1,0.08000004291534424
PubMed,0.4,8,0.5,2,0.10600000619888306
PubMed,0.4,8,0.5,3,-0.0059999823570251465
PubMed,0.4,8,0.5,4,-0.02899998426437378
PubMed,0.4,8,0.5,5,-0.042999982833862305
PubMed,0.4,8,0.5,6,-0.042999982833862305
PubMed,0.4,8,0.5,7,0.0
PubMed,0.4,8,0.5,8,0.0
PubMed,0.4,8,0.5,9,0.0
PubMed,0.4,8,0.5,10,0.0
PubMed,0.4,8,0.6,0,0.05900001525878906
PubMed,0.4,8,0.6,1,0.06000000238418579
PubMed,0.4,8,0.6,2,0.0
PubMed,0.4,8,0.6,3,-0.01699995994567871
PubMed,0.4,8,0.6,4,-0.042999982833862305
PubMed,0.4,8,0.6,5,-0.042999982833862305
PubMed,0.4,8,0.6,6,0.0
PubMed,0.4,8,0.6,7,0.0
PubMed,0.4,8,0.6,8,0.0
PubMed,0.4,8,0.6,9,0.0
PubMed,0.4,8,0.6,10,0.0
PubMed,0.4,8,0.7,0,0.050000011920928955
PubMed,0.4,8,0.7,1,0.05200004577636719
PubMed,0.4,8,0.7,2,-0.030999958515167236
PubMed,0.4,8,0.7,3,0.0
PubMed,0.4,8,0.7,4,-0.042999982833862305
PubMed,0.4,8,0.7,5,0.0
PubMed,0.4,8,0.7,6,0.0
PubMed,0.4,8,0.7,7,0.0
PubMed,0.4,8,0.7,8,0.0
PubMed,0.4,8,0.7,9,0.0
PubMed,0.4,8,0.7,10,0.0
PubMed,0.4,8,0.8,0,0.05200004577636719
PubMed,0.4,8,0.8,1,0.001000046730041504
PubMed,0.4,8,0.8,2,-0.042999982833862305
PubMed,0.4,8,0.8,3,0.0
PubMed,0.4,8,0.8,4,0.0
PubMed,0.4,8,0.8,5,0.0
PubMed,0.4,8,0.8,6,0.0
PubMed,0.4,8,0.8,7,0.0
PubMed,0.4,8,0.8,8,0.0
PubMed,0.4,8,0.8,9,0.0
PubMed,0.4,8,0.8,10,0.0
PubMed,0.4,8,0.9,0,0.026000022888183594
PubMed,0.4,8,0.9,1,-0.02499997615814209
PubMed,0.4,8,0.9,2,0.0
PubMed,0.4,8,0.9,3,0.0
PubMed,0.4,8,0.9,4,0.0
PubMed,0.4,8,0.9,5,0.0
PubMed,0.4,8,0.9,6,0.0
PubMed,0.4,8,0.9,7,0.0
PubMed,0.4,8,0.9,8,0.0
PubMed,0.4,8,0.9,9,0.0
PubMed,0.4,8,0.9,10,0.0
PubMed,0.4,9,0.0,0,-0.03100001811981201
PubMed,0.4,9,0.0,1,0.14800000190734863
PubMed,0.4,9,0.0,2,-0.14500004053115845
PubMed,0.4,9,0.0,3,0.1549999713897705
PubMed,0.4,9,0.0,4,0.038999974727630615
PubMed,0.4,9,0.0,5,-0.04000002145767212
PubMed,0.4,9,0.0,6,-0.09900003671646118
PubMed,0.4,9,0.0,7,-0.08000004291534424
PubMed,0.4,9,0.0,8,0.07599997520446777
PubMed,0.4,9,0.0,9,0.06299996376037598
PubMed,0.4,9,0.0,10,0.06199997663497925
PubMed,0.4,9,0.1,0,0.0989999771118164
PubMed,0.4,9,0.1,1,0.0989999771118164
PubMed,0.4,9,0.1,2,0.12799996137619019
PubMed,0.4,9,0.1,3,0.09099996089935303
PubMed,0.4,9,0.1,4,0.09200000762939453
PubMed,0.4,9,0.1,5,0.007999956607818604
PubMed,0.4,9,0.1,6,0.12000000476837158
PubMed,0.4,9,0.1,7,0.05500000715255737
PubMed,0.4,9,0.1,8,0.046000003814697266
PubMed,0.4,9,0.1,9,0.07999998331069946
PubMed,0.4,9,0.1,10,0.018999993801116943
PubMed,0.4,9,0.2,0,0.07899999618530273
PubMed,0.4,9,0.2,1,0.12799996137619019
PubMed,0.4,9,0.2,2,0.14300000667572021
PubMed,0.4,9,0.2,3,0.08199995756149292
PubMed,0.4,9,0.2,4,0.041999995708465576
PubMed,0.4,9,0.2,5,0.0
PubMed,0.4,9,0.2,6,0.046999990940093994
PubMed,0.4,9,0.2,7,0.02899998426437378
PubMed,0.4,9,0.2,8,0.009999990463256836
PubMed,0.4,9,0.2,9,0.004999995231628418
PubMed,0.4,9,0.2,10,0.014999985694885254
PubMed,0.4,9,0.3,0,0.10899996757507324
PubMed,0.4,9,0.3,1,0.11899995803833008
PubMed,0.4,9,0.3,2,0.09299999475479126
PubMed,0.4,9,0.3,3,0.013999998569488525
PubMed,0.4,9,0.3,4,0.018000006675720215
PubMed,0.4,9,0.3,5,0.03200000524520874
PubMed,0.4,9,0.3,6,0.014999985694885254
PubMed,0.4,9,0.3,7,0.007999956607818604
PubMed,0.4,9,0.3,8,0.007999956607818604
PubMed,0.4,9,0.3,9,0.0
PubMed,0.4,9,0.3,10,0.0
PubMed,0.4,9,0.4,0,-0.17500004172325134
PubMed,0.4,9,0.4,1,0.035999953746795654
PubMed,0.4,9,0.4,2,0.034999966621398926
PubMed,0.4,9,0.4,3,0.04399996995925903
PubMed,0.4,9,0.4,4,0.0639999508857727
PubMed,0.4,9,0.4,5,0.007999956607818604
PubMed,0.4,9,0.4,6,0.007999956607818604
PubMed,0.4,9,0.4,7,0.0
PubMed,0.4,9,0.4,8,0.0
PubMed,0.4,9,0.4,9,0.0
PubMed,0.4,9,0.4,10,0.0
PubMed,0.4,9,0.5,0,0.0679999589920044
PubMed,0.4,9,0.5,1,0.041999995708465576
PubMed,0.4,9,0.5,2,-0.003000020980834961
PubMed,0.4,9,0.5,3,0.05500000715255737
PubMed,0.4,9,0.5,4,0.007999956607818604
PubMed,0.4,9,0.5,5,0.0
PubMed,0.4,9,0.5,6,0.0
PubMed,0.4,9,0.5,7,0.0
PubMed,0.4,9,0.5,8,0.0
PubMed,0.4,9,0.5,9,0.0
PubMed,0.4,9,0.5,10,0.0
PubMed,0.4,9,0.6,0,0.012999951839447021
PubMed,0.4,9,0.6,1,0.009000003337860107
PubMed,0.4,9,0.6,2,0.05299997329711914
PubMed,0.4,9,0.6,3,0.026999950408935547
PubMed,0.4,9,0.6,4,0.0
PubMed,0.4,9,0.6,5,0.0
PubMed,0.4,9,0.6,6,0.0
PubMed,0.4,9,0.6,7,0.0
PubMed,0.4,9,0.6,8,0.0
PubMed,0.4,9,0.6,9,0.0
PubMed,0.4,9,0.6,10,0.0
PubMed,0.4,9,0.7,0,0.03799998760223389
PubMed,0.4,9,0.7,1,0.009999990463256836
PubMed,0.4,9,0.7,2,0.04799997806549072
PubMed,0.4,9,0.7,3,0.007999956607818604
PubMed,0.4,9,0.7,4,0.0
PubMed,0.4,9,0.7,5,0.0
PubMed,0.4,9,0.7,6,0.0
PubMed,0.4,9,0.7,7,0.0
PubMed,0.4,9,0.7,8,0.0
PubMed,0.4,9,0.7,9,0.0
PubMed,0.4,9,0.7,10,0.0
PubMed,0.4,9,0.8,0,-0.001000046730041504
PubMed,0.4,9,0.8,1,0.004999995231628418
PubMed,0.4,9,0.8,2,0.050999999046325684
PubMed,0.4,9,0.8,3,0.0
PubMed,0.4,9,0.8,4,0.0
PubMed,0.4,9,0.8,5,0.0
PubMed,0.4,9,0.8,6,0.0
PubMed,0.4,9,0.8,7,0.0
PubMed,0.4,9,0.8,8,0.0
PubMed,0.4,9,0.8,9,0.0
PubMed,0.4,9,0.8,10,0.0
PubMed,0.4,9,0.9,0,-0.009000003337860107
PubMed,0.4,9,0.9,1,0.03200000524520874
PubMed,0.4,9,0.9,2,0.0
PubMed,0.4,9,0.9,3,0.0
PubMed,0.4,9,0.9,4,0.0
PubMed,0.4,9,0.9,5,0.0
PubMed,0.4,9,0.9,6,0.0
PubMed,0.4,9,0.9,7,0.0
PubMed,0.4,9,0.9,8,0.0
PubMed,0.4,9,0.9,9,0.0
PubMed,0.4,9,0.9,10,0.0
PubMed,0.5,0,0.0,0,0.050000011920928955
PubMed,0.5,0,0.0,1,0.050000011920928955
PubMed,0.5,0,0.0,2,0.046000003814697266
PubMed,0.5,0,0.0,3,-0.13200002908706665
PubMed,0.5,0,0.0,4,-0.1340000033378601
PubMed,0.5,0,0.0,5,-0.0990000069141388
PubMed,0.5,0,0.0,6,-0.15700000524520874
PubMed,0.5,0,0.0,7,-0.13200002908706665
PubMed,0.5,0,0.0,8,-0.125
PubMed,0.5,0,0.0,9,0.0820000171661377
PubMed,0.5,0,0.0,10,-0.03299999237060547
PubMed,0.5,0,0.1,0,-0.13200002908706665
PubMed,0.5,0,0.1,1,0.06599998474121094
PubMed,0.5,0,0.1,2,-0.03700000047683716
PubMed,0.5,0,0.1,3,0.018000006675720215
PubMed,0.5,0,0.1,4,0.03799998760223389
PubMed,0.5,0,0.1,5,-0.15800002217292786
PubMed,0.5,0,0.1,6,0.019999980926513672
PubMed,0.5,0,0.1,7,0.042999982833862305
PubMed,0.5,0,0.1,8,-0.11400002241134644
PubMed,0.5,0,0.1,9,-0.08000001311302185
PubMed,0.5,0,0.1,10,-0.06100001931190491
PubMed,0.5,0,0.2,0,-0.13700002431869507
PubMed,0.5,0,0.2,1,-0.06499999761581421
PubMed,0.5,0,0.2,2,-0.10900002717971802
PubMed,0.5,0,0.2,3,-0.08900001645088196
PubMed,0.5,0,0.2,4,-0.0059999823570251465
PubMed,0.5,0,0.2,5,0.09200000762939453
PubMed,0.5,0,0.2,6,0.0339999794960022
PubMed,0.5,0,0.2,7,0.003000020980834961
PubMed,0.5,0,0.2,8,0.029999971389770508
PubMed,0.5,0,0.2,9,0.004999995231628418
PubMed,0.5,0,0.2,10,0.041999995708465576
PubMed,0.5,0,0.3,0,-0.15300002694129944
PubMed,0.5,0,0.3,1,0.038999974727630615
PubMed,0.5,0,0.3,2,-0.07000002264976501
PubMed,0.5,0,0.3,3,-0.04500001668930054
PubMed,0.5,0,0.3,4,0.009999990463256836
PubMed,0.5,0,0.3,5,-0.00700002908706665
PubMed,0.5,0,0.3,6,0.010999977588653564
PubMed,0.5,0,0.3,7,0.010999977588653564
PubMed,0.5,0,0.3,8,0.05500000715255737
PubMed,0.5,0,0.3,9,0.05500000715255737
PubMed,0.5,0,0.3,10,0.0
PubMed,0.5,0,0.4,0,-0.14900001883506775
PubMed,0.5,0,0.4,1,-0.1380000114440918
PubMed,0.5,0,0.4,2,0.0820000171661377
PubMed,0.5,0,0.4,3,0.003000020980834961
PubMed,0.5,0,0.4,4,0.038999974727630615
PubMed,0.5,0,0.4,5,0.010999977588653564
PubMed,0.5,0,0.4,6,0.05500000715255737
PubMed,0.5,0,0.4,7,0.0
PubMed,0.5,0,0.4,8,0.0
PubMed,0.5,0,0.4,9,0.0
PubMed,0.5,0,0.4,10,0.0
PubMed,0.5,0,0.5,0,-0.07300001382827759
PubMed,0.5,0,0.5,1,0.008000016212463379
PubMed,0.5,0,0.5,2,-0.025000035762786865
PubMed,0.5,0,0.5,3,-0.021000027656555176
PubMed,0.5,0,0.5,4,0.05500000715255737
PubMed,0.5,0,0.5,5,0.0
PubMed,0.5,0,0.5,6,0.0
PubMed,0.5,0,0.5,7,0.0
PubMed,0.5,0,0.5,8,0.0
PubMed,0.5,0,0.5,9,0.0
PubMed,0.5,0,0.5,10,0.0
PubMed,0.5,0,0.6,0,-0.0040000081062316895
PubMed,0.5,0,0.6,1,0.02499997615814209
PubMed,0.5,0,0.6,2,-0.003000020980834961
PubMed,0.5,0,0.6,3,0.05500000715255737
PubMed,0.5,0,0.6,4,0.0
PubMed,0.5,0,0.6,5,0.0
PubMed,0.5,0,0.6,6,0.0
PubMed,0.5,0,0.6,7,0.0
PubMed,0.5,0,0.6,8,0.0
PubMed,0.5,0,0.6,9,0.0
PubMed,0.5,0,0.6,10,0.0
PubMed,0.5,0,0.7,0,0.008000016212463379
PubMed,0.5,0,0.7,1,-0.012000024318695068
PubMed,0.5,0,0.7,2,-0.0040000081062316895
PubMed,0.5,0,0.7,3,0.0
PubMed,0.5,0,0.7,4,0.0
PubMed,0.5,0,0.7,5,0.0
PubMed,0.5,0,0.7,6,0.0
PubMed,0.5,0,0.7,7,0.0
PubMed,0.5,0,0.7,8,0.0
PubMed,0.5,0,0.7,9,0.0
PubMed,0.5,0,0.7,10,0.0
PubMed,0.5,0,0.8,0,-0.008000016212463379
PubMed,0.5,0,0.8,1,-0.0009999871253967285
PubMed,0.5,0,0.8,2,0.010999977588653564
PubMed,0.5,0,0.8,3,0.0
PubMed,0.5,0,0.8,4,0.0
PubMed,0.5,0,0.8,5,0.0
PubMed,0.5,0,0.8,6,0.0
PubMed,0.5,0,0.8,7,0.0
PubMed,0.5,0,0.8,8,0.0
PubMed,0.5,0,0.8,9,0.0
PubMed,0.5,0,0.8,10,0.0
PubMed,0.5,0,0.9,0,0.03600001335144043
PubMed,0.5,0,0.9,1,0.0339999794960022
PubMed,0.5,0,0.9,2,0.05500000715255737
PubMed,0.5,0,0.9,3,0.0
PubMed,0.5,0,0.9,4,0.0
PubMed,0.5,0,0.9,5,0.0
PubMed,0.5,0,0.9,6,0.0
PubMed,0.5,0,0.9,7,0.0
PubMed,0.5,0,0.9,8,0.0
PubMed,0.5,0,0.9,9,0.0
PubMed,0.5,0,0.9,10,0.0
PubMed,0.5,1,0.0,0,0.08900004625320435
PubMed,0.5,1,0.0,1,0.07100003957748413
PubMed,0.5,1,0.0,2,0.10900002717971802
PubMed,0.5,1,0.0,3,0.08000004291534424
PubMed,0.5,1,0.0,4,0.053000032901763916
PubMed,0.5,1,0.0,5,0.078000009059906
PubMed,0.5,1,0.0,6,0.04000002145767212
PubMed,0.5,1,0.0,7,0.14000004529953003
PubMed,0.5,1,0.0,8,0.11900001764297485
PubMed,0.5,1,0.0,9,0.0820000171661377
PubMed,0.5,1,0.0,10,0.07700002193450928
PubMed,0.5,1,0.1,0,0.05200004577636719
PubMed,0.5,1,0.1,1,0.09400004148483276
PubMed,0.5,1,0.1,2,0.10800004005432129
PubMed,0.5,1,0.1,3,0.10000002384185791
PubMed,0.5,1,0.1,4,0.08000004291534424
PubMed,0.5,1,0.1,5,0.09500002861022949
PubMed,0.5,1,0.1,6,0.09900003671646118
PubMed,0.5,1,0.1,7,0.08000004291534424
PubMed,0.5,1,0.1,8,0.1170000433921814
PubMed,0.5,1,0.1,9,0.10600000619888306
PubMed,0.5,1,0.1,10,0.09400004148483276
PubMed,0.5,1,0.2,0,0.0559999942779541
PubMed,0.5,1,0.2,1,0.0910000205039978
PubMed,0.5,1,0.2,2,0.08399999141693115
PubMed,0.5,1,0.2,3,0.12100005149841309
PubMed,0.5,1,0.2,4,0.09400004148483276
PubMed,0.5,1,0.2,5,0.12100005149841309
PubMed,0.5,1,0.2,6,0.046999990940093994
PubMed,0.5,1,0.2,7,0.057000041007995605
PubMed,0.5,1,0.2,8,0.003000020980834961
PubMed,0.5,1,0.2,9,0.00700002908706665
PubMed,0.5,1,0.2,10,-0.001999974250793457
PubMed,0.5,1,0.3,0,0.09800004959106445
PubMed,0.5,1,0.3,1,0.06300002336502075
PubMed,0.5,1,0.3,2,0.07700002193450928
PubMed,0.5,1,0.3,3,0.06099998950958252
PubMed,0.5,1,0.3,4,0.07400000095367432
PubMed,0.5,1,0.3,5,0.03700000047683716
PubMed,0.5,1,0.3,6,-0.004999995231628418
PubMed,0.5,1,0.3,7,-0.004999995231628418
PubMed,0.5,1,0.3,8,-0.001999974250793457
PubMed,0.5,1,0.3,9,-0.004999995231628418
PubMed,0.5,1,0.3,10,0.0
PubMed,0.5,1,0.4,0,0.09400004148483276
PubMed,0.5,1,0.4,1,0.11800003051757812
PubMed,0.5,1,0.4,2,0.11400002241134644
PubMed,0.5,1,0.4,3,0.07700002193450928
PubMed,0.5,1,0.4,4,-0.004999995231628418
PubMed,0.5,1,0.4,5,-0.001999974250793457
PubMed,0.5,1,0.4,6,-0.004999995231628418
PubMed,0.5,1,0.4,7,0.0
PubMed,0.5,1,0.4,8,0.0
PubMed,0.5,1,0.4,9,0.0
PubMed,0.5,1,0.4,10,0.0
PubMed,0.5,1,0.5,0,0.04400002956390381
PubMed,0.5,1,0.5,1,0.09900003671646118
PubMed,0.5,1,0.5,2,0.05900001525878906
PubMed,0.5,1,0.5,3,0.02799999713897705
PubMed,0.5,1,0.5,4,-0.001999974250793457
PubMed,0.5,1,0.5,5,0.0
PubMed,0.5,1,0.5,6,0.0
PubMed,0.5,1,0.5,7,0.0
PubMed,0.5,1,0.5,8,0.0
PubMed,0.5,1,0.5,9,0.0
PubMed,0.5,1,0.5,10,0.0
PubMed,0.5,1,0.6,0,0.05500000715255737
PubMed,0.5,1,0.6,1,0.11400002241134644
PubMed,0.5,1,0.6,2,0.07100003957748413
PubMed,0.5,1,0.6,3,-0.001999974250793457
PubMed,0.5,1,0.6,4,0.0
PubMed,0.5,1,0.6,5,0.0
PubMed,0.5,1,0.6,6,0.0
PubMed,0.5,1,0.6,7,0.0
PubMed,0.5,1,0.6,8,0.0
PubMed,0.5,1,0.6,9,0.0
PubMed,0.5,1,0.6,10,0.0
PubMed,0.5,1,0.7,0,0.09600001573562622
PubMed,0.5,1,0.7,1,0.050000011920928955
PubMed,0.5,1,0.7,2,0.02799999713897705
PubMed,0.5,1,0.7,3,-0.004999995231628418
PubMed,0.5,1,0.7,4,0.0
PubMed,0.5,1,0.7,5,0.0
PubMed,0.5,1,0.7,6,0.0
PubMed,0.5,1,0.7,7,0.0
PubMed,0.5,1,0.7,8,0.0
PubMed,0.5,1,0.7,9,0.0
PubMed,0.5,1,0.7,10,0.0
PubMed,0.5,1,0.8,0,0.06700003147125244
PubMed,0.5,1,0.8,1,0.0480000376701355
PubMed,0.5,1,0.8,2,0.003000020980834961
PubMed,0.5,1,0.8,3,0.0
PubMed,0.5,1,0.8,4,0.0
PubMed,0.5,1,0.8,5,0.0
PubMed,0.5,1,0.8,6,0.0
PubMed,0.5,1,0.8,7,0.0
PubMed,0.5,1,0.8,8,0.0
PubMed,0.5,1,0.8,9,0.0
PubMed,0.5,1,0.8,10,0.0
PubMed,0.5,1,0.9,0,0.08399999141693115
PubMed,0.5,1,0.9,1,0.01500004529953003
PubMed,0.5,1,0.9,2,-0.004999995231628418
PubMed,0.5,1,0.9,3,0.0
PubMed,0.5,1,0.9,4,0.0
PubMed,0.5,1,0.9,5,0.0
PubMed,0.5,1,0.9,6,0.0
PubMed,0.5,1,0.9,7,0.0
PubMed,0.5,1,0.9,8,0.0
PubMed,0.5,1,0.9,9,0.0
PubMed,0.5,1,0.9,10,0.0
PubMed,0.5,2,0.0,0,0.09099996089935303
PubMed,0.5,2,0.0,1,0.050999999046325684
PubMed,0.5,2,0.0,2,-0.09800001978874207
PubMed,0.5,2,0.0,3,0.07999998331069946
PubMed,0.5,2,0.0,4,0.10699999332427979
PubMed,0.5,2,0.0,5,0.1629999876022339
PubMed,0.5,2,0.0,6,0.11699998378753662
PubMed,0.5,2,0.0,7,0.13999998569488525
PubMed,0.5,2,0.0,8,0.0769999623298645
PubMed,0.5,2,0.0,9,0.12000000476837158
PubMed,0.5,2,0.0,10,0.10399997234344482
PubMed,0.5,2,0.1,0,0.13999998569488525
PubMed,0.5,2,0.1,1,0.1419999599456787
PubMed,0.5,2,0.1,2,0.13799995183944702
PubMed,0.5,2,0.1,3,0.13799995183944702
PubMed,0.5,2,0.1,4,0.1340000033378601
PubMed,0.5,2,0.1,5,0.1589999794960022
PubMed,0.5,2,0.1,6,0.11899995803833008
PubMed,0.5,2,0.1,7,0.15999996662139893
PubMed,0.5,2,0.1,8,0.12299996614456177
PubMed,0.5,2,0.1,9,0.02399998903274536
PubMed,0.5,2,0.1,10,0.1340000033378601
PubMed,0.5,2,0.2,0,0.08699995279312134
PubMed,0.5,2,0.2,1,0.20699995756149292
PubMed,0.5,2,0.2,2,0.15799999237060547
PubMed,0.5,2,0.2,3,0.08699995279312134
PubMed,0.5,2,0.2,4,0.12999999523162842
PubMed,0.5,2,0.2,5,0.10999995470046997
PubMed,0.5,2,0.2,6,0.06699997186660767
PubMed,0.5,2,0.2,7,0.039999961853027344
PubMed,0.5,2,0.2,8,0.026999950408935547
PubMed,0.5,2,0.2,9,-0.008000016212463379
PubMed,0.5,2,0.2,10,-0.008000016212463379
PubMed,0.5,2,0.3,0,0.06499999761581421
PubMed,0.5,2,0.3,1,0.12799996137619019
PubMed,0.5,2,0.3,2,0.13199996948242188
PubMed,0.5,2,0.3,3,0.15299999713897705
PubMed,0.5,2,0.3,4,0.013999998569488525
PubMed,0.5,2,0.3,5,0.007999956607818604
PubMed,0.5,2,0.3,6,-0.008000016212463379
PubMed,0.5,2,0.3,7,0.0029999613761901855
PubMed,0.5,2,0.3,8,-0.00700002908706665
PubMed,0.5,2,0.3,9,-0.00700002908706665
PubMed,0.5,2,0.3,10,0.0
PubMed,0.5,2,0.4,0,0.07999998331069946
PubMed,0.5,2,0.4,1,0.15399998426437378
PubMed,0.5,2,0.4,2,0.12099999189376831
PubMed,0.5,2,0.4,3,0.06299996376037598
PubMed,0.5,2,0.4,4,-0.008000016212463379
PubMed,0.5,2,0.4,5,0.0029999613761901855
PubMed,0.5,2,0.4,6,-0.00700002908706665
PubMed,0.5,2,0.4,7,-0.00700002908706665
PubMed,0.5,2,0.4,8,0.0
PubMed,0.5,2,0.4,9,0.0
PubMed,0.5,2,0.4,10,0.0
PubMed,0.5,2,0.5,0,0.08399999141693115
PubMed,0.5,2,0.5,1,0.13099998235702515
PubMed,0.5,2,0.5,2,0.08499997854232788
PubMed,0.5,2,0.5,3,-0.008000016212463379
PubMed,0.5,2,0.5,4,-0.010000050067901611
PubMed,0.5,2,0.5,5,-0.00700002908706665
PubMed,0.5,2,0.5,6,-0.00700002908706665
PubMed,0.5,2,0.5,7,0.0
PubMed,0.5,2,0.5,8,0.0
PubMed,0.5,2,0.5,9,0.0
PubMed,0.5,2,0.5,10,0.0
PubMed,0.5,2,0.6,0,0.1329999566078186
PubMed,0.5,2,0.6,1,0.10399997234344482
PubMed,0.5,2,0.6,2,0.001999974250793457
PubMed,0.5,2,0.6,3,-0.006000041961669922
PubMed,0.5,2,0.6,4,-0.00700002908706665
PubMed,0.5,2,0.6,5,-0.00700002908706665
PubMed,0.5,2,0.6,6,0.0
PubMed,0.5,2,0.6,7,0.0
PubMed,0.5,2,0.6,8,0.0
PubMed,0.5,2,0.6,9,0.0
PubMed,0.5,2,0.6,10,0.0
PubMed,0.5,2,0.7,0,0.06499999761581421
PubMed,0.5,2,0.7,1,0.10199999809265137
PubMed,0.5,2,0.7,2,0.02399998903274536
PubMed,0.5,2,0.7,3,0.0
PubMed,0.5,2,0.7,4,-0.00700002908706665
PubMed,0.5,2,0.7,5,0.0
PubMed,0.5,2,0.7,6,0.0
PubMed,0.5,2,0.7,7,0.0
PubMed,0.5,2,0.7,8,0.0
PubMed,0.5,2,0.7,9,0.0
PubMed,0.5,2,0.7,10,0.0
PubMed,0.5,2,0.8,0,0.08899998664855957
PubMed,0.5,2,0.8,1,0.038999974727630615
PubMed,0.5,2,0.8,2,-0.010000050067901611
PubMed,0.5,2,0.8,3,-0.00700002908706665
PubMed,0.5,2,0.8,4,0.0
PubMed,0.5,2,0.8,5,0.0
PubMed,0.5,2,0.8,6,0.0
PubMed,0.5,2,0.8,7,0.0
PubMed,0.5,2,0.8,8,0.0
PubMed,0.5,2,0.8,9,0.0
PubMed,0.5,2,0.8,10,0.0
PubMed,0.5,2,0.9,0,0.042999982833862305
PubMed,0.5,2,0.9,1,0.035999953746795654
PubMed,0.5,2,0.9,2,0.02399998903274536
PubMed,0.5,2,0.9,3,0.0
PubMed,0.5,2,0.9,4,0.0
PubMed,0.5,2,0.9,5,0.0
PubMed,0.5,2,0.9,6,0.0
PubMed,0.5,2,0.9,7,0.0
PubMed,0.5,2,0.9,8,0.0
PubMed,0.5,2,0.9,9,0.0
PubMed,0.5,2,0.9,10,0.0
PubMed,0.5,3,0.0,0,0.0
PubMed,0.5,3,0.0,1,-0.0040000081062316895
PubMed,0.5,3,0.0,2,0.03700000047683716
PubMed,0.5,3,0.0,3,0.027000010013580322
PubMed,0.5,3,0.0,4,0.07999998331069946
PubMed,0.5,3,0.0,5,0.07499998807907104
PubMed,0.5,3,0.0,6,0.0010000169277191162
PubMed,0.5,3,0.0,7,0.02899998426437378
PubMed,0.5,3,0.0,8,0.08500003814697266
PubMed,0.5,3,0.0,9,0.006999999284744263
PubMed,0.5,3,0.0,10,0.06400001049041748
PubMed,0.5,3,0.1,0,-0.04899999499320984
PubMed,0.5,3,0.1,1,0.06700003147125244
PubMed,0.5,3,0.1,2,0.0820000171661377
PubMed,0.5,3,0.1,3,0.1640000343322754
PubMed,0.5,3,0.1,4,0.05900001525878906
PubMed,0.5,3,0.1,5,0.08100003004074097
PubMed,0.5,3,0.1,6,0.11100000143051147
PubMed,0.5,3,0.1,7,0.09799998998641968
PubMed,0.5,3,0.1,8,0.06499999761581421
PubMed,0.5,3,0.1,9,0.10800004005432129
PubMed,0.5,3,0.1,10,0.11300003528594971
PubMed,0.5,3,0.2,0,0.08399999141693115
PubMed,0.5,3,0.2,1,0.19700002670288086
PubMed,0.5,3,0.2,2,0.053000032901763916
PubMed,0.5,3,0.2,3,0.10000002384185791
PubMed,0.5,3,0.2,4,0.05500000715255737
PubMed,0.5,3,0.2,5,0.07400000095367432
PubMed,0.5,3,0.2,6,0.06700003147125244
PubMed,0.5,3,0.2,7,0.025000005960464478
PubMed,0.5,3,0.2,8,0.01600000262260437
PubMed,0.5,3,0.2,9,-0.0029999911785125732
PubMed,0.5,3,0.2,10,0.015000015497207642
PubMed,0.5,3,0.3,0,0.011000007390975952
PubMed,0.5,3,0.3,1,0.13200002908706665
PubMed,0.5,3,0.3,2,0.10000002384185791
PubMed,0.5,3,0.3,3,0.06599998474121094
PubMed,0.5,3,0.3,4,0.053000032901763916
PubMed,0.5,3,0.3,5,0.015000015497207642
PubMed,0.5,3,0.3,6,0.0040000081062316895
PubMed,0.5,3,0.3,7,-0.025000005960464478
PubMed,0.5,3,0.3,8,-0.025000005960464478
PubMed,0.5,3,0.3,9,0.0
PubMed,0.5,3,0.3,10,0.0
PubMed,0.5,3,0.4,0,0.003000020980834961
PubMed,0.5,3,0.4,1,0.04000002145767212
PubMed,0.5,3,0.4,2,0.08300000429153442
PubMed,0.5,3,0.4,3,0.042999982833862305
PubMed,0.5,3,0.4,4,0.015000015497207642
PubMed,0.5,3,0.4,5,-0.025000005960464478
PubMed,0.5,3,0.4,6,-0.025000005960464478
PubMed,0.5,3,0.4,7,-0.025000005960464478
PubMed,0.5,3,0.4,8,0.0
PubMed,0.5,3,0.4,9,0.0
PubMed,0.5,3,0.4,10,0.0
PubMed,0.5,3,0.5,0,0.07400000095367432
PubMed,0.5,3,0.5,1,0.09600001573562622
PubMed,0.5,3,0.5,2,0.0690000057220459
PubMed,0.5,3,0.5,3,0.01600000262260437
PubMed,0.5,3,0.5,4,0.013999998569488525
PubMed,0.5,3,0.5,5,-0.025000005960464478
PubMed,0.5,3,0.5,6,0.0
PubMed,0.5,3,0.5,7,0.0
PubMed,0.5,3,0.5,8,0.0
PubMed,0.5,3,0.5,9,0.0
PubMed,0.5,3,0.5,10,0.0
PubMed,0.5,3,0.6,0,0.01199999451637268
PubMed,0.5,3,0.6,1,0.06599998474121094
PubMed,0.5,3,0.6,2,0.03299999237060547
PubMed,0.5,3,0.6,3,-0.0029999911785125732
PubMed,0.5,3,0.6,4,-0.025000005960464478
PubMed,0.5,3,0.6,5,-0.025000005960464478
PubMed,0.5,3,0.6,6,0.0
PubMed,0.5,3,0.6,7,0.0
PubMed,0.5,3,0.6,8,0.0
PubMed,0.5,3,0.6,9,0.0
PubMed,0.5,3,0.6,10,0.0
PubMed,0.5,3,0.7,0,0.06999999284744263
PubMed,0.5,3,0.7,1,0.0480000376701355
PubMed,0.5,3,0.7,2,0.018000006675720215
PubMed,0.5,3,0.7,3,-0.025000005960464478
PubMed,0.5,3,0.7,4,-0.025000005960464478
PubMed,0.5,3,0.7,5,0.0
PubMed,0.5,3,0.7,6,0.0
PubMed,0.5,3,0.7,7,0.0
PubMed,0.5,3,0.7,8,0.0
PubMed,0.5,3,0.7,9,0.0
PubMed,0.5,3,0.7,10,0.0
PubMed,0.5,3,0.8,0,0.02799999713897705
PubMed,0.5,3,0.8,1,0.06200003623962402
PubMed,0.5,3,0.8,2,0.02799999713897705
PubMed,0.5,3,0.8,3,0.0
PubMed,0.5,3,0.8,4,0.0
PubMed,0.5,3,0.8,5,0.0
PubMed,0.5,3,0.8,6,0.0
PubMed,0.5,3,0.8,7,0.0
PubMed,0.5,3,0.8,8,0.0
PubMed,0.5,3,0.8,9,0.0
PubMed,0.5,3,0.8,10,0.0
PubMed,0.5,3,0.9,0,0.010000020265579224
PubMed,0.5,3,0.9,1,0.042999982833862305
PubMed,0.5,3,0.9,2,0.0
PubMed,0.5,3,0.9,3,0.0
PubMed,0.5,3,0.9,4,0.0
PubMed,0.5,3,0.9,5,0.0
PubMed,0.5,3,0.9,6,0.0
PubMed,0.5,3,0.9,7,0.0
PubMed,0.5,3,0.9,8,0.0
PubMed,0.5,3,0.9,9,0.0
PubMed,0.5,3,0.9,10,0.0
PubMed,0.5,4,0.0,0,-0.164000004529953
PubMed,0.5,4,0.0,1,-0.164000004529953
PubMed,0.5,4,0.0,2,-0.164000004529953
PubMed,0.5,4,0.0,3,-0.10199999809265137
PubMed,0.5,4,0.0,4,-0.164000004529953
PubMed,0.5,4,0.0,5,-0.164000004529953
PubMed,0.5,4,0.0,6,-0.164000004529953
PubMed,0.5,4,0.0,7,-0.164000004529953
PubMed,0.5,4,0.0,8,-0.164000004529953
PubMed,0.5,4,0.0,9,-0.164000004529953
PubMed,0.5,4,0.0,10,-0.164000004529953
PubMed,0.5,4,0.1,0,-0.164000004529953
PubMed,0.5,4,0.1,1,-0.164000004529953
PubMed,0.5,4,0.1,2,-0.164000004529953
PubMed,0.5,4,0.1,3,-0.06799998879432678
PubMed,0.5,4,0.1,4,-0.08399999141693115
PubMed,0.5,4,0.1,5,-0.164000004529953
PubMed,0.5,4,0.1,6,-0.164000004529953
PubMed,0.5,4,0.1,7,-0.164000004529953
PubMed,0.5,4,0.1,8,-0.164000004529953
PubMed,0.5,4,0.1,9,-0.01600000262260437
PubMed,0.5,4,0.1,10,-0.164000004529953
PubMed,0.5,4,0.2,0,-0.164000004529953
PubMed,0.5,4,0.2,1,-0.164000004529953
PubMed,0.5,4,0.2,2,-0.06599998474121094
PubMed,0.5,4,0.2,3,-0.04399999976158142
PubMed,0.5,4,0.2,4,-0.06299999356269836
PubMed,0.5,4,0.2,5,-0.05399999022483826
PubMed,0.5,4,0.2,6,-0.03299999237060547
PubMed,0.5,4,0.2,7,-0.03700000047683716
PubMed,0.5,4,0.2,8,-0.007999986410140991
PubMed,0.5,4,0.2,9,-0.007999986410140991
PubMed,0.5,4,0.2,10,-0.0009999871253967285
PubMed,0.5,4,0.3,0,-0.164000004529953
PubMed,0.5,4,0.3,1,-0.164000004529953
PubMed,0.5,4,0.3,2,-0.050000011920928955
PubMed,0.5,4,0.3,3,0.011000007390975952
PubMed,0.5,4,0.3,4,-0.034999996423721313
PubMed,0.5,4,0.3,5,-0.007999986410140991
PubMed,0.5,4,0.3,6,-0.007999986410140991
PubMed,0.5,4,0.3,7,0.018000006675720215
PubMed,0.5,4,0.3,8,0.018000006675720215
PubMed,0.5,4,0.3,9,0.018000006675720215
PubMed,0.5,4,0.3,10,0.018000006675720215
PubMed,0.5,4,0.4,0,-0.164000004529953
PubMed,0.5,4,0.4,1,0.01600000262260437
PubMed,0.5,4,0.4,2,-0.01299998164176941
PubMed,0.5,4,0.4,3,-0.014999985694885254
PubMed,0.5,4,0.4,4,-0.021999984979629517
PubMed,0.5,4,0.4,5,0.018000006675720215
PubMed,0.5,4,0.4,6,0.018000006675720215
PubMed,0.5,4,0.4,7,0.018000006675720215
PubMed,0.5,4,0.4,8,0.018000006675720215
PubMed,0.5,4,0.4,9,0.018000006675720215
PubMed,0.5,4,0.4,10,0.0
PubMed,0.5,4,0.5,0,-0.164000004529953
PubMed,0.5,4,0.5,1,-0.025000005960464478
PubMed,0.5,4,0.5,2,-0.0009999871253967285
PubMed,0.5,4,0.5,3,-0.023000001907348633
PubMed,0.5,4,0.5,4,-0.0009999871253967285
PubMed,0.5,4,0.5,5,0.018000006675720215
PubMed,0.5,4,0.5,6,0.018000006675720215
PubMed,0.5,4,0.5,7,0.018000006675720215
PubMed,0.5,4,0.5,8,0.0
PubMed,0.5,4,0.5,9,0.0
PubMed,0.5,4,0.5,10,0.0
PubMed,0.5,4,0.6,0,-0.164000004529953
PubMed,0.5,4,0.6,1,0.011000007390975952
PubMed,0.5,4,0.6,2,-0.01600000262260437
PubMed,0.5,4,0.6,3,-0.0009999871253967285
PubMed,0.5,4,0.6,4,0.018000006675720215
PubMed,0.5,4,0.6,5,0.018000006675720215
PubMed,0.5,4,0.6,6,0.0
PubMed,0.5,4,0.6,7,0.0
PubMed,0.5,4,0.6,8,0.0
PubMed,0.5,4,0.6,9,0.0
PubMed,0.5,4,0.6,10,0.0
PubMed,0.5,4,0.7,0,-0.164000004529953
PubMed,0.5,4,0.7,1,0.03999999165534973
PubMed,0.5,4,0.7,2,-0.014999985694885254
PubMed,0.5,4,0.7,3,-0.0009999871253967285
PubMed,0.5,4,0.7,4,0.018000006675720215
PubMed,0.5,4,0.7,5,0.0
PubMed,0.5,4,0.7,6,0.0
PubMed,0.5,4,0.7,7,0.0
PubMed,0.5,4,0.7,8,0.0
PubMed,0.5,4,0.7,9,0.0
PubMed,0.5,4,0.7,10,0.0
PubMed,0.5,4,0.8,0,-0.164000004529953
PubMed,0.5,4,0.8,1,-0.014999985694885254
PubMed,0.5,4,0.8,2,-0.0009999871253967285
PubMed,0.5,4,0.8,3,0.018000006675720215
PubMed,0.5,4,0.8,4,0.0
PubMed,0.5,4,0.8,5,0.0
PubMed,0.5,4,0.8,6,0.0
PubMed,0.5,4,0.8,7,0.0
PubMed,0.5,4,0.8,8,0.0
PubMed,0.5,4,0.8,9,0.0
PubMed,0.5,4,0.8,10,0.0
PubMed,0.5,4,0.9,0,-0.06599998474121094
PubMed,0.5,4,0.9,1,0.0040000081062316895
PubMed,0.5,4,0.9,2,0.018000006675720215
PubMed,0.5,4,0.9,3,0.0
PubMed,0.5,4,0.9,4,0.0
PubMed,0.5,4,0.9,5,0.0
PubMed,0.5,4,0.9,6,0.0
PubMed,0.5,4,0.9,7,0.0
PubMed,0.5,4,0.9,8,0.0
PubMed,0.5,4,0.9,9,0.0
PubMed,0.5,4,0.9,10,0.0
PubMed,0.5,5,0.0,0,-0.15399998426437378
PubMed,0.5,5,0.0,1,-0.1419999897480011
PubMed,0.5,5,0.0,2,-0.05399999022483826
PubMed,0.5,5,0.0,3,-0.12000000476837158
PubMed,0.5,5,0.0,4,-0.1629999876022339
PubMed,0.5,5,0.0,5,-0.15399998426437378
PubMed,0.5,5,0.0,6,-0.3020000010728836
PubMed,0.5,5,0.0,7,-0.34300000965595245
PubMed,0.5,5,0.0,8,-0.23399999737739563
PubMed,0.5,5,0.0,9,0.0009999871253967285
PubMed,0.5,5,0.0,10,-0.13499999046325684
PubMed,0.5,5,0.1,0,-0.26899999380111694
PubMed,0.5,5,0.1,1,0.10000002384185791
PubMed,0.5,5,0.1,2,-0.12399998307228088
PubMed,0.5,5,0.1,3,0.0480000376701355
PubMed,0.5,5,0.1,4,-0.08799999952316284
PubMed,0.5,5,0.1,5,-0.07099997997283936
PubMed,0.5,5,0.1,6,0.03200000524520874
PubMed,0.5,5,0.1,7,0.07100003957748413
PubMed,0.5,5,0.1,8,-0.12000000476837158
PubMed,0.5,5,0.1,9,-0.02599996328353882
PubMed,0.5,5,0.1,10,0.058000028133392334
PubMed,0.5,5,0.2,0,-0.039000004529953
PubMed,0.5,5,0.2,1,0.06499999761581421
PubMed,0.5,5,0.2,2,0.12700003385543823
PubMed,0.5,5,0.2,3,-0.09299999475479126
PubMed,0.5,5,0.2,4,0.008000016212463379
PubMed,0.5,5,0.2,5,0.03700000047683716
PubMed,0.5,5,0.2,6,-0.0009999871253967285
PubMed,0.5,5,0.2,7,0.013999998569488525
PubMed,0.5,5,0.2,8,0.013000011444091797
PubMed,0.5,5,0.2,9,0.0820000171661377
PubMed,0.5,5,0.2,10,0.0820000171661377
PubMed,0.5,5,0.3,0,-0.125
PubMed,0.5,5,0.3,1,0.02799999713897705
PubMed,0.5,5,0.3,2,-0.132999986410141
PubMed,0.5,5,0.3,3,-0.03200000524520874
PubMed,0.5,5,0.3,4,0.030000030994415283
PubMed,0.5,5,0.3,5,0.009999990463256836
PubMed,0.5,5,0.3,6,0.0820000171661377
PubMed,0.5,5,0.3,7,0.06600004434585571
PubMed,0.5,5,0.3,8,0.0
PubMed,0.5,5,0.3,9,0.0
PubMed,0.5,5,0.3,10,0.0
PubMed,0.5,5,0.4,0,0.10600000619888306
PubMed,0.5,5,0.4,1,0.0040000081062316895
PubMed,0.5,5,0.4,2,0.06600004434585571
PubMed,0.5,5,0.4,3,0.013000011444091797
PubMed,0.5,5,0.4,4,0.0820000171661377
PubMed,0.5,5,0.4,5,0.0820000171661377
PubMed,0.5,5,0.4,6,0.06800001859664917
PubMed,0.5,5,0.4,7,0.0
PubMed,0.5,5,0.4,8,0.0
PubMed,0.5,5,0.4,9,0.0
PubMed,0.5,5,0.4,10,0.0
PubMed,0.5,5,0.5,0,0.014999985694885254
PubMed,0.5,5,0.5,1,-0.03100001811981201
PubMed,0.5,5,0.5,2,-0.01699995994567871
PubMed,0.5,5,0.5,3,0.0820000171661377
PubMed,0.5,5,0.5,4,0.06800001859664917
PubMed,0.5,5,0.5,5,0.06800001859664917
PubMed,0.5,5,0.5,6,0.0
PubMed,0.5,5,0.5,7,0.0
PubMed,0.5,5,0.5,8,0.0
PubMed,0.5,5,0.5,9,0.0
PubMed,0.5,5,0.5,10,0.0
PubMed,0.5,5,0.6,0,0.06099998950958252
PubMed,0.5,5,0.6,1,0.10500001907348633
PubMed,0.5,5,0.6,2,0.0020000338554382324
PubMed,0.5,5,0.6,3,0.013000011444091797
PubMed,0.5,5,0.6,4,0.06800001859664917
PubMed,0.5,5,0.6,5,0.0
PubMed,0.5,5,0.6,6,0.0
PubMed,0.5,5,0.6,7,0.0
PubMed,0.5,5,0.6,8,0.0
PubMed,0.5,5,0.6,9,0.0
PubMed,0.5,5,0.6,10,0.0
PubMed,0.5,5,0.7,0,0.09200000762939453
PubMed,0.5,5,0.7,1,0.08899998664855957
PubMed,0.5,5,0.7,2,-0.0059999823570251465
PubMed,0.5,5,0.7,3,0.06800001859664917
PubMed,0.5,5,0.7,4,0.0
PubMed,0.5,5,0.7,5,0.0
PubMed,0.5,5,0.7,6,0.0
PubMed,0.5,5,0.7,7,0.0
PubMed,0.5,5,0.7,8,0.0
PubMed,0.5,5,0.7,9,0.0
PubMed,0.5,5,0.7,10,0.0
PubMed,0.5,5,0.8,0,-0.0559999942779541
PubMed,0.5,5,0.8,1,0.018000006675720215
PubMed,0.5,5,0.8,2,0.013000011444091797
PubMed,0.5,5,0.8,3,0.0
PubMed,0.5,5,0.8,4,0.0
PubMed,0.5,5,0.8,5,0.0
PubMed,0.5,5,0.8,6,0.0
PubMed,0.5,5,0.8,7,0.0
PubMed,0.5,5,0.8,8,0.0
PubMed,0.5,5,0.8,9,0.0
PubMed,0.5,5,0.8,10,0.0
PubMed,0.5,5,0.9,0,0.014999985694885254
PubMed,0.5,5,0.9,1,0.0
PubMed,0.5,5,0.9,2,0.013000011444091797
PubMed,0.5,5,0.9,3,0.0
PubMed,0.5,5,0.9,4,0.0
PubMed,0.5,5,0.9,5,0.0
PubMed,0.5,5,0.9,6,0.0
PubMed,0.5,5,0.9,7,0.0
PubMed,0.5,5,0.9,8,0.0
PubMed,0.5,5,0.9,9,0.0
PubMed,0.5,5,0.9,10,0.0
PubMed,0.5,6,0.0,0,0.06700003147125244
PubMed,0.5,6,0.0,1,0.14600002765655518
PubMed,0.5,6,0.0,2,0.09300005435943604
PubMed,0.5,6,0.0,3,-0.08099997043609619
PubMed,0.5,6,0.0,4,-0.05699998140335083
PubMed,0.5,6,0.0,5,0.03600001335144043
PubMed,0.5,6,0.0,6,0.020000040531158447
PubMed,0.5,6,0.0,7,0.041999995708465576
PubMed,0.5,6,0.0,8,0.07100003957748413
PubMed,0.5,6,0.0,9,0.09000003337860107
PubMed,0.5,6,0.0,10,0.078000009059906
PubMed,0.5,6,0.1,0,0.021000027656555176
PubMed,0.5,6,0.1,1,-0.06999999284744263
PubMed,0.5,6,0.1,2,0.08799999952316284
PubMed,0.5,6,0.1,3,0.05500000715255737
PubMed,0.5,6,0.1,4,0.10600000619888306
PubMed,0.5,6,0.1,5,0.11900001764297485
PubMed,0.5,6,0.1,6,0.08700001239776611
PubMed,0.5,6,0.1,7,0.10500001907348633
PubMed,0.5,6,0.1,8,0.06400001049041748
PubMed,0.5,6,0.1,9,0.017000019550323486
PubMed,0.5,6,0.1,10,0.09000003337860107
PubMed,0.5,6,0.2,0,-0.041999995708465576
PubMed,0.5,6,0.2,1,0.10000002384185791
PubMed,0.5,6,0.2,2,0.07500004768371582
PubMed,0.5,6,0.2,3,0.08600002527236938
PubMed,0.5,6,0.2,4,0.10700005292892456
PubMed,0.5,6,0.2,5,0.07700002193450928
PubMed,0.5,6,0.2,6,0.033000051975250244
PubMed,0.5,6,0.2,7,0.057000041007995605
PubMed,0.5,6,0.2,8,0.01500004529953003
PubMed,0.5,6,0.2,9,0.008000016212463379
PubMed,0.5,6,0.2,10,0.013000011444091797
PubMed,0.5,6,0.3,0,0.0690000057220459
PubMed,0.5,6,0.3,1,0.08799999952316284
PubMed,0.5,6,0.3,2,0.09400004148483276
PubMed,0.5,6,0.3,3,0.03800004720687866
PubMed,0.5,6,0.3,4,0.053000032901763916
PubMed,0.5,6,0.3,5,-0.007999956607818604
PubMed,0.5,6,0.3,6,0.01100003719329834
PubMed,0.5,6,0.3,7,0.0
PubMed,0.5,6,0.3,8,-0.01699995994567871
PubMed,0.5,6,0.3,9,0.0
PubMed,0.5,6,0.3,10,0.0
PubMed,0.5,6,0.4,0,0.09900003671646118
PubMed,0.5,6,0.4,1,0.09000003337860107
PubMed,0.5,6,0.4,2,0.08300000429153442
PubMed,0.5,6,0.4,3,0.0820000171661377
PubMed,0.5,6,0.4,4,-0.007999956607818604
PubMed,0.5,6,0.4,5,0.0040000081062316895
PubMed,0.5,6,0.4,6,0.0040000081062316895
PubMed,0.5,6,0.4,7,-0.0059999823570251465
PubMed,0.5,6,0.4,8,0.0
PubMed,0.5,6,0.4,9,0.0
PubMed,0.5,6,0.4,10,0.0
PubMed,0.5,6,0.5,0,0.15400004386901855
PubMed,0.5,6,0.5,1,0.08400005102157593
PubMed,0.5,6,0.5,2,-0.042999982833862305
PubMed,0.5,6,0.5,3,-0.015999972820281982
PubMed,0.5,6,0.5,4,0.0040000081062316895
PubMed,0.5,6,0.5,5,0.0
PubMed,0.5,6,0.5,6,0.0
PubMed,0.5,6,0.5,7,0.0
PubMed,0.5,6,0.5,8,0.0
PubMed,0.5,6,0.5,9,0.0
PubMed,0.5,6,0.5,10,0.0
PubMed,0.5,6,0.6,0,0.0350000262260437
PubMed,0.5,6,0.6,1,0.09000003337860107
PubMed,0.5,6,0.6,2,0.009000003337860107
PubMed,0.5,6,0.6,3,-0.029999971389770508
PubMed,0.5,6,0.6,4,0.0
PubMed,0.5,6,0.6,5,0.0
PubMed,0.5,6,0.6,6,0.0
PubMed,0.5,6,0.6,7,0.0
PubMed,0.5,6,0.6,8,0.0
PubMed,0.5,6,0.6,9,0.0
PubMed,0.5,6,0.6,10,0.0
PubMed,0.5,6,0.7,0,0.08300000429153442
PubMed,0.5,6,0.7,1,0.05200004577636719
PubMed,0.5,6,0.7,2,0.030000030994415283
PubMed,0.5,6,0.7,3,0.0040000081062316895
PubMed,0.5,6,0.7,4,0.0
PubMed,0.5,6,0.7,5,0.0
PubMed,0.5,6,0.7,6,0.0
PubMed,0.5,6,0.7,7,0.0
PubMed,0.5,6,0.7,8,0.0
PubMed,0.5,6,0.7,9,0.0
PubMed,0.5,6,0.7,10,0.0
PubMed,0.5,6,0.8,0,0.053000032901763916
PubMed,0.5,6,0.8,1,0.033000051975250244
PubMed,0.5,6,0.8,2,-0.015999972820281982
PubMed,0.5,6,0.8,3,0.0
PubMed,0.5,6,0.8,4,0.0
PubMed,0.5,6,0.8,5,0.0
PubMed,0.5,6,0.8,6,0.0
PubMed,0.5,6,0.8,7,0.0
PubMed,0.5,6,0.8,8,0.0
PubMed,0.5,6,0.8,9,0.0
PubMed,0.5,6,0.8,10,0.0
PubMed,0.5,6,0.9,0,0.07100003957748413
PubMed,0.5,6,0.9,1,-0.03200000524520874
PubMed,0.5,6,0.9,2,0.0040000081062316895
PubMed,0.5,6,0.9,3,0.0
PubMed,0.5,6,0.9,4,0.0
PubMed,0.5,6,0.9,5,0.0
PubMed,0.5,6,0.9,6,0.0
PubMed,0.5,6,0.9,7,0.0
PubMed,0.5,6,0.9,8,0.0
PubMed,0.5,6,0.9,9,0.0
PubMed,0.5,6,0.9,10,0.0
PubMed,0.5,7,0.0,0,-0.11300003528594971
PubMed,0.5,7,0.0,1,-0.21500003337860107
PubMed,0.5,7,0.0,2,-0.2250000238418579
PubMed,0.5,7,0.0,3,-0.23500004410743713
PubMed,0.5,7,0.0,4,-0.22200003266334534
PubMed,0.5,7,0.0,5,-0.21700003743171692
PubMed,0.5,7,0.0,6,-0.21100002527236938
PubMed,0.5,7,0.0,7,-0.2540000379085541
PubMed,0.5,7,0.0,8,-0.2370000183582306
PubMed,0.5,7,0.0,9,-0.14600002765655518
PubMed,0.5,7,0.0,10,-0.10800004005432129
PubMed,0.5,7,0.1,0,-0.08500003814697266
PubMed,0.5,7,0.1,1,-0.11500003933906555
PubMed,0.5,7,0.1,2,-0.1690000295639038
PubMed,0.5,7,0.1,3,-0.19300001859664917
PubMed,0.5,7,0.1,4,-0.07600003480911255
PubMed,0.5,7,0.1,5,-0.16200003027915955
PubMed,0.5,7,0.1,6,-0.0040000081062316895
PubMed,0.5,7,0.1,7,-0.0559999942779541
PubMed,0.5,7,0.1,8,-0.08000004291534424
PubMed,0.5,7,0.1,9,-0.041999995708465576
PubMed,0.5,7,0.1,10,-0.16500002145767212
PubMed,0.5,7,0.2,0,-0.13100001215934753
PubMed,0.5,7,0.2,1,-0.2200000286102295
PubMed,0.5,7,0.2,2,-0.05500000715255737
PubMed,0.5,7,0.2,3,-0.19300001859664917
PubMed,0.5,7,0.2,4,-0.1810000240802765
PubMed,0.5,7,0.2,5,-0.12800002098083496
PubMed,0.5,7,0.2,6,0.004999995231628418
PubMed,0.5,7,0.2,7,-0.017000019550323486
PubMed,0.5,7,0.2,8,0.001999974250793457
PubMed,0.5,7,0.2,9,-0.013999998569488525
PubMed,0.5,7,0.2,10,-0.041999995708465576
PubMed,0.5,7,0.3,0,-0.1420000195503235
PubMed,0.5,7,0.3,1,-0.1600000262260437
PubMed,0.5,7,0.3,2,-0.16100001335144043
PubMed,0.5,7,0.3,3,-0.04500001668930054
PubMed,0.5,7,0.3,4,-0.06400001049041748
PubMed,0.5,7,0.3,5,-0.004999995231628418
PubMed,0.5,7,0.3,6,0.001999974250793457
PubMed,0.5,7,0.3,7,-0.041999995708465576
PubMed,0.5,7,0.3,8,0.0
PubMed,0.5,7,0.3,9,0.0
PubMed,0.5,7,0.3,10,0.0
PubMed,0.5,7,0.4,0,-0.15700003504753113
PubMed,0.5,7,0.4,1,-0.21900004148483276
PubMed,0.5,7,0.4,2,-0.0559999942779541
PubMed,0.5,7,0.4,3,-0.041999995708465576
PubMed,0.5,7,0.4,4,0.0009999871253967285
PubMed,0.5,7,0.4,5,-0.041999995708465576
PubMed,0.5,7,0.4,6,0.0
PubMed,0.5,7,0.4,7,0.0
PubMed,0.5,7,0.4,8,0.0
PubMed,0.5,7,0.4,9,0.0
PubMed,0.5,7,0.4,10,0.0
PubMed,0.5,7,0.5,0,-0.20400002598762512
PubMed,0.5,7,0.5,1,-0.10900002717971802
PubMed,0.5,7,0.5,2,0.006999969482421875
PubMed,0.5,7,0.5,3,-0.01100003719329834
PubMed,0.5,7,0.5,4,-0.041999995708465576
PubMed,0.5,7,0.5,5,0.0
PubMed,0.5,7,0.5,6,0.0
PubMed,0.5,7,0.5,7,0.0
PubMed,0.5,7,0.5,8,0.0
PubMed,0.5,7,0.5,9,0.0
PubMed,0.5,7,0.5,10,0.0
PubMed,0.5,7,0.6,0,0.015999972820281982
PubMed,0.5,7,0.6,1,-0.15400001406669617
PubMed,0.5,7,0.6,2,-0.06200003623962402
PubMed,0.5,7,0.6,3,0.001999974250793457
PubMed,0.5,7,0.6,4,0.0
PubMed,0.5,7,0.6,5,0.0
PubMed,0.5,7,0.6,6,0.0
PubMed,0.5,7,0.6,7,0.0
PubMed,0.5,7,0.6,8,0.0
PubMed,0.5,7,0.6,9,0.0
PubMed,0.5,7,0.6,10,0.0
PubMed,0.5,7,0.7,0,-0.06400001049041748
PubMed,0.5,7,0.7,1,-0.018000006675720215
PubMed,0.5,7,0.7,2,-0.013999998569488525
PubMed,0.5,7,0.7,3,-0.041999995708465576
PubMed,0.5,7,0.7,4,0.0
PubMed,0.5,7,0.7,5,0.0
PubMed,0.5,7,0.7,6,0.0
PubMed,0.5,7,0.7,7,0.0
PubMed,0.5,7,0.7,8,0.0
PubMed,0.5,7,0.7,9,0.0
PubMed,0.5,7,0.7,10,0.0
PubMed,0.5,7,0.8,0,-0.09800004959106445
PubMed,0.5,7,0.8,1,-0.006000041961669922
PubMed,0.5,7,0.8,2,-0.041999995708465576
PubMed,0.5,7,0.8,3,0.0
PubMed,0.5,7,0.8,4,0.0
PubMed,0.5,7,0.8,5,0.0
PubMed,0.5,7,0.8,6,0.0
PubMed,0.5,7,0.8,7,0.0
PubMed,0.5,7,0.8,8,0.0
PubMed,0.5,7,0.8,9,0.0
PubMed,0.5,7,0.8,10,0.0
PubMed,0.5,7,0.9,0,-0.04300004243850708
PubMed,0.5,7,0.9,1,0.004999995231628418
PubMed,0.5,7,0.9,2,0.0
PubMed,0.5,7,0.9,3,0.0
PubMed,0.5,7,0.9,4,0.0
PubMed,0.5,7,0.9,5,0.0
PubMed,0.5,7,0.9,6,0.0
PubMed,0.5,7,0.9,7,0.0
PubMed,0.5,7,0.9,8,0.0
PubMed,0.5,7,0.9,9,0.0
PubMed,0.5,7,0.9,10,0.0
PubMed,0.5,8,0.0,0,-0.07100000977516174
PubMed,0.5,8,0.0,1,0.132999986410141
PubMed,0.5,8,0.0,2,0.1810000240802765
PubMed,0.5,8,0.0,3,-0.05199998617172241
PubMed,0.5,8,0.0,4,0.02000001072883606
PubMed,0.5,8,0.0,5,-0.07100000977516174
PubMed,0.5,8,0.0,6,0.07600000500679016
PubMed,0.5,8,0.0,7,0.13600000739097595
PubMed,0.5,8,0.0,8,0.1430000364780426
PubMed,0.5,8,0.0,9,0.16899999976158142
PubMed,0.5,8,0.0,10,-0.07100000977516174
PubMed,0.5,8,0.1,0,0.07100000977516174
PubMed,0.5,8,0.1,1,-0.05300000309944153
PubMed,0.5,8,0.1,2,0.1860000193119049
PubMed,0.5,8,0.1,3,0.09099999070167542
PubMed,0.5,8,0.1,4,0.14699998497962952
PubMed,0.5,8,0.1,5,0.1340000331401825
PubMed,0.5,8,0.1,6,0.11500003933906555
PubMed,0.5,8,0.1,7,0.16600003838539124
PubMed,0.5,8,0.1,8,0.11300000548362732
PubMed,0.5,8,0.1,9,0.0729999840259552
PubMed,0.5,8,0.1,10,0.02000001072883606
PubMed,0.5,8,0.2,0,0.06799998879432678
PubMed,0.5,8,0.2,1,0.15900000929832458
PubMed,0.5,8,0.2,2,0.034999996423721313
PubMed,0.5,8,0.2,3,0.057999998331069946
PubMed,0.5,8,0.2,4,0.09999999403953552
PubMed,0.5,8,0.2,5,-0.04899999499320984
PubMed,0.5,8,0.2,6,0.07699999213218689
PubMed,0.5,8,0.2,7,-0.046999990940093994
PubMed,0.5,8,0.2,8,-0.025999993085861206
PubMed,0.5,8,0.2,9,-0.07100000977516174
PubMed,0.5,8,0.2,10,0.006000012159347534
PubMed,0.5,8,0.3,0,-0.030000001192092896
PubMed,0.5,8,0.3,1,0.15400001406669617
PubMed,0.5,8,0.3,2,0.11800000071525574
PubMed,0.5,8,0.3,3,0.02000001072883606
PubMed,0.5,8,0.3,4,-0.014999985694885254
PubMed,0.5,8,0.3,5,-0.07199999690055847
PubMed,0.5,8,0.3,6,-0.025999993085861206
PubMed,0.5,8,0.3,7,-0.009000003337860107
PubMed,0.5,8,0.3,8,-0.07199999690055847
PubMed,0.5,8,0.3,9,0.0
PubMed,0.5,8,0.3,10,0.0
PubMed,0.5,8,0.4,0,0.0780000388622284
PubMed,0.5,8,0.4,1,0.09999999403953552
PubMed,0.5,8,0.4,2,0.09700003266334534
PubMed,0.5,8,0.4,3,-0.06700000166893005
PubMed,0.5,8,0.4,4,0.033000022172927856
PubMed,0.5,8,0.4,5,-0.030000001192092896
PubMed,0.5,8,0.4,6,-0.07199999690055847
PubMed,0.5,8,0.4,7,-0.07199999690055847
PubMed,0.5,8,0.4,8,0.0
PubMed,0.5,8,0.4,9,0.0
PubMed,0.5,8,0.4,10,0.0
PubMed,0.5,8,0.5,0,0.0990000069141388
PubMed,0.5,8,0.5,1,0.1390000283718109
PubMed,0.5,8,0.5,2,-0.007999986410140991
PubMed,0.5,8,0.5,3,-0.020999997854232788
PubMed,0.5,8,0.5,4,-0.041999995708465576
PubMed,0.5,8,0.5,5,-0.07199999690055847
PubMed,0.5,8,0.5,6,0.0
PubMed,0.5,8,0.5,7,0.0
PubMed,0.5,8,0.5,8,0.0
PubMed,0.5,8,0.5,9,0.0
PubMed,0.5,8,0.5,10,0.0
PubMed,0.5,8,0.6,0,0.020999997854232788
PubMed,0.5,8,0.6,1,-0.009999990463256836
PubMed,0.5,8,0.6,2,-0.01600000262260437
PubMed,0.5,8,0.6,3,0.006000012159347534
PubMed,0.5,8,0.6,4,0.0
PubMed,0.5,8,0.6,5,0.0
PubMed,0.5,8,0.6,6,0.0
PubMed,0.5,8,0.6,7,0.0
PubMed,0.5,8,0.6,8,0.0
PubMed,0.5,8,0.6,9,0.0
PubMed,0.5,8,0.6,10,0.0
PubMed,0.5,8,0.7,0,0.06100001931190491
PubMed,0.5,8,0.7,1,-0.02399998903274536
PubMed,0.5,8,0.7,2,0.006999999284744263
PubMed,0.5,8,0.7,3,0.0
PubMed,0.5,8,0.7,4,0.0
PubMed,0.5,8,0.7,5,0.0
PubMed,0.5,8,0.7,6,0.0
PubMed,0.5,8,0.7,7,0.0
PubMed,0.5,8,0.7,8,0.0
PubMed,0.5,8,0.7,9,0.0
PubMed,0.5,8,0.7,10,0.0
PubMed,0.5,8,0.8,0,0.0650000274181366
PubMed,0.5,8,0.8,1,0.011000007390975952
PubMed,0.5,8,0.8,2,-0.011000007390975952
PubMed,0.5,8,0.8,3,0.0
PubMed,0.5,8,0.8,4,0.0
PubMed,0.5,8,0.8,5,0.0
PubMed,0.5,8,0.8,6,0.0
PubMed,0.5,8,0.8,7,0.0
PubMed,0.5,8,0.8,8,0.0
PubMed,0.5,8,0.8,9,0.0
PubMed,0.5,8,0.8,10,0.0
PubMed,0.5,8,0.9,0,0.05600002408027649
PubMed,0.5,8,0.9,1,0.033000022172927856
PubMed,0.5,8,0.9,2,-0.011000007390975952
PubMed,0.5,8,0.9,3,0.0
PubMed,0.5,8,0.9,4,0.0
PubMed,0.5,8,0.9,5,0.0
PubMed,0.5,8,0.9,6,0.0
PubMed,0.5,8,0.9,7,0.0
PubMed,0.5,8,0.9,8,0.0
PubMed,0.5,8,0.9,9,0.0
PubMed,0.5,8,0.9,10,0.0
PubMed,0.5,9,0.0,0,-0.004999995231628418
PubMed,0.5,9,0.0,1,-0.13699999451637268
PubMed,0.5,9,0.0,2,0.008000016212463379
PubMed,0.5,9,0.0,3,-0.03599998354911804
PubMed,0.5,9,0.0,4,-0.019999980926513672
PubMed,0.5,9,0.0,5,0.041999995708465576
PubMed,0.5,9,0.0,6,0.02399998903274536
PubMed,0.5,9,0.0,7,-0.04799997806549072
PubMed,0.5,9,0.0,8,-0.014999985694885254
PubMed,0.5,9,0.0,9,0.04500001668930054
PubMed,0.5,9,0.0,10,0.030000030994415283
PubMed,0.5,9,0.1,0,0.0
PubMed,0.5,9,0.1,1,-0.03200000524520874
PubMed,0.5,9,0.1,2,0.00700002908706665
PubMed,0.5,9,0.1,3,-0.06700000166893005
PubMed,0.5,9,0.1,4,0.054000020027160645
PubMed,0.5,9,0.1,5,-0.019999980926513672
PubMed,0.5,9,0.1,6,0.06300002336502075
PubMed,0.5,9,0.1,7,0.018999993801116943
PubMed,0.5,9,0.1,8,0.009000003337860107
PubMed,0.5,9,0.1,9,0.06099998950958252
PubMed,0.5,9,0.1,10,-0.03299999237060547
PubMed,0.5,9,0.2,0,-0.010999977588653564
PubMed,0.5,9,0.2,1,-0.02399998903274536
PubMed,0.5,9,0.2,2,-0.025000005960464478
PubMed,0.5,9,0.2,3,-0.058999985456466675
PubMed,0.5,9,0.2,4,-0.009999990463256836
PubMed,0.5,9,0.2,5,0.0059999823570251465
PubMed,0.5,9,0.2,6,-0.050999999046325684
PubMed,0.5,9,0.2,7,0.01100003719329834
PubMed,0.5,9,0.2,8,0.008000016212463379
PubMed,0.5,9,0.2,9,-0.0009999871253967285
PubMed,0.5,9,0.2,10,-0.019999980926513672
PubMed,0.5,9,0.3,0,0.03100001811981201
PubMed,0.5,9,0.3,1,-0.12599998712539673
PubMed,0.5,9,0.3,2,-0.12200000882148743
PubMed,0.5,9,0.3,3,0.008000016212463379
PubMed,0.5,9,0.3,4,-0.004999995231628418
PubMed,0.5,9,0.3,5,0.009000003337860107
PubMed,0.5,9,0.3,6,-0.006999969482421875
PubMed,0.5,9,0.3,7,-0.019999980926513672
PubMed,0.5,9,0.3,8,-0.0059999823570251465
PubMed,0.5,9,0.3,9,-0.0059999823570251465
PubMed,0.5,9,0.3,10,0.0
PubMed,0.5,9,0.4,0,-0.011999964714050293
PubMed,0.5,9,0.4,1,0.06499999761581421
PubMed,0.5,9,0.4,2,-0.03700000047683716
PubMed,0.5,9,0.4,3,0.022000014781951904
PubMed,0.5,9,0.4,4,-0.006999969482421875
PubMed,0.5,9,0.4,5,-0.019999980926513672
PubMed,0.5,9,0.4,6,-0.009999990463256836
PubMed,0.5,9,0.4,7,0.0
PubMed,0.5,9,0.4,8,0.0
PubMed,0.5,9,0.4,9,0.0
PubMed,0.5,9,0.4,10,0.0
PubMed,0.5,9,0.5,0,-0.06099998950958252
PubMed,0.5,9,0.5,1,-0.0040000081062316895
PubMed,0.5,9,0.5,2,-0.004999995231628418
PubMed,0.5,9,0.5,3,-0.011999964714050293
PubMed,0.5,9,0.5,4,-0.026999980211257935
PubMed,0.5,9,0.5,5,0.0
PubMed,0.5,9,0.5,6,0.0
PubMed,0.5,9,0.5,7,0.0
PubMed,0.5,9,0.5,8,0.0
PubMed,0.5,9,0.5,9,0.0
PubMed,0.5,9,0.5,10,0.0
PubMed,0.5,9,0.6,0,0.02399998903274536
PubMed,0.5,9,0.6,1,-0.0339999794960022
PubMed,0.5,9,0.6,2,0.0
PubMed,0.5,9,0.6,3,0.0059999823570251465
PubMed,0.5,9,0.6,4,-0.0059999823570251465
PubMed,0.5,9,0.6,5,0.0
PubMed,0.5,9,0.6,6,0.0
PubMed,0.5,9,0.6,7,0.0
PubMed,0.5,9,0.6,8,0.0
PubMed,0.5,9,0.6,9,0.0
PubMed,0.5,9,0.6,10,0.0
PubMed,0.5,9,0.7,0,-0.02799999713897705
PubMed,0.5,9,0.7,1,0.004999995231628418
PubMed,0.5,9,0.7,2,0.0
PubMed,0.5,9,0.7,3,0.0
PubMed,0.5,9,0.7,4,0.0
PubMed,0.5,9,0.7,5,0.0
PubMed,0.5,9,0.7,6,0.0
PubMed,0.5,9,0.7,7,0.0
PubMed,0.5,9,0.7,8,0.0
PubMed,0.5,9,0.7,9,0.0
PubMed,0.5,9,0.7,10,0.0
PubMed,0.5,9,0.8,0,-0.025000005960464478
PubMed,0.5,9,0.8,1,0.003000020980834961
PubMed,0.5,9,0.8,2,0.013999998569488525
PubMed,0.5,9,0.8,3,0.0
PubMed,0.5,9,0.8,4,0.0
PubMed,0.5,9,0.8,5,0.0
PubMed,0.5,9,0.8,6,0.0
PubMed,0.5,9,0.8,7,0.0
PubMed,0.5,9,0.8,8,0.0
PubMed,0.5,9,0.8,9,0.0
PubMed,0.5,9,0.8,10,0.0
PubMed,0.5,9,0.9,0,-0.04799997806549072
PubMed,0.5,9,0.9,1,0.012000024318695068
PubMed,0.5,9,0.9,2,0.0
PubMed,0.5,9,0.9,3,0.0
PubMed,0.5,9,0.9,4,0.0
PubMed,0.5,9,0.9,5,0.0
PubMed,0.5,9,0.9,6,0.0
PubMed,0.5,9,0.9,7,0.0
PubMed,0.5,9,0.9,8,0.0
PubMed,0.5,9,0.9,9,0.0
PubMed,0.5,9,0.9,10,0.0
