dataset,noise_rate,seed,p_grd,dexp,gain
CiteSeer,0.1,0,0.0,0,0.017000019550323486
CiteSeer,0.1,0,0.0,1,0.008000016212463379
CiteSeer,0.1,0,0.0,2,-0.009999990463256836
CiteSeer,0.1,0,0.0,3,-0.003000020980834961
CiteSeer,0.1,0,0.0,4,0.001999974250793457
CiteSeer,0.1,0,0.0,5,-0.0009999871253967285
CiteSeer,0.1,0,0.0,6,0.006999969482421875
CiteSeer,0.1,0,0.0,7,0.0
CiteSeer,0.1,0,0.0,8,0.001999974250793457
CiteSeer,0.1,0,0.0,9,0.001999974250793457
CiteSeer,0.1,0,0.0,10,0.008000016212463379
CiteSeer,0.1,0,0.1,0,0.013999998569488525
CiteSeer,0.1,0,0.1,1,0.011999964714050293
CiteSeer,0.1,0,0.1,2,-0.016000032424926758
CiteSeer,0.1,0,0.1,3,-0.009999990463256836
CiteSeer,0.1,0,0.1,4,-0.009000003337860107
CiteSeer,0.1,0,0.1,5,-0.03799998760223389
CiteSeer,0.1,0,0.1,6,-0.003000020980834961
CiteSeer,0.1,0,0.1,7,-0.00700002908706665
CiteSeer,0.1,0,0.1,8,-0.018999993801116943
CiteSeer,0.1,0,0.1,9,-0.014999985694885254
CiteSeer,0.1,0,0.1,10,-0.008000016212463379
CiteSeer,0.1,0,0.2,0,0.0040000081062316895
CiteSeer,0.1,0,0.2,1,-0.0009999871253967285
CiteSeer,0.1,0,0.2,2,-0.018999993801116943
CiteSeer,0.1,0,0.2,3,-0.013999998569488525
CiteSeer,0.1,0,0.2,4,-0.0059999823570251465
CiteSeer,0.1,0,0.2,5,-0.009000003337860107
CiteSeer,0.1,0,0.2,6,-0.0009999871253967285
CiteSeer,0.1,0,0.2,7,-0.012000024318695068
CiteSeer,0.1,0,0.2,8,0.0040000081062316895
CiteSeer,0.1,0,0.2,9,-0.0059999823570251465
CiteSeer,0.1,0,0.2,10,-0.009000003337860107
CiteSeer,0.1,0,0.3,0,-0.019999980926513672
CiteSeer,0.1,0,0.3,1,-0.0020000338554382324
CiteSeer,0.1,0,0.3,2,-0.018999993801116943
CiteSeer,0.1,0,0.3,3,-0.008000016212463379
CiteSeer,0.1,0,0.3,4,-0.008000016212463379
CiteSeer,0.1,0,0.3,5,-0.0059999823570251465
CiteSeer,0.1,0,0.3,6,-0.004999995231628418
CiteSeer,0.1,0,0.3,7,-0.008000016212463379
CiteSeer,0.1,0,0.3,8,0.0009999871253967285
CiteSeer,0.1,0,0.3,9,0.0009999871253967285
CiteSeer,0.1,0,0.3,10,0.0
CiteSeer,0.1,0,0.4,0,-0.014999985694885254
CiteSeer,0.1,0,0.4,1,-0.03600001335144043
CiteSeer,0.1,0,0.4,2,-0.03100001811981201
CiteSeer,0.1,0,0.4,3,-0.013000011444091797
CiteSeer,0.1,0,0.4,4,-0.004999995231628418
CiteSeer,0.1,0,0.4,5,0.0
CiteSeer,0.1,0,0.4,6,0.0
CiteSeer,0.1,0,0.4,7,0.0
CiteSeer,0.1,0,0.4,8,0.0
CiteSeer,0.1,0,0.4,9,0.0
CiteSeer,0.1,0,0.4,10,0.0
CiteSeer,0.1,0,0.5,0,-0.022000014781951904
CiteSeer,0.1,0,0.5,1,-0.018000006675720215
CiteSeer,0.1,0,0.5,2,-0.008000016212463379
CiteSeer,0.1,0,0.5,3,-0.013999998569488525
CiteSeer,0.1,0,0.5,4,0.0
CiteSeer,0.1,0,0.5,5,-0.003000020980834961
CiteSeer,0.1,0,0.5,6,-0.003000020980834961
CiteSeer,0.1,0,0.5,7,-0.003000020980834961
CiteSeer,0.1,0,0.5,8,-0.003000020980834961
CiteSeer,0.1,0,0.5,9,-0.003000020980834961
CiteSeer,0.1,0,0.5,10,-0.003000020980834961
CiteSeer,0.1,0,0.6,0,-0.014999985694885254
CiteSeer,0.1,0,0.6,1,-0.016000032424926758
CiteSeer,0.1,0,0.6,2,-0.009999990463256836
CiteSeer,0.1,0,0.6,3,0.003000020980834961
CiteSeer,0.1,0,0.6,4,-0.003000020980834961
CiteSeer,0.1,0,0.6,5,-0.003000020980834961
CiteSeer,0.1,0,0.6,6,-0.003000020980834961
CiteSeer,0.1,0,0.6,7,-0.003000020980834961
CiteSeer,0.1,0,0.6,8,-0.003000020980834961
CiteSeer,0.1,0,0.6,9,-0.003000020980834961
CiteSeer,0.1,0,0.6,10,-0.003000020980834961
CiteSeer,0.1,0,0.7,0,0.0
CiteSeer,0.1,0,0.7,1,-0.009999990463256836
CiteSeer,0.1,0,0.7,2,0.0009999871253967285
CiteSeer,0.1,0,0.7,3,-0.003000020980834961
CiteSeer,0.1,0,0.7,4,-0.003000020980834961
CiteSeer,0.1,0,0.7,5,-0.003000020980834961
CiteSeer,0.1,0,0.7,6,-0.003000020980834961
CiteSeer,0.1,0,0.7,7,-0.003000020980834961
CiteSeer,0.1,0,0.7,8,-0.003000020980834961
CiteSeer,0.1,0,0.7,9,-0.003000020980834961
CiteSeer,0.1,0,0.7,10,-0.003000020980834961
CiteSeer,0.1,0,0.8,0,-0.013999998569488525
CiteSeer,0.1,0,0.8,1,-0.017000019550323486
CiteSeer,0.1,0,0.8,2,0.003000020980834961
CiteSeer,0.1,0,0.8,3,-0.003000020980834961
CiteSeer,0.1,0,0.8,4,-0.003000020980834961
CiteSeer,0.1,0,0.8,5,-0.003000020980834961
CiteSeer,0.1,0,0.8,6,-0.003000020980834961
CiteSeer,0.1,0,0.8,7,-0.003000020980834961
CiteSeer,0.1,0,0.8,8,-0.003000020980834961
CiteSeer,0.1,0,0.8,9,-0.003000020980834961
CiteSeer,0.1,0,0.8,10,-0.003000020980834961
CiteSeer,0.1,0,0.9,0,-0.003000020980834961
CiteSeer,0.1,0,0.9,1,-0.004999995231628418
CiteSeer,0.1,0,0.9,2,-0.003000020980834961
CiteSeer,0.1,0,0.9,3,-0.003000020980834961
CiteSeer,0.1,0,0.9,4,-0.003000020980834961
CiteSeer,0.1,0,0.9,5,-0.003000020980834961
CiteSeer,0.1,0,0.9,6,-0.003000020980834961
CiteSeer,0.1,0,0.9,7,-0.003000020980834961
CiteSeer,0.1,0,0.9,8,-0.003000020980834961
CiteSeer,0.1,0,0.9,9,-0.003000020980834961
CiteSeer,0.1,0,0.9,10,-0.003000020980834961
CiteSeer,0.1,1,0.0,0,0.016000032424926758
CiteSeer,0.1,1,0.0,1,0.04000002145767212
CiteSeer,0.1,1,0.0,2,0.02399998903274536
CiteSeer,0.1,1,0.0,3,0.00700002908706665
CiteSeer,0.1,1,0.0,4,0.017000019550323486
CiteSeer,0.1,1,0.0,5,0.06400001049041748
CiteSeer,0.1,1,0.0,6,0.016000032424926758
CiteSeer,0.1,1,0.0,7,0.02399998903274536
CiteSeer,0.1,1,0.0,8,0.027000010013580322
CiteSeer,0.1,1,0.0,9,0.022000014781951904
CiteSeer,0.1,1,0.0,10,0.06200003623962402
CiteSeer,0.1,1,0.1,0,0.046000003814697266
CiteSeer,0.1,1,0.1,1,0.013999998569488525
CiteSeer,0.1,1,0.1,2,0.023000001907348633
CiteSeer,0.1,1,0.1,3,0.04400002956390381
CiteSeer,0.1,1,0.1,4,0.029000043869018555
CiteSeer,0.1,1,0.1,5,0.01500004529953003
CiteSeer,0.1,1,0.1,6,0.021000027656555176
CiteSeer,0.1,1,0.1,7,0.025000035762786865
CiteSeer,0.1,1,0.1,8,0.00700002908706665
CiteSeer,0.1,1,0.1,9,0.025000035762786865
CiteSeer,0.1,1,0.1,10,0.013000011444091797
CiteSeer,0.1,1,0.2,0,0.046000003814697266
CiteSeer,0.1,1,0.2,1,0.006000041961669922
CiteSeer,0.1,1,0.2,2,0.013000011444091797
CiteSeer,0.1,1,0.2,3,0.025000035762786865
CiteSeer,0.1,1,0.2,4,0.012000024318695068
CiteSeer,0.1,1,0.2,5,0.018999993801116943
CiteSeer,0.1,1,0.2,6,0.006000041961669922
CiteSeer,0.1,1,0.2,7,0.017000019550323486
CiteSeer,0.1,1,0.2,8,0.021000027656555176
CiteSeer,0.1,1,0.2,9,0.02799999713897705
CiteSeer,0.1,1,0.2,10,0.02799999713897705
CiteSeer,0.1,1,0.3,0,0.013999998569488525
CiteSeer,0.1,1,0.3,1,0.008000016212463379
CiteSeer,0.1,1,0.3,2,0.03800004720687866
CiteSeer,0.1,1,0.3,3,0.012000024318695068
CiteSeer,0.1,1,0.3,4,0.02799999713897705
CiteSeer,0.1,1,0.3,5,0.02799999713897705
CiteSeer,0.1,1,0.3,6,0.02799999713897705
CiteSeer,0.1,1,0.3,7,0.02799999713897705
CiteSeer,0.1,1,0.3,8,0.023000001907348633
CiteSeer,0.1,1,0.3,9,0.023000001907348633
CiteSeer,0.1,1,0.3,10,0.018000006675720215
CiteSeer,0.1,1,0.4,0,0.021000027656555176
CiteSeer,0.1,1,0.4,1,0.01100003719329834
CiteSeer,0.1,1,0.4,2,0.018999993801116943
CiteSeer,0.1,1,0.4,3,0.02799999713897705
CiteSeer,0.1,1,0.4,4,0.02799999713897705
CiteSeer,0.1,1,0.4,5,0.018000006675720215
CiteSeer,0.1,1,0.4,6,0.018000006675720215
CiteSeer,0.1,1,0.4,7,0.018000006675720215
CiteSeer,0.1,1,0.4,8,0.018000006675720215
CiteSeer,0.1,1,0.4,9,0.018000006675720215
CiteSeer,0.1,1,0.4,10,0.018000006675720215
CiteSeer,0.1,1,0.5,0,0.018999993801116943
CiteSeer,0.1,1,0.5,1,0.022000014781951904
CiteSeer,0.1,1,0.5,2,0.003000020980834961
CiteSeer,0.1,1,0.5,3,0.02799999713897705
CiteSeer,0.1,1,0.5,4,0.018000006675720215
CiteSeer,0.1,1,0.5,5,0.022000014781951904
CiteSeer,0.1,1,0.5,6,0.022000014781951904
CiteSeer,0.1,1,0.5,7,0.022000014781951904
CiteSeer,0.1,1,0.5,8,0.022000014781951904
CiteSeer,0.1,1,0.5,9,0.022000014781951904
CiteSeer,0.1,1,0.5,10,0.022000014781951904
CiteSeer,0.1,1,0.6,0,0.012000024318695068
CiteSeer,0.1,1,0.6,1,0.026000022888183594
CiteSeer,0.1,1,0.6,2,0.02799999713897705
CiteSeer,0.1,1,0.6,3,0.018000006675720215
CiteSeer,0.1,1,0.6,4,0.022000014781951904
CiteSeer,0.1,1,0.6,5,0.022000014781951904
CiteSeer,0.1,1,0.6,6,0.022000014781951904
CiteSeer,0.1,1,0.6,7,0.022000014781951904
CiteSeer,0.1,1,0.6,8,0.022000014781951904
CiteSeer,0.1,1,0.6,9,0.022000014781951904
CiteSeer,0.1,1,0.6,10,0.022000014781951904
CiteSeer,0.1,1,0.7,0,0.04300004243850708
CiteSeer,0.1,1,0.7,1,0.026000022888183594
CiteSeer,0.1,1,0.7,2,0.023000001907348633
CiteSeer,0.1,1,0.7,3,0.021000027656555176
CiteSeer,0.1,1,0.7,4,0.022000014781951904
CiteSeer,0.1,1,0.7,5,0.022000014781951904
CiteSeer,0.1,1,0.7,6,0.022000014781951904
CiteSeer,0.1,1,0.7,7,0.022000014781951904
CiteSeer,0.1,1,0.7,8,0.022000014781951904
CiteSeer,0.1,1,0.7,9,0.022000014781951904
CiteSeer,0.1,1,0.7,10,0.022000014781951904
CiteSeer,0.1,1,0.8,0,0.020000040531158447
CiteSeer,0.1,1,0.8,1,0.02799999713897705
CiteSeer,0.1,1,0.8,2,0.018000006675720215
CiteSeer,0.1,1,0.8,3,0.022000014781951904
CiteSeer,0.1,1,0.8,4,0.022000014781951904
CiteSeer,0.1,1,0.8,5,0.022000014781951904
CiteSeer,0.1,1,0.8,6,0.022000014781951904
CiteSeer,0.1,1,0.8,7,0.022000014781951904
CiteSeer,0.1,1,0.8,8,0.022000014781951904
CiteSeer,0.1,1,0.8,9,0.022000014781951904
CiteSeer,0.1,1,0.8,10,0.022000014781951904
CiteSeer,0.1,1,0.9,0,0.030000030994415283
CiteSeer,0.1,1,0.9,1,0.02799999713897705
CiteSeer,0.1,1,0.9,2,0.022000014781951904
CiteSeer,0.1,1,0.9,3,0.022000014781951904
CiteSeer,0.1,1,0.9,4,0.022000014781951904
CiteSeer,0.1,1,0.9,5,0.022000014781951904
CiteSeer,0.1,1,0.9,6,0.022000014781951904
CiteSeer,0.1,1,0.9,7,0.022000014781951904
CiteSeer,0.1,1,0.9,8,0.022000014781951904
CiteSeer,0.1,1,0.9,9,0.022000014781951904
CiteSeer,0.1,1,0.9,10,0.022000014781951904
CiteSeer,0.1,2,0.0,0,0.03700000047683716
CiteSeer,0.1,2,0.0,1,-0.004999995231628418
CiteSeer,0.1,2,0.0,2,0.029999971389770508
CiteSeer,0.1,2,0.0,3,0.01699995994567871
CiteSeer,0.1,2,0.0,4,0.0209999680519104
CiteSeer,0.1,2,0.0,5,0.038999974727630615
CiteSeer,0.1,2,0.0,6,0.03299999237060547
CiteSeer,0.1,2,0.0,7,0.034999966621398926
CiteSeer,0.1,2,0.0,8,0.03799998760223389
CiteSeer,0.1,2,0.0,9,0.0339999794960022
CiteSeer,0.1,2,0.0,10,-0.001000046730041504
CiteSeer,0.1,2,0.1,0,0.02199995517730713
CiteSeer,0.1,2,0.1,1,0.009999990463256836
CiteSeer,0.1,2,0.1,2,0.0040000081062316895
CiteSeer,0.1,2,0.1,3,0.0059999823570251465
CiteSeer,0.1,2,0.1,4,0.0029999613761901855
CiteSeer,0.1,2,0.1,5,0.015999972820281982
CiteSeer,0.1,2,0.1,6,0.012999951839447021
CiteSeer,0.1,2,0.1,7,0.011999964714050293
CiteSeer,0.1,2,0.1,8,0.011999964714050293
CiteSeer,0.1,2,0.1,9,0.009000003337860107
CiteSeer,0.1,2,0.1,10,0.0040000081062316895
CiteSeer,0.1,2,0.2,0,0.029999971389770508
CiteSeer,0.1,2,0.2,1,0.0029999613761901855
CiteSeer,0.1,2,0.2,2,0.013999998569488525
CiteSeer,0.1,2,0.2,3,-0.013999998569488525
CiteSeer,0.1,2,0.2,4,-0.006000041961669922
CiteSeer,0.1,2,0.2,5,0.0029999613761901855
CiteSeer,0.1,2,0.2,6,-0.001000046730041504
CiteSeer,0.1,2,0.2,7,0.0009999871253967285
CiteSeer,0.1,2,0.2,8,0.007999956607818604
CiteSeer,0.1,2,0.2,9,0.0009999871253967285
CiteSeer,0.1,2,0.2,10,-0.003000020980834961
CiteSeer,0.1,2,0.3,0,0.02499997615814209
CiteSeer,0.1,2,0.3,1,0.01699995994567871
CiteSeer,0.1,2,0.3,2,-0.0020000338554382324
CiteSeer,0.1,2,0.3,3,-0.025000035762786865
CiteSeer,0.1,2,0.3,4,-0.0040000081062316895
CiteSeer,0.1,2,0.3,5,-0.004999995231628418
CiteSeer,0.1,2,0.3,6,-0.01100003719329834
CiteSeer,0.1,2,0.3,7,0.0
CiteSeer,0.1,2,0.3,8,0.0
CiteSeer,0.1,2,0.3,9,0.0
CiteSeer,0.1,2,0.3,10,0.0009999871253967285
CiteSeer,0.1,2,0.4,0,0.010999977588653564
CiteSeer,0.1,2,0.4,1,-0.001000046730041504
CiteSeer,0.1,2,0.4,2,-0.021000027656555176
CiteSeer,0.1,2,0.4,3,-0.013000011444091797
CiteSeer,0.1,2,0.4,4,-0.0020000338554382324
CiteSeer,0.1,2,0.4,5,0.0009999871253967285
CiteSeer,0.1,2,0.4,6,0.0
CiteSeer,0.1,2,0.4,7,0.0
CiteSeer,0.1,2,0.4,8,0.0
CiteSeer,0.1,2,0.4,9,0.0
CiteSeer,0.1,2,0.4,10,0.0
CiteSeer,0.1,2,0.5,0,0.0040000081062316895
CiteSeer,0.1,2,0.5,1,0.0009999871253967285
CiteSeer,0.1,2,0.5,2,-0.01500004529953003
CiteSeer,0.1,2,0.5,3,0.006999969482421875
CiteSeer,0.1,2,0.5,4,0.006999969482421875
CiteSeer,0.1,2,0.5,5,0.0040000081062316895
CiteSeer,0.1,2,0.5,6,-0.00700002908706665
CiteSeer,0.1,2,0.5,7,0.0040000081062316895
CiteSeer,0.1,2,0.5,8,-0.00700002908706665
CiteSeer,0.1,2,0.5,9,-0.00700002908706665
CiteSeer,0.1,2,0.5,10,-0.00700002908706665
CiteSeer,0.1,2,0.6,0,-0.01500004529953003
CiteSeer,0.1,2,0.6,1,-0.0020000338554382324
CiteSeer,0.1,2,0.6,2,0.004999995231628418
CiteSeer,0.1,2,0.6,3,0.006999969482421875
CiteSeer,0.1,2,0.6,4,-0.00700002908706665
CiteSeer,0.1,2,0.6,5,-0.00700002908706665
CiteSeer,0.1,2,0.6,6,-0.00700002908706665
CiteSeer,0.1,2,0.6,7,-0.00700002908706665
CiteSeer,0.1,2,0.6,8,0.0040000081062316895
CiteSeer,0.1,2,0.6,9,-0.00700002908706665
CiteSeer,0.1,2,0.6,10,-0.00700002908706665
CiteSeer,0.1,2,0.7,0,0.007999956607818604
CiteSeer,0.1,2,0.7,1,-0.0040000081062316895
CiteSeer,0.1,2,0.7,2,0.011999964714050293
CiteSeer,0.1,2,0.7,3,-0.00700002908706665
CiteSeer,0.1,2,0.7,4,-0.00700002908706665
CiteSeer,0.1,2,0.7,5,-0.00700002908706665
CiteSeer,0.1,2,0.7,6,-0.00700002908706665
CiteSeer,0.1,2,0.7,7,-0.00700002908706665
CiteSeer,0.1,2,0.7,8,-0.00700002908706665
CiteSeer,0.1,2,0.7,9,-0.00700002908706665
CiteSeer,0.1,2,0.7,10,-0.00700002908706665
CiteSeer,0.1,2,0.8,0,-0.004999995231628418
CiteSeer,0.1,2,0.8,1,0.004999995231628418
CiteSeer,0.1,2,0.8,2,0.006999969482421875
CiteSeer,0.1,2,0.8,3,-0.00700002908706665
CiteSeer,0.1,2,0.8,4,-0.00700002908706665
CiteSeer,0.1,2,0.8,5,-0.00700002908706665
CiteSeer,0.1,2,0.8,6,-0.00700002908706665
CiteSeer,0.1,2,0.8,7,-0.00700002908706665
CiteSeer,0.1,2,0.8,8,-0.00700002908706665
CiteSeer,0.1,2,0.8,9,-0.00700002908706665
CiteSeer,0.1,2,0.8,10,-0.00700002908706665
CiteSeer,0.1,2,0.9,0,0.015999972820281982
CiteSeer,0.1,2,0.9,1,0.006999969482421875
CiteSeer,0.1,2,0.9,2,-0.00700002908706665
CiteSeer,0.1,2,0.9,3,-0.00700002908706665
CiteSeer,0.1,2,0.9,4,-0.00700002908706665
CiteSeer,0.1,2,0.9,5,-0.00700002908706665
CiteSeer,0.1,2,0.9,6,-0.00700002908706665
CiteSeer,0.1,2,0.9,7,-0.00700002908706665
CiteSeer,0.1,2,0.9,8,-0.00700002908706665
CiteSeer,0.1,2,0.9,9,-0.00700002908706665
CiteSeer,0.1,2,0.9,10,-0.00700002908706665
CiteSeer,0.1,3,0.0,0,0.04900002479553223
CiteSeer,0.1,3,0.0,1,0.025000035762786865
CiteSeer,0.1,3,0.0,2,0.021000027656555176
CiteSeer,0.1,3,0.0,3,0.023000001907348633
CiteSeer,0.1,3,0.0,4,0.016000032424926758
CiteSeer,0.1,3,0.0,5,0.022000014781951904
CiteSeer,0.1,3,0.0,6,0.010000050067901611
CiteSeer,0.1,3,0.0,7,0.027000010013580322
CiteSeer,0.1,3,0.0,8,0.020000040531158447
CiteSeer,0.1,3,0.0,9,0.026000022888183594
CiteSeer,0.1,3,0.0,10,0.016000032424926758
CiteSeer,0.1,3,0.1,0,0.016000032424926758
CiteSeer,0.1,3,0.1,1,0.0020000338554382324
CiteSeer,0.1,3,0.1,2,0.013999998569488525
CiteSeer,0.1,3,0.1,3,0.020000040531158447
CiteSeer,0.1,3,0.1,4,0.010000050067901611
CiteSeer,0.1,3,0.1,5,0.008000016212463379
CiteSeer,0.1,3,0.1,6,0.01900005340576172
CiteSeer,0.1,3,0.1,7,0.004999995231628418
CiteSeer,0.1,3,0.1,8,0.0040000081062316895
CiteSeer,0.1,3,0.1,9,0.004999995231628418
CiteSeer,0.1,3,0.1,10,-0.009000003337860107
CiteSeer,0.1,3,0.2,0,0.022000014781951904
CiteSeer,0.1,3,0.2,1,0.006000041961669922
CiteSeer,0.1,3,0.2,2,0.013999998569488525
CiteSeer,0.1,3,0.2,3,0.003000020980834961
CiteSeer,0.1,3,0.2,4,0.008000016212463379
CiteSeer,0.1,3,0.2,5,0.001000046730041504
CiteSeer,0.1,3,0.2,6,-0.012999951839447021
CiteSeer,0.1,3,0.2,7,0.0040000081062316895
CiteSeer,0.1,3,0.2,8,0.00700002908706665
CiteSeer,0.1,3,0.2,9,0.009000003337860107
CiteSeer,0.1,3,0.2,10,-0.004999995231628418
CiteSeer,0.1,3,0.3,0,0.021000027656555176
CiteSeer,0.1,3,0.3,1,-0.001999974250793457
CiteSeer,0.1,3,0.3,2,-0.003999948501586914
CiteSeer,0.1,3,0.3,3,0.004999995231628418
CiteSeer,0.1,3,0.3,4,-0.014999985694885254
CiteSeer,0.1,3,0.3,5,-0.0029999613761901855
CiteSeer,0.1,3,0.3,6,-0.003999948501586914
CiteSeer,0.1,3,0.3,7,-0.0029999613761901855
CiteSeer,0.1,3,0.3,8,-0.001999974250793457
CiteSeer,0.1,3,0.3,9,0.0040000081062316895
CiteSeer,0.1,3,0.3,10,0.0040000081062316895
CiteSeer,0.1,3,0.4,0,0.021000027656555176
CiteSeer,0.1,3,0.4,1,0.00700002908706665
CiteSeer,0.1,3,0.4,2,0.004999995231628418
CiteSeer,0.1,3,0.4,3,-0.004999995231628418
CiteSeer,0.1,3,0.4,4,-0.0029999613761901855
CiteSeer,0.1,3,0.4,5,0.0040000081062316895
CiteSeer,0.1,3,0.4,6,0.0040000081062316895
CiteSeer,0.1,3,0.4,7,0.0040000081062316895
CiteSeer,0.1,3,0.4,8,0.0040000081062316895
CiteSeer,0.1,3,0.4,9,0.0040000081062316895
CiteSeer,0.1,3,0.4,10,0.0040000081062316895
CiteSeer,0.1,3,0.5,0,0.010000050067901611
CiteSeer,0.1,3,0.5,1,-0.001999974250793457
CiteSeer,0.1,3,0.5,2,-0.0009999871253967285
CiteSeer,0.1,3,0.5,3,-0.0029999613761901855
CiteSeer,0.1,3,0.5,4,0.006000041961669922
CiteSeer,0.1,3,0.5,5,0.00700002908706665
CiteSeer,0.1,3,0.5,6,0.00700002908706665
CiteSeer,0.1,3,0.5,7,0.00700002908706665
CiteSeer,0.1,3,0.5,8,0.00700002908706665
CiteSeer,0.1,3,0.5,9,0.00700002908706665
CiteSeer,0.1,3,0.5,10,0.00700002908706665
CiteSeer,0.1,3,0.6,0,0.021000027656555176
CiteSeer,0.1,3,0.6,1,0.003000020980834961
CiteSeer,0.1,3,0.6,2,-0.004999995231628418
CiteSeer,0.1,3,0.6,3,-0.015999972820281982
CiteSeer,0.1,3,0.6,4,0.00700002908706665
CiteSeer,0.1,3,0.6,5,0.00700002908706665
CiteSeer,0.1,3,0.6,6,0.00700002908706665
CiteSeer,0.1,3,0.6,7,0.00700002908706665
CiteSeer,0.1,3,0.6,8,0.00700002908706665
CiteSeer,0.1,3,0.6,9,0.00700002908706665
CiteSeer,0.1,3,0.6,10,0.00700002908706665
CiteSeer,0.1,3,0.7,0,0.013000011444091797
CiteSeer,0.1,3,0.7,1,0.004999995231628418
CiteSeer,0.1,3,0.7,2,0.0040000081062316895
CiteSeer,0.1,3,0.7,3,0.00700002908706665
CiteSeer,0.1,3,0.7,4,0.00700002908706665
CiteSeer,0.1,3,0.7,5,0.00700002908706665
CiteSeer,0.1,3,0.7,6,0.00700002908706665
CiteSeer,0.1,3,0.7,7,0.00700002908706665
CiteSeer,0.1,3,0.7,8,0.00700002908706665
CiteSeer,0.1,3,0.7,9,0.00700002908706665
CiteSeer,0.1,3,0.7,10,0.00700002908706665
CiteSeer,0.1,3,0.8,0,0.016000032424926758
CiteSeer,0.1,3,0.8,1,-0.004999995231628418
CiteSeer,0.1,3,0.8,2,-0.015999972820281982
CiteSeer,0.1,3,0.8,3,0.00700002908706665
CiteSeer,0.1,3,0.8,4,0.00700002908706665
CiteSeer,0.1,3,0.8,5,0.00700002908706665
CiteSeer,0.1,3,0.8,6,0.00700002908706665
CiteSeer,0.1,3,0.8,7,0.00700002908706665
CiteSeer,0.1,3,0.8,8,0.00700002908706665
CiteSeer,0.1,3,0.8,9,0.00700002908706665
CiteSeer,0.1,3,0.8,10,0.00700002908706665
CiteSeer,0.1,3,0.9,0,0.01500004529953003
CiteSeer,0.1,3,0.9,1,-0.004999995231628418
CiteSeer,0.1,3,0.9,2,0.00700002908706665
CiteSeer,0.1,3,0.9,3,0.00700002908706665
CiteSeer,0.1,3,0.9,4,0.00700002908706665
CiteSeer,0.1,3,0.9,5,0.00700002908706665
CiteSeer,0.1,3,0.9,6,0.00700002908706665
CiteSeer,0.1,3,0.9,7,0.00700002908706665
CiteSeer,0.1,3,0.9,8,0.00700002908706665
CiteSeer,0.1,3,0.9,9,0.00700002908706665
CiteSeer,0.1,3,0.9,10,0.00700002908706665
CiteSeer,0.1,4,0.0,0,0.0559999942779541
CiteSeer,0.1,4,0.0,1,0.0009999871253967285
CiteSeer,0.1,4,0.0,2,0.050000011920928955
CiteSeer,0.1,4,0.0,3,0.054000020027160645
CiteSeer,0.1,4,0.0,4,0.03600001335144043
CiteSeer,0.1,4,0.0,5,0.042999982833862305
CiteSeer,0.1,4,0.0,6,0.02799999713897705
CiteSeer,0.1,4,0.0,7,0.02899998426437378
CiteSeer,0.1,4,0.0,8,0.004999995231628418
CiteSeer,0.1,4,0.0,9,0.058000028133392334
CiteSeer,0.1,4,0.0,10,0.03900003433227539
CiteSeer,0.1,4,0.1,0,0.030000030994415283
CiteSeer,0.1,4,0.1,1,0.05500000715255737
CiteSeer,0.1,4,0.1,2,0.03700000047683716
CiteSeer,0.1,4,0.1,3,0.03100001811981201
CiteSeer,0.1,4,0.1,4,0.018999993801116943
CiteSeer,0.1,4,0.1,5,0.004999995231628418
CiteSeer,0.1,4,0.1,6,0.027000010013580322
CiteSeer,0.1,4,0.1,7,0.016000032424926758
CiteSeer,0.1,4,0.1,8,0.04400002956390381
CiteSeer,0.1,4,0.1,9,0.022000014781951904
CiteSeer,0.1,4,0.1,10,0.022000014781951904
CiteSeer,0.1,4,0.2,0,0.013999998569488525
CiteSeer,0.1,4,0.2,1,0.022000014781951904
CiteSeer,0.1,4,0.2,2,0.012000024318695068
CiteSeer,0.1,4,0.2,3,0.009000003337860107
CiteSeer,0.1,4,0.2,4,0.003000020980834961
CiteSeer,0.1,4,0.2,5,0.009999990463256836
CiteSeer,0.1,4,0.2,6,0.016000032424926758
CiteSeer,0.1,4,0.2,7,0.003000020980834961
CiteSeer,0.1,4,0.2,8,0.0040000081062316895
CiteSeer,0.1,4,0.2,9,0.003000020980834961
CiteSeer,0.1,4,0.2,10,0.021000027656555176
CiteSeer,0.1,4,0.3,0,0.0350000262260437
CiteSeer,0.1,4,0.3,1,0.022000014781951904
CiteSeer,0.1,4,0.3,2,0.01100003719329834
CiteSeer,0.1,4,0.3,3,-0.0009999871253967285
CiteSeer,0.1,4,0.3,4,0.003000020980834961
CiteSeer,0.1,4,0.3,5,0.0040000081062316895
CiteSeer,0.1,4,0.3,6,0.0040000081062316895
CiteSeer,0.1,4,0.3,7,0.0040000081062316895
CiteSeer,0.1,4,0.3,8,0.012000024318695068
CiteSeer,0.1,4,0.3,9,0.012000024318695068
CiteSeer,0.1,4,0.3,10,0.012000024318695068
CiteSeer,0.1,4,0.4,0,0.022000014781951904
CiteSeer,0.1,4,0.4,1,0.0059999823570251465
CiteSeer,0.1,4,0.4,2,-0.003000020980834961
CiteSeer,0.1,4,0.4,3,0.0040000081062316895
CiteSeer,0.1,4,0.4,4,0.0040000081062316895
CiteSeer,0.1,4,0.4,5,0.012000024318695068
CiteSeer,0.1,4,0.4,6,0.012000024318695068
CiteSeer,0.1,4,0.4,7,0.012000024318695068
CiteSeer,0.1,4,0.4,8,0.012000024318695068
CiteSeer,0.1,4,0.4,9,0.012000024318695068
CiteSeer,0.1,4,0.4,10,0.012000024318695068
CiteSeer,0.1,4,0.5,0,0.018999993801116943
CiteSeer,0.1,4,0.5,1,-0.003000020980834961
CiteSeer,0.1,4,0.5,2,0.0040000081062316895
CiteSeer,0.1,4,0.5,3,0.0040000081062316895
CiteSeer,0.1,4,0.5,4,0.003000020980834961
CiteSeer,0.1,4,0.5,5,0.013999998569488525
CiteSeer,0.1,4,0.5,6,0.013999998569488525
CiteSeer,0.1,4,0.5,7,0.013999998569488525
CiteSeer,0.1,4,0.5,8,0.013999998569488525
CiteSeer,0.1,4,0.5,9,0.013999998569488525
CiteSeer,0.1,4,0.5,10,0.013999998569488525
CiteSeer,0.1,4,0.6,0,0.026000022888183594
CiteSeer,0.1,4,0.6,1,0.0009999871253967285
CiteSeer,0.1,4,0.6,2,0.0040000081062316895
CiteSeer,0.1,4,0.6,3,0.0040000081062316895
CiteSeer,0.1,4,0.6,4,0.013999998569488525
CiteSeer,0.1,4,0.6,5,0.013999998569488525
CiteSeer,0.1,4,0.6,6,0.013999998569488525
CiteSeer,0.1,4,0.6,7,0.013999998569488525
CiteSeer,0.1,4,0.6,8,0.013999998569488525
CiteSeer,0.1,4,0.6,9,0.013999998569488525
CiteSeer,0.1,4,0.6,10,0.013999998569488525
CiteSeer,0.1,4,0.7,0,0.013999998569488525
CiteSeer,0.1,4,0.7,1,0.0040000081062316895
CiteSeer,0.1,4,0.7,2,0.0020000338554382324
CiteSeer,0.1,4,0.7,3,0.013999998569488525
CiteSeer,0.1,4,0.7,4,0.013999998569488525
CiteSeer,0.1,4,0.7,5,0.013999998569488525
CiteSeer,0.1,4,0.7,6,0.013999998569488525
CiteSeer,0.1,4,0.7,7,0.013999998569488525
CiteSeer,0.1,4,0.7,8,0.013999998569488525
CiteSeer,0.1,4,0.7,9,0.013999998569488525
CiteSeer,0.1,4,0.7,10,0.013999998569488525
CiteSeer,0.1,4,0.8,0,0.009999990463256836
CiteSeer,0.1,4,0.8,1,0.0040000081062316895
CiteSeer,0.1,4,0.8,2,0.003000020980834961
CiteSeer,0.1,4,0.8,3,0.013999998569488525
CiteSeer,0.1,4,0.8,4,0.013999998569488525
CiteSeer,0.1,4,0.8,5,0.013999998569488525
CiteSeer,0.1,4,0.8,6,0.013999998569488525
CiteSeer,0.1,4,0.8,7,0.013999998569488525
CiteSeer,0.1,4,0.8,8,0.013999998569488525
CiteSeer,0.1,4,0.8,9,0.013999998569488525
CiteSeer,0.1,4,0.8,10,0.013999998569488525
CiteSeer,0.1,4,0.9,0,0.00700002908706665
CiteSeer,0.1,4,0.9,1,0.0040000081062316895
CiteSeer,0.1,4,0.9,2,0.013999998569488525
CiteSeer,0.1,4,0.9,3,0.013999998569488525
CiteSeer,0.1,4,0.9,4,0.013999998569488525
CiteSeer,0.1,4,0.9,5,0.013999998569488525
CiteSeer,0.1,4,0.9,6,0.013999998569488525
CiteSeer,0.1,4,0.9,7,0.013999998569488525
CiteSeer,0.1,4,0.9,8,0.013999998569488525
CiteSeer,0.1,4,0.9,9,0.013999998569488525
CiteSeer,0.1,4,0.9,10,0.013999998569488525
CiteSeer,0.1,5,0.0,0,0.04399996995925903
CiteSeer,0.1,5,0.0,1,0.05299997329711914
CiteSeer,0.1,5,0.0,2,0.050999999046325684
CiteSeer,0.1,5,0.0,3,0.054000020027160645
CiteSeer,0.1,5,0.0,4,0.019999980926513672
CiteSeer,0.1,5,0.0,5,0.02399998903274536
CiteSeer,0.1,5,0.0,6,0.05199998617172241
CiteSeer,0.1,5,0.0,7,0.0339999794960022
CiteSeer,0.1,5,0.0,8,0.03100001811981201
CiteSeer,0.1,5,0.0,9,0.03700000047683716
CiteSeer,0.1,5,0.0,10,0.050999999046325684
CiteSeer,0.1,5,0.1,0,0.03600001335144043
CiteSeer,0.1,5,0.1,1,0.022000014781951904
CiteSeer,0.1,5,0.1,2,0.018999993801116943
CiteSeer,0.1,5,0.1,3,0.04399996995925903
CiteSeer,0.1,5,0.1,4,0.023000001907348633
CiteSeer,0.1,5,0.1,5,0.02799999713897705
CiteSeer,0.1,5,0.1,6,0.046000003814697266
CiteSeer,0.1,5,0.1,7,0.03799998760223389
CiteSeer,0.1,5,0.1,8,0.004999995231628418
CiteSeer,0.1,5,0.1,9,0.027000010013580322
CiteSeer,0.1,5,0.1,10,0.014999985694885254
CiteSeer,0.1,5,0.2,0,0.019999980926513672
CiteSeer,0.1,5,0.2,1,0.046999990940093994
CiteSeer,0.1,5,0.2,2,0.0339999794960022
CiteSeer,0.1,5,0.2,3,0.03200000524520874
CiteSeer,0.1,5,0.2,4,0.02399998903274536
CiteSeer,0.1,5,0.2,5,0.014999985694885254
CiteSeer,0.1,5,0.2,6,0.017000019550323486
CiteSeer,0.1,5,0.2,7,0.022000014781951904
CiteSeer,0.1,5,0.2,8,0.006999969482421875
CiteSeer,0.1,5,0.2,9,0.027000010013580322
CiteSeer,0.1,5,0.2,10,0.014999985694885254
CiteSeer,0.1,5,0.3,0,0.04000002145767212
CiteSeer,0.1,5,0.3,1,0.014999985694885254
CiteSeer,0.1,5,0.3,2,0.02499997615814209
CiteSeer,0.1,5,0.3,3,-0.003000020980834961
CiteSeer,0.1,5,0.3,4,0.023000001907348633
CiteSeer,0.1,5,0.3,5,0.013999998569488525
CiteSeer,0.1,5,0.3,6,0.023000001907348633
CiteSeer,0.1,5,0.3,7,0.02799999713897705
CiteSeer,0.1,5,0.3,8,0.013999998569488525
CiteSeer,0.1,5,0.3,9,0.0209999680519104
CiteSeer,0.1,5,0.3,10,0.0209999680519104
CiteSeer,0.1,5,0.4,0,0.018999993801116943
CiteSeer,0.1,5,0.4,1,0.012000024318695068
CiteSeer,0.1,5,0.4,2,0.013999998569488525
CiteSeer,0.1,5,0.4,3,0.015999972820281982
CiteSeer,0.1,5,0.4,4,0.023000001907348633
CiteSeer,0.1,5,0.4,5,0.0209999680519104
CiteSeer,0.1,5,0.4,6,0.0209999680519104
CiteSeer,0.1,5,0.4,7,0.0209999680519104
CiteSeer,0.1,5,0.4,8,0.0209999680519104
CiteSeer,0.1,5,0.4,9,0.0209999680519104
CiteSeer,0.1,5,0.4,10,0.0209999680519104
CiteSeer,0.1,5,0.5,0,0.006999969482421875
CiteSeer,0.1,5,0.5,1,0.004999995231628418
CiteSeer,0.1,5,0.5,2,0.0040000081062316895
CiteSeer,0.1,5,0.5,3,0.026000022888183594
CiteSeer,0.1,5,0.5,4,0.022000014781951904
CiteSeer,0.1,5,0.5,5,0.0
CiteSeer,0.1,5,0.5,6,0.0
CiteSeer,0.1,5,0.5,7,0.0
CiteSeer,0.1,5,0.5,8,0.0
CiteSeer,0.1,5,0.5,9,0.0
CiteSeer,0.1,5,0.5,10,0.0
CiteSeer,0.1,5,0.6,0,0.013000011444091797
CiteSeer,0.1,5,0.6,1,0.015999972820281982
CiteSeer,0.1,5,0.6,2,0.0040000081062316895
CiteSeer,0.1,5,0.6,3,-0.001999974250793457
CiteSeer,0.1,5,0.6,4,0.0
CiteSeer,0.1,5,0.6,5,0.0
CiteSeer,0.1,5,0.6,6,0.0
CiteSeer,0.1,5,0.6,7,0.0
CiteSeer,0.1,5,0.6,8,0.0
CiteSeer,0.1,5,0.6,9,0.0
CiteSeer,0.1,5,0.6,10,0.0
CiteSeer,0.1,5,0.7,0,-0.0040000081062316895
CiteSeer,0.1,5,0.7,1,0.009999990463256836
CiteSeer,0.1,5,0.7,2,-0.0009999871253967285
CiteSeer,0.1,5,0.7,3,0.0
CiteSeer,0.1,5,0.7,4,0.0
CiteSeer,0.1,5,0.7,5,0.0
CiteSeer,0.1,5,0.7,6,0.0
CiteSeer,0.1,5,0.7,7,0.0
CiteSeer,0.1,5,0.7,8,0.0
CiteSeer,0.1,5,0.7,9,0.0
CiteSeer,0.1,5,0.7,10,0.0
CiteSeer,0.1,5,0.8,0,-0.009000003337860107
CiteSeer,0.1,5,0.8,1,0.023000001907348633
CiteSeer,0.1,5,0.8,2,-0.001999974250793457
CiteSeer,0.1,5,0.8,3,0.0
CiteSeer,0.1,5,0.8,4,0.0
CiteSeer,0.1,5,0.8,5,0.0
CiteSeer,0.1,5,0.8,6,0.0
CiteSeer,0.1,5,0.8,7,0.0
CiteSeer,0.1,5,0.8,8,0.0
CiteSeer,0.1,5,0.8,9,0.0
CiteSeer,0.1,5,0.8,10,0.0
CiteSeer,0.1,5,0.9,0,0.003000020980834961
CiteSeer,0.1,5,0.9,1,0.023000001907348633
CiteSeer,0.1,5,0.9,2,-0.001999974250793457
CiteSeer,0.1,5,0.9,3,0.0
CiteSeer,0.1,5,0.9,4,0.0
CiteSeer,0.1,5,0.9,5,0.0
CiteSeer,0.1,5,0.9,6,0.0
CiteSeer,0.1,5,0.9,7,0.0
CiteSeer,0.1,5,0.9,8,0.0
CiteSeer,0.1,5,0.9,9,0.0
CiteSeer,0.1,5,0.9,10,0.0
CiteSeer,0.1,6,0.0,0,0.053000032901763916
CiteSeer,0.1,6,0.0,1,0.03100001811981201
CiteSeer,0.1,6,0.0,2,0.03900003433227539
CiteSeer,0.1,6,0.0,3,-0.011999964714050293
CiteSeer,0.1,6,0.0,4,0.054000020027160645
CiteSeer,0.1,6,0.0,5,0.022000014781951904
CiteSeer,0.1,6,0.0,6,0.03900003433227539
CiteSeer,0.1,6,0.0,7,0.05500000715255737
CiteSeer,0.1,6,0.0,8,0.04400002956390381
CiteSeer,0.1,6,0.0,9,0.07400000095367432
CiteSeer,0.1,6,0.0,10,0.04100000858306885
CiteSeer,0.1,6,0.1,0,0.03200000524520874
CiteSeer,0.1,6,0.1,1,0.030000030994415283
CiteSeer,0.1,6,0.1,2,0.009000003337860107
CiteSeer,0.1,6,0.1,3,0.0020000338554382324
CiteSeer,0.1,6,0.1,4,0.02399998903274536
CiteSeer,0.1,6,0.1,5,0.02799999713897705
CiteSeer,0.1,6,0.1,6,0.017000019550323486
CiteSeer,0.1,6,0.1,7,0.01100003719329834
CiteSeer,0.1,6,0.1,8,0.023000001907348633
CiteSeer,0.1,6,0.1,9,0.01100003719329834
CiteSeer,0.1,6,0.1,10,-0.008000016212463379
CiteSeer,0.1,6,0.2,0,-0.0059999823570251465
CiteSeer,0.1,6,0.2,1,0.03200000524520874
CiteSeer,0.1,6,0.2,2,0.019999980926513672
CiteSeer,0.1,6,0.2,3,-0.0040000081062316895
CiteSeer,0.1,6,0.2,4,0.016000032424926758
CiteSeer,0.1,6,0.2,5,0.00700002908706665
CiteSeer,0.1,6,0.2,6,0.0040000081062316895
CiteSeer,0.1,6,0.2,7,0.00700002908706665
CiteSeer,0.1,6,0.2,8,-0.004999995231628418
CiteSeer,0.1,6,0.2,9,0.0
CiteSeer,0.1,6,0.2,10,0.0
CiteSeer,0.1,6,0.3,0,-0.0009999871253967285
CiteSeer,0.1,6,0.3,1,0.023000001907348633
CiteSeer,0.1,6,0.3,2,0.012000024318695068
CiteSeer,0.1,6,0.3,3,-0.0009999871253967285
CiteSeer,0.1,6,0.3,4,0.004999995231628418
CiteSeer,0.1,6,0.3,5,-0.010999977588653564
CiteSeer,0.1,6,0.3,6,0.003000020980834961
CiteSeer,0.1,6,0.3,7,0.0020000338554382324
CiteSeer,0.1,6,0.3,8,0.0
CiteSeer,0.1,6,0.3,9,0.008000016212463379
CiteSeer,0.1,6,0.3,10,0.0
CiteSeer,0.1,6,0.4,0,-0.0040000081062316895
CiteSeer,0.1,6,0.4,1,0.003000020980834961
CiteSeer,0.1,6,0.4,2,0.012000024318695068
CiteSeer,0.1,6,0.4,3,0.004999995231628418
CiteSeer,0.1,6,0.4,4,0.003000020980834961
CiteSeer,0.1,6,0.4,5,0.0
CiteSeer,0.1,6,0.4,6,0.0
CiteSeer,0.1,6,0.4,7,0.0
CiteSeer,0.1,6,0.4,8,0.0
CiteSeer,0.1,6,0.4,9,0.0
CiteSeer,0.1,6,0.4,10,0.0
CiteSeer,0.1,6,0.5,0,0.021000027656555176
CiteSeer,0.1,6,0.5,1,0.0059999823570251465
CiteSeer,0.1,6,0.5,2,0.00700002908706665
CiteSeer,0.1,6,0.5,3,0.003000020980834961
CiteSeer,0.1,6,0.5,4,0.0
CiteSeer,0.1,6,0.5,5,0.0
CiteSeer,0.1,6,0.5,6,0.008000016212463379
CiteSeer,0.1,6,0.5,7,0.0059999823570251465
CiteSeer,0.1,6,0.5,8,0.0059999823570251465
CiteSeer,0.1,6,0.5,9,0.008000016212463379
CiteSeer,0.1,6,0.5,10,0.008000016212463379
CiteSeer,0.1,6,0.6,0,0.02899998426437378
CiteSeer,0.1,6,0.6,1,-0.003000020980834961
CiteSeer,0.1,6,0.6,2,0.003000020980834961
CiteSeer,0.1,6,0.6,3,0.0
CiteSeer,0.1,6,0.6,4,0.0059999823570251465
CiteSeer,0.1,6,0.6,5,0.008000016212463379
CiteSeer,0.1,6,0.6,6,0.0059999823570251465
CiteSeer,0.1,6,0.6,7,0.008000016212463379
CiteSeer,0.1,6,0.6,8,0.0059999823570251465
CiteSeer,0.1,6,0.6,9,0.0059999823570251465
CiteSeer,0.1,6,0.6,10,0.0059999823570251465
CiteSeer,0.1,6,0.7,0,0.025000035762786865
CiteSeer,0.1,6,0.7,1,0.009000003337860107
CiteSeer,0.1,6,0.7,2,0.008000016212463379
CiteSeer,0.1,6,0.7,3,-0.001999974250793457
CiteSeer,0.1,6,0.7,4,0.0059999823570251465
CiteSeer,0.1,6,0.7,5,0.0059999823570251465
CiteSeer,0.1,6,0.7,6,0.0059999823570251465
CiteSeer,0.1,6,0.7,7,0.008000016212463379
CiteSeer,0.1,6,0.7,8,0.0059999823570251465
CiteSeer,0.1,6,0.7,9,0.0059999823570251465
CiteSeer,0.1,6,0.7,10,0.0059999823570251465
CiteSeer,0.1,6,0.8,0,0.004999995231628418
CiteSeer,0.1,6,0.8,1,0.003000020980834961
CiteSeer,0.1,6,0.8,2,0.008000016212463379
CiteSeer,0.1,6,0.8,3,0.0059999823570251465
CiteSeer,0.1,6,0.8,4,0.0059999823570251465
CiteSeer,0.1,6,0.8,5,0.008000016212463379
CiteSeer,0.1,6,0.8,6,0.0059999823570251465
CiteSeer,0.1,6,0.8,7,0.0059999823570251465
CiteSeer,0.1,6,0.8,8,0.0059999823570251465
CiteSeer,0.1,6,0.8,9,0.0059999823570251465
CiteSeer,0.1,6,0.8,10,0.008000016212463379
CiteSeer,0.1,6,0.9,0,-0.0009999871253967285
CiteSeer,0.1,6,0.9,1,0.003000020980834961
CiteSeer,0.1,6,0.9,2,0.0059999823570251465
CiteSeer,0.1,6,0.9,3,0.008000016212463379
CiteSeer,0.1,6,0.9,4,0.008000016212463379
CiteSeer,0.1,6,0.9,5,0.0059999823570251465
CiteSeer,0.1,6,0.9,6,0.0059999823570251465
CiteSeer,0.1,6,0.9,7,0.0059999823570251465
CiteSeer,0.1,6,0.9,8,0.0059999823570251465
CiteSeer,0.1,6,0.9,9,0.0059999823570251465
CiteSeer,0.1,6,0.9,10,0.0059999823570251465
CiteSeer,0.1,7,0.0,0,0.04300004243850708
CiteSeer,0.1,7,0.0,1,-0.02199995517730713
CiteSeer,0.1,7,0.0,2,-0.013999998569488525
CiteSeer,0.1,7,0.0,3,0.024000048637390137
CiteSeer,0.1,7,0.0,4,-0.0029999613761901855
CiteSeer,0.1,7,0.0,5,0.022000014781951904
CiteSeer,0.1,7,0.0,6,-0.009000003337860107
CiteSeer,0.1,7,0.0,7,0.022000014781951904
CiteSeer,0.1,7,0.0,8,0.022000014781951904
CiteSeer,0.1,7,0.0,9,0.03200000524520874
CiteSeer,0.1,7,0.0,10,-0.02799999713897705
CiteSeer,0.1,7,0.1,0,-0.014999985694885254
CiteSeer,0.1,7,0.1,1,-0.009000003337860107
CiteSeer,0.1,7,0.1,2,-0.014999985694885254
CiteSeer,0.1,7,0.1,3,0.012000024318695068
CiteSeer,0.1,7,0.1,4,-0.023000001907348633
CiteSeer,0.1,7,0.1,5,-0.03299999237060547
CiteSeer,0.1,7,0.1,6,-0.011999964714050293
CiteSeer,0.1,7,0.1,7,0.00700002908706665
CiteSeer,0.1,7,0.1,8,0.0040000081062316895
CiteSeer,0.1,7,0.1,9,0.001000046730041504
CiteSeer,0.1,7,0.1,10,0.013999998569488525
CiteSeer,0.1,7,0.2,0,0.01900005340576172
CiteSeer,0.1,7,0.2,1,-0.006999969482421875
CiteSeer,0.1,7,0.2,2,0.013999998569488525
CiteSeer,0.1,7,0.2,3,-0.01699995994567871
CiteSeer,0.1,7,0.2,4,-0.02199995517730713
CiteSeer,0.1,7,0.2,5,-0.011999964714050293
CiteSeer,0.1,7,0.2,6,-0.019999980926513672
CiteSeer,0.1,7,0.2,7,-0.003999948501586914
CiteSeer,0.1,7,0.2,8,-0.003999948501586914
CiteSeer,0.1,7,0.2,9,-0.003999948501586914
CiteSeer,0.1,7,0.2,10,0.0
CiteSeer,0.1,7,0.3,0,-0.0059999823570251465
CiteSeer,0.1,7,0.3,1,-0.015999972820281982
CiteSeer,0.1,7,0.3,2,-0.046999990940093994
CiteSeer,0.1,7,0.3,3,-0.018000006675720215
CiteSeer,0.1,7,0.3,4,-0.011999964714050293
CiteSeer,0.1,7,0.3,5,-0.006999969482421875
CiteSeer,0.1,7,0.3,6,-0.018000006675720215
CiteSeer,0.1,7,0.3,7,0.0040000081062316895
CiteSeer,0.1,7,0.3,8,-0.009999990463256836
CiteSeer,0.1,7,0.3,9,0.0040000081062316895
CiteSeer,0.1,7,0.3,10,0.0040000081062316895
CiteSeer,0.1,7,0.4,0,0.013999998569488525
CiteSeer,0.1,7,0.4,1,-0.006999969482421875
CiteSeer,0.1,7,0.4,2,-0.018000006675720215
CiteSeer,0.1,7,0.4,3,-0.019999980926513672
CiteSeer,0.1,7,0.4,4,0.0040000081062316895
CiteSeer,0.1,7,0.4,5,0.0040000081062316895
CiteSeer,0.1,7,0.4,6,0.0040000081062316895
CiteSeer,0.1,7,0.4,7,0.0040000081062316895
CiteSeer,0.1,7,0.4,8,0.0040000081062316895
CiteSeer,0.1,7,0.4,9,0.0040000081062316895
CiteSeer,0.1,7,0.4,10,0.0040000081062316895
CiteSeer,0.1,7,0.5,0,0.018000006675720215
CiteSeer,0.1,7,0.5,1,-0.011999964714050293
CiteSeer,0.1,7,0.5,2,-0.018000006675720215
CiteSeer,0.1,7,0.5,3,0.0
CiteSeer,0.1,7,0.5,4,0.0
CiteSeer,0.1,7,0.5,5,0.0040000081062316895
CiteSeer,0.1,7,0.5,6,0.0040000081062316895
CiteSeer,0.1,7,0.5,7,0.0040000081062316895
CiteSeer,0.1,7,0.5,8,0.0040000081062316895
CiteSeer,0.1,7,0.5,9,0.0040000081062316895
CiteSeer,0.1,7,0.5,10,0.0040000081062316895
CiteSeer,0.1,7,0.6,0,-0.007999956607818604
CiteSeer,0.1,7,0.6,1,0.0040000081062316895
CiteSeer,0.1,7,0.6,2,-0.018000006675720215
CiteSeer,0.1,7,0.6,3,0.003000020980834961
CiteSeer,0.1,7,0.6,4,0.0040000081062316895
CiteSeer,0.1,7,0.6,5,0.0040000081062316895
CiteSeer,0.1,7,0.6,6,0.0040000081062316895
CiteSeer,0.1,7,0.6,7,0.0040000081062316895
CiteSeer,0.1,7,0.6,8,0.0040000081062316895
CiteSeer,0.1,7,0.6,9,0.0040000081062316895
CiteSeer,0.1,7,0.6,10,0.0040000081062316895
CiteSeer,0.1,7,0.7,0,-0.02199995517730713
CiteSeer,0.1,7,0.7,1,-0.014999985694885254
CiteSeer,0.1,7,0.7,2,-0.018000006675720215
CiteSeer,0.1,7,0.7,3,0.0040000081062316895
CiteSeer,0.1,7,0.7,4,0.0040000081062316895
CiteSeer,0.1,7,0.7,5,0.0040000081062316895
CiteSeer,0.1,7,0.7,6,0.0040000081062316895
CiteSeer,0.1,7,0.7,7,0.0040000081062316895
CiteSeer,0.1,7,0.7,8,0.0040000081062316895
CiteSeer,0.1,7,0.7,9,0.0040000081062316895
CiteSeer,0.1,7,0.7,10,0.0040000081062316895
CiteSeer,0.1,7,0.8,0,-0.02199995517730713
CiteSeer,0.1,7,0.8,1,-0.018000006675720215
CiteSeer,0.1,7,0.8,2,0.0
CiteSeer,0.1,7,0.8,3,0.0040000081062316895
CiteSeer,0.1,7,0.8,4,0.0040000081062316895
CiteSeer,0.1,7,0.8,5,0.0040000081062316895
CiteSeer,0.1,7,0.8,6,0.0040000081062316895
CiteSeer,0.1,7,0.8,7,0.0040000081062316895
CiteSeer,0.1,7,0.8,8,0.0040000081062316895
CiteSeer,0.1,7,0.8,9,0.0040000081062316895
CiteSeer,0.1,7,0.8,10,0.0040000081062316895
CiteSeer,0.1,7,0.9,0,-0.004999995231628418
CiteSeer,0.1,7,0.9,1,-0.012999951839447021
CiteSeer,0.1,7,0.9,2,0.0040000081062316895
CiteSeer,0.1,7,0.9,3,0.0040000081062316895
CiteSeer,0.1,7,0.9,4,0.0040000081062316895
CiteSeer,0.1,7,0.9,5,0.0040000081062316895
CiteSeer,0.1,7,0.9,6,0.0040000081062316895
CiteSeer,0.1,7,0.9,7,0.0040000081062316895
CiteSeer,0.1,7,0.9,8,0.0040000081062316895
CiteSeer,0.1,7,0.9,9,0.0040000081062316895
CiteSeer,0.1,7,0.9,10,0.0040000081062316895
CiteSeer,0.1,8,0.0,0,0.02799999713897705
CiteSeer,0.1,8,0.0,1,0.0350000262260437
CiteSeer,0.1,8,0.0,2,0.023000001907348633
CiteSeer,0.1,8,0.0,3,0.02799999713897705
CiteSeer,0.1,8,0.0,4,0.0059999823570251465
CiteSeer,0.1,8,0.0,5,0.026000022888183594
CiteSeer,0.1,8,0.0,6,0.02799999713897705
CiteSeer,0.1,8,0.0,7,0.023000001907348633
CiteSeer,0.1,8,0.0,8,0.0350000262260437
CiteSeer,0.1,8,0.0,9,0.023000001907348633
CiteSeer,0.1,8,0.0,10,0.009000003337860107
CiteSeer,0.1,8,0.1,0,0.014999985694885254
CiteSeer,0.1,8,0.1,1,0.027000010013580322
CiteSeer,0.1,8,0.1,2,0.04500001668930054
CiteSeer,0.1,8,0.1,3,-0.00700002908706665
CiteSeer,0.1,8,0.1,4,-0.001999974250793457
CiteSeer,0.1,8,0.1,5,0.010999977588653564
CiteSeer,0.1,8,0.1,6,0.018999993801116943
CiteSeer,0.1,8,0.1,7,-0.009000003337860107
CiteSeer,0.1,8,0.1,8,0.008000016212463379
CiteSeer,0.1,8,0.1,9,-0.0059999823570251465
CiteSeer,0.1,8,0.1,10,0.001999974250793457
CiteSeer,0.1,8,0.2,0,0.013000011444091797
CiteSeer,0.1,8,0.2,1,0.010999977588653564
CiteSeer,0.1,8,0.2,2,-0.0059999823570251465
CiteSeer,0.1,8,0.2,3,-0.012000024318695068
CiteSeer,0.1,8,0.2,4,0.001999974250793457
CiteSeer,0.1,8,0.2,5,0.018000006675720215
CiteSeer,0.1,8,0.2,6,0.0
CiteSeer,0.1,8,0.2,7,-0.0009999871253967285
CiteSeer,0.1,8,0.2,8,0.0059999823570251465
CiteSeer,0.1,8,0.2,9,-0.0059999823570251465
CiteSeer,0.1,8,0.2,10,0.0059999823570251465
CiteSeer,0.1,8,0.3,0,0.03799998760223389
CiteSeer,0.1,8,0.3,1,0.008000016212463379
CiteSeer,0.1,8,0.3,2,0.018000006675720215
CiteSeer,0.1,8,0.3,3,0.0
CiteSeer,0.1,8,0.3,4,0.004999995231628418
CiteSeer,0.1,8,0.3,5,-0.0059999823570251465
CiteSeer,0.1,8,0.3,6,0.0
CiteSeer,0.1,8,0.3,7,0.0
CiteSeer,0.1,8,0.3,8,-0.0009999871253967285
CiteSeer,0.1,8,0.3,9,-0.004999995231628418
CiteSeer,0.1,8,0.3,10,0.0040000081062316895
CiteSeer,0.1,8,0.4,0,0.010999977588653564
CiteSeer,0.1,8,0.4,1,-0.0059999823570251465
CiteSeer,0.1,8,0.4,2,-0.004999995231628418
CiteSeer,0.1,8,0.4,3,0.0
CiteSeer,0.1,8,0.4,4,-0.001999974250793457
CiteSeer,0.1,8,0.4,5,0.00700002908706665
CiteSeer,0.1,8,0.4,6,0.0
CiteSeer,0.1,8,0.4,7,0.0
CiteSeer,0.1,8,0.4,8,0.00700002908706665
CiteSeer,0.1,8,0.4,9,0.00700002908706665
CiteSeer,0.1,8,0.4,10,0.00700002908706665
CiteSeer,0.1,8,0.5,0,0.026000022888183594
CiteSeer,0.1,8,0.5,1,-0.009999990463256836
CiteSeer,0.1,8,0.5,2,-0.004999995231628418
CiteSeer,0.1,8,0.5,3,0.004999995231628418
CiteSeer,0.1,8,0.5,4,0.0040000081062316895
CiteSeer,0.1,8,0.5,5,0.008000016212463379
CiteSeer,0.1,8,0.5,6,0.008000016212463379
CiteSeer,0.1,8,0.5,7,0.008000016212463379
CiteSeer,0.1,8,0.5,8,0.008000016212463379
CiteSeer,0.1,8,0.5,9,0.008000016212463379
CiteSeer,0.1,8,0.5,10,0.008000016212463379
CiteSeer,0.1,8,0.6,0,0.015999972820281982
CiteSeer,0.1,8,0.6,1,-0.0009999871253967285
CiteSeer,0.1,8,0.6,2,-0.010999977588653564
CiteSeer,0.1,8,0.6,3,0.009999990463256836
CiteSeer,0.1,8,0.6,4,0.008000016212463379
CiteSeer,0.1,8,0.6,5,0.008000016212463379
CiteSeer,0.1,8,0.6,6,0.008000016212463379
CiteSeer,0.1,8,0.6,7,0.008000016212463379
CiteSeer,0.1,8,0.6,8,0.008000016212463379
CiteSeer,0.1,8,0.6,9,0.008000016212463379
CiteSeer,0.1,8,0.6,10,0.008000016212463379
CiteSeer,0.1,8,0.7,0,-0.0009999871253967285
CiteSeer,0.1,8,0.7,1,-0.017000019550323486
CiteSeer,0.1,8,0.7,2,0.0
CiteSeer,0.1,8,0.7,3,0.004999995231628418
CiteSeer,0.1,8,0.7,4,0.008000016212463379
CiteSeer,0.1,8,0.7,5,0.008000016212463379
CiteSeer,0.1,8,0.7,6,0.008000016212463379
CiteSeer,0.1,8,0.7,7,0.008000016212463379
CiteSeer,0.1,8,0.7,8,0.008000016212463379
CiteSeer,0.1,8,0.7,9,0.008000016212463379
CiteSeer,0.1,8,0.7,10,0.008000016212463379
CiteSeer,0.1,8,0.8,0,0.017000019550323486
CiteSeer,0.1,8,0.8,1,-0.017000019550323486
CiteSeer,0.1,8,0.8,2,0.009999990463256836
CiteSeer,0.1,8,0.8,3,0.008000016212463379
CiteSeer,0.1,8,0.8,4,0.008000016212463379
CiteSeer,0.1,8,0.8,5,0.008000016212463379
CiteSeer,0.1,8,0.8,6,0.008000016212463379
CiteSeer,0.1,8,0.8,7,0.008000016212463379
CiteSeer,0.1,8,0.8,8,0.008000016212463379
CiteSeer,0.1,8,0.8,9,0.008000016212463379
CiteSeer,0.1,8,0.8,10,0.008000016212463379
CiteSeer,0.1,8,0.9,0,-0.012000024318695068
CiteSeer,0.1,8,0.9,1,0.00700002908706665
CiteSeer,0.1,8,0.9,2,0.004999995231628418
CiteSeer,0.1,8,0.9,3,0.008000016212463379
CiteSeer,0.1,8,0.9,4,0.008000016212463379
CiteSeer,0.1,8,0.9,5,0.008000016212463379
CiteSeer,0.1,8,0.9,6,0.008000016212463379
CiteSeer,0.1,8,0.9,7,0.008000016212463379
CiteSeer,0.1,8,0.9,8,0.008000016212463379
CiteSeer,0.1,8,0.9,9,0.008000016212463379
CiteSeer,0.1,8,0.9,10,0.008000016212463379
CiteSeer,0.1,9,0.0,0,0.050000011920928955
CiteSeer,0.1,9,0.0,1,0.04400002956390381
CiteSeer,0.1,9,0.0,2,0.03700000047683716
CiteSeer,0.1,9,0.0,3,0.01900005340576172
CiteSeer,0.1,9,0.0,4,0.020000040531158447
CiteSeer,0.1,9,0.0,5,0.024000048637390137
CiteSeer,0.1,9,0.0,6,0.03900003433227539
CiteSeer,0.1,9,0.0,7,0.061000049114227295
CiteSeer,0.1,9,0.0,8,0.025000035762786865
CiteSeer,0.1,9,0.0,9,0.03700000047683716
CiteSeer,0.1,9,0.0,10,0.03200000524520874
CiteSeer,0.1,9,0.1,0,0.04300004243850708
CiteSeer,0.1,9,0.1,1,0.03400003910064697
CiteSeer,0.1,9,0.1,2,0.033000051975250244
CiteSeer,0.1,9,0.1,3,0.028000056743621826
CiteSeer,0.1,9,0.1,4,0.025000035762786865
CiteSeer,0.1,9,0.1,5,0.013999998569488525
CiteSeer,0.1,9,0.1,6,0.0040000081062316895
CiteSeer,0.1,9,0.1,7,0.017000019550323486
CiteSeer,0.1,9,0.1,8,0.022000014781951904
CiteSeer,0.1,9,0.1,9,0.021000027656555176
CiteSeer,0.1,9,0.1,10,0.020000040531158447
CiteSeer,0.1,9,0.2,0,0.024000048637390137
CiteSeer,0.1,9,0.2,1,0.018000006675720215
CiteSeer,0.1,9,0.2,2,0.018000006675720215
CiteSeer,0.1,9,0.2,3,0.027000010013580322
CiteSeer,0.1,9,0.2,4,-0.001999974250793457
CiteSeer,0.1,9,0.2,5,0.008000016212463379
CiteSeer,0.1,9,0.2,6,0.023000001907348633
CiteSeer,0.1,9,0.2,7,0.023000001907348633
CiteSeer,0.1,9,0.2,8,0.023000001907348633
CiteSeer,0.1,9,0.2,9,0.023000001907348633
CiteSeer,0.1,9,0.2,10,0.023000001907348633
CiteSeer,0.1,9,0.3,0,0.024000048637390137
CiteSeer,0.1,9,0.3,1,0.01100003719329834
CiteSeer,0.1,9,0.3,2,0.00700002908706665
CiteSeer,0.1,9,0.3,3,0.00700002908706665
CiteSeer,0.1,9,0.3,4,0.01100003719329834
CiteSeer,0.1,9,0.3,5,0.00700002908706665
CiteSeer,0.1,9,0.3,6,0.01100003719329834
CiteSeer,0.1,9,0.3,7,0.025000035762786865
CiteSeer,0.1,9,0.3,8,0.012000024318695068
CiteSeer,0.1,9,0.3,9,0.012000024318695068
CiteSeer,0.1,9,0.3,10,0.012000024318695068
CiteSeer,0.1,9,0.4,0,0.046000003814697266
CiteSeer,0.1,9,0.4,1,0.026000022888183594
CiteSeer,0.1,9,0.4,2,0.01100003719329834
CiteSeer,0.1,9,0.4,3,0.025000035762786865
CiteSeer,0.1,9,0.4,4,0.025000035762786865
CiteSeer,0.1,9,0.4,5,0.013999998569488525
CiteSeer,0.1,9,0.4,6,0.012000024318695068
CiteSeer,0.1,9,0.4,7,0.013999998569488525
CiteSeer,0.1,9,0.4,8,0.012000024318695068
CiteSeer,0.1,9,0.4,9,0.013999998569488525
CiteSeer,0.1,9,0.4,10,0.013999998569488525
CiteSeer,0.1,9,0.5,0,0.009000003337860107
CiteSeer,0.1,9,0.5,1,0.003000020980834961
CiteSeer,0.1,9,0.5,2,0.025000035762786865
CiteSeer,0.1,9,0.5,3,0.025000035762786865
CiteSeer,0.1,9,0.5,4,0.021000027656555176
CiteSeer,0.1,9,0.5,5,0.01100003719329834
CiteSeer,0.1,9,0.5,6,0.01100003719329834
CiteSeer,0.1,9,0.5,7,0.01100003719329834
CiteSeer,0.1,9,0.5,8,0.01100003719329834
CiteSeer,0.1,9,0.5,9,0.01100003719329834
CiteSeer,0.1,9,0.5,10,0.01100003719329834
CiteSeer,0.1,9,0.6,0,0.03600001335144043
CiteSeer,0.1,9,0.6,1,0.00700002908706665
CiteSeer,0.1,9,0.6,2,0.012000024318695068
CiteSeer,0.1,9,0.6,3,0.020000040531158447
CiteSeer,0.1,9,0.6,4,0.01100003719329834
CiteSeer,0.1,9,0.6,5,0.01100003719329834
CiteSeer,0.1,9,0.6,6,0.01100003719329834
CiteSeer,0.1,9,0.6,7,0.01100003719329834
CiteSeer,0.1,9,0.6,8,0.01100003719329834
CiteSeer,0.1,9,0.6,9,0.01100003719329834
CiteSeer,0.1,9,0.6,10,0.01100003719329834
CiteSeer,0.1,9,0.7,0,0.04500001668930054
CiteSeer,0.1,9,0.7,1,0.025000035762786865
CiteSeer,0.1,9,0.7,2,0.020000040531158447
CiteSeer,0.1,9,0.7,3,0.01100003719329834
CiteSeer,0.1,9,0.7,4,0.01100003719329834
CiteSeer,0.1,9,0.7,5,0.01100003719329834
CiteSeer,0.1,9,0.7,6,0.01100003719329834
CiteSeer,0.1,9,0.7,7,0.01100003719329834
CiteSeer,0.1,9,0.7,8,0.01100003719329834
CiteSeer,0.1,9,0.7,9,0.01100003719329834
CiteSeer,0.1,9,0.7,10,0.01100003719329834
CiteSeer,0.1,9,0.8,0,0.020000040531158447
CiteSeer,0.1,9,0.8,1,0.025000035762786865
CiteSeer,0.1,9,0.8,2,0.020000040531158447
CiteSeer,0.1,9,0.8,3,0.01100003719329834
CiteSeer,0.1,9,0.8,4,0.01100003719329834
CiteSeer,0.1,9,0.8,5,0.01100003719329834
CiteSeer,0.1,9,0.8,6,0.01100003719329834
CiteSeer,0.1,9,0.8,7,0.01100003719329834
CiteSeer,0.1,9,0.8,8,0.01100003719329834
CiteSeer,0.1,9,0.8,9,0.01100003719329834
CiteSeer,0.1,9,0.8,10,0.01100003719329834
CiteSeer,0.1,9,0.9,0,0.01900005340576172
CiteSeer,0.1,9,0.9,1,0.023000001907348633
CiteSeer,0.1,9,0.9,2,0.01100003719329834
CiteSeer,0.1,9,0.9,3,0.01100003719329834
CiteSeer,0.1,9,0.9,4,0.01100003719329834
CiteSeer,0.1,9,0.9,5,0.01100003719329834
CiteSeer,0.1,9,0.9,6,0.01100003719329834
CiteSeer,0.1,9,0.9,7,0.01100003719329834
CiteSeer,0.1,9,0.9,8,0.01100003719329834
CiteSeer,0.1,9,0.9,9,0.01100003719329834
CiteSeer,0.1,9,0.9,10,0.01100003719329834
CiteSeer,0.2,0,0.0,0,0.038999974727630615
CiteSeer,0.2,0,0.0,1,0.05299997329711914
CiteSeer,0.2,0,0.0,2,0.05399996042251587
CiteSeer,0.2,0,0.0,3,0.0549999475479126
CiteSeer,0.2,0,0.0,4,0.06899994611740112
CiteSeer,0.2,0,0.0,5,0.05899995565414429
CiteSeer,0.2,0,0.0,6,0.07299995422363281
CiteSeer,0.2,0,0.0,7,0.05799996852874756
CiteSeer,0.2,0,0.0,8,0.030999958515167236
CiteSeer,0.2,0,0.0,9,0.034999966621398926
CiteSeer,0.2,0,0.0,10,0.02899998426437378
CiteSeer,0.2,0,0.1,0,0.0549999475479126
CiteSeer,0.2,0,0.1,1,0.031999945640563965
CiteSeer,0.2,0,0.1,2,0.04099994897842407
CiteSeer,0.2,0,0.1,3,0.0339999794960022
CiteSeer,0.2,0,0.1,4,0.0209999680519104
CiteSeer,0.2,0,0.1,5,0.031999945640563965
CiteSeer,0.2,0,0.1,6,0.022999942302703857
CiteSeer,0.2,0,0.1,7,0.04399996995925903
CiteSeer,0.2,0,0.1,8,0.0339999794960022
CiteSeer,0.2,0,0.1,9,0.009999990463256836
CiteSeer,0.2,0,0.1,10,0.029999971389770508
CiteSeer,0.2,0,0.2,0,0.039999961853027344
CiteSeer,0.2,0,0.2,1,0.02499997615814209
CiteSeer,0.2,0,0.2,2,0.02799999713897705
CiteSeer,0.2,0,0.2,3,0.010999977588653564
CiteSeer,0.2,0,0.2,4,-0.0020000338554382324
CiteSeer,0.2,0,0.2,5,0.014999985694885254
CiteSeer,0.2,0,0.2,6,-0.0040000081062316895
CiteSeer,0.2,0,0.2,7,0.01699995994567871
CiteSeer,0.2,0,0.2,8,0.012999951839447021
CiteSeer,0.2,0,0.2,9,0.012999951839447021
CiteSeer,0.2,0,0.2,10,-0.001000046730041504
CiteSeer,0.2,0,0.3,0,0.035999953746795654
CiteSeer,0.2,0,0.3,1,0.014999985694885254
CiteSeer,0.2,0,0.3,2,0.02199995517730713
CiteSeer,0.2,0,0.3,3,0.008999943733215332
CiteSeer,0.2,0,0.3,4,-0.01100003719329834
CiteSeer,0.2,0,0.3,5,-0.006000041961669922
CiteSeer,0.2,0,0.3,6,-0.001000046730041504
CiteSeer,0.2,0,0.3,7,-0.001000046730041504
CiteSeer,0.2,0,0.3,8,-0.001000046730041504
CiteSeer,0.2,0,0.3,9,-0.001000046730041504
CiteSeer,0.2,0,0.3,10,0.004999995231628418
CiteSeer,0.2,0,0.4,0,0.050999999046325684
CiteSeer,0.2,0,0.4,1,0.019999980926513672
CiteSeer,0.2,0,0.4,2,0.012999951839447021
CiteSeer,0.2,0,0.4,3,0.0059999823570251465
CiteSeer,0.2,0,0.4,4,0.007999956607818604
CiteSeer,0.2,0,0.4,5,0.004999995231628418
CiteSeer,0.2,0,0.4,6,-0.001000046730041504
CiteSeer,0.2,0,0.4,7,-0.001000046730041504
CiteSeer,0.2,0,0.4,8,0.004999995231628418
CiteSeer,0.2,0,0.4,9,0.004999995231628418
CiteSeer,0.2,0,0.4,10,0.004999995231628418
CiteSeer,0.2,0,0.5,0,0.05199998617172241
CiteSeer,0.2,0,0.5,1,0.008999943733215332
CiteSeer,0.2,0,0.5,2,-0.003000020980834961
CiteSeer,0.2,0,0.5,3,-0.013000011444091797
CiteSeer,0.2,0,0.5,4,-0.001000046730041504
CiteSeer,0.2,0,0.5,5,-0.010000050067901611
CiteSeer,0.2,0,0.5,6,-0.010000050067901611
CiteSeer,0.2,0,0.5,7,-0.010000050067901611
CiteSeer,0.2,0,0.5,8,-0.010000050067901611
CiteSeer,0.2,0,0.5,9,-0.010000050067901611
CiteSeer,0.2,0,0.5,10,-0.010000050067901611
CiteSeer,0.2,0,0.6,0,0.026999950408935547
CiteSeer,0.2,0,0.6,1,0.018999993801116943
CiteSeer,0.2,0,0.6,2,-0.005000054836273193
CiteSeer,0.2,0,0.6,3,-0.0020000338554382324
CiteSeer,0.2,0,0.6,4,-0.010000050067901611
CiteSeer,0.2,0,0.6,5,-0.010000050067901611
CiteSeer,0.2,0,0.6,6,-0.010000050067901611
CiteSeer,0.2,0,0.6,7,-0.010000050067901611
CiteSeer,0.2,0,0.6,8,-0.001000046730041504
CiteSeer,0.2,0,0.6,9,-0.001000046730041504
CiteSeer,0.2,0,0.6,10,-0.010000050067901611
CiteSeer,0.2,0,0.7,0,0.05899995565414429
CiteSeer,0.2,0,0.7,1,0.010999977588653564
CiteSeer,0.2,0,0.7,2,0.007999956607818604
CiteSeer,0.2,0,0.7,3,-0.006000041961669922
CiteSeer,0.2,0,0.7,4,-0.010000050067901611
CiteSeer,0.2,0,0.7,5,-0.001000046730041504
CiteSeer,0.2,0,0.7,6,-0.001000046730041504
CiteSeer,0.2,0,0.7,7,-0.001000046730041504
CiteSeer,0.2,0,0.7,8,-0.001000046730041504
CiteSeer,0.2,0,0.7,9,-0.001000046730041504
CiteSeer,0.2,0,0.7,10,-0.010000050067901611
CiteSeer,0.2,0,0.8,0,0.034999966621398926
CiteSeer,0.2,0,0.8,1,0.001999974250793457
CiteSeer,0.2,0,0.8,2,0.009999990463256836
CiteSeer,0.2,0,0.8,3,-0.001000046730041504
CiteSeer,0.2,0,0.8,4,-0.001000046730041504
CiteSeer,0.2,0,0.8,5,-0.001000046730041504
CiteSeer,0.2,0,0.8,6,-0.001000046730041504
CiteSeer,0.2,0,0.8,7,-0.001000046730041504
CiteSeer,0.2,0,0.8,8,-0.001000046730041504
CiteSeer,0.2,0,0.8,9,-0.001000046730041504
CiteSeer,0.2,0,0.8,10,-0.001000046730041504
CiteSeer,0.2,0,0.9,0,0.02799999713897705
CiteSeer,0.2,0,0.9,1,0.0009999871253967285
CiteSeer,0.2,0,0.9,2,-0.001000046730041504
CiteSeer,0.2,0,0.9,3,-0.001000046730041504
CiteSeer,0.2,0,0.9,4,-0.001000046730041504
CiteSeer,0.2,0,0.9,5,-0.001000046730041504
CiteSeer,0.2,0,0.9,6,-0.010000050067901611
CiteSeer,0.2,0,0.9,7,-0.010000050067901611
CiteSeer,0.2,0,0.9,8,-0.001000046730041504
CiteSeer,0.2,0,0.9,9,-0.001000046730041504
CiteSeer,0.2,0,0.9,10,-0.001000046730041504
CiteSeer,0.2,1,0.0,0,0.02899998426437378
CiteSeer,0.2,1,0.0,1,0.025000035762786865
CiteSeer,0.2,1,0.0,2,0.03299999237060547
CiteSeer,0.2,1,0.0,3,0.06400001049041748
CiteSeer,0.2,1,0.0,4,0.06000000238418579
CiteSeer,0.2,1,0.0,5,0.07700002193450928
CiteSeer,0.2,1,0.0,6,0.07099997997283936
CiteSeer,0.2,1,0.0,7,0.04000002145767212
CiteSeer,0.2,1,0.0,8,0.0339999794960022
CiteSeer,0.2,1,0.0,9,0.041999995708465576
CiteSeer,0.2,1,0.0,10,0.03799998760223389
CiteSeer,0.2,1,0.1,0,0.07300001382827759
CiteSeer,0.2,1,0.1,1,0.02399998903274536
CiteSeer,0.2,1,0.1,2,0.04100000858306885
CiteSeer,0.2,1,0.1,3,0.041999995708465576
CiteSeer,0.2,1,0.1,4,0.02799999713897705
CiteSeer,0.2,1,0.1,5,0.04900002479553223
CiteSeer,0.2,1,0.1,6,0.017000019550323486
CiteSeer,0.2,1,0.1,7,0.04100000858306885
CiteSeer,0.2,1,0.1,8,0.030000030994415283
CiteSeer,0.2,1,0.1,9,0.04000002145767212
CiteSeer,0.2,1,0.1,10,0.030000030994415283
CiteSeer,0.2,1,0.2,0,0.06700003147125244
CiteSeer,0.2,1,0.2,1,0.03200000524520874
CiteSeer,0.2,1,0.2,2,0.0339999794960022
CiteSeer,0.2,1,0.2,3,0.0040000081062316895
CiteSeer,0.2,1,0.2,4,0.03799998760223389
CiteSeer,0.2,1,0.2,5,0.03299999237060547
CiteSeer,0.2,1,0.2,6,0.017000019550323486
CiteSeer,0.2,1,0.2,7,0.014999985694885254
CiteSeer,0.2,1,0.2,8,0.027000010013580322
CiteSeer,0.2,1,0.2,9,0.021000027656555176
CiteSeer,0.2,1,0.2,10,0.013999998569488525
CiteSeer,0.2,1,0.3,0,0.06099998950958252
CiteSeer,0.2,1,0.3,1,0.04000002145767212
CiteSeer,0.2,1,0.3,2,0.0
CiteSeer,0.2,1,0.3,3,0.041999995708465576
CiteSeer,0.2,1,0.3,4,-0.0059999823570251465
CiteSeer,0.2,1,0.3,5,0.013000011444091797
CiteSeer,0.2,1,0.3,6,0.014999985694885254
CiteSeer,0.2,1,0.3,7,0.021000027656555176
CiteSeer,0.2,1,0.3,8,0.021000027656555176
CiteSeer,0.2,1,0.3,9,0.021000027656555176
CiteSeer,0.2,1,0.3,10,0.021000027656555176
CiteSeer,0.2,1,0.4,0,0.03100001811981201
CiteSeer,0.2,1,0.4,1,0.02799999713897705
CiteSeer,0.2,1,0.4,2,0.014999985694885254
CiteSeer,0.2,1,0.4,3,0.018000006675720215
CiteSeer,0.2,1,0.4,4,0.021000027656555176
CiteSeer,0.2,1,0.4,5,0.021000027656555176
CiteSeer,0.2,1,0.4,6,0.021000027656555176
CiteSeer,0.2,1,0.4,7,0.021000027656555176
CiteSeer,0.2,1,0.4,8,0.021000027656555176
CiteSeer,0.2,1,0.4,9,0.021000027656555176
CiteSeer,0.2,1,0.4,10,0.021000027656555176
CiteSeer,0.2,1,0.5,0,0.04500001668930054
CiteSeer,0.2,1,0.5,1,0.046999990940093994
CiteSeer,0.2,1,0.5,2,0.009000003337860107
CiteSeer,0.2,1,0.5,3,0.021000027656555176
CiteSeer,0.2,1,0.5,4,0.021000027656555176
CiteSeer,0.2,1,0.5,5,0.0059999823570251465
CiteSeer,0.2,1,0.5,6,0.0
CiteSeer,0.2,1,0.5,7,0.0
CiteSeer,0.2,1,0.5,8,0.0
CiteSeer,0.2,1,0.5,9,0.0
CiteSeer,0.2,1,0.5,10,0.0
CiteSeer,0.2,1,0.6,0,0.0059999823570251465
CiteSeer,0.2,1,0.6,1,0.02899998426437378
CiteSeer,0.2,1,0.6,2,0.017000019550323486
CiteSeer,0.2,1,0.6,3,0.021000027656555176
CiteSeer,0.2,1,0.6,4,0.0059999823570251465
CiteSeer,0.2,1,0.6,5,0.0
CiteSeer,0.2,1,0.6,6,0.0
CiteSeer,0.2,1,0.6,7,0.0
CiteSeer,0.2,1,0.6,8,0.0
CiteSeer,0.2,1,0.6,9,0.0
CiteSeer,0.2,1,0.6,10,0.0
CiteSeer,0.2,1,0.7,0,0.04400002956390381
CiteSeer,0.2,1,0.7,1,0.004999995231628418
CiteSeer,0.2,1,0.7,2,0.021000027656555176
CiteSeer,0.2,1,0.7,3,0.0059999823570251465
CiteSeer,0.2,1,0.7,4,0.0
CiteSeer,0.2,1,0.7,5,0.0
CiteSeer,0.2,1,0.7,6,0.0
CiteSeer,0.2,1,0.7,7,0.0
CiteSeer,0.2,1,0.7,8,0.0
CiteSeer,0.2,1,0.7,9,0.0
CiteSeer,0.2,1,0.7,10,0.0
CiteSeer,0.2,1,0.8,0,0.03799998760223389
CiteSeer,0.2,1,0.8,1,0.009000003337860107
CiteSeer,0.2,1,0.8,2,0.021000027656555176
CiteSeer,0.2,1,0.8,3,0.0
CiteSeer,0.2,1,0.8,4,0.0
CiteSeer,0.2,1,0.8,5,0.0
CiteSeer,0.2,1,0.8,6,0.0
CiteSeer,0.2,1,0.8,7,0.0
CiteSeer,0.2,1,0.8,8,0.0
CiteSeer,0.2,1,0.8,9,0.0
CiteSeer,0.2,1,0.8,10,0.0
CiteSeer,0.2,1,0.9,0,0.05900001525878906
CiteSeer,0.2,1,0.9,1,0.018000006675720215
CiteSeer,0.2,1,0.9,2,0.021000027656555176
CiteSeer,0.2,1,0.9,3,0.0
CiteSeer,0.2,1,0.9,4,0.0
CiteSeer,0.2,1,0.9,5,0.0
CiteSeer,0.2,1,0.9,6,0.0
CiteSeer,0.2,1,0.9,7,0.0
CiteSeer,0.2,1,0.9,8,0.0
CiteSeer,0.2,1,0.9,9,0.0
CiteSeer,0.2,1,0.9,10,0.0
CiteSeer,0.2,2,0.0,0,0.04799997806549072
CiteSeer,0.2,2,0.0,1,0.06099998950958252
CiteSeer,0.2,2,0.0,2,0.022000014781951904
CiteSeer,0.2,2,0.0,3,0.046999990940093994
CiteSeer,0.2,2,0.0,4,0.022000014781951904
CiteSeer,0.2,2,0.0,5,0.05299997329711914
CiteSeer,0.2,2,0.0,6,0.04000002145767212
CiteSeer,0.2,2,0.0,7,0.0350000262260437
CiteSeer,0.2,2,0.0,8,0.046000003814697266
CiteSeer,0.2,2,0.0,9,0.04900002479553223
CiteSeer,0.2,2,0.0,10,0.054000020027160645
CiteSeer,0.2,2,0.1,0,0.03799998760223389
CiteSeer,0.2,2,0.1,1,0.03700000047683716
CiteSeer,0.2,2,0.1,2,0.04900002479553223
CiteSeer,0.2,2,0.1,3,0.041999995708465576
CiteSeer,0.2,2,0.1,4,0.0350000262260437
CiteSeer,0.2,2,0.1,5,0.017000019550323486
CiteSeer,0.2,2,0.1,6,0.013999998569488525
CiteSeer,0.2,2,0.1,7,0.015999972820281982
CiteSeer,0.2,2,0.1,8,0.0350000262260437
CiteSeer,0.2,2,0.1,9,0.009000003337860107
CiteSeer,0.2,2,0.1,10,0.0350000262260437
CiteSeer,0.2,2,0.2,0,0.05500000715255737
CiteSeer,0.2,2,0.2,1,0.04000002145767212
CiteSeer,0.2,2,0.2,2,0.04900002479553223
CiteSeer,0.2,2,0.2,3,-0.001999974250793457
CiteSeer,0.2,2,0.2,4,0.0209999680519104
CiteSeer,0.2,2,0.2,5,0.019999980926513672
CiteSeer,0.2,2,0.2,6,0.018000006675720215
CiteSeer,0.2,2,0.2,7,0.013999998569488525
CiteSeer,0.2,2,0.2,8,0.015999972820281982
CiteSeer,0.2,2,0.2,9,0.0059999823570251465
CiteSeer,0.2,2,0.2,10,0.004999995231628418
CiteSeer,0.2,2,0.3,0,0.023000001907348633
CiteSeer,0.2,2,0.3,1,0.009999990463256836
CiteSeer,0.2,2,0.3,2,0.013000011444091797
CiteSeer,0.2,2,0.3,3,0.0
CiteSeer,0.2,2,0.3,4,0.006999969482421875
CiteSeer,0.2,2,0.3,5,0.006999969482421875
CiteSeer,0.2,2,0.3,6,0.006999969482421875
CiteSeer,0.2,2,0.3,7,0.017000019550323486
CiteSeer,0.2,2,0.3,8,0.018000006675720215
CiteSeer,0.2,2,0.3,9,0.018000006675720215
CiteSeer,0.2,2,0.3,10,0.015999972820281982
CiteSeer,0.2,2,0.4,0,0.03200000524520874
CiteSeer,0.2,2,0.4,1,0.015999972820281982
CiteSeer,0.2,2,0.4,2,0.0059999823570251465
CiteSeer,0.2,2,0.4,3,0.006999969482421875
CiteSeer,0.2,2,0.4,4,0.006999969482421875
CiteSeer,0.2,2,0.4,5,0.018999993801116943
CiteSeer,0.2,2,0.4,6,0.018999993801116943
CiteSeer,0.2,2,0.4,7,0.018999993801116943
CiteSeer,0.2,2,0.4,8,0.018999993801116943
CiteSeer,0.2,2,0.4,9,0.018999993801116943
CiteSeer,0.2,2,0.4,10,0.018999993801116943
CiteSeer,0.2,2,0.5,0,0.027000010013580322
CiteSeer,0.2,2,0.5,1,0.0059999823570251465
CiteSeer,0.2,2,0.5,2,0.006999969482421875
CiteSeer,0.2,2,0.5,3,-0.0009999871253967285
CiteSeer,0.2,2,0.5,4,0.014999985694885254
CiteSeer,0.2,2,0.5,5,-0.00700002908706665
CiteSeer,0.2,2,0.5,6,0.023000001907348633
CiteSeer,0.2,2,0.5,7,-0.00700002908706665
CiteSeer,0.2,2,0.5,8,0.023000001907348633
CiteSeer,0.2,2,0.5,9,-0.00700002908706665
CiteSeer,0.2,2,0.5,10,-0.00700002908706665
CiteSeer,0.2,2,0.6,0,0.023000001907348633
CiteSeer,0.2,2,0.6,1,-0.013999998569488525
CiteSeer,0.2,2,0.6,2,0.013000011444091797
CiteSeer,0.2,2,0.6,3,0.014999985694885254
CiteSeer,0.2,2,0.6,4,-0.00700002908706665
CiteSeer,0.2,2,0.6,5,-0.00700002908706665
CiteSeer,0.2,2,0.6,6,-0.00700002908706665
CiteSeer,0.2,2,0.6,7,-0.00700002908706665
CiteSeer,0.2,2,0.6,8,-0.00700002908706665
CiteSeer,0.2,2,0.6,9,-0.00700002908706665
CiteSeer,0.2,2,0.6,10,-0.00700002908706665
CiteSeer,0.2,2,0.7,0,0.023000001907348633
CiteSeer,0.2,2,0.7,1,0.013000011444091797
CiteSeer,0.2,2,0.7,2,0.013999998569488525
CiteSeer,0.2,2,0.7,3,-0.00700002908706665
CiteSeer,0.2,2,0.7,4,-0.00700002908706665
CiteSeer,0.2,2,0.7,5,-0.00700002908706665
CiteSeer,0.2,2,0.7,6,-0.00700002908706665
CiteSeer,0.2,2,0.7,7,-0.00700002908706665
CiteSeer,0.2,2,0.7,8,-0.00700002908706665
CiteSeer,0.2,2,0.7,9,-0.00700002908706665
CiteSeer,0.2,2,0.7,10,-0.00700002908706665
CiteSeer,0.2,2,0.8,0,0.017000019550323486
CiteSeer,0.2,2,0.8,1,0.013000011444091797
CiteSeer,0.2,2,0.8,2,0.014999985694885254
CiteSeer,0.2,2,0.8,3,-0.00700002908706665
CiteSeer,0.2,2,0.8,4,-0.00700002908706665
CiteSeer,0.2,2,0.8,5,-0.00700002908706665
CiteSeer,0.2,2,0.8,6,-0.00700002908706665
CiteSeer,0.2,2,0.8,7,-0.00700002908706665
CiteSeer,0.2,2,0.8,8,-0.00700002908706665
CiteSeer,0.2,2,0.8,9,-0.00700002908706665
CiteSeer,0.2,2,0.8,10,-0.00700002908706665
CiteSeer,0.2,2,0.9,0,0.015999972820281982
CiteSeer,0.2,2,0.9,1,0.013000011444091797
CiteSeer,0.2,2,0.9,2,-0.00700002908706665
CiteSeer,0.2,2,0.9,3,-0.00700002908706665
CiteSeer,0.2,2,0.9,4,-0.00700002908706665
CiteSeer,0.2,2,0.9,5,-0.00700002908706665
CiteSeer,0.2,2,0.9,6,-0.00700002908706665
CiteSeer,0.2,2,0.9,7,-0.00700002908706665
CiteSeer,0.2,2,0.9,8,-0.00700002908706665
CiteSeer,0.2,2,0.9,9,-0.00700002908706665
CiteSeer,0.2,2,0.9,10,-0.00700002908706665
CiteSeer,0.2,3,0.0,0,0.02399998903274536
CiteSeer,0.2,3,0.0,1,0.02499997615814209
CiteSeer,0.2,3,0.0,2,0.018999993801116943
CiteSeer,0.2,3,0.0,3,0.018000006675720215
CiteSeer,0.2,3,0.0,4,0.03200000524520874
CiteSeer,0.2,3,0.0,5,0.018000006675720215
CiteSeer,0.2,3,0.0,6,0.0059999823570251465
CiteSeer,0.2,3,0.0,7,0.023000001907348633
CiteSeer,0.2,3,0.0,8,0.018000006675720215
CiteSeer,0.2,3,0.0,9,0.02799999713897705
CiteSeer,0.2,3,0.0,10,0.009999990463256836
CiteSeer,0.2,3,0.1,0,0.02799999713897705
CiteSeer,0.2,3,0.1,1,0.0059999823570251465
CiteSeer,0.2,3,0.1,2,0.02799999713897705
CiteSeer,0.2,3,0.1,3,0.013999998569488525
CiteSeer,0.2,3,0.1,4,0.019999980926513672
CiteSeer,0.2,3,0.1,5,0.027000010013580322
CiteSeer,0.2,3,0.1,6,0.0040000081062316895
CiteSeer,0.2,3,0.1,7,-0.0009999871253967285
CiteSeer,0.2,3,0.1,8,0.0040000081062316895
CiteSeer,0.2,3,0.1,9,-0.003000020980834961
CiteSeer,0.2,3,0.1,10,0.011999964714050293
CiteSeer,0.2,3,0.2,0,-0.0009999871253967285
CiteSeer,0.2,3,0.2,1,0.0009999871253967285
CiteSeer,0.2,3,0.2,2,-0.0020000338554382324
CiteSeer,0.2,3,0.2,3,0.0059999823570251465
CiteSeer,0.2,3,0.2,4,0.013000011444091797
CiteSeer,0.2,3,0.2,5,0.009000003337860107
CiteSeer,0.2,3,0.2,6,0.009999990463256836
CiteSeer,0.2,3,0.2,7,-0.0040000081062316895
CiteSeer,0.2,3,0.2,8,0.008000016212463379
CiteSeer,0.2,3,0.2,9,0.001999974250793457
CiteSeer,0.2,3,0.2,10,0.0009999871253967285
CiteSeer,0.2,3,0.3,0,0.029999971389770508
CiteSeer,0.2,3,0.3,1,0.008000016212463379
CiteSeer,0.2,3,0.3,2,0.010999977588653564
CiteSeer,0.2,3,0.3,3,0.006999969482421875
CiteSeer,0.2,3,0.3,4,0.001999974250793457
CiteSeer,0.2,3,0.3,5,0.006999969482421875
CiteSeer,0.2,3,0.3,6,-0.01100003719329834
CiteSeer,0.2,3,0.3,7,0.0009999871253967285
CiteSeer,0.2,3,0.3,8,-0.0059999823570251465
CiteSeer,0.2,3,0.3,9,-0.008000016212463379
CiteSeer,0.2,3,0.3,10,-0.008000016212463379
CiteSeer,0.2,3,0.4,0,0.006999969482421875
CiteSeer,0.2,3,0.4,1,0.013000011444091797
CiteSeer,0.2,3,0.4,2,0.006999969482421875
CiteSeer,0.2,3,0.4,3,0.0009999871253967285
CiteSeer,0.2,3,0.4,4,-0.008000016212463379
CiteSeer,0.2,3,0.4,5,-0.008000016212463379
CiteSeer,0.2,3,0.4,6,-0.008000016212463379
CiteSeer,0.2,3,0.4,7,-0.008000016212463379
CiteSeer,0.2,3,0.4,8,-0.008000016212463379
CiteSeer,0.2,3,0.4,9,-0.008000016212463379
CiteSeer,0.2,3,0.4,10,-0.008000016212463379
CiteSeer,0.2,3,0.5,0,0.0209999680519104
CiteSeer,0.2,3,0.5,1,0.009999990463256836
CiteSeer,0.2,3,0.5,2,0.008000016212463379
CiteSeer,0.2,3,0.5,3,-0.0059999823570251465
CiteSeer,0.2,3,0.5,4,0.003000020980834961
CiteSeer,0.2,3,0.5,5,-0.0040000081062316895
CiteSeer,0.2,3,0.5,6,0.0009999871253967285
CiteSeer,0.2,3,0.5,7,0.0009999871253967285
CiteSeer,0.2,3,0.5,8,0.0009999871253967285
CiteSeer,0.2,3,0.5,9,-0.0040000081062316895
CiteSeer,0.2,3,0.5,10,0.0009999871253967285
CiteSeer,0.2,3,0.6,0,0.018000006675720215
CiteSeer,0.2,3,0.6,1,0.009999990463256836
CiteSeer,0.2,3,0.6,2,0.003000020980834961
CiteSeer,0.2,3,0.6,3,-0.0009999871253967285
CiteSeer,0.2,3,0.6,4,-0.0040000081062316895
CiteSeer,0.2,3,0.6,5,-0.0040000081062316895
CiteSeer,0.2,3,0.6,6,-0.0040000081062316895
CiteSeer,0.2,3,0.6,7,0.0009999871253967285
CiteSeer,0.2,3,0.6,8,0.0009999871253967285
CiteSeer,0.2,3,0.6,9,-0.0040000081062316895
CiteSeer,0.2,3,0.6,10,0.0009999871253967285
CiteSeer,0.2,3,0.7,0,0.0040000081062316895
CiteSeer,0.2,3,0.7,1,0.008000016212463379
CiteSeer,0.2,3,0.7,2,-0.0059999823570251465
CiteSeer,0.2,3,0.7,3,0.0009999871253967285
CiteSeer,0.2,3,0.7,4,-0.0040000081062316895
CiteSeer,0.2,3,0.7,5,-0.0040000081062316895
CiteSeer,0.2,3,0.7,6,-0.0040000081062316895
CiteSeer,0.2,3,0.7,7,-0.0040000081062316895
CiteSeer,0.2,3,0.7,8,-0.0040000081062316895
CiteSeer,0.2,3,0.7,9,-0.0040000081062316895
CiteSeer,0.2,3,0.7,10,0.0009999871253967285
CiteSeer,0.2,3,0.8,0,0.0059999823570251465
CiteSeer,0.2,3,0.8,1,0.008000016212463379
CiteSeer,0.2,3,0.8,2,-0.0020000338554382324
CiteSeer,0.2,3,0.8,3,-0.0040000081062316895
CiteSeer,0.2,3,0.8,4,-0.0040000081062316895
CiteSeer,0.2,3,0.8,5,0.0009999871253967285
CiteSeer,0.2,3,0.8,6,-0.0040000081062316895
CiteSeer,0.2,3,0.8,7,0.0009999871253967285
CiteSeer,0.2,3,0.8,8,-0.0040000081062316895
CiteSeer,0.2,3,0.8,9,-0.0040000081062316895
CiteSeer,0.2,3,0.8,10,-0.0040000081062316895
CiteSeer,0.2,3,0.9,0,0.014999985694885254
CiteSeer,0.2,3,0.9,1,-0.0059999823570251465
CiteSeer,0.2,3,0.9,2,-0.0040000081062316895
CiteSeer,0.2,3,0.9,3,0.0009999871253967285
CiteSeer,0.2,3,0.9,4,-0.0040000081062316895
CiteSeer,0.2,3,0.9,5,-0.0040000081062316895
CiteSeer,0.2,3,0.9,6,-0.0040000081062316895
CiteSeer,0.2,3,0.9,7,-0.0040000081062316895
CiteSeer,0.2,3,0.9,8,-0.0040000081062316895
CiteSeer,0.2,3,0.9,9,-0.0040000081062316895
CiteSeer,0.2,3,0.9,10,-0.0040000081062316895
CiteSeer,0.2,4,0.0,0,0.02899998426437378
CiteSeer,0.2,4,0.0,1,0.039999961853027344
CiteSeer,0.2,4,0.0,2,0.006999969482421875
CiteSeer,0.2,4,0.0,3,0.02899998426437378
CiteSeer,0.2,4,0.0,4,0.015999972820281982
CiteSeer,0.2,4,0.0,5,0.006999969482421875
CiteSeer,0.2,4,0.0,6,0.029999971389770508
CiteSeer,0.2,4,0.0,7,0.03700000047683716
CiteSeer,0.2,4,0.0,8,0.02399998903274536
CiteSeer,0.2,4,0.0,9,0.03700000047683716
CiteSeer,0.2,4,0.0,10,0.02499997615814209
CiteSeer,0.2,4,0.1,0,0.009000003337860107
CiteSeer,0.2,4,0.1,1,0.001999974250793457
CiteSeer,0.2,4,0.1,2,0.009999990463256836
CiteSeer,0.2,4,0.1,3,0.006999969482421875
CiteSeer,0.2,4,0.1,4,0.006999969482421875
CiteSeer,0.2,4,0.1,5,0.023000001907348633
CiteSeer,0.2,4,0.1,6,0.015999972820281982
CiteSeer,0.2,4,0.1,7,0.0009999871253967285
CiteSeer,0.2,4,0.1,8,0.0059999823570251465
CiteSeer,0.2,4,0.1,9,0.0059999823570251465
CiteSeer,0.2,4,0.1,10,0.013000011444091797
CiteSeer,0.2,4,0.2,0,0.046999990940093994
CiteSeer,0.2,4,0.2,1,0.013999998569488525
CiteSeer,0.2,4,0.2,2,0.010999977588653564
CiteSeer,0.2,4,0.2,3,0.010999977588653564
CiteSeer,0.2,4,0.2,4,0.001999974250793457
CiteSeer,0.2,4,0.2,5,0.0040000081062316895
CiteSeer,0.2,4,0.2,6,0.013000011444091797
CiteSeer,0.2,4,0.2,7,0.023000001907348633
CiteSeer,0.2,4,0.2,8,-0.0020000338554382324
CiteSeer,0.2,4,0.2,9,0.01699995994567871
CiteSeer,0.2,4,0.2,10,0.015999972820281982
CiteSeer,0.2,4,0.3,0,0.030999958515167236
CiteSeer,0.2,4,0.3,1,0.0059999823570251465
CiteSeer,0.2,4,0.3,2,0.009999990463256836
CiteSeer,0.2,4,0.3,3,0.01699995994567871
CiteSeer,0.2,4,0.3,4,0.001999974250793457
CiteSeer,0.2,4,0.3,5,-0.006000041961669922
CiteSeer,0.2,4,0.3,6,-0.0009999871253967285
CiteSeer,0.2,4,0.3,7,0.006999969482421875
CiteSeer,0.2,4,0.3,8,0.009000003337860107
CiteSeer,0.2,4,0.3,9,0.013999998569488525
CiteSeer,0.2,4,0.3,10,0.013999998569488525
CiteSeer,0.2,4,0.4,0,0.007999956607818604
CiteSeer,0.2,4,0.4,1,0.0209999680519104
CiteSeer,0.2,4,0.4,2,0.0209999680519104
CiteSeer,0.2,4,0.4,3,-0.0009999871253967285
CiteSeer,0.2,4,0.4,4,-0.0009999871253967285
CiteSeer,0.2,4,0.4,5,0.013999998569488525
CiteSeer,0.2,4,0.4,6,0.013999998569488525
CiteSeer,0.2,4,0.4,7,0.013999998569488525
CiteSeer,0.2,4,0.4,8,0.013999998569488525
CiteSeer,0.2,4,0.4,9,0.013999998569488525
CiteSeer,0.2,4,0.4,10,0.013999998569488525
CiteSeer,0.2,4,0.5,0,0.015999972820281982
CiteSeer,0.2,4,0.5,1,0.0059999823570251465
CiteSeer,0.2,4,0.5,2,-0.0009999871253967285
CiteSeer,0.2,4,0.5,3,0.009000003337860107
CiteSeer,0.2,4,0.5,4,0.009999990463256836
CiteSeer,0.2,4,0.5,5,0.0009999871253967285
CiteSeer,0.2,4,0.5,6,0.0009999871253967285
CiteSeer,0.2,4,0.5,7,0.0009999871253967285
CiteSeer,0.2,4,0.5,8,0.0009999871253967285
CiteSeer,0.2,4,0.5,9,0.0009999871253967285
CiteSeer,0.2,4,0.5,10,0.0009999871253967285
CiteSeer,0.2,4,0.6,0,0.02799999713897705
CiteSeer,0.2,4,0.6,1,0.018999993801116943
CiteSeer,0.2,4,0.6,2,-0.0009999871253967285
CiteSeer,0.2,4,0.6,3,-0.0020000338554382324
CiteSeer,0.2,4,0.6,4,0.0009999871253967285
CiteSeer,0.2,4,0.6,5,0.0009999871253967285
CiteSeer,0.2,4,0.6,6,0.0009999871253967285
CiteSeer,0.2,4,0.6,7,0.0009999871253967285
CiteSeer,0.2,4,0.6,8,0.0009999871253967285
CiteSeer,0.2,4,0.6,9,0.0009999871253967285
CiteSeer,0.2,4,0.6,10,0.0009999871253967285
CiteSeer,0.2,4,0.7,0,0.0339999794960022
CiteSeer,0.2,4,0.7,1,-0.0009999871253967285
CiteSeer,0.2,4,0.7,2,0.001999974250793457
CiteSeer,0.2,4,0.7,3,0.0009999871253967285
CiteSeer,0.2,4,0.7,4,0.0009999871253967285
CiteSeer,0.2,4,0.7,5,0.0009999871253967285
CiteSeer,0.2,4,0.7,6,0.0009999871253967285
CiteSeer,0.2,4,0.7,7,0.0009999871253967285
CiteSeer,0.2,4,0.7,8,0.0009999871253967285
CiteSeer,0.2,4,0.7,9,0.0009999871253967285
CiteSeer,0.2,4,0.7,10,0.0009999871253967285
CiteSeer,0.2,4,0.8,0,0.009999990463256836
CiteSeer,0.2,4,0.8,1,-0.0009999871253967285
CiteSeer,0.2,4,0.8,2,-0.004999995231628418
CiteSeer,0.2,4,0.8,3,0.0009999871253967285
CiteSeer,0.2,4,0.8,4,0.0009999871253967285
CiteSeer,0.2,4,0.8,5,0.0009999871253967285
CiteSeer,0.2,4,0.8,6,0.0009999871253967285
CiteSeer,0.2,4,0.8,7,0.0009999871253967285
CiteSeer,0.2,4,0.8,8,0.0009999871253967285
CiteSeer,0.2,4,0.8,9,0.0009999871253967285
CiteSeer,0.2,4,0.8,10,0.0009999871253967285
CiteSeer,0.2,4,0.9,0,0.02499997615814209
CiteSeer,0.2,4,0.9,1,0.009000003337860107
CiteSeer,0.2,4,0.9,2,0.0009999871253967285
CiteSeer,0.2,4,0.9,3,0.0009999871253967285
CiteSeer,0.2,4,0.9,4,0.0009999871253967285
CiteSeer,0.2,4,0.9,5,0.0009999871253967285
CiteSeer,0.2,4,0.9,6,0.0009999871253967285
CiteSeer,0.2,4,0.9,7,0.0009999871253967285
CiteSeer,0.2,4,0.9,8,0.0009999871253967285
CiteSeer,0.2,4,0.9,9,0.0009999871253967285
CiteSeer,0.2,4,0.9,10,0.0009999871253967285
CiteSeer,0.2,5,0.0,0,-0.026999950408935547
CiteSeer,0.2,5,0.0,1,0.027000010013580322
CiteSeer,0.2,5,0.0,2,-0.0339999794960022
CiteSeer,0.2,5,0.0,3,0.022000014781951904
CiteSeer,0.2,5,0.0,4,0.003000020980834961
CiteSeer,0.2,5,0.0,5,0.016000032424926758
CiteSeer,0.2,5,0.0,6,-0.06000000238418579
CiteSeer,0.2,5,0.0,7,0.029000043869018555
CiteSeer,0.2,5,0.0,8,-0.008999943733215332
CiteSeer,0.2,5,0.0,9,0.01500004529953003
CiteSeer,0.2,5,0.0,10,-0.03700000047683716
CiteSeer,0.2,5,0.1,0,-0.008999943733215332
CiteSeer,0.2,5,0.1,1,-0.014999985694885254
CiteSeer,0.2,5,0.1,2,-0.0059999823570251465
CiteSeer,0.2,5,0.1,3,0.033000051975250244
CiteSeer,0.2,5,0.1,4,-0.0029999613761901855
CiteSeer,0.2,5,0.1,5,0.03100001811981201
CiteSeer,0.2,5,0.1,6,0.012000024318695068
CiteSeer,0.2,5,0.1,7,0.027000010013580322
CiteSeer,0.2,5,0.1,8,-0.03299999237060547
CiteSeer,0.2,5,0.1,9,0.010000050067901611
CiteSeer,0.2,5,0.1,10,0.006000041961669922
CiteSeer,0.2,5,0.2,0,0.01100003719329834
CiteSeer,0.2,5,0.2,1,-0.007999956607818604
CiteSeer,0.2,5,0.2,2,0.018000006675720215
CiteSeer,0.2,5,0.2,3,0.008000016212463379
CiteSeer,0.2,5,0.2,4,-0.003999948501586914
CiteSeer,0.2,5,0.2,5,-0.0029999613761901855
CiteSeer,0.2,5,0.2,6,-0.01699995994567871
CiteSeer,0.2,5,0.2,7,-0.003999948501586914
CiteSeer,0.2,5,0.2,8,-0.0059999823570251465
CiteSeer,0.2,5,0.2,9,-0.0059999823570251465
CiteSeer,0.2,5,0.2,10,-0.003999948501586914
CiteSeer,0.2,5,0.3,0,-0.004999995231628418
CiteSeer,0.2,5,0.3,1,0.001000046730041504
CiteSeer,0.2,5,0.3,2,-0.012999951839447021
CiteSeer,0.2,5,0.3,3,-0.019999980926513672
CiteSeer,0.2,5,0.3,4,-0.026999950408935547
CiteSeer,0.2,5,0.3,5,-0.003999948501586914
CiteSeer,0.2,5,0.3,6,-0.030999958515167236
CiteSeer,0.2,5,0.3,7,-0.015999972820281982
CiteSeer,0.2,5,0.3,8,-0.003999948501586914
CiteSeer,0.2,5,0.3,9,-0.015999972820281982
CiteSeer,0.2,5,0.3,10,-0.003999948501586914
CiteSeer,0.2,5,0.4,0,0.029000043869018555
CiteSeer,0.2,5,0.4,1,0.00700002908706665
CiteSeer,0.2,5,0.4,2,0.013000011444091797
CiteSeer,0.2,5,0.4,3,-0.0059999823570251465
CiteSeer,0.2,5,0.4,4,-0.0059999823570251465
CiteSeer,0.2,5,0.4,5,-0.007999956607818604
CiteSeer,0.2,5,0.4,6,-0.007999956607818604
CiteSeer,0.2,5,0.4,7,-0.007999956607818604
CiteSeer,0.2,5,0.4,8,-0.007999956607818604
CiteSeer,0.2,5,0.4,9,-0.007999956607818604
CiteSeer,0.2,5,0.4,10,-0.007999956607818604
CiteSeer,0.2,5,0.5,0,0.00700002908706665
CiteSeer,0.2,5,0.5,1,0.016000032424926758
CiteSeer,0.2,5,0.5,2,-0.0059999823570251465
CiteSeer,0.2,5,0.5,3,-0.0059999823570251465
CiteSeer,0.2,5,0.5,4,-0.02799999713897705
CiteSeer,0.2,5,0.5,5,-0.019999980926513672
CiteSeer,0.2,5,0.5,6,-0.01699995994567871
CiteSeer,0.2,5,0.5,7,-0.01699995994567871
CiteSeer,0.2,5,0.5,8,-0.01699995994567871
CiteSeer,0.2,5,0.5,9,-0.01699995994567871
CiteSeer,0.2,5,0.5,10,-0.01699995994567871
CiteSeer,0.2,5,0.6,0,0.018000006675720215
CiteSeer,0.2,5,0.6,1,-0.008999943733215332
CiteSeer,0.2,5,0.6,2,-0.012999951839447021
CiteSeer,0.2,5,0.6,3,-0.0059999823570251465
CiteSeer,0.2,5,0.6,4,-0.019999980926513672
CiteSeer,0.2,5,0.6,5,-0.019999980926513672
CiteSeer,0.2,5,0.6,6,-0.019999980926513672
CiteSeer,0.2,5,0.6,7,-0.019999980926513672
CiteSeer,0.2,5,0.6,8,-0.019999980926513672
CiteSeer,0.2,5,0.6,9,-0.019999980926513672
CiteSeer,0.2,5,0.6,10,-0.019999980926513672
CiteSeer,0.2,5,0.7,0,-0.0209999680519104
CiteSeer,0.2,5,0.7,1,-0.026999950408935547
CiteSeer,0.2,5,0.7,2,-0.011999964714050293
CiteSeer,0.2,5,0.7,3,-0.010999977588653564
CiteSeer,0.2,5,0.7,4,-0.019999980926513672
CiteSeer,0.2,5,0.7,5,-0.019999980926513672
CiteSeer,0.2,5,0.7,6,-0.019999980926513672
CiteSeer,0.2,5,0.7,7,-0.019999980926513672
CiteSeer,0.2,5,0.7,8,-0.019999980926513672
CiteSeer,0.2,5,0.7,9,-0.019999980926513672
CiteSeer,0.2,5,0.7,10,-0.019999980926513672
CiteSeer,0.2,5,0.8,0,-0.019999980926513672
CiteSeer,0.2,5,0.8,1,-0.030999958515167236
CiteSeer,0.2,5,0.8,2,-0.0059999823570251465
CiteSeer,0.2,5,0.8,3,-0.019999980926513672
CiteSeer,0.2,5,0.8,4,-0.019999980926513672
CiteSeer,0.2,5,0.8,5,-0.019999980926513672
CiteSeer,0.2,5,0.8,6,-0.019999980926513672
CiteSeer,0.2,5,0.8,7,-0.019999980926513672
CiteSeer,0.2,5,0.8,8,-0.019999980926513672
CiteSeer,0.2,5,0.8,9,-0.019999980926513672
CiteSeer,0.2,5,0.8,10,-0.019999980926513672
CiteSeer,0.2,5,0.9,0,0.013000011444091797
CiteSeer,0.2,5,0.9,1,-0.02799999713897705
CiteSeer,0.2,5,0.9,2,-0.019999980926513672
CiteSeer,0.2,5,0.9,3,-0.019999980926513672
CiteSeer,0.2,5,0.9,4,-0.019999980926513672
CiteSeer,0.2,5,0.9,5,-0.019999980926513672
CiteSeer,0.2,5,0.9,6,-0.019999980926513672
CiteSeer,0.2,5,0.9,7,-0.019999980926513672
CiteSeer,0.2,5,0.9,8,-0.019999980926513672
CiteSeer,0.2,5,0.9,9,-0.019999980926513672
CiteSeer,0.2,5,0.9,10,-0.019999980926513672
CiteSeer,0.2,6,0.0,0,0.07599997520446777
CiteSeer,0.2,6,0.0,1,0.06299996376037598
CiteSeer,0.2,6,0.0,2,0.041999995708465576
CiteSeer,0.2,6,0.0,3,0.06599998474121094
CiteSeer,0.2,6,0.0,4,0.031999945640563965
CiteSeer,0.2,6,0.0,5,0.038999974727630615
CiteSeer,0.2,6,0.0,6,0.008999943733215332
CiteSeer,0.2,6,0.0,7,0.019999980926513672
CiteSeer,0.2,6,0.0,8,0.02799999713897705
CiteSeer,0.2,6,0.0,9,0.038999974727630615
CiteSeer,0.2,6,0.0,10,0.030999958515167236
CiteSeer,0.2,6,0.1,0,0.03700000047683716
CiteSeer,0.2,6,0.1,1,0.034999966621398926
CiteSeer,0.2,6,0.1,2,0.013999998569488525
CiteSeer,0.2,6,0.1,3,0.0339999794960022
CiteSeer,0.2,6,0.1,4,0.06099998950958252
CiteSeer,0.2,6,0.1,5,0.05299997329711914
CiteSeer,0.2,6,0.1,6,0.019999980926513672
CiteSeer,0.2,6,0.1,7,0.018999993801116943
CiteSeer,0.2,6,0.1,8,0.03299999237060547
CiteSeer,0.2,6,0.1,9,0.04599994421005249
CiteSeer,0.2,6,0.1,10,0.018999993801116943
CiteSeer,0.2,6,0.2,0,0.0549999475479126
CiteSeer,0.2,6,0.2,1,0.01799994707107544
CiteSeer,0.2,6,0.2,2,0.04799997806549072
CiteSeer,0.2,6,0.2,3,0.004999995231628418
CiteSeer,0.2,6,0.2,4,0.001999974250793457
CiteSeer,0.2,6,0.2,5,-0.00700002908706665
CiteSeer,0.2,6,0.2,6,-0.0040000081062316895
CiteSeer,0.2,6,0.2,7,0.006999969482421875
CiteSeer,0.2,6,0.2,8,0.035999953746795654
CiteSeer,0.2,6,0.2,9,0.02499997615814209
CiteSeer,0.2,6,0.2,10,0.004999995231628418
CiteSeer,0.2,6,0.3,0,0.04099994897842407
CiteSeer,0.2,6,0.3,1,0.014999985694885254
CiteSeer,0.2,6,0.3,2,0.011999964714050293
CiteSeer,0.2,6,0.3,3,-0.016000032424926758
CiteSeer,0.2,6,0.3,4,-0.008000016212463379
CiteSeer,0.2,6,0.3,5,-0.008000016212463379
CiteSeer,0.2,6,0.3,6,0.011999964714050293
CiteSeer,0.2,6,0.3,7,-0.003000020980834961
CiteSeer,0.2,6,0.3,8,0.003999948501586914
CiteSeer,0.2,6,0.3,9,0.010999977588653564
CiteSeer,0.2,6,0.3,10,0.010999977588653564
CiteSeer,0.2,6,0.4,0,0.038999974727630615
CiteSeer,0.2,6,0.4,1,-0.005000054836273193
CiteSeer,0.2,6,0.4,2,0.031999945640563965
CiteSeer,0.2,6,0.4,3,-0.006000041961669922
CiteSeer,0.2,6,0.4,4,0.003999948501586914
CiteSeer,0.2,6,0.4,5,0.003999948501586914
CiteSeer,0.2,6,0.4,6,0.003999948501586914
CiteSeer,0.2,6,0.4,7,0.003999948501586914
CiteSeer,0.2,6,0.4,8,0.003999948501586914
CiteSeer,0.2,6,0.4,9,0.010999977588653564
CiteSeer,0.2,6,0.4,10,0.010999977588653564
CiteSeer,0.2,6,0.5,0,0.0549999475479126
CiteSeer,0.2,6,0.5,1,0.010999977588653564
CiteSeer,0.2,6,0.5,2,0.0029999613761901855
CiteSeer,0.2,6,0.5,3,0.003999948501586914
CiteSeer,0.2,6,0.5,4,0.003999948501586914
CiteSeer,0.2,6,0.5,5,0.003999948501586914
CiteSeer,0.2,6,0.5,6,0.003999948501586914
CiteSeer,0.2,6,0.5,7,0.003999948501586914
CiteSeer,0.2,6,0.5,8,0.003999948501586914
CiteSeer,0.2,6,0.5,9,0.003999948501586914
CiteSeer,0.2,6,0.5,10,0.003999948501586914
CiteSeer,0.2,6,0.6,0,0.06199997663497925
CiteSeer,0.2,6,0.6,1,-0.00700002908706665
CiteSeer,0.2,6,0.6,2,-0.008000016212463379
CiteSeer,0.2,6,0.6,3,0.003999948501586914
CiteSeer,0.2,6,0.6,4,0.003999948501586914
CiteSeer,0.2,6,0.6,5,0.003999948501586914
CiteSeer,0.2,6,0.6,6,0.003999948501586914
CiteSeer,0.2,6,0.6,7,-0.005000054836273193
CiteSeer,0.2,6,0.6,8,0.003999948501586914
CiteSeer,0.2,6,0.6,9,0.003999948501586914
CiteSeer,0.2,6,0.6,10,0.003999948501586914
CiteSeer,0.2,6,0.7,0,0.039999961853027344
CiteSeer,0.2,6,0.7,1,0.0029999613761901855
CiteSeer,0.2,6,0.7,2,0.003999948501586914
CiteSeer,0.2,6,0.7,3,0.003999948501586914
CiteSeer,0.2,6,0.7,4,0.0
CiteSeer,0.2,6,0.7,5,-0.005000054836273193
CiteSeer,0.2,6,0.7,6,-0.005000054836273193
CiteSeer,0.2,6,0.7,7,-0.005000054836273193
CiteSeer,0.2,6,0.7,8,-0.005000054836273193
CiteSeer,0.2,6,0.7,9,0.0
CiteSeer,0.2,6,0.7,10,0.0
CiteSeer,0.2,6,0.8,0,0.046999990940093994
CiteSeer,0.2,6,0.8,1,-0.008000016212463379
CiteSeer,0.2,6,0.8,2,0.003999948501586914
CiteSeer,0.2,6,0.8,3,-0.005000054836273193
CiteSeer,0.2,6,0.8,4,0.0
CiteSeer,0.2,6,0.8,5,-0.005000054836273193
CiteSeer,0.2,6,0.8,6,-0.005000054836273193
CiteSeer,0.2,6,0.8,7,0.0
CiteSeer,0.2,6,0.8,8,0.0
CiteSeer,0.2,6,0.8,9,-0.005000054836273193
CiteSeer,0.2,6,0.8,10,-0.005000054836273193
CiteSeer,0.2,6,0.9,0,0.013999998569488525
CiteSeer,0.2,6,0.9,1,0.003999948501586914
CiteSeer,0.2,6,0.9,2,-0.005000054836273193
CiteSeer,0.2,6,0.9,3,0.0
CiteSeer,0.2,6,0.9,4,-0.005000054836273193
CiteSeer,0.2,6,0.9,5,0.0
CiteSeer,0.2,6,0.9,6,-0.005000054836273193
CiteSeer,0.2,6,0.9,7,-0.005000054836273193
CiteSeer,0.2,6,0.9,8,0.0
CiteSeer,0.2,6,0.9,9,-0.005000054836273193
CiteSeer,0.2,6,0.9,10,-0.005000054836273193
CiteSeer,0.2,7,0.0,0,-0.0059999823570251465
CiteSeer,0.2,7,0.0,1,0.01500004529953003
CiteSeer,0.2,7,0.0,2,0.0350000262260437
CiteSeer,0.2,7,0.0,3,-0.04599997401237488
CiteSeer,0.2,7,0.0,4,-0.04099997878074646
CiteSeer,0.2,7,0.0,5,-0.03999999165534973
CiteSeer,0.2,7,0.0,6,0.03400003910064697
CiteSeer,0.2,7,0.0,7,-0.03799998760223389
CiteSeer,0.2,7,0.0,8,-0.019999980926513672
CiteSeer,0.2,7,0.0,9,0.0350000262260437
CiteSeer,0.2,7,0.0,10,0.0040000081062316895
CiteSeer,0.2,7,0.1,0,0.04100000858306885
CiteSeer,0.2,7,0.1,1,-0.03799998760223389
CiteSeer,0.2,7,0.1,2,-0.035999953746795654
CiteSeer,0.2,7,0.1,3,0.016000032424926758
CiteSeer,0.2,7,0.1,4,0.04700005054473877
CiteSeer,0.2,7,0.1,5,0.013000011444091797
CiteSeer,0.2,7,0.1,6,0.01500004529953003
CiteSeer,0.2,7,0.1,7,-0.02199995517730713
CiteSeer,0.2,7,0.1,8,0.006000041961669922
CiteSeer,0.2,7,0.1,9,0.023000001907348633
CiteSeer,0.2,7,0.1,10,-0.0029999613761901855
CiteSeer,0.2,7,0.2,0,0.016000032424926758
CiteSeer,0.2,7,0.2,1,0.0040000081062316895
CiteSeer,0.2,7,0.2,2,0.012000024318695068
CiteSeer,0.2,7,0.2,3,-0.012999951839447021
CiteSeer,0.2,7,0.2,4,0.005000054836273193
CiteSeer,0.2,7,0.2,5,0.0
CiteSeer,0.2,7,0.2,6,-0.023000001907348633
CiteSeer,0.2,7,0.2,7,-0.0029999613761901855
CiteSeer,0.2,7,0.2,8,-0.003999948501586914
CiteSeer,0.2,7,0.2,9,-0.01699995994567871
CiteSeer,0.2,7,0.2,10,-0.014999985694885254
CiteSeer,0.2,7,0.3,0,0.021000027656555176
CiteSeer,0.2,7,0.3,1,0.006000041961669922
CiteSeer,0.2,7,0.3,2,-0.0059999823570251465
CiteSeer,0.2,7,0.3,3,-0.009000003337860107
CiteSeer,0.2,7,0.3,4,-0.01699995994567871
CiteSeer,0.2,7,0.3,5,0.009000003337860107
CiteSeer,0.2,7,0.3,6,-0.01799994707107544
CiteSeer,0.2,7,0.3,7,-0.011999964714050293
CiteSeer,0.2,7,0.3,8,-0.014999985694885254
CiteSeer,0.2,7,0.3,9,-0.014999985694885254
CiteSeer,0.2,7,0.3,10,-0.014999985694885254
CiteSeer,0.2,7,0.4,0,-0.007999956607818604
CiteSeer,0.2,7,0.4,1,-0.01699995994567871
CiteSeer,0.2,7,0.4,2,-0.009000003337860107
CiteSeer,0.2,7,0.4,3,-0.014999985694885254
CiteSeer,0.2,7,0.4,4,-0.01799994707107544
CiteSeer,0.2,7,0.4,5,-0.014999985694885254
CiteSeer,0.2,7,0.4,6,-0.014999985694885254
CiteSeer,0.2,7,0.4,7,-0.014999985694885254
CiteSeer,0.2,7,0.4,8,-0.014999985694885254
CiteSeer,0.2,7,0.4,9,-0.014999985694885254
CiteSeer,0.2,7,0.4,10,-0.014999985694885254
CiteSeer,0.2,7,0.5,0,0.03400003910064697
CiteSeer,0.2,7,0.5,1,0.00700002908706665
CiteSeer,0.2,7,0.5,2,-0.019999980926513672
CiteSeer,0.2,7,0.5,3,-0.011999964714050293
CiteSeer,0.2,7,0.5,4,-0.014999985694885254
CiteSeer,0.2,7,0.5,5,-0.001999974250793457
CiteSeer,0.2,7,0.5,6,-0.001999974250793457
CiteSeer,0.2,7,0.5,7,-0.001999974250793457
CiteSeer,0.2,7,0.5,8,-0.001999974250793457
CiteSeer,0.2,7,0.5,9,-0.001999974250793457
CiteSeer,0.2,7,0.5,10,-0.001999974250793457
CiteSeer,0.2,7,0.6,0,0.001000046730041504
CiteSeer,0.2,7,0.6,1,-0.013999998569488525
CiteSeer,0.2,7,0.6,2,-0.014999985694885254
CiteSeer,0.2,7,0.6,3,-0.009999990463256836
CiteSeer,0.2,7,0.6,4,-0.001999974250793457
CiteSeer,0.2,7,0.6,5,-0.001999974250793457
CiteSeer,0.2,7,0.6,6,-0.001999974250793457
CiteSeer,0.2,7,0.6,7,-0.001999974250793457
CiteSeer,0.2,7,0.6,8,-0.0009999871253967285
CiteSeer,0.2,7,0.6,9,-0.0009999871253967285
CiteSeer,0.2,7,0.6,10,-0.001999974250793457
CiteSeer,0.2,7,0.7,0,-0.0059999823570251465
CiteSeer,0.2,7,0.7,1,-0.02399998903274536
CiteSeer,0.2,7,0.7,2,-0.01699995994567871
CiteSeer,0.2,7,0.7,3,-0.001999974250793457
CiteSeer,0.2,7,0.7,4,-0.001999974250793457
CiteSeer,0.2,7,0.7,5,-0.001999974250793457
CiteSeer,0.2,7,0.7,6,-0.001999974250793457
CiteSeer,0.2,7,0.7,7,-0.001999974250793457
CiteSeer,0.2,7,0.7,8,-0.001999974250793457
CiteSeer,0.2,7,0.7,9,-0.001999974250793457
CiteSeer,0.2,7,0.7,10,-0.001999974250793457
CiteSeer,0.2,7,0.8,0,-0.006999969482421875
CiteSeer,0.2,7,0.8,1,-0.014999985694885254
CiteSeer,0.2,7,0.8,2,0.009000003337860107
CiteSeer,0.2,7,0.8,3,-0.001999974250793457
CiteSeer,0.2,7,0.8,4,-0.001999974250793457
CiteSeer,0.2,7,0.8,5,-0.001999974250793457
CiteSeer,0.2,7,0.8,6,-0.001999974250793457
CiteSeer,0.2,7,0.8,7,-0.001999974250793457
CiteSeer,0.2,7,0.8,8,-0.001999974250793457
CiteSeer,0.2,7,0.8,9,-0.001999974250793457
CiteSeer,0.2,7,0.8,10,-0.001999974250793457
CiteSeer,0.2,7,0.9,0,-0.023000001907348633
CiteSeer,0.2,7,0.9,1,-0.014999985694885254
CiteSeer,0.2,7,0.9,2,-0.001999974250793457
CiteSeer,0.2,7,0.9,3,-0.001999974250793457
CiteSeer,0.2,7,0.9,4,-0.0029999613761901855
CiteSeer,0.2,7,0.9,5,-0.001999974250793457
CiteSeer,0.2,7,0.9,6,-0.001999974250793457
CiteSeer,0.2,7,0.9,7,-0.0009999871253967285
CiteSeer,0.2,7,0.9,8,-0.001999974250793457
CiteSeer,0.2,7,0.9,9,-0.001999974250793457
CiteSeer,0.2,7,0.9,10,-0.0009999871253967285
CiteSeer,0.2,8,0.0,0,0.035999953746795654
CiteSeer,0.2,8,0.0,1,0.0339999794960022
CiteSeer,0.2,8,0.0,2,0.01699995994567871
CiteSeer,0.2,8,0.0,3,0.035999953746795654
CiteSeer,0.2,8,0.0,4,0.02799999713897705
CiteSeer,0.2,8,0.0,5,0.013999998569488525
CiteSeer,0.2,8,0.0,6,0.029999971389770508
CiteSeer,0.2,8,0.0,7,0.03200000524520874
CiteSeer,0.2,8,0.0,8,0.0339999794960022
CiteSeer,0.2,8,0.0,9,0.018999993801116943
CiteSeer,0.2,8,0.0,10,0.039999961853027344
CiteSeer,0.2,8,0.1,0,0.02499997615814209
CiteSeer,0.2,8,0.1,1,0.02399998903274536
CiteSeer,0.2,8,0.1,2,0.029999971389770508
CiteSeer,0.2,8,0.1,3,0.026999950408935547
CiteSeer,0.2,8,0.1,4,0.023000001907348633
CiteSeer,0.2,8,0.1,5,0.023000001907348633
CiteSeer,0.2,8,0.1,6,0.019999980926513672
CiteSeer,0.2,8,0.1,7,0.0059999823570251465
CiteSeer,0.2,8,0.1,8,0.01799994707107544
CiteSeer,0.2,8,0.1,9,-0.001000046730041504
CiteSeer,0.2,8,0.1,10,0.01699995994567871
CiteSeer,0.2,8,0.2,0,0.007999956607818604
CiteSeer,0.2,8,0.2,1,0.01799994707107544
CiteSeer,0.2,8,0.2,2,0.011999964714050293
CiteSeer,0.2,8,0.2,3,0.01799994707107544
CiteSeer,0.2,8,0.2,4,0.010999977588653564
CiteSeer,0.2,8,0.2,5,0.014999985694885254
CiteSeer,0.2,8,0.2,6,0.0029999613761901855
CiteSeer,0.2,8,0.2,7,-0.0020000338554382324
CiteSeer,0.2,8,0.2,8,0.014999985694885254
CiteSeer,0.2,8,0.2,9,-0.013000011444091797
CiteSeer,0.2,8,0.2,10,-0.0040000081062316895
CiteSeer,0.2,8,0.3,0,0.02399998903274536
CiteSeer,0.2,8,0.3,1,0.02399998903274536
CiteSeer,0.2,8,0.3,2,0.010999977588653564
CiteSeer,0.2,8,0.3,3,-0.003000020980834961
CiteSeer,0.2,8,0.3,4,-0.012000024318695068
CiteSeer,0.2,8,0.3,5,-0.010000050067901611
CiteSeer,0.2,8,0.3,6,0.0
CiteSeer,0.2,8,0.3,7,-0.01500004529953003
CiteSeer,0.2,8,0.3,8,-0.016000032424926758
CiteSeer,0.2,8,0.3,9,-0.016000032424926758
CiteSeer,0.2,8,0.3,10,0.0029999613761901855
CiteSeer,0.2,8,0.4,0,0.029999971389770508
CiteSeer,0.2,8,0.4,1,0.018999993801116943
CiteSeer,0.2,8,0.4,2,-0.013000011444091797
CiteSeer,0.2,8,0.4,3,0.0
CiteSeer,0.2,8,0.4,4,-0.023000001907348633
CiteSeer,0.2,8,0.4,5,-0.016000032424926758
CiteSeer,0.2,8,0.4,6,-0.0020000338554382324
CiteSeer,0.2,8,0.4,7,0.0009999871253967285
CiteSeer,0.2,8,0.4,8,-0.0020000338554382324
CiteSeer,0.2,8,0.4,9,-0.0020000338554382324
CiteSeer,0.2,8,0.4,10,-0.016000032424926758
CiteSeer,0.2,8,0.5,0,0.009999990463256836
CiteSeer,0.2,8,0.5,1,0.0009999871253967285
CiteSeer,0.2,8,0.5,2,-0.00700002908706665
CiteSeer,0.2,8,0.5,3,-0.017000019550323486
CiteSeer,0.2,8,0.5,4,0.012999951839447021
CiteSeer,0.2,8,0.5,5,0.0
CiteSeer,0.2,8,0.5,6,0.0
CiteSeer,0.2,8,0.5,7,0.0
CiteSeer,0.2,8,0.5,8,-0.016000032424926758
CiteSeer,0.2,8,0.5,9,0.0
CiteSeer,0.2,8,0.5,10,0.0
CiteSeer,0.2,8,0.6,0,0.001999974250793457
CiteSeer,0.2,8,0.6,1,0.004999995231628418
CiteSeer,0.2,8,0.6,2,-0.013999998569488525
CiteSeer,0.2,8,0.6,3,-0.013999998569488525
CiteSeer,0.2,8,0.6,4,0.0
CiteSeer,0.2,8,0.6,5,-0.001000046730041504
CiteSeer,0.2,8,0.6,6,-0.001000046730041504
CiteSeer,0.2,8,0.6,7,0.0
CiteSeer,0.2,8,0.6,8,-0.001000046730041504
CiteSeer,0.2,8,0.6,9,-0.001000046730041504
CiteSeer,0.2,8,0.6,10,0.0
CiteSeer,0.2,8,0.7,0,-0.00700002908706665
CiteSeer,0.2,8,0.7,1,-0.008000016212463379
CiteSeer,0.2,8,0.7,2,-0.004999995231628418
CiteSeer,0.2,8,0.7,3,0.001999974250793457
CiteSeer,0.2,8,0.7,4,-0.001000046730041504
CiteSeer,0.2,8,0.7,5,-0.001000046730041504
CiteSeer,0.2,8,0.7,6,-0.001000046730041504
CiteSeer,0.2,8,0.7,7,0.0
CiteSeer,0.2,8,0.7,8,-0.001000046730041504
CiteSeer,0.2,8,0.7,9,-0.001000046730041504
CiteSeer,0.2,8,0.7,10,-0.001000046730041504
CiteSeer,0.2,8,0.8,0,0.011999964714050293
CiteSeer,0.2,8,0.8,1,-0.0040000081062316895
CiteSeer,0.2,8,0.8,2,-0.004999995231628418
CiteSeer,0.2,8,0.8,3,-0.001000046730041504
CiteSeer,0.2,8,0.8,4,-0.001000046730041504
CiteSeer,0.2,8,0.8,5,-0.001000046730041504
CiteSeer,0.2,8,0.8,6,-0.001000046730041504
CiteSeer,0.2,8,0.8,7,-0.001000046730041504
CiteSeer,0.2,8,0.8,8,-0.001000046730041504
CiteSeer,0.2,8,0.8,9,-0.001000046730041504
CiteSeer,0.2,8,0.8,10,-0.001000046730041504
CiteSeer,0.2,8,0.9,0,-0.003000020980834961
CiteSeer,0.2,8,0.9,1,-0.004999995231628418
CiteSeer,0.2,8,0.9,2,-0.006000041961669922
CiteSeer,0.2,8,0.9,3,-0.001000046730041504
CiteSeer,0.2,8,0.9,4,-0.001000046730041504
CiteSeer,0.2,8,0.9,5,-0.001000046730041504
CiteSeer,0.2,8,0.9,6,-0.001000046730041504
CiteSeer,0.2,8,0.9,7,-0.001000046730041504
CiteSeer,0.2,8,0.9,8,-0.001000046730041504
CiteSeer,0.2,8,0.9,9,-0.001000046730041504
CiteSeer,0.2,8,0.9,10,-0.001000046730041504
CiteSeer,0.2,9,0.0,0,0.054000020027160645
CiteSeer,0.2,9,0.0,1,0.05199998617172241
CiteSeer,0.2,9,0.0,2,0.023000001907348633
CiteSeer,0.2,9,0.0,3,0.0040000081062316895
CiteSeer,0.2,9,0.0,4,0.022000014781951904
CiteSeer,0.2,9,0.0,5,0.0040000081062316895
CiteSeer,0.2,9,0.0,6,0.05199998617172241
CiteSeer,0.2,9,0.0,7,0.03700000047683716
CiteSeer,0.2,9,0.0,8,0.034999966621398926
CiteSeer,0.2,9,0.0,9,0.02899998426437378
CiteSeer,0.2,9,0.0,10,-0.0020000338554382324
CiteSeer,0.2,9,0.1,0,0.029999971389770508
CiteSeer,0.2,9,0.1,1,0.023000001907348633
CiteSeer,0.2,9,0.1,2,-0.009000003337860107
CiteSeer,0.2,9,0.1,3,0.0029999613761901855
CiteSeer,0.2,9,0.1,4,0.009999990463256836
CiteSeer,0.2,9,0.1,5,0.0059999823570251465
CiteSeer,0.2,9,0.1,6,-0.027000010013580322
CiteSeer,0.2,9,0.1,7,-0.0059999823570251465
CiteSeer,0.2,9,0.1,8,0.0040000081062316895
CiteSeer,0.2,9,0.1,9,-0.0009999871253967285
CiteSeer,0.2,9,0.1,10,0.0009999871253967285
CiteSeer,0.2,9,0.2,0,0.023000001907348633
CiteSeer,0.2,9,0.2,1,-0.0009999871253967285
CiteSeer,0.2,9,0.2,2,-0.01100003719329834
CiteSeer,0.2,9,0.2,3,-0.003000020980834961
CiteSeer,0.2,9,0.2,4,-0.004999995231628418
CiteSeer,0.2,9,0.2,5,0.0059999823570251465
CiteSeer,0.2,9,0.2,6,0.0059999823570251465
CiteSeer,0.2,9,0.2,7,0.0
CiteSeer,0.2,9,0.2,8,-0.0059999823570251465
CiteSeer,0.2,9,0.2,9,0.004999995231628418
CiteSeer,0.2,9,0.2,10,0.004999995231628418
CiteSeer,0.2,9,0.3,0,0.0009999871253967285
CiteSeer,0.2,9,0.3,1,-0.0009999871253967285
CiteSeer,0.2,9,0.3,2,-0.0059999823570251465
CiteSeer,0.2,9,0.3,3,-0.01100003719329834
CiteSeer,0.2,9,0.3,4,-0.0059999823570251465
CiteSeer,0.2,9,0.3,5,0.004999995231628418
CiteSeer,0.2,9,0.3,6,0.004999995231628418
CiteSeer,0.2,9,0.3,7,0.004999995231628418
CiteSeer,0.2,9,0.3,8,0.004999995231628418
CiteSeer,0.2,9,0.3,9,0.004999995231628418
CiteSeer,0.2,9,0.3,10,0.004999995231628418
CiteSeer,0.2,9,0.4,0,0.010999977588653564
CiteSeer,0.2,9,0.4,1,-0.003000020980834961
CiteSeer,0.2,9,0.4,2,-0.0059999823570251465
CiteSeer,0.2,9,0.4,3,0.004999995231628418
CiteSeer,0.2,9,0.4,4,0.0
CiteSeer,0.2,9,0.4,5,0.004999995231628418
CiteSeer,0.2,9,0.4,6,0.004999995231628418
CiteSeer,0.2,9,0.4,7,0.004999995231628418
CiteSeer,0.2,9,0.4,8,0.004999995231628418
CiteSeer,0.2,9,0.4,9,0.004999995231628418
CiteSeer,0.2,9,0.4,10,0.006999969482421875
CiteSeer,0.2,9,0.5,0,0.0029999613761901855
CiteSeer,0.2,9,0.5,1,0.004999995231628418
CiteSeer,0.2,9,0.5,2,0.0
CiteSeer,0.2,9,0.5,3,0.004999995231628418
CiteSeer,0.2,9,0.5,4,0.004999995231628418
CiteSeer,0.2,9,0.5,5,0.004999995231628418
CiteSeer,0.2,9,0.5,6,0.014999985694885254
CiteSeer,0.2,9,0.5,7,0.006999969482421875
CiteSeer,0.2,9,0.5,8,0.006999969482421875
CiteSeer,0.2,9,0.5,9,0.006999969482421875
CiteSeer,0.2,9,0.5,10,0.006999969482421875
CiteSeer,0.2,9,0.6,0,0.001999974250793457
CiteSeer,0.2,9,0.6,1,-0.0009999871253967285
CiteSeer,0.2,9,0.6,2,0.004999995231628418
CiteSeer,0.2,9,0.6,3,0.004999995231628418
CiteSeer,0.2,9,0.6,4,0.004999995231628418
CiteSeer,0.2,9,0.6,5,0.011999964714050293
CiteSeer,0.2,9,0.6,6,0.006999969482421875
CiteSeer,0.2,9,0.6,7,0.006999969482421875
CiteSeer,0.2,9,0.6,8,0.006999969482421875
CiteSeer,0.2,9,0.6,9,0.006999969482421875
CiteSeer,0.2,9,0.6,10,0.006999969482421875
CiteSeer,0.2,9,0.7,0,0.008000016212463379
CiteSeer,0.2,9,0.7,1,0.0059999823570251465
CiteSeer,0.2,9,0.7,2,0.004999995231628418
CiteSeer,0.2,9,0.7,3,0.004999995231628418
CiteSeer,0.2,9,0.7,4,0.006999969482421875
CiteSeer,0.2,9,0.7,5,0.006999969482421875
CiteSeer,0.2,9,0.7,6,0.006999969482421875
CiteSeer,0.2,9,0.7,7,0.006999969482421875
CiteSeer,0.2,9,0.7,8,0.006999969482421875
CiteSeer,0.2,9,0.7,9,0.006999969482421875
CiteSeer,0.2,9,0.7,10,0.006999969482421875
CiteSeer,0.2,9,0.8,0,0.027000010013580322
CiteSeer,0.2,9,0.8,1,0.004999995231628418
CiteSeer,0.2,9,0.8,2,0.004999995231628418
CiteSeer,0.2,9,0.8,3,0.006999969482421875
CiteSeer,0.2,9,0.8,4,0.006999969482421875
CiteSeer,0.2,9,0.8,5,0.006999969482421875
CiteSeer,0.2,9,0.8,6,0.006999969482421875
CiteSeer,0.2,9,0.8,7,0.006999969482421875
CiteSeer,0.2,9,0.8,8,0.006999969482421875
CiteSeer,0.2,9,0.8,9,0.006999969482421875
CiteSeer,0.2,9,0.8,10,0.006999969482421875
CiteSeer,0.2,9,0.9,0,0.001999974250793457
CiteSeer,0.2,9,0.9,1,0.004999995231628418
CiteSeer,0.2,9,0.9,2,0.004999995231628418
CiteSeer,0.2,9,0.9,3,0.006999969482421875
CiteSeer,0.2,9,0.9,4,0.006999969482421875
CiteSeer,0.2,9,0.9,5,0.006999969482421875
CiteSeer,0.2,9,0.9,6,0.006999969482421875
CiteSeer,0.2,9,0.9,7,0.006999969482421875
CiteSeer,0.2,9,0.9,8,0.006999969482421875
CiteSeer,0.2,9,0.9,9,0.006999969482421875
CiteSeer,0.2,9,0.9,10,0.006999969482421875
CiteSeer,0.3,0,0.0,0,0.06400001049041748
CiteSeer,0.3,0,0.0,1,0.10900002717971802
CiteSeer,0.3,0,0.0,2,0.0910000205039978
CiteSeer,0.3,0,0.0,3,0.06300002336502075
CiteSeer,0.3,0,0.0,4,0.09700000286102295
CiteSeer,0.3,0,0.0,5,0.07599997520446777
CiteSeer,0.3,0,0.0,6,0.06400001049041748
CiteSeer,0.3,0,0.0,7,0.07999998331069946
CiteSeer,0.3,0,0.0,8,0.07300001382827759
CiteSeer,0.3,0,0.0,9,0.08499997854232788
CiteSeer,0.3,0,0.0,10,0.06800001859664917
CiteSeer,0.3,0,0.1,0,0.09700000286102295
CiteSeer,0.3,0,0.1,1,0.07599997520446777
CiteSeer,0.3,0,0.1,2,0.05199998617172241
CiteSeer,0.3,0,0.1,3,0.07899999618530273
CiteSeer,0.3,0,0.1,4,0.06999999284744263
CiteSeer,0.3,0,0.1,5,0.06300002336502075
CiteSeer,0.3,0,0.1,6,0.042999982833862305
CiteSeer,0.3,0,0.1,7,0.018000006675720215
CiteSeer,0.3,0,0.1,8,0.042999982833862305
CiteSeer,0.3,0,0.1,9,0.03700000047683716
CiteSeer,0.3,0,0.1,10,0.06999999284744263
CiteSeer,0.3,0,0.2,0,0.034999966621398926
CiteSeer,0.3,0,0.2,1,0.05500000715255737
CiteSeer,0.3,0,0.2,2,0.07899999618530273
CiteSeer,0.3,0,0.2,3,0.05299997329711914
CiteSeer,0.3,0,0.2,4,0.0339999794960022
CiteSeer,0.3,0,0.2,5,0.05299997329711914
CiteSeer,0.3,0,0.2,6,-0.004999995231628418
CiteSeer,0.3,0,0.2,7,0.02499997615814209
CiteSeer,0.3,0,0.2,8,0.006999969482421875
CiteSeer,0.3,0,0.2,9,-0.0009999871253967285
CiteSeer,0.3,0,0.2,10,0.001999974250793457
CiteSeer,0.3,0,0.3,0,0.06800001859664917
CiteSeer,0.3,0,0.3,1,0.07400000095367432
CiteSeer,0.3,0,0.3,2,0.029999971389770508
CiteSeer,0.3,0,0.3,3,0.014999985694885254
CiteSeer,0.3,0,0.3,4,0.03100001811981201
CiteSeer,0.3,0,0.3,5,0.004999995231628418
CiteSeer,0.3,0,0.3,6,0.0059999823570251465
CiteSeer,0.3,0,0.3,7,-0.0009999871253967285
CiteSeer,0.3,0,0.3,8,0.008000016212463379
CiteSeer,0.3,0,0.3,9,0.004999995231628418
CiteSeer,0.3,0,0.3,10,0.02399998903274536
CiteSeer,0.3,0,0.4,0,0.07999998331069946
CiteSeer,0.3,0,0.4,1,0.026000022888183594
CiteSeer,0.3,0,0.4,2,0.027000010013580322
CiteSeer,0.3,0,0.4,3,0.009000003337860107
CiteSeer,0.3,0,0.4,4,0.0059999823570251465
CiteSeer,0.3,0,0.4,5,0.004999995231628418
CiteSeer,0.3,0,0.4,6,0.004999995231628418
CiteSeer,0.3,0,0.4,7,0.004999995231628418
CiteSeer,0.3,0,0.4,8,0.013999998569488525
CiteSeer,0.3,0,0.4,9,0.004999995231628418
CiteSeer,0.3,0,0.4,10,0.013999998569488525
CiteSeer,0.3,0,0.5,0,0.06400001049041748
CiteSeer,0.3,0,0.5,1,0.03799998760223389
CiteSeer,0.3,0,0.5,2,0.013999998569488525
CiteSeer,0.3,0,0.5,3,0.008000016212463379
CiteSeer,0.3,0,0.5,4,0.003000020980834961
CiteSeer,0.3,0,0.5,5,-0.0009999871253967285
CiteSeer,0.3,0,0.5,6,0.001999974250793457
CiteSeer,0.3,0,0.5,7,0.001999974250793457
CiteSeer,0.3,0,0.5,8,0.001999974250793457
CiteSeer,0.3,0,0.5,9,-0.0009999871253967285
CiteSeer,0.3,0,0.5,10,0.001999974250793457
CiteSeer,0.3,0,0.6,0,0.08899998664855957
CiteSeer,0.3,0,0.6,1,0.04399996995925903
CiteSeer,0.3,0,0.6,2,0.003000020980834961
CiteSeer,0.3,0,0.6,3,0.0009999871253967285
CiteSeer,0.3,0,0.6,4,-0.0009999871253967285
CiteSeer,0.3,0,0.6,5,-0.0009999871253967285
CiteSeer,0.3,0,0.6,6,-0.0009999871253967285
CiteSeer,0.3,0,0.6,7,0.001999974250793457
CiteSeer,0.3,0,0.6,8,-0.0009999871253967285
CiteSeer,0.3,0,0.6,9,-0.0009999871253967285
CiteSeer,0.3,0,0.6,10,-0.0009999871253967285
CiteSeer,0.3,0,0.7,0,0.05500000715255737
CiteSeer,0.3,0,0.7,1,0.027000010013580322
CiteSeer,0.3,0,0.7,2,-0.0059999823570251465
CiteSeer,0.3,0,0.7,3,0.003000020980834961
CiteSeer,0.3,0,0.7,4,-0.0009999871253967285
CiteSeer,0.3,0,0.7,5,0.001999974250793457
CiteSeer,0.3,0,0.7,6,-0.0009999871253967285
CiteSeer,0.3,0,0.7,7,0.001999974250793457
CiteSeer,0.3,0,0.7,8,-0.0009999871253967285
CiteSeer,0.3,0,0.7,9,0.001999974250793457
CiteSeer,0.3,0,0.7,10,-0.0009999871253967285
CiteSeer,0.3,0,0.8,0,0.041999995708465576
CiteSeer,0.3,0,0.8,1,0.004999995231628418
CiteSeer,0.3,0,0.8,2,0.0009999871253967285
CiteSeer,0.3,0,0.8,3,-0.0009999871253967285
CiteSeer,0.3,0,0.8,4,-0.0009999871253967285
CiteSeer,0.3,0,0.8,5,-0.0009999871253967285
CiteSeer,0.3,0,0.8,6,-0.0009999871253967285
CiteSeer,0.3,0,0.8,7,-0.0009999871253967285
CiteSeer,0.3,0,0.8,8,-0.0009999871253967285
CiteSeer,0.3,0,0.8,9,-0.0009999871253967285
CiteSeer,0.3,0,0.8,10,0.001999974250793457
CiteSeer,0.3,0,0.9,0,0.04500001668930054
CiteSeer,0.3,0,0.9,1,0.0059999823570251465
CiteSeer,0.3,0,0.9,2,0.0009999871253967285
CiteSeer,0.3,0,0.9,3,-0.0009999871253967285
CiteSeer,0.3,0,0.9,4,-0.0009999871253967285
CiteSeer,0.3,0,0.9,5,-0.0009999871253967285
CiteSeer,0.3,0,0.9,6,-0.0009999871253967285
CiteSeer,0.3,0,0.9,7,0.001999974250793457
CiteSeer,0.3,0,0.9,8,-0.0009999871253967285
CiteSeer,0.3,0,0.9,9,-0.0009999871253967285
CiteSeer,0.3,0,0.9,10,-0.0009999871253967285
CiteSeer,0.3,1,0.0,0,0.022000014781951904
CiteSeer,0.3,1,0.0,1,0.038999974727630615
CiteSeer,0.3,1,0.0,2,0.0690000057220459
CiteSeer,0.3,1,0.0,3,0.03299999237060547
CiteSeer,0.3,1,0.0,4,0.05399996042251587
CiteSeer,0.3,1,0.0,5,0.039999961853027344
CiteSeer,0.3,1,0.0,6,0.006999969482421875
CiteSeer,0.3,1,0.0,7,0.030999958515167236
CiteSeer,0.3,1,0.0,8,0.04499995708465576
CiteSeer,0.3,1,0.0,9,0.013000011444091797
CiteSeer,0.3,1,0.0,10,0.030999958515167236
CiteSeer,0.3,1,0.1,0,0.014999985694885254
CiteSeer,0.3,1,0.1,1,0.029999971389770508
CiteSeer,0.3,1,0.1,2,0.004999995231628418
CiteSeer,0.3,1,0.1,3,0.0040000081062316895
CiteSeer,0.3,1,0.1,4,-0.0009999871253967285
CiteSeer,0.3,1,0.1,5,0.019999980926513672
CiteSeer,0.3,1,0.1,6,0.02399998903274536
CiteSeer,0.3,1,0.1,7,0.03200000524520874
CiteSeer,0.3,1,0.1,8,0.0040000081062316895
CiteSeer,0.3,1,0.1,9,0.009999990463256836
CiteSeer,0.3,1,0.1,10,-0.020000040531158447
CiteSeer,0.3,1,0.2,0,0.02599996328353882
CiteSeer,0.3,1,0.2,1,0.014999985694885254
CiteSeer,0.3,1,0.2,2,0.004999995231628418
CiteSeer,0.3,1,0.2,3,0.014999985694885254
CiteSeer,0.3,1,0.2,4,0.022000014781951904
CiteSeer,0.3,1,0.2,5,-0.012000024318695068
CiteSeer,0.3,1,0.2,6,0.001999974250793457
CiteSeer,0.3,1,0.2,7,-0.0009999871253967285
CiteSeer,0.3,1,0.2,8,-0.009000003337860107
CiteSeer,0.3,1,0.2,9,0.018999993801116943
CiteSeer,0.3,1,0.2,10,0.0
CiteSeer,0.3,1,0.3,0,0.046000003814697266
CiteSeer,0.3,1,0.3,1,0.019999980926513672
CiteSeer,0.3,1,0.3,2,-0.008000016212463379
CiteSeer,0.3,1,0.3,3,0.0009999871253967285
CiteSeer,0.3,1,0.3,4,0.0
CiteSeer,0.3,1,0.3,5,0.007999956607818604
CiteSeer,0.3,1,0.3,6,-0.0009999871253967285
CiteSeer,0.3,1,0.3,7,0.004999995231628418
CiteSeer,0.3,1,0.3,8,0.004999995231628418
CiteSeer,0.3,1,0.3,9,0.004999995231628418
CiteSeer,0.3,1,0.3,10,-0.009999990463256836
CiteSeer,0.3,1,0.4,0,0.06499999761581421
CiteSeer,0.3,1,0.4,1,0.023000001907348633
CiteSeer,0.3,1,0.4,2,-0.00700002908706665
CiteSeer,0.3,1,0.4,3,0.022000014781951904
CiteSeer,0.3,1,0.4,4,-0.01100003719329834
CiteSeer,0.3,1,0.4,5,0.004999995231628418
CiteSeer,0.3,1,0.4,6,0.004999995231628418
CiteSeer,0.3,1,0.4,7,0.004999995231628418
CiteSeer,0.3,1,0.4,8,0.004999995231628418
CiteSeer,0.3,1,0.4,9,0.004999995231628418
CiteSeer,0.3,1,0.4,10,0.004999995231628418
CiteSeer,0.3,1,0.5,0,0.0209999680519104
CiteSeer,0.3,1,0.5,1,0.0009999871253967285
CiteSeer,0.3,1,0.5,2,0.009000003337860107
CiteSeer,0.3,1,0.5,3,0.004999995231628418
CiteSeer,0.3,1,0.5,4,0.004999995231628418
CiteSeer,0.3,1,0.5,5,0.004999995231628418
CiteSeer,0.3,1,0.5,6,0.0029999613761901855
CiteSeer,0.3,1,0.5,7,-0.009000003337860107
CiteSeer,0.3,1,0.5,8,-0.009000003337860107
CiteSeer,0.3,1,0.5,9,-0.009000003337860107
CiteSeer,0.3,1,0.5,10,-0.009000003337860107
CiteSeer,0.3,1,0.6,0,0.03299999237060547
CiteSeer,0.3,1,0.6,1,0.001999974250793457
CiteSeer,0.3,1,0.6,2,-0.0009999871253967285
CiteSeer,0.3,1,0.6,3,0.004999995231628418
CiteSeer,0.3,1,0.6,4,0.0029999613761901855
CiteSeer,0.3,1,0.6,5,-0.009000003337860107
CiteSeer,0.3,1,0.6,6,-0.009000003337860107
CiteSeer,0.3,1,0.6,7,-0.009000003337860107
CiteSeer,0.3,1,0.6,8,-0.009000003337860107
CiteSeer,0.3,1,0.6,9,-0.009000003337860107
CiteSeer,0.3,1,0.6,10,-0.009000003337860107
CiteSeer,0.3,1,0.7,0,-0.004999995231628418
CiteSeer,0.3,1,0.7,1,-0.0009999871253967285
CiteSeer,0.3,1,0.7,2,0.004999995231628418
CiteSeer,0.3,1,0.7,3,0.0029999613761901855
CiteSeer,0.3,1,0.7,4,-0.009000003337860107
CiteSeer,0.3,1,0.7,5,-0.009000003337860107
CiteSeer,0.3,1,0.7,6,-0.009000003337860107
CiteSeer,0.3,1,0.7,7,-0.009000003337860107
CiteSeer,0.3,1,0.7,8,-0.009000003337860107
CiteSeer,0.3,1,0.7,9,-0.009000003337860107
CiteSeer,0.3,1,0.7,10,-0.009000003337860107
CiteSeer,0.3,1,0.8,0,0.0059999823570251465
CiteSeer,0.3,1,0.8,1,-0.006000041961669922
CiteSeer,0.3,1,0.8,2,0.004999995231628418
CiteSeer,0.3,1,0.8,3,-0.009000003337860107
CiteSeer,0.3,1,0.8,4,-0.009000003337860107
CiteSeer,0.3,1,0.8,5,-0.009000003337860107
CiteSeer,0.3,1,0.8,6,-0.009000003337860107
CiteSeer,0.3,1,0.8,7,-0.009000003337860107
CiteSeer,0.3,1,0.8,8,-0.009000003337860107
CiteSeer,0.3,1,0.8,9,-0.009000003337860107
CiteSeer,0.3,1,0.8,10,-0.009000003337860107
CiteSeer,0.3,1,0.9,0,-0.004999995231628418
CiteSeer,0.3,1,0.9,1,-0.01100003719329834
CiteSeer,0.3,1,0.9,2,0.0029999613761901855
CiteSeer,0.3,1,0.9,3,-0.009000003337860107
CiteSeer,0.3,1,0.9,4,-0.009000003337860107
CiteSeer,0.3,1,0.9,5,-0.009000003337860107
CiteSeer,0.3,1,0.9,6,-0.009000003337860107
CiteSeer,0.3,1,0.9,7,-0.009000003337860107
CiteSeer,0.3,1,0.9,8,-0.009000003337860107
CiteSeer,0.3,1,0.9,9,-0.009000003337860107
CiteSeer,0.3,1,0.9,10,-0.009000003337860107
CiteSeer,0.3,2,0.0,0,0.06099998950958252
CiteSeer,0.3,2,0.0,1,0.07999998331069946
CiteSeer,0.3,2,0.0,2,0.078000009059906
CiteSeer,0.3,2,0.0,3,0.06699997186660767
CiteSeer,0.3,2,0.0,4,0.09499996900558472
CiteSeer,0.3,2,0.0,5,0.06699997186660767
CiteSeer,0.3,2,0.0,6,0.08199995756149292
CiteSeer,0.3,2,0.0,7,0.0769999623298645
CiteSeer,0.3,2,0.0,8,0.10399997234344482
CiteSeer,0.3,2,0.0,9,0.05899995565414429
CiteSeer,0.3,2,0.0,10,0.04899996519088745
CiteSeer,0.3,2,0.1,0,0.0769999623298645
CiteSeer,0.3,2,0.1,1,0.03200000524520874
CiteSeer,0.3,2,0.1,2,0.02499997615814209
CiteSeer,0.3,2,0.1,3,0.0339999794960022
CiteSeer,0.3,2,0.1,4,-0.013999998569488525
CiteSeer,0.3,2,0.1,5,0.023000001907348633
CiteSeer,0.3,2,0.1,6,0.039999961853027344
CiteSeer,0.3,2,0.1,7,0.015999972820281982
CiteSeer,0.3,2,0.1,8,0.041999995708465576
CiteSeer,0.3,2,0.1,9,0.04799997806549072
CiteSeer,0.3,2,0.1,10,0.006999969482421875
CiteSeer,0.3,2,0.2,0,0.0690000057220459
CiteSeer,0.3,2,0.2,1,0.02599996328353882
CiteSeer,0.3,2,0.2,2,0.02399998903274536
CiteSeer,0.3,2,0.2,3,0.03200000524520874
CiteSeer,0.3,2,0.2,4,0.001999974250793457
CiteSeer,0.3,2,0.2,5,-0.008000016212463379
CiteSeer,0.3,2,0.2,6,0.0029999613761901855
CiteSeer,0.3,2,0.2,7,0.0209999680519104
CiteSeer,0.3,2,0.2,8,0.004999995231628418
CiteSeer,0.3,2,0.2,9,-0.001000046730041504
CiteSeer,0.3,2,0.2,10,0.018999993801116943
CiteSeer,0.3,2,0.3,0,0.04499995708465576
CiteSeer,0.3,2,0.3,1,0.0059999823570251465
CiteSeer,0.3,2,0.3,2,0.004999995231628418
CiteSeer,0.3,2,0.3,3,0.001999974250793457
CiteSeer,0.3,2,0.3,4,-0.006000041961669922
CiteSeer,0.3,2,0.3,5,0.013999998569488525
CiteSeer,0.3,2,0.3,6,-0.001000046730041504
CiteSeer,0.3,2,0.3,7,0.0059999823570251465
CiteSeer,0.3,2,0.3,8,0.012999951839447021
CiteSeer,0.3,2,0.3,9,0.0
CiteSeer,0.3,2,0.3,10,0.0
CiteSeer,0.3,2,0.4,0,0.03299999237060547
CiteSeer,0.3,2,0.4,1,0.011999964714050293
CiteSeer,0.3,2,0.4,2,-0.001000046730041504
CiteSeer,0.3,2,0.4,3,-0.001000046730041504
CiteSeer,0.3,2,0.4,4,0.0059999823570251465
CiteSeer,0.3,2,0.4,5,-0.003000020980834961
CiteSeer,0.3,2,0.4,6,0.0059999823570251465
CiteSeer,0.3,2,0.4,7,0.0059999823570251465
CiteSeer,0.3,2,0.4,8,0.0059999823570251465
CiteSeer,0.3,2,0.4,9,0.0059999823570251465
CiteSeer,0.3,2,0.4,10,-0.003000020980834961
CiteSeer,0.3,2,0.5,0,0.07199996709823608
CiteSeer,0.3,2,0.5,1,0.01699995994567871
CiteSeer,0.3,2,0.5,2,-0.001000046730041504
CiteSeer,0.3,2,0.5,3,0.0059999823570251465
CiteSeer,0.3,2,0.5,4,0.009000003337860107
CiteSeer,0.3,2,0.5,5,0.018999993801116943
CiteSeer,0.3,2,0.5,6,0.0059999823570251465
CiteSeer,0.3,2,0.5,7,0.018999993801116943
CiteSeer,0.3,2,0.5,8,0.0059999823570251465
CiteSeer,0.3,2,0.5,9,0.0059999823570251465
CiteSeer,0.3,2,0.5,10,0.0059999823570251465
CiteSeer,0.3,2,0.6,0,0.02199995517730713
CiteSeer,0.3,2,0.6,1,-0.001000046730041504
CiteSeer,0.3,2,0.6,2,-0.001000046730041504
CiteSeer,0.3,2,0.6,3,0.0009999871253967285
CiteSeer,0.3,2,0.6,4,0.0059999823570251465
CiteSeer,0.3,2,0.6,5,0.0059999823570251465
CiteSeer,0.3,2,0.6,6,0.0059999823570251465
CiteSeer,0.3,2,0.6,7,0.0059999823570251465
CiteSeer,0.3,2,0.6,8,0.0059999823570251465
CiteSeer,0.3,2,0.6,9,0.0059999823570251465
CiteSeer,0.3,2,0.6,10,0.0059999823570251465
CiteSeer,0.3,2,0.7,0,-0.0020000338554382324
CiteSeer,0.3,2,0.7,1,0.0029999613761901855
CiteSeer,0.3,2,0.7,2,0.006999969482421875
CiteSeer,0.3,2,0.7,3,0.0059999823570251465
CiteSeer,0.3,2,0.7,4,0.0059999823570251465
CiteSeer,0.3,2,0.7,5,0.0059999823570251465
CiteSeer,0.3,2,0.7,6,0.0059999823570251465
CiteSeer,0.3,2,0.7,7,0.0059999823570251465
CiteSeer,0.3,2,0.7,8,0.0059999823570251465
CiteSeer,0.3,2,0.7,9,0.0059999823570251465
CiteSeer,0.3,2,0.7,10,0.0059999823570251465
CiteSeer,0.3,2,0.8,0,-0.003000020980834961
CiteSeer,0.3,2,0.8,1,-0.0020000338554382324
CiteSeer,0.3,2,0.8,2,0.0009999871253967285
CiteSeer,0.3,2,0.8,3,0.0059999823570251465
CiteSeer,0.3,2,0.8,4,0.0059999823570251465
CiteSeer,0.3,2,0.8,5,0.0059999823570251465
CiteSeer,0.3,2,0.8,6,0.0059999823570251465
CiteSeer,0.3,2,0.8,7,0.0059999823570251465
CiteSeer,0.3,2,0.8,8,0.0059999823570251465
CiteSeer,0.3,2,0.8,9,0.0059999823570251465
CiteSeer,0.3,2,0.8,10,0.0059999823570251465
CiteSeer,0.3,2,0.9,0,0.019999980926513672
CiteSeer,0.3,2,0.9,1,-0.0020000338554382324
CiteSeer,0.3,2,0.9,2,0.0059999823570251465
CiteSeer,0.3,2,0.9,3,0.0059999823570251465
CiteSeer,0.3,2,0.9,4,0.0059999823570251465
CiteSeer,0.3,2,0.9,5,0.0059999823570251465
CiteSeer,0.3,2,0.9,6,0.0059999823570251465
CiteSeer,0.3,2,0.9,7,0.0059999823570251465
CiteSeer,0.3,2,0.9,8,0.0059999823570251465
CiteSeer,0.3,2,0.9,9,0.0059999823570251465
CiteSeer,0.3,2,0.9,10,0.0059999823570251465
CiteSeer,0.3,3,0.0,0,0.07999998331069946
CiteSeer,0.3,3,0.0,1,0.046999990940093994
CiteSeer,0.3,3,0.0,2,0.023000001907348633
CiteSeer,0.3,3,0.0,3,0.06699997186660767
CiteSeer,0.3,3,0.0,4,0.046000003814697266
CiteSeer,0.3,3,0.0,5,0.029999971389770508
CiteSeer,0.3,3,0.0,6,0.03799998760223389
CiteSeer,0.3,3,0.0,7,0.050000011920928955
CiteSeer,0.3,3,0.0,8,0.04399996995925903
CiteSeer,0.3,3,0.0,9,0.022000014781951904
CiteSeer,0.3,3,0.0,10,0.06499999761581421
CiteSeer,0.3,3,0.1,0,0.039999961853027344
CiteSeer,0.3,3,0.1,1,0.03600001335144043
CiteSeer,0.3,3,0.1,2,0.03600001335144043
CiteSeer,0.3,3,0.1,3,0.02899998426437378
CiteSeer,0.3,3,0.1,4,0.006999969482421875
CiteSeer,0.3,3,0.1,5,0.03299999237060547
CiteSeer,0.3,3,0.1,6,0.0559999942779541
CiteSeer,0.3,3,0.1,7,0.014999985694885254
CiteSeer,0.3,3,0.1,8,0.03100001811981201
CiteSeer,0.3,3,0.1,9,0.018999993801116943
CiteSeer,0.3,3,0.1,10,0.014999985694885254
CiteSeer,0.3,3,0.2,0,0.041999995708465576
CiteSeer,0.3,3,0.2,1,0.03100001811981201
CiteSeer,0.3,3,0.2,2,0.013999998569488525
CiteSeer,0.3,3,0.2,3,0.019999980926513672
CiteSeer,0.3,3,0.2,4,0.0209999680519104
CiteSeer,0.3,3,0.2,5,0.018999993801116943
CiteSeer,0.3,3,0.2,6,0.0209999680519104
CiteSeer,0.3,3,0.2,7,0.023000001907348633
CiteSeer,0.3,3,0.2,8,0.010999977588653564
CiteSeer,0.3,3,0.2,9,0.013000011444091797
CiteSeer,0.3,3,0.2,10,0.006999969482421875
CiteSeer,0.3,3,0.3,0,0.03100001811981201
CiteSeer,0.3,3,0.3,1,0.046000003814697266
CiteSeer,0.3,3,0.3,2,0.02499997615814209
CiteSeer,0.3,3,0.3,3,0.018000006675720215
CiteSeer,0.3,3,0.3,4,0.01699995994567871
CiteSeer,0.3,3,0.3,5,0.004999995231628418
CiteSeer,0.3,3,0.3,6,0.009000003337860107
CiteSeer,0.3,3,0.3,7,0.004999995231628418
CiteSeer,0.3,3,0.3,8,0.0040000081062316895
CiteSeer,0.3,3,0.3,9,0.009000003337860107
CiteSeer,0.3,3,0.3,10,0.009000003337860107
CiteSeer,0.3,3,0.4,0,0.014999985694885254
CiteSeer,0.3,3,0.4,1,0.029999971389770508
CiteSeer,0.3,3,0.4,2,0.019999980926513672
CiteSeer,0.3,3,0.4,3,0.009000003337860107
CiteSeer,0.3,3,0.4,4,0.004999995231628418
CiteSeer,0.3,3,0.4,5,0.0040000081062316895
CiteSeer,0.3,3,0.4,6,0.009000003337860107
CiteSeer,0.3,3,0.4,7,0.009000003337860107
CiteSeer,0.3,3,0.4,8,0.009000003337860107
CiteSeer,0.3,3,0.4,9,0.009000003337860107
CiteSeer,0.3,3,0.4,10,0.009000003337860107
CiteSeer,0.3,3,0.5,0,0.04500001668930054
CiteSeer,0.3,3,0.5,1,0.018999993801116943
CiteSeer,0.3,3,0.5,2,0.018000006675720215
CiteSeer,0.3,3,0.5,3,0.0059999823570251465
CiteSeer,0.3,3,0.5,4,0.0040000081062316895
CiteSeer,0.3,3,0.5,5,0.0040000081062316895
CiteSeer,0.3,3,0.5,6,0.009000003337860107
CiteSeer,0.3,3,0.5,7,0.009000003337860107
CiteSeer,0.3,3,0.5,8,0.0040000081062316895
CiteSeer,0.3,3,0.5,9,0.009000003337860107
CiteSeer,0.3,3,0.5,10,0.009000003337860107
CiteSeer,0.3,3,0.6,0,0.008000016212463379
CiteSeer,0.3,3,0.6,1,0.02499997615814209
CiteSeer,0.3,3,0.6,2,0.004999995231628418
CiteSeer,0.3,3,0.6,3,0.0040000081062316895
CiteSeer,0.3,3,0.6,4,0.009000003337860107
CiteSeer,0.3,3,0.6,5,0.009000003337860107
CiteSeer,0.3,3,0.6,6,0.0040000081062316895
CiteSeer,0.3,3,0.6,7,0.0040000081062316895
CiteSeer,0.3,3,0.6,8,0.009000003337860107
CiteSeer,0.3,3,0.6,9,0.0040000081062316895
CiteSeer,0.3,3,0.6,10,0.009000003337860107
CiteSeer,0.3,3,0.7,0,0.0209999680519104
CiteSeer,0.3,3,0.7,1,0.0009999871253967285
CiteSeer,0.3,3,0.7,2,0.0040000081062316895
CiteSeer,0.3,3,0.7,3,0.009000003337860107
CiteSeer,0.3,3,0.7,4,0.0040000081062316895
CiteSeer,0.3,3,0.7,5,0.0040000081062316895
CiteSeer,0.3,3,0.7,6,0.0040000081062316895
CiteSeer,0.3,3,0.7,7,0.0040000081062316895
CiteSeer,0.3,3,0.7,8,0.0040000081062316895
CiteSeer,0.3,3,0.7,9,0.009000003337860107
CiteSeer,0.3,3,0.7,10,0.009000003337860107
CiteSeer,0.3,3,0.8,0,0.018000006675720215
CiteSeer,0.3,3,0.8,1,0.004999995231628418
CiteSeer,0.3,3,0.8,2,0.0040000081062316895
CiteSeer,0.3,3,0.8,3,0.0040000081062316895
CiteSeer,0.3,3,0.8,4,0.0040000081062316895
CiteSeer,0.3,3,0.8,5,0.0040000081062316895
CiteSeer,0.3,3,0.8,6,0.009000003337860107
CiteSeer,0.3,3,0.8,7,0.0040000081062316895
CiteSeer,0.3,3,0.8,8,0.0040000081062316895
CiteSeer,0.3,3,0.8,9,0.0040000081062316895
CiteSeer,0.3,3,0.8,10,0.0040000081062316895
CiteSeer,0.3,3,0.9,0,0.0009999871253967285
CiteSeer,0.3,3,0.9,1,0.004999995231628418
CiteSeer,0.3,3,0.9,2,0.006999969482421875
CiteSeer,0.3,3,0.9,3,0.009000003337860107
CiteSeer,0.3,3,0.9,4,0.0040000081062316895
CiteSeer,0.3,3,0.9,5,0.0040000081062316895
CiteSeer,0.3,3,0.9,6,0.0040000081062316895
CiteSeer,0.3,3,0.9,7,0.0040000081062316895
CiteSeer,0.3,3,0.9,8,0.0040000081062316895
CiteSeer,0.3,3,0.9,9,0.0040000081062316895
CiteSeer,0.3,3,0.9,10,0.009000003337860107
CiteSeer,0.3,4,0.0,0,0.05199998617172241
CiteSeer,0.3,4,0.0,1,0.050000011920928955
CiteSeer,0.3,4,0.0,2,0.04399996995925903
CiteSeer,0.3,4,0.0,3,0.03799998760223389
CiteSeer,0.3,4,0.0,4,0.03600001335144043
CiteSeer,0.3,4,0.0,5,0.05799996852874756
CiteSeer,0.3,4,0.0,6,0.019999980926513672
CiteSeer,0.3,4,0.0,7,0.05699998140335083
CiteSeer,0.3,4,0.0,8,0.050000011920928955
CiteSeer,0.3,4,0.0,9,0.04500001668930054
CiteSeer,0.3,4,0.0,10,0.0559999942779541
CiteSeer,0.3,4,0.1,0,0.029999971389770508
CiteSeer,0.3,4,0.1,1,0.03299999237060547
CiteSeer,0.3,4,0.1,2,0.03299999237060547
CiteSeer,0.3,4,0.1,3,0.03799998760223389
CiteSeer,0.3,4,0.1,4,0.04500001668930054
CiteSeer,0.3,4,0.1,5,0.02499997615814209
CiteSeer,0.3,4,0.1,6,0.0339999794960022
CiteSeer,0.3,4,0.1,7,0.0350000262260437
CiteSeer,0.3,4,0.1,8,0.03100001811981201
CiteSeer,0.3,4,0.1,9,0.046999990940093994
CiteSeer,0.3,4,0.1,10,0.03299999237060547
CiteSeer,0.3,4,0.2,0,0.046000003814697266
CiteSeer,0.3,4,0.2,1,0.0339999794960022
CiteSeer,0.3,4,0.2,2,0.04000002145767212
CiteSeer,0.3,4,0.2,3,0.046999990940093994
CiteSeer,0.3,4,0.2,4,0.04100000858306885
CiteSeer,0.3,4,0.2,5,0.022000014781951904
CiteSeer,0.3,4,0.2,6,0.018000006675720215
CiteSeer,0.3,4,0.2,7,0.023000001907348633
CiteSeer,0.3,4,0.2,8,0.03600001335144043
CiteSeer,0.3,4,0.2,9,0.02399998903274536
CiteSeer,0.3,4,0.2,10,0.027000010013580322
CiteSeer,0.3,4,0.3,0,0.0209999680519104
CiteSeer,0.3,4,0.3,1,0.03799998760223389
CiteSeer,0.3,4,0.3,2,0.014999985694885254
CiteSeer,0.3,4,0.3,3,0.027000010013580322
CiteSeer,0.3,4,0.3,4,0.02399998903274536
CiteSeer,0.3,4,0.3,5,0.02499997615814209
CiteSeer,0.3,4,0.3,6,0.027000010013580322
CiteSeer,0.3,4,0.3,7,0.027000010013580322
CiteSeer,0.3,4,0.3,8,0.0209999680519104
CiteSeer,0.3,4,0.3,9,0.0209999680519104
CiteSeer,0.3,4,0.3,10,0.022000014781951904
CiteSeer,0.3,4,0.4,0,0.05500000715255737
CiteSeer,0.3,4,0.4,1,0.018000006675720215
CiteSeer,0.3,4,0.4,2,0.017000019550323486
CiteSeer,0.3,4,0.4,3,0.027000010013580322
CiteSeer,0.3,4,0.4,4,0.009000003337860107
CiteSeer,0.3,4,0.4,5,0.008000016212463379
CiteSeer,0.3,4,0.4,6,0.008000016212463379
CiteSeer,0.3,4,0.4,7,0.008000016212463379
CiteSeer,0.3,4,0.4,8,0.013999998569488525
CiteSeer,0.3,4,0.4,9,0.008000016212463379
CiteSeer,0.3,4,0.4,10,0.013999998569488525
CiteSeer,0.3,4,0.5,0,0.038999974727630615
CiteSeer,0.3,4,0.5,1,0.03299999237060547
CiteSeer,0.3,4,0.5,2,0.019999980926513672
CiteSeer,0.3,4,0.5,3,0.009000003337860107
CiteSeer,0.3,4,0.5,4,0.017000019550323486
CiteSeer,0.3,4,0.5,5,0.015999972820281982
CiteSeer,0.3,4,0.5,6,0.013000011444091797
CiteSeer,0.3,4,0.5,7,0.015999972820281982
CiteSeer,0.3,4,0.5,8,0.015999972820281982
CiteSeer,0.3,4,0.5,9,0.015999972820281982
CiteSeer,0.3,4,0.5,10,0.015999972820281982
CiteSeer,0.3,4,0.6,0,0.02799999713897705
CiteSeer,0.3,4,0.6,1,0.018000006675720215
CiteSeer,0.3,4,0.6,2,0.009000003337860107
CiteSeer,0.3,4,0.6,3,0.015999972820281982
CiteSeer,0.3,4,0.6,4,0.015999972820281982
CiteSeer,0.3,4,0.6,5,0.015999972820281982
CiteSeer,0.3,4,0.6,6,0.015999972820281982
CiteSeer,0.3,4,0.6,7,0.015999972820281982
CiteSeer,0.3,4,0.6,8,0.015999972820281982
CiteSeer,0.3,4,0.6,9,0.015999972820281982
CiteSeer,0.3,4,0.6,10,0.015999972820281982
CiteSeer,0.3,4,0.7,0,0.038999974727630615
CiteSeer,0.3,4,0.7,1,0.009000003337860107
CiteSeer,0.3,4,0.7,2,0.013999998569488525
CiteSeer,0.3,4,0.7,3,0.015999972820281982
CiteSeer,0.3,4,0.7,4,0.015999972820281982
CiteSeer,0.3,4,0.7,5,0.015999972820281982
CiteSeer,0.3,4,0.7,6,0.015999972820281982
CiteSeer,0.3,4,0.7,7,0.015999972820281982
CiteSeer,0.3,4,0.7,8,0.015999972820281982
CiteSeer,0.3,4,0.7,9,0.015999972820281982
CiteSeer,0.3,4,0.7,10,0.015999972820281982
CiteSeer,0.3,4,0.8,0,0.026000022888183594
CiteSeer,0.3,4,0.8,1,0.0059999823570251465
CiteSeer,0.3,4,0.8,2,0.0040000081062316895
CiteSeer,0.3,4,0.8,3,0.015999972820281982
CiteSeer,0.3,4,0.8,4,0.015999972820281982
CiteSeer,0.3,4,0.8,5,0.015999972820281982
CiteSeer,0.3,4,0.8,6,0.015999972820281982
CiteSeer,0.3,4,0.8,7,0.015999972820281982
CiteSeer,0.3,4,0.8,8,0.015999972820281982
CiteSeer,0.3,4,0.8,9,0.015999972820281982
CiteSeer,0.3,4,0.8,10,0.015999972820281982
CiteSeer,0.3,4,0.9,0,0.02499997615814209
CiteSeer,0.3,4,0.9,1,0.013999998569488525
CiteSeer,0.3,4,0.9,2,0.015999972820281982
CiteSeer,0.3,4,0.9,3,0.015999972820281982
CiteSeer,0.3,4,0.9,4,0.015999972820281982
CiteSeer,0.3,4,0.9,5,0.015999972820281982
CiteSeer,0.3,4,0.9,6,0.015999972820281982
CiteSeer,0.3,4,0.9,7,0.015999972820281982
CiteSeer,0.3,4,0.9,8,0.015999972820281982
CiteSeer,0.3,4,0.9,9,0.015999972820281982
CiteSeer,0.3,4,0.9,10,0.015999972820281982
CiteSeer,0.3,5,0.0,0,0.03599998354911804
CiteSeer,0.3,5,0.0,1,-0.006999999284744263
CiteSeer,0.3,5,0.0,2,0.05300000309944153
CiteSeer,0.3,5,0.0,3,-0.0020000040531158447
CiteSeer,0.3,5,0.0,4,0.007999986410140991
CiteSeer,0.3,5,0.0,5,0.0740000307559967
CiteSeer,0.3,5,0.0,6,0.08100000023841858
CiteSeer,0.3,5,0.0,7,0.10400000214576721
CiteSeer,0.3,5,0.0,8,0.037000030279159546
CiteSeer,0.3,5,0.0,9,0.015000015497207642
CiteSeer,0.3,5,0.0,10,0.06000003218650818
CiteSeer,0.3,5,0.1,0,0.0740000307559967
CiteSeer,0.3,5,0.1,1,0.08100000023841858
CiteSeer,0.3,5,0.1,2,0.02400001883506775
CiteSeer,0.3,5,0.1,3,0.0520000159740448
CiteSeer,0.3,5,0.1,4,0.03999999165534973
CiteSeer,0.3,5,0.1,5,0.02400001883506775
CiteSeer,0.3,5,0.1,6,0.01900002360343933
CiteSeer,0.3,5,0.1,7,0.007999986410140991
CiteSeer,0.3,5,0.1,8,0.034000009298324585
CiteSeer,0.3,5,0.1,9,0.025000005960464478
CiteSeer,0.3,5,0.1,10,0.04300001263618469
CiteSeer,0.3,5,0.2,0,0.025999993085861206
CiteSeer,0.3,5,0.2,1,0.05000004172325134
CiteSeer,0.3,5,0.2,2,0.05500003695487976
CiteSeer,0.3,5,0.2,3,0.018000036478042603
CiteSeer,0.3,5,0.2,4,-0.0009999871253967285
CiteSeer,0.3,5,0.2,5,-0.006999999284744263
CiteSeer,0.3,5,0.2,6,0.015000015497207642
CiteSeer,0.3,5,0.2,7,0.0169999897480011
CiteSeer,0.3,5,0.2,8,0.034999996423721313
CiteSeer,0.3,5,0.2,9,0.01199999451637268
CiteSeer,0.3,5,0.2,10,-0.009999990463256836
CiteSeer,0.3,5,0.3,0,0.08000001311302185
CiteSeer,0.3,5,0.3,1,0.030000001192092896
CiteSeer,0.3,5,0.3,2,0.038000017404556274
CiteSeer,0.3,5,0.3,3,0.015000015497207642
CiteSeer,0.3,5,0.3,4,-0.019999980926513672
CiteSeer,0.3,5,0.3,5,-0.018999993801116943
CiteSeer,0.3,5,0.3,6,0.006999999284744263
CiteSeer,0.3,5,0.3,7,0.006999999284744263
CiteSeer,0.3,5,0.3,8,0.01299998164176941
CiteSeer,0.3,5,0.3,9,0.011000007390975952
CiteSeer,0.3,5,0.3,10,0.011000007390975952
CiteSeer,0.3,5,0.4,0,0.041000038385391235
CiteSeer,0.3,5,0.4,1,0.04899999499320984
CiteSeer,0.3,5,0.4,2,0.003000020980834961
CiteSeer,0.3,5,0.4,3,-0.007999986410140991
CiteSeer,0.3,5,0.4,4,-0.0029999911785125732
CiteSeer,0.3,5,0.4,5,0.011000007390975952
CiteSeer,0.3,5,0.4,6,0.011000007390975952
CiteSeer,0.3,5,0.4,7,0.011000007390975952
CiteSeer,0.3,5,0.4,8,0.011000007390975952
CiteSeer,0.3,5,0.4,9,0.011000007390975952
CiteSeer,0.3,5,0.4,10,0.011000007390975952
CiteSeer,0.3,5,0.5,0,0.039000004529953
CiteSeer,0.3,5,0.5,1,0.042000025510787964
CiteSeer,0.3,5,0.5,2,0.006000012159347534
CiteSeer,0.3,5,0.5,3,-0.025000005960464478
CiteSeer,0.3,5,0.5,4,0.0169999897480011
CiteSeer,0.3,5,0.5,5,0.0169999897480011
CiteSeer,0.3,5,0.5,6,0.0169999897480011
CiteSeer,0.3,5,0.5,7,0.010000020265579224
CiteSeer,0.3,5,0.5,8,0.010000020265579224
CiteSeer,0.3,5,0.5,9,0.0169999897480011
CiteSeer,0.3,5,0.5,10,0.010000020265579224
CiteSeer,0.3,5,0.6,0,0.01299998164176941
CiteSeer,0.3,5,0.6,1,0.0650000274181366
CiteSeer,0.3,5,0.6,2,-0.009000003337860107
CiteSeer,0.3,5,0.6,3,0.018000036478042603
CiteSeer,0.3,5,0.6,4,0.010000020265579224
CiteSeer,0.3,5,0.6,5,0.0169999897480011
CiteSeer,0.3,5,0.6,6,0.010000020265579224
CiteSeer,0.3,5,0.6,7,0.0169999897480011
CiteSeer,0.3,5,0.6,8,0.010000020265579224
CiteSeer,0.3,5,0.6,9,0.010000020265579224
CiteSeer,0.3,5,0.6,10,0.010000020265579224
CiteSeer,0.3,5,0.7,0,0.039000004529953
CiteSeer,0.3,5,0.7,1,-0.009999990463256836
CiteSeer,0.3,5,0.7,2,0.007999986410140991
CiteSeer,0.3,5,0.7,3,-0.0009999871253967285
CiteSeer,0.3,5,0.7,4,0.010000020265579224
CiteSeer,0.3,5,0.7,5,0.010000020265579224
CiteSeer,0.3,5,0.7,6,0.010000020265579224
CiteSeer,0.3,5,0.7,7,0.010000020265579224
CiteSeer,0.3,5,0.7,8,0.010000020265579224
CiteSeer,0.3,5,0.7,9,0.010000020265579224
CiteSeer,0.3,5,0.7,10,0.010000020265579224
CiteSeer,0.3,5,0.8,0,0.04899999499320984
CiteSeer,0.3,5,0.8,1,0.006000012159347534
CiteSeer,0.3,5,0.8,2,0.007999986410140991
CiteSeer,0.3,5,0.8,3,0.010000020265579224
CiteSeer,0.3,5,0.8,4,0.010000020265579224
CiteSeer,0.3,5,0.8,5,0.010000020265579224
CiteSeer,0.3,5,0.8,6,0.010000020265579224
CiteSeer,0.3,5,0.8,7,0.010000020265579224
CiteSeer,0.3,5,0.8,8,0.010000020265579224
CiteSeer,0.3,5,0.8,9,0.010000020265579224
CiteSeer,0.3,5,0.8,10,0.010000020265579224
CiteSeer,0.3,5,0.9,0,0.038000017404556274
CiteSeer,0.3,5,0.9,1,0.018000036478042603
CiteSeer,0.3,5,0.9,2,0.007999986410140991
CiteSeer,0.3,5,0.9,3,0.010000020265579224
CiteSeer,0.3,5,0.9,4,0.010000020265579224
CiteSeer,0.3,5,0.9,5,0.010000020265579224
CiteSeer,0.3,5,0.9,6,0.010000020265579224
CiteSeer,0.3,5,0.9,7,0.010000020265579224
CiteSeer,0.3,5,0.9,8,0.010000020265579224
CiteSeer,0.3,5,0.9,9,0.010000020265579224
CiteSeer,0.3,5,0.9,10,0.010000020265579224
CiteSeer,0.3,6,0.0,0,0.041999995708465576
CiteSeer,0.3,6,0.0,1,0.02899998426437378
CiteSeer,0.3,6,0.0,2,0.04799997806549072
CiteSeer,0.3,6,0.0,3,0.11100000143051147
CiteSeer,0.3,6,0.0,4,0.07899999618530273
CiteSeer,0.3,6,0.0,5,0.06999999284744263
CiteSeer,0.3,6,0.0,6,0.010999977588653564
CiteSeer,0.3,6,0.0,7,0.04899996519088745
CiteSeer,0.3,6,0.0,8,0.05199998617172241
CiteSeer,0.3,6,0.0,9,0.06999999284744263
CiteSeer,0.3,6,0.0,10,0.09799998998641968
CiteSeer,0.3,6,0.1,0,0.07999998331069946
CiteSeer,0.3,6,0.1,1,0.011999964714050293
CiteSeer,0.3,6,0.1,2,0.029999971389770508
CiteSeer,0.3,6,0.1,3,0.06099998950958252
CiteSeer,0.3,6,0.1,4,-0.0059999823570251465
CiteSeer,0.3,6,0.1,5,0.05199998617172241
CiteSeer,0.3,6,0.1,6,0.04799997806549072
CiteSeer,0.3,6,0.1,7,0.0059999823570251465
CiteSeer,0.3,6,0.1,8,0.006999969482421875
CiteSeer,0.3,6,0.1,9,0.017000019550323486
CiteSeer,0.3,6,0.1,10,0.0209999680519104
CiteSeer,0.3,6,0.2,0,0.034999966621398926
CiteSeer,0.3,6,0.2,1,0.05699998140335083
CiteSeer,0.3,6,0.2,2,0.03799998760223389
CiteSeer,0.3,6,0.2,3,0.018000006675720215
CiteSeer,0.3,6,0.2,4,0.009000003337860107
CiteSeer,0.3,6,0.2,5,0.029999971389770508
CiteSeer,0.3,6,0.2,6,0.023000001907348633
CiteSeer,0.3,6,0.2,7,0.014999985694885254
CiteSeer,0.3,6,0.2,8,0.014999985694885254
CiteSeer,0.3,6,0.2,9,0.018000006675720215
CiteSeer,0.3,6,0.2,10,0.013000011444091797
CiteSeer,0.3,6,0.3,0,0.04000002145767212
CiteSeer,0.3,6,0.3,1,0.0209999680519104
CiteSeer,0.3,6,0.3,2,-0.00700002908706665
CiteSeer,0.3,6,0.3,3,0.022000014781951904
CiteSeer,0.3,6,0.3,4,0.013999998569488525
CiteSeer,0.3,6,0.3,5,0.013999998569488525
CiteSeer,0.3,6,0.3,6,0.003000020980834961
CiteSeer,0.3,6,0.3,7,0.003000020980834961
CiteSeer,0.3,6,0.3,8,0.003000020980834961
CiteSeer,0.3,6,0.3,9,0.003000020980834961
CiteSeer,0.3,6,0.3,10,0.003000020980834961
CiteSeer,0.3,6,0.4,0,0.004999995231628418
CiteSeer,0.3,6,0.4,1,0.010999977588653564
CiteSeer,0.3,6,0.4,2,0.02399998903274536
CiteSeer,0.3,6,0.4,3,0.023000001907348633
CiteSeer,0.3,6,0.4,4,0.003000020980834961
CiteSeer,0.3,6,0.4,5,0.003000020980834961
CiteSeer,0.3,6,0.4,6,0.013000011444091797
CiteSeer,0.3,6,0.4,7,0.013000011444091797
CiteSeer,0.3,6,0.4,8,0.003000020980834961
CiteSeer,0.3,6,0.4,9,0.013000011444091797
CiteSeer,0.3,6,0.4,10,0.003000020980834961
CiteSeer,0.3,6,0.5,0,0.050000011920928955
CiteSeer,0.3,6,0.5,1,0.027000010013580322
CiteSeer,0.3,6,0.5,2,0.008000016212463379
CiteSeer,0.3,6,0.5,3,0.003000020980834961
CiteSeer,0.3,6,0.5,4,0.013000011444091797
CiteSeer,0.3,6,0.5,5,0.0040000081062316895
CiteSeer,0.3,6,0.5,6,0.0040000081062316895
CiteSeer,0.3,6,0.5,7,0.011999964714050293
CiteSeer,0.3,6,0.5,8,0.0040000081062316895
CiteSeer,0.3,6,0.5,9,0.0040000081062316895
CiteSeer,0.3,6,0.5,10,0.0059999823570251465
CiteSeer,0.3,6,0.6,0,0.06999999284744263
CiteSeer,0.3,6,0.6,1,0.018999993801116943
CiteSeer,0.3,6,0.6,2,0.013000011444091797
CiteSeer,0.3,6,0.6,3,0.013000011444091797
CiteSeer,0.3,6,0.6,4,0.0059999823570251465
CiteSeer,0.3,6,0.6,5,0.0059999823570251465
CiteSeer,0.3,6,0.6,6,0.0059999823570251465
CiteSeer,0.3,6,0.6,7,0.0040000081062316895
CiteSeer,0.3,6,0.6,8,0.0059999823570251465
CiteSeer,0.3,6,0.6,9,0.0040000081062316895
CiteSeer,0.3,6,0.6,10,0.0059999823570251465
CiteSeer,0.3,6,0.7,0,0.004999995231628418
CiteSeer,0.3,6,0.7,1,0.03100001811981201
CiteSeer,0.3,6,0.7,2,0.013000011444091797
CiteSeer,0.3,6,0.7,3,0.0040000081062316895
CiteSeer,0.3,6,0.7,4,0.0059999823570251465
CiteSeer,0.3,6,0.7,5,0.0040000081062316895
CiteSeer,0.3,6,0.7,6,0.0059999823570251465
CiteSeer,0.3,6,0.7,7,0.0059999823570251465
CiteSeer,0.3,6,0.7,8,0.0040000081062316895
CiteSeer,0.3,6,0.7,9,0.0059999823570251465
CiteSeer,0.3,6,0.7,10,0.0059999823570251465
CiteSeer,0.3,6,0.8,0,0.027000010013580322
CiteSeer,0.3,6,0.8,1,0.013000011444091797
CiteSeer,0.3,6,0.8,2,0.013000011444091797
CiteSeer,0.3,6,0.8,3,0.0059999823570251465
CiteSeer,0.3,6,0.8,4,0.0059999823570251465
CiteSeer,0.3,6,0.8,5,0.0059999823570251465
CiteSeer,0.3,6,0.8,6,0.0059999823570251465
CiteSeer,0.3,6,0.8,7,0.0059999823570251465
CiteSeer,0.3,6,0.8,8,0.0059999823570251465
CiteSeer,0.3,6,0.8,9,0.0059999823570251465
CiteSeer,0.3,6,0.8,10,0.0059999823570251465
CiteSeer,0.3,6,0.9,0,0.02499997615814209
CiteSeer,0.3,6,0.9,1,0.013000011444091797
CiteSeer,0.3,6,0.9,2,0.0059999823570251465
CiteSeer,0.3,6,0.9,3,0.0059999823570251465
CiteSeer,0.3,6,0.9,4,0.0059999823570251465
CiteSeer,0.3,6,0.9,5,0.0059999823570251465
CiteSeer,0.3,6,0.9,6,0.0059999823570251465
CiteSeer,0.3,6,0.9,7,0.0040000081062316895
CiteSeer,0.3,6,0.9,8,0.0059999823570251465
CiteSeer,0.3,6,0.9,9,0.0040000081062316895
CiteSeer,0.3,6,0.9,10,0.0059999823570251465
CiteSeer,0.3,7,0.0,0,0.07300001382827759
CiteSeer,0.3,7,0.0,1,0.022000014781951904
CiteSeer,0.3,7,0.0,2,0.0010000169277191162
CiteSeer,0.3,7,0.0,3,0.008000016212463379
CiteSeer,0.3,7,0.0,4,0.013000011444091797
CiteSeer,0.3,7,0.0,5,0.04000002145767212
CiteSeer,0.3,7,0.0,6,0.05900001525878906
CiteSeer,0.3,7,0.0,7,0.06000000238418579
CiteSeer,0.3,7,0.0,8,0.006000012159347534
CiteSeer,0.3,7,0.0,9,0.10699999332427979
CiteSeer,0.3,7,0.0,10,0.07300001382827759
CiteSeer,0.3,7,0.1,0,0.07200002670288086
CiteSeer,0.3,7,0.1,1,0.041999995708465576
CiteSeer,0.3,7,0.1,2,0.04500001668930054
CiteSeer,0.3,7,0.1,3,0.0480000376701355
CiteSeer,0.3,7,0.1,4,0.006999999284744263
CiteSeer,0.3,7,0.1,5,0.010000020265579224
CiteSeer,0.3,7,0.1,6,0.011000007390975952
CiteSeer,0.3,7,0.1,7,0.03799998760223389
CiteSeer,0.3,7,0.1,8,0.03200000524520874
CiteSeer,0.3,7,0.1,9,0.04500001668930054
CiteSeer,0.3,7,0.1,10,0.015000015497207642
CiteSeer,0.3,7,0.2,0,0.02799999713897705
CiteSeer,0.3,7,0.2,1,0.02899998426437378
CiteSeer,0.3,7,0.2,2,0.030000030994415283
CiteSeer,0.3,7,0.2,3,0.03600001335144043
CiteSeer,0.3,7,0.2,4,0.03900003433227539
CiteSeer,0.3,7,0.2,5,0.012000024318695068
CiteSeer,0.3,7,0.2,6,0.03600001335144043
CiteSeer,0.3,7,0.2,7,0.03600001335144043
CiteSeer,0.3,7,0.2,8,0.03600001335144043
CiteSeer,0.3,7,0.2,9,-0.004999995231628418
CiteSeer,0.3,7,0.2,10,0.010000020265579224
CiteSeer,0.3,7,0.3,0,0.020999997854232788
CiteSeer,0.3,7,0.3,1,0.030000030994415283
CiteSeer,0.3,7,0.3,2,0.03700000047683716
CiteSeer,0.3,7,0.3,3,0.010000020265579224
CiteSeer,0.3,7,0.3,4,0.017000019550323486
CiteSeer,0.3,7,0.3,5,0.022000014781951904
CiteSeer,0.3,7,0.3,6,0.006999999284744263
CiteSeer,0.3,7,0.3,7,0.018000006675720215
CiteSeer,0.3,7,0.3,8,0.018000006675720215
CiteSeer,0.3,7,0.3,9,0.011000007390975952
CiteSeer,0.3,7,0.3,10,0.011000007390975952
CiteSeer,0.3,7,0.4,0,0.030000030994415283
CiteSeer,0.3,7,0.4,1,0.026000022888183594
CiteSeer,0.3,7,0.4,2,0.04000002145767212
CiteSeer,0.3,7,0.4,3,0.013000011444091797
CiteSeer,0.3,7,0.4,4,0.017000019550323486
CiteSeer,0.3,7,0.4,5,0.011000007390975952
CiteSeer,0.3,7,0.4,6,0.011000007390975952
CiteSeer,0.3,7,0.4,7,0.011000007390975952
CiteSeer,0.3,7,0.4,8,0.011000007390975952
CiteSeer,0.3,7,0.4,9,0.011000007390975952
CiteSeer,0.3,7,0.4,10,0.011000007390975952
CiteSeer,0.3,7,0.5,0,0.050999999046325684
CiteSeer,0.3,7,0.5,1,0.022000014781951904
CiteSeer,0.3,7,0.5,2,0.017000019550323486
CiteSeer,0.3,7,0.5,3,0.013000011444091797
CiteSeer,0.3,7,0.5,4,0.008000016212463379
CiteSeer,0.3,7,0.5,5,0.008000016212463379
CiteSeer,0.3,7,0.5,6,0.008000016212463379
CiteSeer,0.3,7,0.5,7,0.008000016212463379
CiteSeer,0.3,7,0.5,8,0.008000016212463379
CiteSeer,0.3,7,0.5,9,0.008000016212463379
CiteSeer,0.3,7,0.5,10,0.008000016212463379
CiteSeer,0.3,7,0.6,0,0.006000012159347534
CiteSeer,0.3,7,0.6,1,0.017000019550323486
CiteSeer,0.3,7,0.6,2,0.013000011444091797
CiteSeer,0.3,7,0.6,3,0.0020000040531158447
CiteSeer,0.3,7,0.6,4,0.008000016212463379
CiteSeer,0.3,7,0.6,5,0.008000016212463379
CiteSeer,0.3,7,0.6,6,0.008000016212463379
CiteSeer,0.3,7,0.6,7,0.008000016212463379
CiteSeer,0.3,7,0.6,8,0.008000016212463379
CiteSeer,0.3,7,0.6,9,0.008000016212463379
CiteSeer,0.3,7,0.6,10,0.008000016212463379
CiteSeer,0.3,7,0.7,0,0.041999995708465576
CiteSeer,0.3,7,0.7,1,0.013000011444091797
CiteSeer,0.3,7,0.7,2,0.009000003337860107
CiteSeer,0.3,7,0.7,3,0.008000016212463379
CiteSeer,0.3,7,0.7,4,0.008000016212463379
CiteSeer,0.3,7,0.7,5,0.008000016212463379
CiteSeer,0.3,7,0.7,6,0.008000016212463379
CiteSeer,0.3,7,0.7,7,0.008000016212463379
CiteSeer,0.3,7,0.7,8,0.008000016212463379
CiteSeer,0.3,7,0.7,9,0.008000016212463379
CiteSeer,0.3,7,0.7,10,0.008000016212463379
CiteSeer,0.3,7,0.8,0,0.03799998760223389
CiteSeer,0.3,7,0.8,1,0.003000020980834961
CiteSeer,0.3,7,0.8,2,0.0020000040531158447
CiteSeer,0.3,7,0.8,3,0.008000016212463379
CiteSeer,0.3,7,0.8,4,0.008000016212463379
CiteSeer,0.3,7,0.8,5,0.008000016212463379
CiteSeer,0.3,7,0.8,6,0.008000016212463379
CiteSeer,0.3,7,0.8,7,0.008000016212463379
CiteSeer,0.3,7,0.8,8,0.008000016212463379
CiteSeer,0.3,7,0.8,9,0.008000016212463379
CiteSeer,0.3,7,0.8,10,0.008000016212463379
CiteSeer,0.3,7,0.9,0,0.022000014781951904
CiteSeer,0.3,7,0.9,1,0.013000011444091797
CiteSeer,0.3,7,0.9,2,0.008000016212463379
CiteSeer,0.3,7,0.9,3,0.008000016212463379
CiteSeer,0.3,7,0.9,4,0.008000016212463379
CiteSeer,0.3,7,0.9,5,0.008000016212463379
CiteSeer,0.3,7,0.9,6,0.008000016212463379
CiteSeer,0.3,7,0.9,7,0.008000016212463379
CiteSeer,0.3,7,0.9,8,0.008000016212463379
CiteSeer,0.3,7,0.9,9,0.008000016212463379
CiteSeer,0.3,7,0.9,10,0.008000016212463379
CiteSeer,0.3,8,0.0,0,0.04900002479553223
CiteSeer,0.3,8,0.0,1,0.023000001907348633
CiteSeer,0.3,8,0.0,2,0.017000019550323486
CiteSeer,0.3,8,0.0,3,0.018999993801116943
CiteSeer,0.3,8,0.0,4,0.009999990463256836
CiteSeer,0.3,8,0.0,5,0.025000035762786865
CiteSeer,0.3,8,0.0,6,0.0339999794960022
CiteSeer,0.3,8,0.0,7,0.030000030994415283
CiteSeer,0.3,8,0.0,8,0.02899998426437378
CiteSeer,0.3,8,0.0,9,0.012000024318695068
CiteSeer,0.3,8,0.0,10,0.03600001335144043
CiteSeer,0.3,8,0.1,0,0.0339999794960022
CiteSeer,0.3,8,0.1,1,0.023000001907348633
CiteSeer,0.3,8,0.1,2,0.004999995231628418
CiteSeer,0.3,8,0.1,3,0.023000001907348633
CiteSeer,0.3,8,0.1,4,0.018000006675720215
CiteSeer,0.3,8,0.1,5,0.00700002908706665
CiteSeer,0.3,8,0.1,6,0.018000006675720215
CiteSeer,0.3,8,0.1,7,0.02899998426437378
CiteSeer,0.3,8,0.1,8,0.016000032424926758
CiteSeer,0.3,8,0.1,9,0.019999980926513672
CiteSeer,0.3,8,0.1,10,0.021000027656555176
CiteSeer,0.3,8,0.2,0,0.019999980926513672
CiteSeer,0.3,8,0.2,1,0.013999998569488525
CiteSeer,0.3,8,0.2,2,0.014999985694885254
CiteSeer,0.3,8,0.2,3,-0.001999974250793457
CiteSeer,0.3,8,0.2,4,0.009999990463256836
CiteSeer,0.3,8,0.2,5,-0.014999985694885254
CiteSeer,0.3,8,0.2,6,0.00700002908706665
CiteSeer,0.3,8,0.2,7,-0.0059999823570251465
CiteSeer,0.3,8,0.2,8,-0.003000020980834961
CiteSeer,0.3,8,0.2,9,0.0040000081062316895
CiteSeer,0.3,8,0.2,10,-0.010999977588653564
CiteSeer,0.3,8,0.3,0,-0.012000024318695068
CiteSeer,0.3,8,0.3,1,0.009999990463256836
CiteSeer,0.3,8,0.3,2,-0.018999993801116943
CiteSeer,0.3,8,0.3,3,-0.001999974250793457
CiteSeer,0.3,8,0.3,4,-0.015999972820281982
CiteSeer,0.3,8,0.3,5,-0.010999977588653564
CiteSeer,0.3,8,0.3,6,-0.013000011444091797
CiteSeer,0.3,8,0.3,7,-0.010999977588653564
CiteSeer,0.3,8,0.3,8,-0.015999972820281982
CiteSeer,0.3,8,0.3,9,-0.009999990463256836
CiteSeer,0.3,8,0.3,10,-0.009999990463256836
CiteSeer,0.3,8,0.4,0,0.0040000081062316895
CiteSeer,0.3,8,0.4,1,-0.0040000081062316895
CiteSeer,0.3,8,0.4,2,-0.010999977588653564
CiteSeer,0.3,8,0.4,3,-0.015999972820281982
CiteSeer,0.3,8,0.4,4,-0.006999969482421875
CiteSeer,0.3,8,0.4,5,-0.0059999823570251465
CiteSeer,0.3,8,0.4,6,-0.009999990463256836
CiteSeer,0.3,8,0.4,7,-0.009999990463256836
CiteSeer,0.3,8,0.4,8,-0.0059999823570251465
CiteSeer,0.3,8,0.4,9,-0.0059999823570251465
CiteSeer,0.3,8,0.4,10,-0.0059999823570251465
CiteSeer,0.3,8,0.5,0,0.023000001907348633
CiteSeer,0.3,8,0.5,1,-0.003000020980834961
CiteSeer,0.3,8,0.5,2,-0.010999977588653564
CiteSeer,0.3,8,0.5,3,-0.010999977588653564
CiteSeer,0.3,8,0.5,4,-0.004999995231628418
CiteSeer,0.3,8,0.5,5,-0.0040000081062316895
CiteSeer,0.3,8,0.5,6,-0.0040000081062316895
CiteSeer,0.3,8,0.5,7,0.0020000338554382324
CiteSeer,0.3,8,0.5,8,-0.0040000081062316895
CiteSeer,0.3,8,0.5,9,-0.0040000081062316895
CiteSeer,0.3,8,0.5,10,0.0020000338554382324
CiteSeer,0.3,8,0.6,0,0.003000020980834961
CiteSeer,0.3,8,0.6,1,-0.013999998569488525
CiteSeer,0.3,8,0.6,2,-0.004999995231628418
CiteSeer,0.3,8,0.6,3,-0.003000020980834961
CiteSeer,0.3,8,0.6,4,-0.0040000081062316895
CiteSeer,0.3,8,0.6,5,0.0020000338554382324
CiteSeer,0.3,8,0.6,6,-0.0040000081062316895
CiteSeer,0.3,8,0.6,7,0.0020000338554382324
CiteSeer,0.3,8,0.6,8,0.0020000338554382324
CiteSeer,0.3,8,0.6,9,0.0020000338554382324
CiteSeer,0.3,8,0.6,10,0.0020000338554382324
CiteSeer,0.3,8,0.7,0,0.0020000338554382324
CiteSeer,0.3,8,0.7,1,-0.009000003337860107
CiteSeer,0.3,8,0.7,2,-0.003000020980834961
CiteSeer,0.3,8,0.7,3,-0.0059999823570251465
CiteSeer,0.3,8,0.7,4,0.0020000338554382324
CiteSeer,0.3,8,0.7,5,0.0020000338554382324
CiteSeer,0.3,8,0.7,6,0.0020000338554382324
CiteSeer,0.3,8,0.7,7,-0.0040000081062316895
CiteSeer,0.3,8,0.7,8,0.0020000338554382324
CiteSeer,0.3,8,0.7,9,0.0020000338554382324
CiteSeer,0.3,8,0.7,10,-0.0040000081062316895
CiteSeer,0.3,8,0.8,0,-0.014999985694885254
CiteSeer,0.3,8,0.8,1,-0.013000011444091797
CiteSeer,0.3,8,0.8,2,-0.003000020980834961
CiteSeer,0.3,8,0.8,3,-0.0059999823570251465
CiteSeer,0.3,8,0.8,4,0.0020000338554382324
CiteSeer,0.3,8,0.8,5,0.0020000338554382324
CiteSeer,0.3,8,0.8,6,0.0020000338554382324
CiteSeer,0.3,8,0.8,7,0.0020000338554382324
CiteSeer,0.3,8,0.8,8,0.0020000338554382324
CiteSeer,0.3,8,0.8,9,-0.0040000081062316895
CiteSeer,0.3,8,0.8,10,0.0020000338554382324
CiteSeer,0.3,8,0.9,0,-0.006999969482421875
CiteSeer,0.3,8,0.9,1,-0.006999969482421875
CiteSeer,0.3,8,0.9,2,-0.003000020980834961
CiteSeer,0.3,8,0.9,3,0.0020000338554382324
CiteSeer,0.3,8,0.9,4,0.0020000338554382324
CiteSeer,0.3,8,0.9,5,0.0020000338554382324
CiteSeer,0.3,8,0.9,6,0.0020000338554382324
CiteSeer,0.3,8,0.9,7,0.0020000338554382324
CiteSeer,0.3,8,0.9,8,0.0020000338554382324
CiteSeer,0.3,8,0.9,9,0.0020000338554382324
CiteSeer,0.3,8,0.9,10,0.0020000338554382324
CiteSeer,0.3,9,0.0,0,0.04100000858306885
CiteSeer,0.3,9,0.0,1,0.02799999713897705
CiteSeer,0.3,9,0.0,2,0.03200000524520874
CiteSeer,0.3,9,0.0,3,0.03799998760223389
CiteSeer,0.3,9,0.0,4,0.04100000858306885
CiteSeer,0.3,9,0.0,5,0.05900001525878906
CiteSeer,0.3,9,0.0,6,0.050000011920928955
CiteSeer,0.3,9,0.0,7,0.054000020027160645
CiteSeer,0.3,9,0.0,8,0.0350000262260437
CiteSeer,0.3,9,0.0,9,0.04500001668930054
CiteSeer,0.3,9,0.0,10,0.050999999046325684
CiteSeer,0.3,9,0.1,0,0.0559999942779541
CiteSeer,0.3,9,0.1,1,0.03299999237060547
CiteSeer,0.3,9,0.1,2,0.009999990463256836
CiteSeer,0.3,9,0.1,3,0.019999980926513672
CiteSeer,0.3,9,0.1,4,0.018999993801116943
CiteSeer,0.3,9,0.1,5,0.018999993801116943
CiteSeer,0.3,9,0.1,6,0.023000001907348633
CiteSeer,0.3,9,0.1,7,0.019999980926513672
CiteSeer,0.3,9,0.1,8,0.013999998569488525
CiteSeer,0.3,9,0.1,9,0.016000032424926758
CiteSeer,0.3,9,0.1,10,0.0059999823570251465
CiteSeer,0.3,9,0.2,0,0.06700003147125244
CiteSeer,0.3,9,0.2,1,0.027000010013580322
CiteSeer,0.3,9,0.2,2,0.025000035762786865
CiteSeer,0.3,9,0.2,3,0.026000022888183594
CiteSeer,0.3,9,0.2,4,0.017000019550323486
CiteSeer,0.3,9,0.2,5,0.014999985694885254
CiteSeer,0.3,9,0.2,6,0.014999985694885254
CiteSeer,0.3,9,0.2,7,-0.0009999871253967285
CiteSeer,0.3,9,0.2,8,0.013999998569488525
CiteSeer,0.3,9,0.2,9,0.018000006675720215
CiteSeer,0.3,9,0.2,10,0.013999998569488525
CiteSeer,0.3,9,0.3,0,0.04000002145767212
CiteSeer,0.3,9,0.3,1,0.012000024318695068
CiteSeer,0.3,9,0.3,2,0.0020000338554382324
CiteSeer,0.3,9,0.3,3,-0.0009999871253967285
CiteSeer,0.3,9,0.3,4,0.013999998569488525
CiteSeer,0.3,9,0.3,5,-0.0009999871253967285
CiteSeer,0.3,9,0.3,6,0.013999998569488525
CiteSeer,0.3,9,0.3,7,0.013999998569488525
CiteSeer,0.3,9,0.3,8,0.013999998569488525
CiteSeer,0.3,9,0.3,9,0.013999998569488525
CiteSeer,0.3,9,0.3,10,0.013999998569488525
CiteSeer,0.3,9,0.4,0,0.009999990463256836
CiteSeer,0.3,9,0.4,1,0.01100003719329834
CiteSeer,0.3,9,0.4,2,-0.0009999871253967285
CiteSeer,0.3,9,0.4,3,0.013999998569488525
CiteSeer,0.3,9,0.4,4,0.013999998569488525
CiteSeer,0.3,9,0.4,5,0.013999998569488525
CiteSeer,0.3,9,0.4,6,0.013999998569488525
CiteSeer,0.3,9,0.4,7,0.013999998569488525
CiteSeer,0.3,9,0.4,8,0.013999998569488525
CiteSeer,0.3,9,0.4,9,0.013999998569488525
CiteSeer,0.3,9,0.4,10,0.013999998569488525
CiteSeer,0.3,9,0.5,0,0.018999993801116943
CiteSeer,0.3,9,0.5,1,0.019999980926513672
CiteSeer,0.3,9,0.5,2,0.013999998569488525
CiteSeer,0.3,9,0.5,3,0.013999998569488525
CiteSeer,0.3,9,0.5,4,0.013999998569488525
CiteSeer,0.3,9,0.5,5,0.013999998569488525
CiteSeer,0.3,9,0.5,6,0.009000003337860107
CiteSeer,0.3,9,0.5,7,0.00700002908706665
CiteSeer,0.3,9,0.5,8,0.00700002908706665
CiteSeer,0.3,9,0.5,9,0.00700002908706665
CiteSeer,0.3,9,0.5,10,0.00700002908706665
CiteSeer,0.3,9,0.6,0,0.02399998903274536
CiteSeer,0.3,9,0.6,1,0.013000011444091797
CiteSeer,0.3,9,0.6,2,0.013999998569488525
CiteSeer,0.3,9,0.6,3,0.013999998569488525
CiteSeer,0.3,9,0.6,4,0.013999998569488525
CiteSeer,0.3,9,0.6,5,0.00700002908706665
CiteSeer,0.3,9,0.6,6,0.00700002908706665
CiteSeer,0.3,9,0.6,7,0.00700002908706665
CiteSeer,0.3,9,0.6,8,0.00700002908706665
CiteSeer,0.3,9,0.6,9,0.00700002908706665
CiteSeer,0.3,9,0.6,10,0.00700002908706665
CiteSeer,0.3,9,0.7,0,0.003000020980834961
CiteSeer,0.3,9,0.7,1,0.008000016212463379
CiteSeer,0.3,9,0.7,2,0.013999998569488525
CiteSeer,0.3,9,0.7,3,0.013999998569488525
CiteSeer,0.3,9,0.7,4,0.00700002908706665
CiteSeer,0.3,9,0.7,5,0.00700002908706665
CiteSeer,0.3,9,0.7,6,0.00700002908706665
CiteSeer,0.3,9,0.7,7,0.00700002908706665
CiteSeer,0.3,9,0.7,8,0.00700002908706665
CiteSeer,0.3,9,0.7,9,0.00700002908706665
CiteSeer,0.3,9,0.7,10,0.00700002908706665
CiteSeer,0.3,9,0.8,0,0.018000006675720215
CiteSeer,0.3,9,0.8,1,0.013999998569488525
CiteSeer,0.3,9,0.8,2,0.013999998569488525
CiteSeer,0.3,9,0.8,3,0.00700002908706665
CiteSeer,0.3,9,0.8,4,0.00700002908706665
CiteSeer,0.3,9,0.8,5,0.00700002908706665
CiteSeer,0.3,9,0.8,6,0.00700002908706665
CiteSeer,0.3,9,0.8,7,0.00700002908706665
CiteSeer,0.3,9,0.8,8,0.00700002908706665
CiteSeer,0.3,9,0.8,9,0.00700002908706665
CiteSeer,0.3,9,0.8,10,0.00700002908706665
CiteSeer,0.3,9,0.9,0,0.013999998569488525
CiteSeer,0.3,9,0.9,1,0.013999998569488525
CiteSeer,0.3,9,0.9,2,0.013999998569488525
CiteSeer,0.3,9,0.9,3,0.00700002908706665
CiteSeer,0.3,9,0.9,4,0.00700002908706665
CiteSeer,0.3,9,0.9,5,0.00700002908706665
CiteSeer,0.3,9,0.9,6,0.00700002908706665
CiteSeer,0.3,9,0.9,7,0.00700002908706665
CiteSeer,0.3,9,0.9,8,0.00700002908706665
CiteSeer,0.3,9,0.9,9,0.00700002908706665
CiteSeer,0.3,9,0.9,10,0.00700002908706665
CiteSeer,0.4,0,0.0,0,0.11100003123283386
CiteSeer,0.4,0,0.0,1,0.06700000166893005
CiteSeer,0.4,0,0.0,2,0.0690000057220459
CiteSeer,0.4,0,0.0,3,0.030000001192092896
CiteSeer,0.4,0,0.0,4,0.0690000057220459
CiteSeer,0.4,0,0.0,5,0.07400000095367432
CiteSeer,0.4,0,0.0,6,0.085999995470047
CiteSeer,0.4,0,0.0,7,0.10300001502037048
CiteSeer,0.4,0,0.0,8,0.078000009059906
CiteSeer,0.4,0,0.0,9,0.034000009298324585
CiteSeer,0.4,0,0.0,10,0.034999996423721313
CiteSeer,0.4,0,0.1,0,0.04399999976158142
CiteSeer,0.4,0,0.1,1,0.10600003600120544
CiteSeer,0.4,0,0.1,2,0.09599998593330383
CiteSeer,0.4,0,0.1,3,0.05900001525878906
CiteSeer,0.4,0,0.1,4,0.04800000786781311
CiteSeer,0.4,0,0.1,5,0.05300000309944153
CiteSeer,0.4,0,0.1,6,0.05500000715255737
CiteSeer,0.4,0,0.1,7,0.07699999213218689
CiteSeer,0.4,0,0.1,8,0.09099999070167542
CiteSeer,0.4,0,0.1,9,0.05300000309944153
CiteSeer,0.4,0,0.1,10,0.04500001668930054
CiteSeer,0.4,0,0.2,0,0.06700000166893005
CiteSeer,0.4,0,0.2,1,0.07400000095367432
CiteSeer,0.4,0,0.2,2,0.0520000159740448
CiteSeer,0.4,0,0.2,3,0.038000017404556274
CiteSeer,0.4,0,0.2,4,0.050999999046325684
CiteSeer,0.4,0,0.2,5,0.046000003814697266
CiteSeer,0.4,0,0.2,6,0.015000015497207642
CiteSeer,0.4,0,0.2,7,0.013000011444091797
CiteSeer,0.4,0,0.2,8,0.015000015497207642
CiteSeer,0.4,0,0.2,9,0.020999997854232788
CiteSeer,0.4,0,0.2,10,0.004999995231628418
CiteSeer,0.4,0,0.3,0,0.05900001525878906
CiteSeer,0.4,0,0.3,1,0.041999995708465576
CiteSeer,0.4,0,0.3,2,0.041999995708465576
CiteSeer,0.4,0,0.3,3,0.06000000238418579
CiteSeer,0.4,0,0.3,4,0.01600000262260437
CiteSeer,0.4,0,0.3,5,-0.004999995231628418
CiteSeer,0.4,0,0.3,6,0.015000015497207642
CiteSeer,0.4,0,0.3,7,-0.006999999284744263
CiteSeer,0.4,0,0.3,8,0.015000015497207642
CiteSeer,0.4,0,0.3,9,0.015000015497207642
CiteSeer,0.4,0,0.3,10,-0.006000012159347534
CiteSeer,0.4,0,0.4,0,0.0690000057220459
CiteSeer,0.4,0,0.4,1,0.05900001525878906
CiteSeer,0.4,0,0.4,2,0.06000000238418579
CiteSeer,0.4,0,0.4,3,0.004999995231628418
CiteSeer,0.4,0,0.4,4,-0.006999999284744263
CiteSeer,0.4,0,0.4,5,-0.004999995231628418
CiteSeer,0.4,0,0.4,6,0.0020000040531158447
CiteSeer,0.4,0,0.4,7,-0.004999995231628418
CiteSeer,0.4,0,0.4,8,-0.004999995231628418
CiteSeer,0.4,0,0.4,9,-0.006999999284744263
CiteSeer,0.4,0,0.4,10,-0.004999995231628418
CiteSeer,0.4,0,0.5,0,0.09199997782707214
CiteSeer,0.4,0,0.5,1,0.02799999713897705
CiteSeer,0.4,0,0.5,2,0.034999996423721313
CiteSeer,0.4,0,0.5,3,-0.004999995231628418
CiteSeer,0.4,0,0.5,4,-0.004999995231628418
CiteSeer,0.4,0,0.5,5,-0.009000003337860107
CiteSeer,0.4,0,0.5,6,-0.009999990463256836
CiteSeer,0.4,0,0.5,7,-0.009999990463256836
CiteSeer,0.4,0,0.5,8,-0.009999990463256836
CiteSeer,0.4,0,0.5,9,-0.009999990463256836
CiteSeer,0.4,0,0.5,10,-0.009999990463256836
CiteSeer,0.4,0,0.6,0,0.06100001931190491
CiteSeer,0.4,0,0.6,1,0.05300000309944153
CiteSeer,0.4,0,0.6,2,-0.004999995231628418
CiteSeer,0.4,0,0.6,3,-0.004999995231628418
CiteSeer,0.4,0,0.6,4,-0.009999990463256836
CiteSeer,0.4,0,0.6,5,-0.009999990463256836
CiteSeer,0.4,0,0.6,6,-0.009999990463256836
CiteSeer,0.4,0,0.6,7,-0.009999990463256836
CiteSeer,0.4,0,0.6,8,-0.009999990463256836
CiteSeer,0.4,0,0.6,9,-0.009999990463256836
CiteSeer,0.4,0,0.6,10,-0.009999990463256836
CiteSeer,0.4,0,0.7,0,0.05500000715255737
CiteSeer,0.4,0,0.7,1,0.020999997854232788
CiteSeer,0.4,0,0.7,2,-0.004999995231628418
CiteSeer,0.4,0,0.7,3,-0.009000003337860107
CiteSeer,0.4,0,0.7,4,-0.009999990463256836
CiteSeer,0.4,0,0.7,5,-0.009999990463256836
CiteSeer,0.4,0,0.7,6,-0.009999990463256836
CiteSeer,0.4,0,0.7,7,-0.009999990463256836
CiteSeer,0.4,0,0.7,8,-0.009999990463256836
CiteSeer,0.4,0,0.7,9,-0.009999990463256836
CiteSeer,0.4,0,0.7,10,-0.009999990463256836
CiteSeer,0.4,0,0.8,0,0.050999999046325684
CiteSeer,0.4,0,0.8,1,0.020999997854232788
CiteSeer,0.4,0,0.8,2,-0.004999995231628418
CiteSeer,0.4,0,0.8,3,-0.009999990463256836
CiteSeer,0.4,0,0.8,4,-0.009999990463256836
CiteSeer,0.4,0,0.8,5,-0.009999990463256836
CiteSeer,0.4,0,0.8,6,-0.009999990463256836
CiteSeer,0.4,0,0.8,7,-0.009999990463256836
CiteSeer,0.4,0,0.8,8,-0.009999990463256836
CiteSeer,0.4,0,0.8,9,-0.009999990463256836
CiteSeer,0.4,0,0.8,10,-0.009999990463256836
CiteSeer,0.4,0,0.9,0,0.07300001382827759
CiteSeer,0.4,0,0.9,1,-0.004999995231628418
CiteSeer,0.4,0,0.9,2,-0.009999990463256836
CiteSeer,0.4,0,0.9,3,-0.009999990463256836
CiteSeer,0.4,0,0.9,4,-0.009999990463256836
CiteSeer,0.4,0,0.9,5,-0.009999990463256836
CiteSeer,0.4,0,0.9,6,-0.009999990463256836
CiteSeer,0.4,0,0.9,7,-0.009999990463256836
CiteSeer,0.4,0,0.9,8,-0.009999990463256836
CiteSeer,0.4,0,0.9,9,-0.009999990463256836
CiteSeer,0.4,0,0.9,10,-0.009999990463256836
CiteSeer,0.4,1,0.0,0,0.03799998760223389
CiteSeer,0.4,1,0.0,1,-0.0010000169277191162
CiteSeer,0.4,1,0.0,2,-0.01600000262260437
CiteSeer,0.4,1,0.0,3,-0.0010000169277191162
CiteSeer,0.4,1,0.0,4,-0.0040000081062316895
CiteSeer,0.4,1,0.0,5,-0.010000020265579224
CiteSeer,0.4,1,0.0,6,0.05299997329711914
CiteSeer,0.4,1,0.0,7,-0.013999998569488525
CiteSeer,0.4,1,0.0,8,0.06599998474121094
CiteSeer,0.4,1,0.0,9,0.018000006675720215
CiteSeer,0.4,1,0.0,10,0.054000020027160645
CiteSeer,0.4,1,0.1,0,-0.0040000081062316895
CiteSeer,0.4,1,0.1,1,-0.020999997854232788
CiteSeer,0.4,1,0.1,2,0.02399998903274536
CiteSeer,0.4,1,0.1,3,-0.0020000040531158447
CiteSeer,0.4,1,0.1,4,0.003999978303909302
CiteSeer,0.4,1,0.1,5,0.019999980926513672
CiteSeer,0.4,1,0.1,6,0.010999977588653564
CiteSeer,0.4,1,0.1,7,-0.02799999713897705
CiteSeer,0.4,1,0.1,8,-0.04000002145767212
CiteSeer,0.4,1,0.1,9,0.018999993801116943
CiteSeer,0.4,1,0.1,10,0.014999985694885254
CiteSeer,0.4,1,0.2,0,0.03799998760223389
CiteSeer,0.4,1,0.2,1,0.009999990463256836
CiteSeer,0.4,1,0.2,2,0.006999999284744263
CiteSeer,0.4,1,0.2,3,-0.013999998569488525
CiteSeer,0.4,1,0.2,4,-0.018000006675720215
CiteSeer,0.4,1,0.2,5,0.041999995708465576
CiteSeer,0.4,1,0.2,6,-0.017000019550323486
CiteSeer,0.4,1,0.2,7,0.03799998760223389
CiteSeer,0.4,1,0.2,8,0.042999982833862305
CiteSeer,0.4,1,0.2,9,0.0059999823570251465
CiteSeer,0.4,1,0.2,10,0.03700000047683716
CiteSeer,0.4,1,0.3,0,0.039000004529953
CiteSeer,0.4,1,0.3,1,0.023000001907348633
CiteSeer,0.4,1,0.3,2,0.0169999897480011
CiteSeer,0.4,1,0.3,3,0.014999985694885254
CiteSeer,0.4,1,0.3,4,0.009000003337860107
CiteSeer,0.4,1,0.3,5,0.018000006675720215
CiteSeer,0.4,1,0.3,6,0.018000006675720215
CiteSeer,0.4,1,0.3,7,0.018000006675720215
CiteSeer,0.4,1,0.3,8,0.018000006675720215
CiteSeer,0.4,1,0.3,9,0.018000006675720215
CiteSeer,0.4,1,0.3,10,0.018000006675720215
CiteSeer,0.4,1,0.4,0,0.0059999823570251465
CiteSeer,0.4,1,0.4,1,-0.009000003337860107
CiteSeer,0.4,1,0.4,2,0.030999988317489624
CiteSeer,0.4,1,0.4,3,0.0059999823570251465
CiteSeer,0.4,1,0.4,4,0.018000006675720215
CiteSeer,0.4,1,0.4,5,0.042999982833862305
CiteSeer,0.4,1,0.4,6,0.018000006675720215
CiteSeer,0.4,1,0.4,7,0.018000006675720215
CiteSeer,0.4,1,0.4,8,0.018000006675720215
CiteSeer,0.4,1,0.4,9,0.018000006675720215
CiteSeer,0.4,1,0.4,10,0.018000006675720215
CiteSeer,0.4,1,0.5,0,0.0059999823570251465
CiteSeer,0.4,1,0.5,1,0.013999998569488525
CiteSeer,0.4,1,0.5,2,-0.006999999284744263
CiteSeer,0.4,1,0.5,3,0.018000006675720215
CiteSeer,0.4,1,0.5,4,0.018000006675720215
CiteSeer,0.4,1,0.5,5,0.018000006675720215
CiteSeer,0.4,1,0.5,6,0.018000006675720215
CiteSeer,0.4,1,0.5,7,0.018000006675720215
CiteSeer,0.4,1,0.5,8,0.018000006675720215
CiteSeer,0.4,1,0.5,9,0.018000006675720215
CiteSeer,0.4,1,0.5,10,0.018000006675720215
CiteSeer,0.4,1,0.6,0,0.0339999794960022
CiteSeer,0.4,1,0.6,1,-0.008000016212463379
CiteSeer,0.4,1,0.6,2,0.0059999823570251465
CiteSeer,0.4,1,0.6,3,0.018000006675720215
CiteSeer,0.4,1,0.6,4,0.018000006675720215
CiteSeer,0.4,1,0.6,5,0.018000006675720215
CiteSeer,0.4,1,0.6,6,0.018000006675720215
CiteSeer,0.4,1,0.6,7,0.018000006675720215
CiteSeer,0.4,1,0.6,8,0.018000006675720215
CiteSeer,0.4,1,0.6,9,0.014999985694885254
CiteSeer,0.4,1,0.6,10,0.018000006675720215
CiteSeer,0.4,1,0.7,0,-0.0020000040531158447
CiteSeer,0.4,1,0.7,1,0.0059999823570251465
CiteSeer,0.4,1,0.7,2,0.018000006675720215
CiteSeer,0.4,1,0.7,3,0.018000006675720215
CiteSeer,0.4,1,0.7,4,0.018000006675720215
CiteSeer,0.4,1,0.7,5,0.018999993801116943
CiteSeer,0.4,1,0.7,6,0.018999993801116943
CiteSeer,0.4,1,0.7,7,0.018999993801116943
CiteSeer,0.4,1,0.7,8,0.014999985694885254
CiteSeer,0.4,1,0.7,9,0.014999985694885254
CiteSeer,0.4,1,0.7,10,0.018999993801116943
CiteSeer,0.4,1,0.8,0,-0.009000003337860107
CiteSeer,0.4,1,0.8,1,0.0059999823570251465
CiteSeer,0.4,1,0.8,2,0.018000006675720215
CiteSeer,0.4,1,0.8,3,0.014999985694885254
CiteSeer,0.4,1,0.8,4,0.018999993801116943
CiteSeer,0.4,1,0.8,5,0.014999985694885254
CiteSeer,0.4,1,0.8,6,0.014999985694885254
CiteSeer,0.4,1,0.8,7,0.018999993801116943
CiteSeer,0.4,1,0.8,8,0.014999985694885254
CiteSeer,0.4,1,0.8,9,0.018999993801116943
CiteSeer,0.4,1,0.8,10,0.014999985694885254
CiteSeer,0.4,1,0.9,0,0.003999978303909302
CiteSeer,0.4,1,0.9,1,0.018000006675720215
CiteSeer,0.4,1,0.9,2,0.018000006675720215
CiteSeer,0.4,1,0.9,3,0.018999993801116943
CiteSeer,0.4,1,0.9,4,0.014999985694885254
CiteSeer,0.4,1,0.9,5,0.018999993801116943
CiteSeer,0.4,1,0.9,6,0.014999985694885254
CiteSeer,0.4,1,0.9,7,0.014999985694885254
CiteSeer,0.4,1,0.9,8,0.014999985694885254
CiteSeer,0.4,1,0.9,9,0.018999993801116943
CiteSeer,0.4,1,0.9,10,0.014999985694885254
CiteSeer,0.4,2,0.0,0,0.07500001788139343
CiteSeer,0.4,2,0.0,1,0.09700003266334534
CiteSeer,0.4,2,0.0,2,0.07000002264976501
CiteSeer,0.4,2,0.0,3,0.085999995470047
CiteSeer,0.4,2,0.0,4,0.08500000834465027
CiteSeer,0.4,2,0.0,5,0.06799998879432678
CiteSeer,0.4,2,0.0,6,0.07199999690055847
CiteSeer,0.4,2,0.0,7,0.033000022172927856
CiteSeer,0.4,2,0.0,8,0.08199998736381531
CiteSeer,0.4,2,0.0,9,0.0650000274181366
CiteSeer,0.4,2,0.0,10,0.08000001311302185
CiteSeer,0.4,2,0.1,0,0.04800000786781311
CiteSeer,0.4,2,0.1,1,0.06799998879432678
CiteSeer,0.4,2,0.1,2,0.011000007390975952
CiteSeer,0.4,2,0.1,3,0.02400001883506775
CiteSeer,0.4,2,0.1,4,-0.007999986410140991
CiteSeer,0.4,2,0.1,5,0.01600000262260437
CiteSeer,0.4,2,0.1,6,0.04800000786781311
CiteSeer,0.4,2,0.1,7,0.020999997854232788
CiteSeer,0.4,2,0.1,8,0.02300003170967102
CiteSeer,0.4,2,0.1,9,0.0520000159740448
CiteSeer,0.4,2,0.1,10,0.04499998688697815
CiteSeer,0.4,2,0.2,0,0.09099999070167542
CiteSeer,0.4,2,0.2,1,0.018000036478042603
CiteSeer,0.4,2,0.2,2,0.010000020265579224
CiteSeer,0.4,2,0.2,3,-0.0169999897480011
CiteSeer,0.4,2,0.2,4,0.033000022172927856
CiteSeer,0.4,2,0.2,5,0.003000020980834961
CiteSeer,0.4,2,0.2,6,0.029000014066696167
CiteSeer,0.4,2,0.2,7,0.006999999284744263
CiteSeer,0.4,2,0.2,8,0.006000012159347534
CiteSeer,0.4,2,0.2,9,0.030000001192092896
CiteSeer,0.4,2,0.2,10,0.038000017404556274
CiteSeer,0.4,2,0.3,0,0.03599998354911804
CiteSeer,0.4,2,0.3,1,0.05100002884864807
CiteSeer,0.4,2,0.3,2,0.03599998354911804
CiteSeer,0.4,2,0.3,3,0.02800002694129944
CiteSeer,0.4,2,0.3,4,-0.0020000040531158447
CiteSeer,0.4,2,0.3,5,0.0020000040531158447
CiteSeer,0.4,2,0.3,6,-0.006999999284744263
CiteSeer,0.4,2,0.3,7,-0.0029999911785125732
CiteSeer,0.4,2,0.3,8,0.0169999897480011
CiteSeer,0.4,2,0.3,9,0.018000036478042603
CiteSeer,0.4,2,0.3,10,0.0040000081062316895
CiteSeer,0.4,2,0.4,0,0.07199999690055847
CiteSeer,0.4,2,0.4,1,-0.0029999911785125732
CiteSeer,0.4,2,0.4,2,0.006000012159347534
CiteSeer,0.4,2,0.4,3,-0.009999990463256836
CiteSeer,0.4,2,0.4,4,0.004999995231628418
CiteSeer,0.4,2,0.4,5,0.007999986410140991
CiteSeer,0.4,2,0.4,6,0.007999986410140991
CiteSeer,0.4,2,0.4,7,0.007999986410140991
CiteSeer,0.4,2,0.4,8,0.01299998164176941
CiteSeer,0.4,2,0.4,9,0.007999986410140991
CiteSeer,0.4,2,0.4,10,0.007999986410140991
CiteSeer,0.4,2,0.5,0,0.010000020265579224
CiteSeer,0.4,2,0.5,1,0.030000001192092896
CiteSeer,0.4,2,0.5,2,0.02400001883506775
CiteSeer,0.4,2,0.5,3,-0.007999986410140991
CiteSeer,0.4,2,0.5,4,0.0020000040531158447
CiteSeer,0.4,2,0.5,5,0.0020000040531158447
CiteSeer,0.4,2,0.5,6,0.0020000040531158447
CiteSeer,0.4,2,0.5,7,0.0020000040531158447
CiteSeer,0.4,2,0.5,8,0.0020000040531158447
CiteSeer,0.4,2,0.5,9,0.0020000040531158447
CiteSeer,0.4,2,0.5,10,0.0020000040531158447
CiteSeer,0.4,2,0.6,0,0.04300001263618469
CiteSeer,0.4,2,0.6,1,0.006999999284744263
CiteSeer,0.4,2,0.6,2,0.006000012159347534
CiteSeer,0.4,2,0.6,3,0.0020000040531158447
CiteSeer,0.4,2,0.6,4,0.0020000040531158447
CiteSeer,0.4,2,0.6,5,0.0020000040531158447
CiteSeer,0.4,2,0.6,6,0.0020000040531158447
CiteSeer,0.4,2,0.6,7,0.0020000040531158447
CiteSeer,0.4,2,0.6,8,0.0020000040531158447
CiteSeer,0.4,2,0.6,9,0.0020000040531158447
CiteSeer,0.4,2,0.6,10,0.0020000040531158447
CiteSeer,0.4,2,0.7,0,0.0169999897480011
CiteSeer,0.4,2,0.7,1,0.006999999284744263
CiteSeer,0.4,2,0.7,2,0.004999995231628418
CiteSeer,0.4,2,0.7,3,0.0020000040531158447
CiteSeer,0.4,2,0.7,4,0.0020000040531158447
CiteSeer,0.4,2,0.7,5,0.0020000040531158447
CiteSeer,0.4,2,0.7,6,0.0020000040531158447
CiteSeer,0.4,2,0.7,7,0.0020000040531158447
CiteSeer,0.4,2,0.7,8,0.0020000040531158447
CiteSeer,0.4,2,0.7,9,0.0020000040531158447
CiteSeer,0.4,2,0.7,10,0.0020000040531158447
CiteSeer,0.4,2,0.8,0,0.03599998354911804
CiteSeer,0.4,2,0.8,1,-0.0029999911785125732
CiteSeer,0.4,2,0.8,2,0.0020000040531158447
CiteSeer,0.4,2,0.8,3,0.0020000040531158447
CiteSeer,0.4,2,0.8,4,0.0020000040531158447
CiteSeer,0.4,2,0.8,5,0.0020000040531158447
CiteSeer,0.4,2,0.8,6,0.0020000040531158447
CiteSeer,0.4,2,0.8,7,0.0020000040531158447
CiteSeer,0.4,2,0.8,8,0.0020000040531158447
CiteSeer,0.4,2,0.8,9,0.0020000040531158447
CiteSeer,0.4,2,0.8,10,0.0020000040531158447
CiteSeer,0.4,2,0.9,0,0.04899999499320984
CiteSeer,0.4,2,0.9,1,-0.007999986410140991
CiteSeer,0.4,2,0.9,2,0.0020000040531158447
CiteSeer,0.4,2,0.9,3,0.0020000040531158447
CiteSeer,0.4,2,0.9,4,0.0020000040531158447
CiteSeer,0.4,2,0.9,5,0.0020000040531158447
CiteSeer,0.4,2,0.9,6,0.0020000040531158447
CiteSeer,0.4,2,0.9,7,0.0020000040531158447
CiteSeer,0.4,2,0.9,8,0.0020000040531158447
CiteSeer,0.4,2,0.9,9,0.0020000040531158447
CiteSeer,0.4,2,0.9,10,0.0020000040531158447
CiteSeer,0.4,3,0.0,0,0.06299996376037598
CiteSeer,0.4,3,0.0,1,0.05299997329711914
CiteSeer,0.4,3,0.0,2,0.035999953746795654
CiteSeer,0.4,3,0.0,3,0.07599997520446777
CiteSeer,0.4,3,0.0,4,0.07899999618530273
CiteSeer,0.4,3,0.0,5,0.038999974727630615
CiteSeer,0.4,3,0.0,6,0.06499999761581421
CiteSeer,0.4,3,0.0,7,0.0690000057220459
CiteSeer,0.4,3,0.0,8,0.07999998331069946
CiteSeer,0.4,3,0.0,9,0.07599997520446777
CiteSeer,0.4,3,0.0,10,0.06699997186660767
CiteSeer,0.4,3,0.1,0,0.04099994897842407
CiteSeer,0.4,3,0.1,1,0.034999966621398926
CiteSeer,0.4,3,0.1,2,0.08899998664855957
CiteSeer,0.4,3,0.1,3,0.042999982833862305
CiteSeer,0.4,3,0.1,4,0.03200000524520874
CiteSeer,0.4,3,0.1,5,0.03299999237060547
CiteSeer,0.4,3,0.1,6,0.04999995231628418
CiteSeer,0.4,3,0.1,7,0.06499999761581421
CiteSeer,0.4,3,0.1,8,0.02599996328353882
CiteSeer,0.4,3,0.1,9,0.034999966621398926
CiteSeer,0.4,3,0.1,10,0.039999961853027344
CiteSeer,0.4,3,0.2,0,0.05799996852874756
CiteSeer,0.4,3,0.2,1,0.07499998807907104
CiteSeer,0.4,3,0.2,2,0.04899996519088745
CiteSeer,0.4,3,0.2,3,0.04399996995925903
CiteSeer,0.4,3,0.2,4,0.030999958515167236
CiteSeer,0.4,3,0.2,5,0.0209999680519104
CiteSeer,0.4,3,0.2,6,0.04499995708465576
CiteSeer,0.4,3,0.2,7,0.04499995708465576
CiteSeer,0.4,3,0.2,8,0.046999990940093994
CiteSeer,0.4,3,0.2,9,0.0339999794960022
CiteSeer,0.4,3,0.2,10,0.02199995517730713
CiteSeer,0.4,3,0.3,0,0.03200000524520874
CiteSeer,0.4,3,0.3,1,0.03700000047683716
CiteSeer,0.4,3,0.3,2,0.0549999475479126
CiteSeer,0.4,3,0.3,3,0.04399996995925903
CiteSeer,0.4,3,0.3,4,0.03200000524520874
CiteSeer,0.4,3,0.3,5,0.018999993801116943
CiteSeer,0.4,3,0.3,6,0.026999950408935547
CiteSeer,0.4,3,0.3,7,0.018999993801116943
CiteSeer,0.4,3,0.3,8,0.018999993801116943
CiteSeer,0.4,3,0.3,9,0.03200000524520874
CiteSeer,0.4,3,0.3,10,0.03200000524520874
CiteSeer,0.4,3,0.4,0,0.03200000524520874
CiteSeer,0.4,3,0.4,1,0.05799996852874756
CiteSeer,0.4,3,0.4,2,0.03299999237060547
CiteSeer,0.4,3,0.4,3,0.04099994897842407
CiteSeer,0.4,3,0.4,4,0.0209999680519104
CiteSeer,0.4,3,0.4,5,0.012999951839447021
CiteSeer,0.4,3,0.4,6,0.03200000524520874
CiteSeer,0.4,3,0.4,7,0.03200000524520874
CiteSeer,0.4,3,0.4,8,0.03200000524520874
CiteSeer,0.4,3,0.4,9,0.03200000524520874
CiteSeer,0.4,3,0.4,10,0.03200000524520874
CiteSeer,0.4,3,0.5,0,0.05899995565414429
CiteSeer,0.4,3,0.5,1,0.06000000238418579
CiteSeer,0.4,3,0.5,2,0.03700000047683716
CiteSeer,0.4,3,0.5,3,0.02399998903274536
CiteSeer,0.4,3,0.5,4,0.012999951839447021
CiteSeer,0.4,3,0.5,5,0.004999995231628418
CiteSeer,0.4,3,0.5,6,0.018999993801116943
CiteSeer,0.4,3,0.5,7,0.018999993801116943
CiteSeer,0.4,3,0.5,8,0.018999993801116943
CiteSeer,0.4,3,0.5,9,0.004999995231628418
CiteSeer,0.4,3,0.5,10,0.018999993801116943
CiteSeer,0.4,3,0.6,0,0.04499995708465576
CiteSeer,0.4,3,0.6,1,0.04099994897842407
CiteSeer,0.4,3,0.6,2,0.018999993801116943
CiteSeer,0.4,3,0.6,3,0.01799994707107544
CiteSeer,0.4,3,0.6,4,0.018999993801116943
CiteSeer,0.4,3,0.6,5,0.004999995231628418
CiteSeer,0.4,3,0.6,6,0.018999993801116943
CiteSeer,0.4,3,0.6,7,0.018999993801116943
CiteSeer,0.4,3,0.6,8,0.004999995231628418
CiteSeer,0.4,3,0.6,9,0.018999993801116943
CiteSeer,0.4,3,0.6,10,0.004999995231628418
CiteSeer,0.4,3,0.7,0,0.0639999508857727
CiteSeer,0.4,3,0.7,1,0.023000001907348633
CiteSeer,0.4,3,0.7,2,0.02199995517730713
CiteSeer,0.4,3,0.7,3,0.012999951839447021
CiteSeer,0.4,3,0.7,4,0.004999995231628418
CiteSeer,0.4,3,0.7,5,0.004999995231628418
CiteSeer,0.4,3,0.7,6,0.004999995231628418
CiteSeer,0.4,3,0.7,7,0.004999995231628418
CiteSeer,0.4,3,0.7,8,0.004999995231628418
CiteSeer,0.4,3,0.7,9,0.004999995231628418
CiteSeer,0.4,3,0.7,10,0.004999995231628418
CiteSeer,0.4,3,0.8,0,0.04399996995925903
CiteSeer,0.4,3,0.8,1,0.01799994707107544
CiteSeer,0.4,3,0.8,2,0.012999951839447021
CiteSeer,0.4,3,0.8,3,0.004999995231628418
CiteSeer,0.4,3,0.8,4,0.004999995231628418
CiteSeer,0.4,3,0.8,5,0.004999995231628418
CiteSeer,0.4,3,0.8,6,0.004999995231628418
CiteSeer,0.4,3,0.8,7,0.004999995231628418
CiteSeer,0.4,3,0.8,8,0.004999995231628418
CiteSeer,0.4,3,0.8,9,0.004999995231628418
CiteSeer,0.4,3,0.8,10,0.004999995231628418
CiteSeer,0.4,3,0.9,0,0.026999950408935547
CiteSeer,0.4,3,0.9,1,0.02599996328353882
CiteSeer,0.4,3,0.9,2,0.018999993801116943
CiteSeer,0.4,3,0.9,3,0.004999995231628418
CiteSeer,0.4,3,0.9,4,0.004999995231628418
CiteSeer,0.4,3,0.9,5,0.004999995231628418
CiteSeer,0.4,3,0.9,6,0.004999995231628418
CiteSeer,0.4,3,0.9,7,0.004999995231628418
CiteSeer,0.4,3,0.9,8,0.004999995231628418
CiteSeer,0.4,3,0.9,9,0.010999977588653564
CiteSeer,0.4,3,0.9,10,0.004999995231628418
CiteSeer,0.4,4,0.0,0,0.07400000095367432
CiteSeer,0.4,4,0.0,1,0.09599995613098145
CiteSeer,0.4,4,0.0,2,0.05399996042251587
CiteSeer,0.4,4,0.0,3,0.08499997854232788
CiteSeer,0.4,4,0.0,4,0.08899998664855957
CiteSeer,0.4,4,0.0,5,0.1029999852180481
CiteSeer,0.4,4,0.0,6,0.07099997997283936
CiteSeer,0.4,4,0.0,7,0.07099997997283936
CiteSeer,0.4,4,0.0,8,0.11399996280670166
CiteSeer,0.4,4,0.0,9,0.06299996376037598
CiteSeer,0.4,4,0.0,10,0.0690000057220459
CiteSeer,0.4,4,0.1,0,0.05699998140335083
CiteSeer,0.4,4,0.1,1,0.04899996519088745
CiteSeer,0.4,4,0.1,2,0.06099998950958252
CiteSeer,0.4,4,0.1,3,0.050999999046325684
CiteSeer,0.4,4,0.1,4,0.04799997806549072
CiteSeer,0.4,4,0.1,5,0.06199997663497925
CiteSeer,0.4,4,0.1,6,0.034999966621398926
CiteSeer,0.4,4,0.1,7,0.04999995231628418
CiteSeer,0.4,4,0.1,8,0.06199997663497925
CiteSeer,0.4,4,0.1,9,0.0639999508857727
CiteSeer,0.4,4,0.1,10,0.07099997997283936
CiteSeer,0.4,4,0.2,0,0.04899996519088745
CiteSeer,0.4,4,0.2,1,0.06199997663497925
CiteSeer,0.4,4,0.2,2,0.05799996852874756
CiteSeer,0.4,4,0.2,3,0.06699997186660767
CiteSeer,0.4,4,0.2,4,0.0639999508857727
CiteSeer,0.4,4,0.2,5,0.04399996995925903
CiteSeer,0.4,4,0.2,6,0.038999974727630615
CiteSeer,0.4,4,0.2,7,0.05399996042251587
CiteSeer,0.4,4,0.2,8,0.05299997329711914
CiteSeer,0.4,4,0.2,9,0.03700000047683716
CiteSeer,0.4,4,0.2,10,0.034999966621398926
CiteSeer,0.4,4,0.3,0,0.06099998950958252
CiteSeer,0.4,4,0.3,1,0.06099998950958252
CiteSeer,0.4,4,0.3,2,0.03200000524520874
CiteSeer,0.4,4,0.3,3,0.046999990940093994
CiteSeer,0.4,4,0.3,4,0.050999999046325684
CiteSeer,0.4,4,0.3,5,0.046000003814697266
CiteSeer,0.4,4,0.3,6,0.046999990940093994
CiteSeer,0.4,4,0.3,7,0.050999999046325684
CiteSeer,0.4,4,0.3,8,0.050999999046325684
CiteSeer,0.4,4,0.3,9,0.06000000238418579
CiteSeer,0.4,4,0.3,10,0.030999958515167236
CiteSeer,0.4,4,0.4,0,0.050999999046325684
CiteSeer,0.4,4,0.4,1,0.04399996995925903
CiteSeer,0.4,4,0.4,2,0.03299999237060547
CiteSeer,0.4,4,0.4,3,0.0559999942779541
CiteSeer,0.4,4,0.4,4,0.034999966621398926
CiteSeer,0.4,4,0.4,5,0.04399996995925903
CiteSeer,0.4,4,0.4,6,0.018999993801116943
CiteSeer,0.4,4,0.4,7,0.04399996995925903
CiteSeer,0.4,4,0.4,8,0.04399996995925903
CiteSeer,0.4,4,0.4,9,0.04399996995925903
CiteSeer,0.4,4,0.4,10,0.04399996995925903
CiteSeer,0.4,4,0.5,0,0.08899998664855957
CiteSeer,0.4,4,0.5,1,0.02799999713897705
CiteSeer,0.4,4,0.5,2,0.02199995517730713
CiteSeer,0.4,4,0.5,3,0.018999993801116943
CiteSeer,0.4,4,0.5,4,0.03299999237060547
CiteSeer,0.4,4,0.5,5,0.007999956607818604
CiteSeer,0.4,4,0.5,6,0.007999956607818604
CiteSeer,0.4,4,0.5,7,0.007999956607818604
CiteSeer,0.4,4,0.5,8,0.013999998569488525
CiteSeer,0.4,4,0.5,9,0.007999956607818604
CiteSeer,0.4,4,0.5,10,0.007999956607818604
CiteSeer,0.4,4,0.6,0,0.041999995708465576
CiteSeer,0.4,4,0.6,1,0.04899996519088745
CiteSeer,0.4,4,0.6,2,0.02199995517730713
CiteSeer,0.4,4,0.6,3,0.03299999237060547
CiteSeer,0.4,4,0.6,4,0.007999956607818604
CiteSeer,0.4,4,0.6,5,0.007999956607818604
CiteSeer,0.4,4,0.6,6,0.007999956607818604
CiteSeer,0.4,4,0.6,7,0.007999956607818604
CiteSeer,0.4,4,0.6,8,0.007999956607818604
CiteSeer,0.4,4,0.6,9,0.007999956607818604
CiteSeer,0.4,4,0.6,10,0.007999956607818604
CiteSeer,0.4,4,0.7,0,0.0559999942779541
CiteSeer,0.4,4,0.7,1,0.02199995517730713
CiteSeer,0.4,4,0.7,2,0.018999993801116943
CiteSeer,0.4,4,0.7,3,0.007999956607818604
CiteSeer,0.4,4,0.7,4,0.007999956607818604
CiteSeer,0.4,4,0.7,5,0.007999956607818604
CiteSeer,0.4,4,0.7,6,0.007999956607818604
CiteSeer,0.4,4,0.7,7,0.007999956607818604
CiteSeer,0.4,4,0.7,8,0.007999956607818604
CiteSeer,0.4,4,0.7,9,0.007999956607818604
CiteSeer,0.4,4,0.7,10,0.007999956607818604
CiteSeer,0.4,4,0.8,0,0.08399999141693115
CiteSeer,0.4,4,0.8,1,0.035999953746795654
CiteSeer,0.4,4,0.8,2,0.03299999237060547
CiteSeer,0.4,4,0.8,3,0.007999956607818604
CiteSeer,0.4,4,0.8,4,0.007999956607818604
CiteSeer,0.4,4,0.8,5,0.007999956607818604
CiteSeer,0.4,4,0.8,6,0.007999956607818604
CiteSeer,0.4,4,0.8,7,0.007999956607818604
CiteSeer,0.4,4,0.8,8,0.007999956607818604
CiteSeer,0.4,4,0.8,9,0.007999956607818604
CiteSeer,0.4,4,0.8,10,0.007999956607818604
CiteSeer,0.4,4,0.9,0,0.04499995708465576
CiteSeer,0.4,4,0.9,1,0.018999993801116943
CiteSeer,0.4,4,0.9,2,0.007999956607818604
CiteSeer,0.4,4,0.9,3,0.007999956607818604
CiteSeer,0.4,4,0.9,4,0.007999956607818604
CiteSeer,0.4,4,0.9,5,0.007999956607818604
CiteSeer,0.4,4,0.9,6,0.007999956607818604
CiteSeer,0.4,4,0.9,7,0.007999956607818604
CiteSeer,0.4,4,0.9,8,0.007999956607818604
CiteSeer,0.4,4,0.9,9,0.007999956607818604
CiteSeer,0.4,4,0.9,10,0.007999956607818604
CiteSeer,0.4,5,0.0,0,0.07599997520446777
CiteSeer,0.4,5,0.0,1,0.05399999022483826
CiteSeer,0.4,5,0.0,2,0.010999977588653564
CiteSeer,0.4,5,0.0,3,0.0729999840259552
CiteSeer,0.4,5,0.0,4,0.07400000095367432
CiteSeer,0.4,5,0.0,5,0.0559999942779541
CiteSeer,0.4,5,0.0,6,0.03599998354911804
CiteSeer,0.4,5,0.0,7,0.05399999022483826
CiteSeer,0.4,5,0.0,8,0.046999990940093994
CiteSeer,0.4,5,0.0,9,0.06700000166893005
CiteSeer,0.4,5,0.0,10,0.07899996638298035
CiteSeer,0.4,5,0.1,0,0.04899999499320984
CiteSeer,0.4,5,0.1,1,0.0169999897480011
CiteSeer,0.4,5,0.1,2,-0.04400002956390381
CiteSeer,0.4,5,0.1,3,0.09599998593330383
CiteSeer,0.4,5,0.1,4,-0.009000003337860107
CiteSeer,0.4,5,0.1,5,-0.02000001072883606
CiteSeer,0.4,5,0.1,6,0.05199998617172241
CiteSeer,0.4,5,0.1,7,0.04599997401237488
CiteSeer,0.4,5,0.1,8,0.03599998354911804
CiteSeer,0.4,5,0.1,9,0.07499998807907104
CiteSeer,0.4,5,0.1,10,0.05199998617172241
CiteSeer,0.4,5,0.2,0,0.05699998140335083
CiteSeer,0.4,5,0.2,1,0.06599998474121094
CiteSeer,0.4,5,0.2,2,0.03299999237060547
CiteSeer,0.4,5,0.2,3,0.04599997401237488
CiteSeer,0.4,5,0.2,4,-0.017000019550323486
CiteSeer,0.4,5,0.2,5,0.0169999897480011
CiteSeer,0.4,5,0.2,6,0.015999972820281982
CiteSeer,0.4,5,0.2,7,-0.025000005960464478
CiteSeer,0.4,5,0.2,8,-0.005000025033950806
CiteSeer,0.4,5,0.2,9,-0.005000025033950806
CiteSeer,0.4,5,0.2,10,-0.005000025033950806
CiteSeer,0.4,5,0.3,0,0.06099998950958252
CiteSeer,0.4,5,0.3,1,0.019999980926513672
CiteSeer,0.4,5,0.3,2,0.0
CiteSeer,0.4,5,0.3,3,0.023000001907348633
CiteSeer,0.4,5,0.3,4,-0.009000003337860107
CiteSeer,0.4,5,0.3,5,-0.0010000169277191162
CiteSeer,0.4,5,0.3,6,0.023000001907348633
CiteSeer,0.4,5,0.3,7,-0.005000025033950806
CiteSeer,0.4,5,0.3,8,0.023000001907348633
CiteSeer,0.4,5,0.3,9,0.023000001907348633
CiteSeer,0.4,5,0.3,10,0.023000001907348633
CiteSeer,0.4,5,0.4,0,0.04099997878074646
CiteSeer,0.4,5,0.4,1,0.05300000309944153
CiteSeer,0.4,5,0.4,2,-0.009000003337860107
CiteSeer,0.4,5,0.4,3,0.009999990463256836
CiteSeer,0.4,5,0.4,4,0.004999995231628418
CiteSeer,0.4,5,0.4,5,0.023000001907348633
CiteSeer,0.4,5,0.4,6,0.023000001907348633
CiteSeer,0.4,5,0.4,7,0.023000001907348633
CiteSeer,0.4,5,0.4,8,0.023000001907348633
CiteSeer,0.4,5,0.4,9,0.023000001907348633
CiteSeer,0.4,5,0.4,10,0.023000001907348633
CiteSeer,0.4,5,0.5,0,0.0559999942779541
CiteSeer,0.4,5,0.5,1,0.03299999237060547
CiteSeer,0.4,5,0.5,2,-0.01600000262260437
CiteSeer,0.4,5,0.5,3,0.023000001907348633
CiteSeer,0.4,5,0.5,4,0.023000001907348633
CiteSeer,0.4,5,0.5,5,0.010999977588653564
CiteSeer,0.4,5,0.5,6,0.010999977588653564
CiteSeer,0.4,5,0.5,7,0.010999977588653564
CiteSeer,0.4,5,0.5,8,0.01299998164176941
CiteSeer,0.4,5,0.5,9,0.01299998164176941
CiteSeer,0.4,5,0.5,10,0.010999977588653564
CiteSeer,0.4,5,0.6,0,0.06799998879432678
CiteSeer,0.4,5,0.6,1,0.042999982833862305
CiteSeer,0.4,5,0.6,2,0.023000001907348633
CiteSeer,0.4,5,0.6,3,0.010999977588653564
CiteSeer,0.4,5,0.6,4,0.010999977588653564
CiteSeer,0.4,5,0.6,5,0.01299998164176941
CiteSeer,0.4,5,0.6,6,0.01299998164176941
CiteSeer,0.4,5,0.6,7,0.01299998164176941
CiteSeer,0.4,5,0.6,8,0.01299998164176941
CiteSeer,0.4,5,0.6,9,0.01299998164176941
CiteSeer,0.4,5,0.6,10,0.01299998164176941
CiteSeer,0.4,5,0.7,0,0.04099997878074646
CiteSeer,0.4,5,0.7,1,-0.01600000262260437
CiteSeer,0.4,5,0.7,2,0.023000001907348633
CiteSeer,0.4,5,0.7,3,0.01299998164176941
CiteSeer,0.4,5,0.7,4,0.01299998164176941
CiteSeer,0.4,5,0.7,5,0.01299998164176941
CiteSeer,0.4,5,0.7,6,0.01299998164176941
CiteSeer,0.4,5,0.7,7,0.01299998164176941
CiteSeer,0.4,5,0.7,8,0.01299998164176941
CiteSeer,0.4,5,0.7,9,0.01299998164176941
CiteSeer,0.4,5,0.7,10,0.01299998164176941
CiteSeer,0.4,5,0.8,0,0.0339999794960022
CiteSeer,0.4,5,0.8,1,0.0029999911785125732
CiteSeer,0.4,5,0.8,2,0.023000001907348633
CiteSeer,0.4,5,0.8,3,0.01299998164176941
CiteSeer,0.4,5,0.8,4,0.01299998164176941
CiteSeer,0.4,5,0.8,5,0.01299998164176941
CiteSeer,0.4,5,0.8,6,0.01299998164176941
CiteSeer,0.4,5,0.8,7,0.01299998164176941
CiteSeer,0.4,5,0.8,8,0.010999977588653564
CiteSeer,0.4,5,0.8,9,0.01299998164176941
CiteSeer,0.4,5,0.8,10,0.01299998164176941
CiteSeer,0.4,5,0.9,0,0.04799997806549072
CiteSeer,0.4,5,0.9,1,0.023000001907348633
CiteSeer,0.4,5,0.9,2,0.023000001907348633
CiteSeer,0.4,5,0.9,3,0.01299998164176941
CiteSeer,0.4,5,0.9,4,0.01299998164176941
CiteSeer,0.4,5,0.9,5,0.01299998164176941
CiteSeer,0.4,5,0.9,6,0.01299998164176941
CiteSeer,0.4,5,0.9,7,0.01299998164176941
CiteSeer,0.4,5,0.9,8,0.01299998164176941
CiteSeer,0.4,5,0.9,9,0.01299998164176941
CiteSeer,0.4,5,0.9,10,0.01299998164176941
CiteSeer,0.4,6,0.0,0,0.04600003361701965
CiteSeer,0.4,6,0.0,1,0.037000030279159546
CiteSeer,0.4,6,0.0,2,0.04600003361701965
CiteSeer,0.4,6,0.0,3,0.04399999976158142
CiteSeer,0.4,6,0.0,4,0.02400001883506775
CiteSeer,0.4,6,0.0,5,0.034000009298324585
CiteSeer,0.4,6,0.0,6,0.009000033140182495
CiteSeer,0.4,6,0.0,7,0.042000025510787964
CiteSeer,0.4,6,0.0,8,0.034999996423721313
CiteSeer,0.4,6,0.0,9,0.018000036478042603
CiteSeer,0.4,6,0.0,10,-0.021999984979629517
CiteSeer,0.4,6,0.1,0,0.006999999284744263
CiteSeer,0.4,6,0.1,1,0.014000028371810913
CiteSeer,0.4,6,0.1,2,0.018000036478042603
CiteSeer,0.4,6,0.1,3,0.025000005960464478
CiteSeer,0.4,6,0.1,4,0.01900002360343933
CiteSeer,0.4,6,0.1,5,-0.013999998569488525
CiteSeer,0.4,6,0.1,6,0.0010000169277191162
CiteSeer,0.4,6,0.1,7,-0.0009999871253967285
CiteSeer,0.4,6,0.1,8,-0.003999978303909302
CiteSeer,0.4,6,0.1,9,0.011000007390975952
CiteSeer,0.4,6,0.1,10,-0.003999978303909302
CiteSeer,0.4,6,0.2,0,-0.03700000047683716
CiteSeer,0.4,6,0.2,1,0.009000033140182495
CiteSeer,0.4,6,0.2,2,-0.020999997854232788
CiteSeer,0.4,6,0.2,3,-0.01299998164176941
CiteSeer,0.4,6,0.2,4,-0.0029999911785125732
CiteSeer,0.4,6,0.2,5,-0.0009999871253967285
CiteSeer,0.4,6,0.2,6,0.006999999284744263
CiteSeer,0.4,6,0.2,7,-0.006999999284744263
CiteSeer,0.4,6,0.2,8,0.010000020265579224
CiteSeer,0.4,6,0.2,9,-0.006999999284744263
CiteSeer,0.4,6,0.2,10,-0.006999999284744263
CiteSeer,0.4,6,0.3,0,0.0010000169277191162
CiteSeer,0.4,6,0.3,1,-0.04099997878074646
CiteSeer,0.4,6,0.3,2,0.014000028371810913
CiteSeer,0.4,6,0.3,3,-0.007999986410140991
CiteSeer,0.4,6,0.3,4,-0.020999997854232788
CiteSeer,0.4,6,0.3,5,-0.02399998903274536
CiteSeer,0.4,6,0.3,6,-0.015999972820281982
CiteSeer,0.4,6,0.3,7,-0.02399998903274536
CiteSeer,0.4,6,0.3,8,-0.015999972820281982
CiteSeer,0.4,6,0.3,9,-0.015999972820281982
CiteSeer,0.4,6,0.3,10,-0.015999972820281982
CiteSeer,0.4,6,0.4,0,-0.015999972820281982
CiteSeer,0.4,6,0.4,1,-0.021999984979629517
CiteSeer,0.4,6,0.4,2,0.006999999284744263
CiteSeer,0.4,6,0.4,3,-0.0169999897480011
CiteSeer,0.4,6,0.4,4,-0.009999990463256836
CiteSeer,0.4,6,0.4,5,-0.015999972820281982
CiteSeer,0.4,6,0.4,6,-0.015999972820281982
CiteSeer,0.4,6,0.4,7,-0.006999999284744263
CiteSeer,0.4,6,0.4,8,-0.006999999284744263
CiteSeer,0.4,6,0.4,9,-0.006999999284744263
CiteSeer,0.4,6,0.4,10,-0.006999999284744263
CiteSeer,0.4,6,0.5,0,0.018000036478042603
CiteSeer,0.4,6,0.5,1,-0.01299998164176941
CiteSeer,0.4,6,0.5,2,-0.001999974250793457
CiteSeer,0.4,6,0.5,3,-0.006999999284744263
CiteSeer,0.4,6,0.5,4,-0.006999999284744263
CiteSeer,0.4,6,0.5,5,-0.0009999871253967285
CiteSeer,0.4,6,0.5,6,-0.0009999871253967285
CiteSeer,0.4,6,0.5,7,-0.0009999871253967285
CiteSeer,0.4,6,0.5,8,-0.006999999284744263
CiteSeer,0.4,6,0.5,9,-0.0009999871253967285
CiteSeer,0.4,6,0.5,10,-0.0009999871253967285
CiteSeer,0.4,6,0.6,0,-0.0169999897480011
CiteSeer,0.4,6,0.6,1,-0.004999995231628418
CiteSeer,0.4,6,0.6,2,-0.003999978303909302
CiteSeer,0.4,6,0.6,3,-0.0009999871253967285
CiteSeer,0.4,6,0.6,4,-0.0009999871253967285
CiteSeer,0.4,6,0.6,5,-0.014999985694885254
CiteSeer,0.4,6,0.6,6,-0.0009999871253967285
CiteSeer,0.4,6,0.6,7,-0.014999985694885254
CiteSeer,0.4,6,0.6,8,-0.014999985694885254
CiteSeer,0.4,6,0.6,9,-0.014999985694885254
CiteSeer,0.4,6,0.6,10,-0.0009999871253967285
CiteSeer,0.4,6,0.7,0,0.022000044584274292
CiteSeer,0.4,6,0.7,1,0.0010000169277191162
CiteSeer,0.4,6,0.7,2,-0.006999999284744263
CiteSeer,0.4,6,0.7,3,-0.014999985694885254
CiteSeer,0.4,6,0.7,4,-0.0009999871253967285
CiteSeer,0.4,6,0.7,5,-0.014999985694885254
CiteSeer,0.4,6,0.7,6,-0.014999985694885254
CiteSeer,0.4,6,0.7,7,-0.014999985694885254
CiteSeer,0.4,6,0.7,8,-0.014999985694885254
CiteSeer,0.4,6,0.7,9,-0.0009999871253967285
CiteSeer,0.4,6,0.7,10,-0.014999985694885254
CiteSeer,0.4,6,0.8,0,0.004000037908554077
CiteSeer,0.4,6,0.8,1,-0.004999995231628418
CiteSeer,0.4,6,0.8,2,-0.014999985694885254
CiteSeer,0.4,6,0.8,3,-0.014999985694885254
CiteSeer,0.4,6,0.8,4,-0.014999985694885254
CiteSeer,0.4,6,0.8,5,-0.0009999871253967285
CiteSeer,0.4,6,0.8,6,-0.014999985694885254
CiteSeer,0.4,6,0.8,7,-0.014999985694885254
CiteSeer,0.4,6,0.8,8,-0.014999985694885254
CiteSeer,0.4,6,0.8,9,-0.014999985694885254
CiteSeer,0.4,6,0.8,10,-0.0009999871253967285
CiteSeer,0.4,6,0.9,0,0.02400001883506775
CiteSeer,0.4,6,0.9,1,-0.003999978303909302
CiteSeer,0.4,6,0.9,2,-0.014999985694885254
CiteSeer,0.4,6,0.9,3,-0.014999985694885254
CiteSeer,0.4,6,0.9,4,-0.014999985694885254
CiteSeer,0.4,6,0.9,5,-0.014999985694885254
CiteSeer,0.4,6,0.9,6,-0.0009999871253967285
CiteSeer,0.4,6,0.9,7,-0.0009999871253967285
CiteSeer,0.4,6,0.9,8,-0.0009999871253967285
CiteSeer,0.4,6,0.9,9,-0.014999985694885254
CiteSeer,0.4,6,0.9,10,-0.014999985694885254
CiteSeer,0.4,7,0.0,0,0.0690000057220459
CiteSeer,0.4,7,0.0,1,0.050000011920928955
CiteSeer,0.4,7,0.0,2,0.026000022888183594
CiteSeer,0.4,7,0.0,3,0.05500000715255737
CiteSeer,0.4,7,0.0,4,0.11900001764297485
CiteSeer,0.4,7,0.0,5,0.02799999713897705
CiteSeer,0.4,7,0.0,6,0.07700002193450928
CiteSeer,0.4,7,0.0,7,0.006999999284744263
CiteSeer,0.4,7,0.0,8,0.050000011920928955
CiteSeer,0.4,7,0.0,9,0.04899999499320984
CiteSeer,0.4,7,0.0,10,0.029000014066696167
CiteSeer,0.4,7,0.1,0,0.10000002384185791
CiteSeer,0.4,7,0.1,1,0.050999999046325684
CiteSeer,0.4,7,0.1,2,0.03700000047683716
CiteSeer,0.4,7,0.1,3,0.05500000715255737
CiteSeer,0.4,7,0.1,4,0.018999993801116943
CiteSeer,0.4,7,0.1,5,0.034000009298324585
CiteSeer,0.4,7,0.1,6,0.009000003337860107
CiteSeer,0.4,7,0.1,7,0.04399999976158142
CiteSeer,0.4,7,0.1,8,0.015000015497207642
CiteSeer,0.4,7,0.1,9,0.050000011920928955
CiteSeer,0.4,7,0.1,10,-0.007999986410140991
CiteSeer,0.4,7,0.2,0,0.008000016212463379
CiteSeer,0.4,7,0.2,1,0.054000020027160645
CiteSeer,0.4,7,0.2,2,0.04800000786781311
CiteSeer,0.4,7,0.2,3,0.022000014781951904
CiteSeer,0.4,7,0.2,4,0.02000001072883606
CiteSeer,0.4,7,0.2,5,0.0
CiteSeer,0.4,7,0.2,6,0.013999998569488525
CiteSeer,0.4,7,0.2,7,-0.02899998426437378
CiteSeer,0.4,7,0.2,8,-0.0009999871253967285
CiteSeer,0.4,7,0.2,9,0.011000007390975952
CiteSeer,0.4,7,0.2,10,0.0
CiteSeer,0.4,7,0.3,0,0.07300001382827759
CiteSeer,0.4,7,0.3,1,-0.019999980926513672
CiteSeer,0.4,7,0.3,2,-0.013999998569488525
CiteSeer,0.4,7,0.3,3,-0.0029999911785125732
CiteSeer,0.4,7,0.3,4,-0.003999978303909302
CiteSeer,0.4,7,0.3,5,-0.003999978303909302
CiteSeer,0.4,7,0.3,6,-0.003999978303909302
CiteSeer,0.4,7,0.3,7,0.01199999451637268
CiteSeer,0.4,7,0.3,8,-0.0009999871253967285
CiteSeer,0.4,7,0.3,9,-0.0009999871253967285
CiteSeer,0.4,7,0.3,10,-0.0009999871253967285
CiteSeer,0.4,7,0.4,0,0.05900001525878906
CiteSeer,0.4,7,0.4,1,-0.013999998569488525
CiteSeer,0.4,7,0.4,2,0.004999995231628418
CiteSeer,0.4,7,0.4,3,0.01199999451637268
CiteSeer,0.4,7,0.4,4,-0.003999978303909302
CiteSeer,0.4,7,0.4,5,0.008000016212463379
CiteSeer,0.4,7,0.4,6,0.008000016212463379
CiteSeer,0.4,7,0.4,7,-0.0009999871253967285
CiteSeer,0.4,7,0.4,8,0.008000016212463379
CiteSeer,0.4,7,0.4,9,-0.0009999871253967285
CiteSeer,0.4,7,0.4,10,-0.0009999871253967285
CiteSeer,0.4,7,0.5,0,0.03100001811981201
CiteSeer,0.4,7,0.5,1,0.01199999451637268
CiteSeer,0.4,7,0.5,2,-0.01600000262260437
CiteSeer,0.4,7,0.5,3,0.013000011444091797
CiteSeer,0.4,7,0.5,4,0.006000012159347534
CiteSeer,0.4,7,0.5,5,0.006000012159347534
CiteSeer,0.4,7,0.5,6,0.006999999284744263
CiteSeer,0.4,7,0.5,7,0.013000011444091797
CiteSeer,0.4,7,0.5,8,0.006999999284744263
CiteSeer,0.4,7,0.5,9,0.006000012159347534
CiteSeer,0.4,7,0.5,10,0.006000012159347534
CiteSeer,0.4,7,0.6,0,0.034000009298324585
CiteSeer,0.4,7,0.6,1,0.03100001811981201
CiteSeer,0.4,7,0.6,2,-0.0009999871253967285
CiteSeer,0.4,7,0.6,3,0.01199999451637268
CiteSeer,0.4,7,0.6,4,0.006999999284744263
CiteSeer,0.4,7,0.6,5,0.006999999284744263
CiteSeer,0.4,7,0.6,6,0.006000012159347534
CiteSeer,0.4,7,0.6,7,0.006000012159347534
CiteSeer,0.4,7,0.6,8,0.006999999284744263
CiteSeer,0.4,7,0.6,9,0.006999999284744263
CiteSeer,0.4,7,0.6,10,0.006000012159347534
CiteSeer,0.4,7,0.7,0,0.041999995708465576
CiteSeer,0.4,7,0.7,1,-0.009999990463256836
CiteSeer,0.4,7,0.7,2,0.006000012159347534
CiteSeer,0.4,7,0.7,3,0.01199999451637268
CiteSeer,0.4,7,0.7,4,0.006000012159347534
CiteSeer,0.4,7,0.7,5,0.006000012159347534
CiteSeer,0.4,7,0.7,6,0.006000012159347534
CiteSeer,0.4,7,0.7,7,0.006000012159347534
CiteSeer,0.4,7,0.7,8,0.006000012159347534
CiteSeer,0.4,7,0.7,9,0.006000012159347534
CiteSeer,0.4,7,0.7,10,0.006000012159347534
CiteSeer,0.4,7,0.8,0,0.04899999499320984
CiteSeer,0.4,7,0.8,1,-0.0009999871253967285
CiteSeer,0.4,7,0.8,2,0.01199999451637268
CiteSeer,0.4,7,0.8,3,0.006000012159347534
CiteSeer,0.4,7,0.8,4,0.006000012159347534
CiteSeer,0.4,7,0.8,5,0.006999999284744263
CiteSeer,0.4,7,0.8,6,0.006999999284744263
CiteSeer,0.4,7,0.8,7,0.006000012159347534
CiteSeer,0.4,7,0.8,8,0.006999999284744263
CiteSeer,0.4,7,0.8,9,0.006000012159347534
CiteSeer,0.4,7,0.8,10,0.006000012159347534
CiteSeer,0.4,7,0.9,0,0.013999998569488525
CiteSeer,0.4,7,0.9,1,0.0
CiteSeer,0.4,7,0.9,2,0.008000016212463379
CiteSeer,0.4,7,0.9,3,0.006000012159347534
CiteSeer,0.4,7,0.9,4,0.006000012159347534
CiteSeer,0.4,7,0.9,5,0.006000012159347534
CiteSeer,0.4,7,0.9,6,0.006999999284744263
CiteSeer,0.4,7,0.9,7,0.006000012159347534
CiteSeer,0.4,7,0.9,8,0.006000012159347534
CiteSeer,0.4,7,0.9,9,0.006000012159347534
CiteSeer,0.4,7,0.9,10,0.006000012159347534
CiteSeer,0.4,8,0.0,0,0.06199997663497925
CiteSeer,0.4,8,0.0,1,0.05900001525878906
CiteSeer,0.4,8,0.0,2,0.06099998950958252
CiteSeer,0.4,8,0.0,3,0.07600003480911255
CiteSeer,0.4,8,0.0,4,0.04799997806549072
CiteSeer,0.4,8,0.0,5,0.05199998617172241
CiteSeer,0.4,8,0.0,6,0.019999980926513672
CiteSeer,0.4,8,0.0,7,0.0690000057220459
CiteSeer,0.4,8,0.0,8,0.06800001859664917
CiteSeer,0.4,8,0.0,9,0.06800001859664917
CiteSeer,0.4,8,0.0,10,0.0559999942779541
CiteSeer,0.4,8,0.1,0,0.0350000262260437
CiteSeer,0.4,8,0.1,1,0.06499999761581421
CiteSeer,0.4,8,0.1,2,0.04100000858306885
CiteSeer,0.4,8,0.1,3,0.04799997806549072
CiteSeer,0.4,8,0.1,4,0.03600001335144043
CiteSeer,0.4,8,0.1,5,0.0350000262260437
CiteSeer,0.4,8,0.1,6,0.046999990940093994
CiteSeer,0.4,8,0.1,7,0.03799998760223389
CiteSeer,0.4,8,0.1,8,0.012000024318695068
CiteSeer,0.4,8,0.1,9,0.02799999713897705
CiteSeer,0.4,8,0.1,10,0.02799999713897705
CiteSeer,0.4,8,0.2,0,0.042999982833862305
CiteSeer,0.4,8,0.2,1,0.03200000524520874
CiteSeer,0.4,8,0.2,2,0.03100001811981201
CiteSeer,0.4,8,0.2,3,-0.0009999871253967285
CiteSeer,0.4,8,0.2,4,0.009000003337860107
CiteSeer,0.4,8,0.2,5,0.014999985694885254
CiteSeer,0.4,8,0.2,6,-0.001999974250793457
CiteSeer,0.4,8,0.2,7,-0.0040000081062316895
CiteSeer,0.4,8,0.2,8,0.017000019550323486
CiteSeer,0.4,8,0.2,9,-0.0040000081062316895
CiteSeer,0.4,8,0.2,10,0.013999998569488525
CiteSeer,0.4,8,0.3,0,0.042999982833862305
CiteSeer,0.4,8,0.3,1,0.0040000081062316895
CiteSeer,0.4,8,0.3,2,-0.0040000081062316895
CiteSeer,0.4,8,0.3,3,0.008000016212463379
CiteSeer,0.4,8,0.3,4,-0.004999995231628418
CiteSeer,0.4,8,0.3,5,-0.009000003337860107
CiteSeer,0.4,8,0.3,6,0.003000020980834961
CiteSeer,0.4,8,0.3,7,-0.001999974250793457
CiteSeer,0.4,8,0.3,8,-0.001999974250793457
CiteSeer,0.4,8,0.3,9,-0.001999974250793457
CiteSeer,0.4,8,0.3,10,0.00700002908706665
CiteSeer,0.4,8,0.4,0,0.050000011920928955
CiteSeer,0.4,8,0.4,1,-0.013999998569488525
CiteSeer,0.4,8,0.4,2,0.003000020980834961
CiteSeer,0.4,8,0.4,3,-0.009000003337860107
CiteSeer,0.4,8,0.4,4,-0.009999990463256836
CiteSeer,0.4,8,0.4,5,-0.001999974250793457
CiteSeer,0.4,8,0.4,6,-0.001999974250793457
CiteSeer,0.4,8,0.4,7,-0.001999974250793457
CiteSeer,0.4,8,0.4,8,-0.001999974250793457
CiteSeer,0.4,8,0.4,9,-0.001999974250793457
CiteSeer,0.4,8,0.4,10,-0.001999974250793457
CiteSeer,0.4,8,0.5,0,0.012000024318695068
CiteSeer,0.4,8,0.5,1,0.003000020980834961
CiteSeer,0.4,8,0.5,2,-0.0040000081062316895
CiteSeer,0.4,8,0.5,3,-0.009999990463256836
CiteSeer,0.4,8,0.5,4,-0.013000011444091797
CiteSeer,0.4,8,0.5,5,-0.001999974250793457
CiteSeer,0.4,8,0.5,6,0.0009999871253967285
CiteSeer,0.4,8,0.5,7,0.0009999871253967285
CiteSeer,0.4,8,0.5,8,0.0
CiteSeer,0.4,8,0.5,9,0.0
CiteSeer,0.4,8,0.5,10,0.0
CiteSeer,0.4,8,0.6,0,0.02499997615814209
CiteSeer,0.4,8,0.6,1,0.004999995231628418
CiteSeer,0.4,8,0.6,2,-0.009999990463256836
CiteSeer,0.4,8,0.6,3,-0.013999998569488525
CiteSeer,0.4,8,0.6,4,0.0
CiteSeer,0.4,8,0.6,5,0.0
CiteSeer,0.4,8,0.6,6,0.0009999871253967285
CiteSeer,0.4,8,0.6,7,0.0
CiteSeer,0.4,8,0.6,8,0.0
CiteSeer,0.4,8,0.6,9,0.0
CiteSeer,0.4,8,0.6,10,0.0009999871253967285
CiteSeer,0.4,8,0.7,0,0.016000032424926758
CiteSeer,0.4,8,0.7,1,-0.0040000081062316895
CiteSeer,0.4,8,0.7,2,-0.013999998569488525
CiteSeer,0.4,8,0.7,3,-0.0059999823570251465
CiteSeer,0.4,8,0.7,4,0.0
CiteSeer,0.4,8,0.7,5,0.0
CiteSeer,0.4,8,0.7,6,0.0
CiteSeer,0.4,8,0.7,7,0.0
CiteSeer,0.4,8,0.7,8,0.0
CiteSeer,0.4,8,0.7,9,0.0
CiteSeer,0.4,8,0.7,10,0.0
CiteSeer,0.4,8,0.8,0,0.018000006675720215
CiteSeer,0.4,8,0.8,1,-0.009999990463256836
CiteSeer,0.4,8,0.8,2,-0.004999995231628418
CiteSeer,0.4,8,0.8,3,-0.0059999823570251465
CiteSeer,0.4,8,0.8,4,0.0
CiteSeer,0.4,8,0.8,5,0.0
CiteSeer,0.4,8,0.8,6,0.0
CiteSeer,0.4,8,0.8,7,0.0
CiteSeer,0.4,8,0.8,8,0.0
CiteSeer,0.4,8,0.8,9,0.0
CiteSeer,0.4,8,0.8,10,0.0
CiteSeer,0.4,8,0.9,0,0.02899998426437378
CiteSeer,0.4,8,0.9,1,-0.009999990463256836
CiteSeer,0.4,8,0.9,2,-0.0059999823570251465
CiteSeer,0.4,8,0.9,3,0.0
CiteSeer,0.4,8,0.9,4,0.0
CiteSeer,0.4,8,0.9,5,0.0
CiteSeer,0.4,8,0.9,6,0.0
CiteSeer,0.4,8,0.9,7,0.0
CiteSeer,0.4,8,0.9,8,0.0
CiteSeer,0.4,8,0.9,9,0.0
CiteSeer,0.4,8,0.9,10,0.0
CiteSeer,0.4,9,0.0,0,0.04899996519088745
CiteSeer,0.4,9,0.0,1,0.07599997520446777
CiteSeer,0.4,9,0.0,2,0.050000011920928955
CiteSeer,0.4,9,0.0,3,0.08499997854232788
CiteSeer,0.4,9,0.0,4,0.06599998474121094
CiteSeer,0.4,9,0.0,5,0.07499998807907104
CiteSeer,0.4,9,0.0,6,0.04499998688697815
CiteSeer,0.4,9,0.0,7,0.11399996280670166
CiteSeer,0.4,9,0.0,8,0.05399996042251587
CiteSeer,0.4,9,0.0,9,0.05500000715255737
CiteSeer,0.4,9,0.0,10,0.041999995708465576
CiteSeer,0.4,9,0.1,0,0.050999999046325684
CiteSeer,0.4,9,0.1,1,0.02799999713897705
CiteSeer,0.4,9,0.1,2,0.03199997544288635
CiteSeer,0.4,9,0.1,3,0.018999993801116943
CiteSeer,0.4,9,0.1,4,0.03299999237060547
CiteSeer,0.4,9,0.1,5,0.01199999451637268
CiteSeer,0.4,9,0.1,6,0.04099997878074646
CiteSeer,0.4,9,0.1,7,0.05500000715255737
CiteSeer,0.4,9,0.1,8,0.042999982833862305
CiteSeer,0.4,9,0.1,9,0.010999977588653564
CiteSeer,0.4,9,0.1,10,0.030999988317489624
CiteSeer,0.4,9,0.2,0,0.05399996042251587
CiteSeer,0.4,9,0.2,1,0.02799999713897705
CiteSeer,0.4,9,0.2,2,0.0059999823570251465
CiteSeer,0.4,9,0.2,3,0.0059999823570251465
CiteSeer,0.4,9,0.2,4,0.0169999897480011
CiteSeer,0.4,9,0.2,5,0.0169999897480011
CiteSeer,0.4,9,0.2,6,0.006999999284744263
CiteSeer,0.4,9,0.2,7,0.006999999284744263
CiteSeer,0.4,9,0.2,8,0.010999977588653564
CiteSeer,0.4,9,0.2,9,0.0
CiteSeer,0.4,9,0.2,10,0.0
CiteSeer,0.4,9,0.3,0,0.03999999165534973
CiteSeer,0.4,9,0.3,1,0.019999980926513672
CiteSeer,0.4,9,0.3,2,0.023000001907348633
CiteSeer,0.4,9,0.3,3,0.010999977588653564
CiteSeer,0.4,9,0.3,4,0.009999990463256836
CiteSeer,0.4,9,0.3,5,0.0
CiteSeer,0.4,9,0.3,6,0.0
CiteSeer,0.4,9,0.3,7,0.0
CiteSeer,0.4,9,0.3,8,0.0
CiteSeer,0.4,9,0.3,9,0.0
CiteSeer,0.4,9,0.3,10,0.020999997854232788
CiteSeer,0.4,9,0.4,0,0.06099998950958252
CiteSeer,0.4,9,0.4,1,0.04099997878074646
CiteSeer,0.4,9,0.4,2,0.0339999794960022
CiteSeer,0.4,9,0.4,3,0.0
CiteSeer,0.4,9,0.4,4,0.0
CiteSeer,0.4,9,0.4,5,0.001999974250793457
CiteSeer,0.4,9,0.4,6,0.001999974250793457
CiteSeer,0.4,9,0.4,7,0.015999972820281982
CiteSeer,0.4,9,0.4,8,-0.006999999284744263
CiteSeer,0.4,9,0.4,9,-0.006999999284744263
CiteSeer,0.4,9,0.4,10,0.015999972820281982
CiteSeer,0.4,9,0.5,0,0.026999980211257935
CiteSeer,0.4,9,0.5,1,0.010999977588653564
CiteSeer,0.4,9,0.5,2,0.009999990463256836
CiteSeer,0.4,9,0.5,3,0.020999997854232788
CiteSeer,0.4,9,0.5,4,0.014999985694885254
CiteSeer,0.4,9,0.5,5,-0.006999999284744263
CiteSeer,0.4,9,0.5,6,-0.006999999284744263
CiteSeer,0.4,9,0.5,7,-0.006999999284744263
CiteSeer,0.4,9,0.5,8,-0.006999999284744263
CiteSeer,0.4,9,0.5,9,-0.006999999284744263
CiteSeer,0.4,9,0.5,10,-0.006999999284744263
CiteSeer,0.4,9,0.6,0,0.02899998426437378
CiteSeer,0.4,9,0.6,1,0.0
CiteSeer,0.4,9,0.6,2,0.020999997854232788
CiteSeer,0.4,9,0.6,3,0.020999997854232788
CiteSeer,0.4,9,0.6,4,-0.006999999284744263
CiteSeer,0.4,9,0.6,5,-0.006999999284744263
CiteSeer,0.4,9,0.6,6,-0.006999999284744263
CiteSeer,0.4,9,0.6,7,-0.006999999284744263
CiteSeer,0.4,9,0.6,8,-0.006999999284744263
CiteSeer,0.4,9,0.6,9,-0.006999999284744263
CiteSeer,0.4,9,0.6,10,-0.006999999284744263
CiteSeer,0.4,9,0.7,0,0.020999997854232788
CiteSeer,0.4,9,0.7,1,0.020999997854232788
CiteSeer,0.4,9,0.7,2,0.020999997854232788
CiteSeer,0.4,9,0.7,3,-0.006999999284744263
CiteSeer,0.4,9,0.7,4,-0.006999999284744263
CiteSeer,0.4,9,0.7,5,-0.006999999284744263
CiteSeer,0.4,9,0.7,6,-0.006999999284744263
CiteSeer,0.4,9,0.7,7,-0.006999999284744263
CiteSeer,0.4,9,0.7,8,-0.006999999284744263
CiteSeer,0.4,9,0.7,9,-0.006999999284744263
CiteSeer,0.4,9,0.7,10,-0.006999999284744263
CiteSeer,0.4,9,0.8,0,0.023000001907348633
CiteSeer,0.4,9,0.8,1,0.010999977588653564
CiteSeer,0.4,9,0.8,2,0.014999985694885254
CiteSeer,0.4,9,0.8,3,-0.006999999284744263
CiteSeer,0.4,9,0.8,4,-0.006999999284744263
CiteSeer,0.4,9,0.8,5,-0.006999999284744263
CiteSeer,0.4,9,0.8,6,-0.006999999284744263
CiteSeer,0.4,9,0.8,7,-0.006999999284744263
CiteSeer,0.4,9,0.8,8,-0.006999999284744263
CiteSeer,0.4,9,0.8,9,-0.006999999284744263
CiteSeer,0.4,9,0.8,10,-0.006999999284744263
CiteSeer,0.4,9,0.9,0,0.013999998569488525
CiteSeer,0.4,9,0.9,1,0.0059999823570251465
CiteSeer,0.4,9,0.9,2,-0.006999999284744263
CiteSeer,0.4,9,0.9,3,-0.006999999284744263
CiteSeer,0.4,9,0.9,4,-0.006999999284744263
CiteSeer,0.4,9,0.9,5,-0.006999999284744263
CiteSeer,0.4,9,0.9,6,-0.006999999284744263
CiteSeer,0.4,9,0.9,7,-0.006999999284744263
CiteSeer,0.4,9,0.9,8,-0.006999999284744263
CiteSeer,0.4,9,0.9,9,-0.006999999284744263
CiteSeer,0.4,9,0.9,10,-0.006999999284744263
CiteSeer,0.5,0,0.0,0,0.06100001931190491
CiteSeer,0.5,0,0.0,1,0.030000001192092896
CiteSeer,0.5,0,0.0,2,0.04000002145767212
CiteSeer,0.5,0,0.0,3,0.009000003337860107
CiteSeer,0.5,0,0.0,4,0.06499999761581421
CiteSeer,0.5,0,0.0,5,0.05300000309944153
CiteSeer,0.5,0,0.0,6,0.041999995708465576
CiteSeer,0.5,0,0.0,7,0.054000020027160645
CiteSeer,0.5,0,0.0,8,0.08100000023841858
CiteSeer,0.5,0,0.0,9,0.08100000023841858
CiteSeer,0.5,0,0.0,10,0.039000004529953
CiteSeer,0.5,0,0.1,0,0.01600000262260437
CiteSeer,0.5,0,0.1,1,0.025000005960464478
CiteSeer,0.5,0,0.1,2,0.010000020265579224
CiteSeer,0.5,0,0.1,3,0.025999993085861206
CiteSeer,0.5,0,0.1,4,-0.004999995231628418
CiteSeer,0.5,0,0.1,5,0.025999993085861206
CiteSeer,0.5,0,0.1,6,0.01199999451637268
CiteSeer,0.5,0,0.1,7,0.003000020980834961
CiteSeer,0.5,0,0.1,8,-0.0169999897480011
CiteSeer,0.5,0,0.1,9,0.025999993085861206
CiteSeer,0.5,0,0.1,10,-0.006999999284744263
CiteSeer,0.5,0,0.2,0,0.03600001335144043
CiteSeer,0.5,0,0.2,1,-0.0169999897480011
CiteSeer,0.5,0,0.2,2,0.038000017404556274
CiteSeer,0.5,0,0.2,3,0.025000005960464478
CiteSeer,0.5,0,0.2,4,0.0010000169277191162
CiteSeer,0.5,0,0.2,5,0.008000016212463379
CiteSeer,0.5,0,0.2,6,0.006000012159347534
CiteSeer,0.5,0,0.2,7,-0.007999986410140991
CiteSeer,0.5,0,0.2,8,0.015000015497207642
CiteSeer,0.5,0,0.2,9,0.006999999284744263
CiteSeer,0.5,0,0.2,10,0.01600000262260437
CiteSeer,0.5,0,0.3,0,0.04700002074241638
CiteSeer,0.5,0,0.3,1,0.01199999451637268
CiteSeer,0.5,0,0.3,2,0.018999993801116943
CiteSeer,0.5,0,0.3,3,0.03100001811981201
CiteSeer,0.5,0,0.3,4,-0.009999990463256836
CiteSeer,0.5,0,0.3,5,-0.01600000262260437
CiteSeer,0.5,0,0.3,6,-0.007999986410140991
CiteSeer,0.5,0,0.3,7,-0.009000003337860107
CiteSeer,0.5,0,0.3,8,-0.006999999284744263
CiteSeer,0.5,0,0.3,9,-0.006999999284744263
CiteSeer,0.5,0,0.3,10,-0.009000003337860107
CiteSeer,0.5,0,0.4,0,0.05600002408027649
CiteSeer,0.5,0,0.4,1,-0.0040000081062316895
CiteSeer,0.5,0,0.4,2,0.018000006675720215
CiteSeer,0.5,0,0.4,3,-0.0059999823570251465
CiteSeer,0.5,0,0.4,4,-0.023000001907348633
CiteSeer,0.5,0,0.4,5,-0.006999999284744263
CiteSeer,0.5,0,0.4,6,-0.007999986410140991
CiteSeer,0.5,0,0.4,7,-0.009000003337860107
CiteSeer,0.5,0,0.4,8,-0.006999999284744263
CiteSeer,0.5,0,0.4,9,0.006000012159347534
CiteSeer,0.5,0,0.4,10,0.006000012159347534
CiteSeer,0.5,0,0.5,0,0.02400001883506775
CiteSeer,0.5,0,0.5,1,0.0040000081062316895
CiteSeer,0.5,0,0.5,2,0.009000003337860107
CiteSeer,0.5,0,0.5,3,-0.009999990463256836
CiteSeer,0.5,0,0.5,4,-0.006999999284744263
CiteSeer,0.5,0,0.5,5,0.0040000081062316895
CiteSeer,0.5,0,0.5,6,0.0040000081062316895
CiteSeer,0.5,0,0.5,7,0.0040000081062316895
CiteSeer,0.5,0,0.5,8,0.0040000081062316895
CiteSeer,0.5,0,0.5,9,0.0040000081062316895
CiteSeer,0.5,0,0.5,10,0.0040000081062316895
CiteSeer,0.5,0,0.6,0,0.01199999451637268
CiteSeer,0.5,0,0.6,1,0.006000012159347534
CiteSeer,0.5,0,0.6,2,-0.006999999284744263
CiteSeer,0.5,0,0.6,3,-0.006999999284744263
CiteSeer,0.5,0,0.6,4,0.0040000081062316895
CiteSeer,0.5,0,0.6,5,0.0040000081062316895
CiteSeer,0.5,0,0.6,6,0.0040000081062316895
CiteSeer,0.5,0,0.6,7,0.0040000081062316895
CiteSeer,0.5,0,0.6,8,0.0040000081062316895
CiteSeer,0.5,0,0.6,9,0.0040000081062316895
CiteSeer,0.5,0,0.6,10,0.0040000081062316895
CiteSeer,0.5,0,0.7,0,-0.018000006675720215
CiteSeer,0.5,0,0.7,1,0.004999995231628418
CiteSeer,0.5,0,0.7,2,-0.006999999284744263
CiteSeer,0.5,0,0.7,3,0.0040000081062316895
CiteSeer,0.5,0,0.7,4,0.0040000081062316895
CiteSeer,0.5,0,0.7,5,0.0040000081062316895
CiteSeer,0.5,0,0.7,6,0.0040000081062316895
CiteSeer,0.5,0,0.7,7,0.0040000081062316895
CiteSeer,0.5,0,0.7,8,0.0040000081062316895
CiteSeer,0.5,0,0.7,9,0.0040000081062316895
CiteSeer,0.5,0,0.7,10,0.0040000081062316895
CiteSeer,0.5,0,0.8,0,0.05500000715255737
CiteSeer,0.5,0,0.8,1,-0.006999999284744263
CiteSeer,0.5,0,0.8,2,-0.006999999284744263
CiteSeer,0.5,0,0.8,3,0.0040000081062316895
CiteSeer,0.5,0,0.8,4,0.0040000081062316895
CiteSeer,0.5,0,0.8,5,0.0040000081062316895
CiteSeer,0.5,0,0.8,6,0.0040000081062316895
CiteSeer,0.5,0,0.8,7,0.0040000081062316895
CiteSeer,0.5,0,0.8,8,0.0040000081062316895
CiteSeer,0.5,0,0.8,9,0.0040000081062316895
CiteSeer,0.5,0,0.8,10,0.0040000081062316895
CiteSeer,0.5,0,0.9,0,0.013000011444091797
CiteSeer,0.5,0,0.9,1,-0.006999999284744263
CiteSeer,0.5,0,0.9,2,0.006000012159347534
CiteSeer,0.5,0,0.9,3,0.0040000081062316895
CiteSeer,0.5,0,0.9,4,0.0040000081062316895
CiteSeer,0.5,0,0.9,5,0.0040000081062316895
CiteSeer,0.5,0,0.9,6,0.0040000081062316895
CiteSeer,0.5,0,0.9,7,0.0040000081062316895
CiteSeer,0.5,0,0.9,8,0.0040000081062316895
CiteSeer,0.5,0,0.9,9,0.0040000081062316895
CiteSeer,0.5,0,0.9,10,0.0040000081062316895
CiteSeer,0.5,1,0.0,0,0.06700000166893005
CiteSeer,0.5,1,0.0,1,0.04000002145767212
CiteSeer,0.5,1,0.0,2,-0.01299998164176941
CiteSeer,0.5,1,0.0,3,0.0010000169277191162
CiteSeer,0.5,1,0.0,4,0.04900002479553223
CiteSeer,0.5,1,0.0,5,0.008000016212463379
CiteSeer,0.5,1,0.0,6,0.04300001263618469
CiteSeer,0.5,1,0.0,7,0.06600001454353333
CiteSeer,0.5,1,0.0,8,-0.004999995231628418
CiteSeer,0.5,1,0.0,9,-0.025999993085861206
CiteSeer,0.5,1,0.0,10,0.015000015497207642
CiteSeer,0.5,1,0.1,0,0.038000017404556274
CiteSeer,0.5,1,0.1,1,0.06000000238418579
CiteSeer,0.5,1,0.1,2,0.026000022888183594
CiteSeer,0.5,1,0.1,3,0.004999995231628418
CiteSeer,0.5,1,0.1,4,0.04300001263618469
CiteSeer,0.5,1,0.1,5,0.03100001811981201
CiteSeer,0.5,1,0.1,6,-0.021999984979629517
CiteSeer,0.5,1,0.1,7,0.01199999451637268
CiteSeer,0.5,1,0.1,8,0.0010000169277191162
CiteSeer,0.5,1,0.1,9,0.03200000524520874
CiteSeer,0.5,1,0.1,10,0.050999999046325684
CiteSeer,0.5,1,0.2,0,-0.0169999897480011
CiteSeer,0.5,1,0.2,1,0.018000006675720215
CiteSeer,0.5,1,0.2,2,0.029000014066696167
CiteSeer,0.5,1,0.2,3,-0.034999996423721313
CiteSeer,0.5,1,0.2,4,0.029000014066696167
CiteSeer,0.5,1,0.2,5,-0.0059999823570251465
CiteSeer,0.5,1,0.2,6,0.04000002145767212
CiteSeer,0.5,1,0.2,7,0.02400001883506775
CiteSeer,0.5,1,0.2,8,0.038000017404556274
CiteSeer,0.5,1,0.2,9,0.018000006675720215
CiteSeer,0.5,1,0.2,10,0.02799999713897705
CiteSeer,0.5,1,0.3,0,0.015000015497207642
CiteSeer,0.5,1,0.3,1,0.018000006675720215
CiteSeer,0.5,1,0.3,2,0.009000003337860107
CiteSeer,0.5,1,0.3,3,-0.003999978303909302
CiteSeer,0.5,1,0.3,4,0.03200000524520874
CiteSeer,0.5,1,0.3,5,0.03100001811981201
CiteSeer,0.5,1,0.3,6,0.03100001811981201
CiteSeer,0.5,1,0.3,7,0.03100001811981201
CiteSeer,0.5,1,0.3,8,0.03100001811981201
CiteSeer,0.5,1,0.3,9,0.03100001811981201
CiteSeer,0.5,1,0.3,10,0.03100001811981201
CiteSeer,0.5,1,0.4,0,0.03700000047683716
CiteSeer,0.5,1,0.4,1,0.026000022888183594
CiteSeer,0.5,1,0.4,2,0.046000003814697266
CiteSeer,0.5,1,0.4,3,0.02799999713897705
CiteSeer,0.5,1,0.4,4,0.03100001811981201
CiteSeer,0.5,1,0.4,5,0.03100001811981201
CiteSeer,0.5,1,0.4,6,0.03100001811981201
CiteSeer,0.5,1,0.4,7,0.03100001811981201
CiteSeer,0.5,1,0.4,8,0.03100001811981201
CiteSeer,0.5,1,0.4,9,0.03100001811981201
CiteSeer,0.5,1,0.4,10,0.03100001811981201
CiteSeer,0.5,1,0.5,0,0.0040000081062316895
CiteSeer,0.5,1,0.5,1,0.013999998569488525
CiteSeer,0.5,1,0.5,2,0.025000005960464478
CiteSeer,0.5,1,0.5,3,0.03100001811981201
CiteSeer,0.5,1,0.5,4,0.03100001811981201
CiteSeer,0.5,1,0.5,5,0.03100001811981201
CiteSeer,0.5,1,0.5,6,0.03100001811981201
CiteSeer,0.5,1,0.5,7,0.03100001811981201
CiteSeer,0.5,1,0.5,8,0.03100001811981201
CiteSeer,0.5,1,0.5,9,0.03100001811981201
CiteSeer,0.5,1,0.5,10,0.03100001811981201
CiteSeer,0.5,1,0.6,0,0.04300001263618469
CiteSeer,0.5,1,0.6,1,0.025000005960464478
CiteSeer,0.5,1,0.6,2,0.03100001811981201
CiteSeer,0.5,1,0.6,3,0.03100001811981201
CiteSeer,0.5,1,0.6,4,0.03100001811981201
CiteSeer,0.5,1,0.6,5,0.03100001811981201
CiteSeer,0.5,1,0.6,6,0.03100001811981201
CiteSeer,0.5,1,0.6,7,0.03100001811981201
CiteSeer,0.5,1,0.6,8,0.03100001811981201
CiteSeer,0.5,1,0.6,9,0.03100001811981201
CiteSeer,0.5,1,0.6,10,0.03100001811981201
CiteSeer,0.5,1,0.7,0,0.013000011444091797
CiteSeer,0.5,1,0.7,1,0.025000005960464478
CiteSeer,0.5,1,0.7,2,0.03100001811981201
CiteSeer,0.5,1,0.7,3,0.03100001811981201
CiteSeer,0.5,1,0.7,4,0.03100001811981201
CiteSeer,0.5,1,0.7,5,0.033000022172927856
CiteSeer,0.5,1,0.7,6,0.033000022172927856
CiteSeer,0.5,1,0.7,7,0.008000016212463379
CiteSeer,0.5,1,0.7,8,0.033000022172927856
CiteSeer,0.5,1,0.7,9,0.033000022172927856
CiteSeer,0.5,1,0.7,10,0.033000022172927856
CiteSeer,0.5,1,0.8,0,0.030000001192092896
CiteSeer,0.5,1,0.8,1,0.02799999713897705
CiteSeer,0.5,1,0.8,2,0.03100001811981201
CiteSeer,0.5,1,0.8,3,0.03100001811981201
CiteSeer,0.5,1,0.8,4,0.008000016212463379
CiteSeer,0.5,1,0.8,5,0.008000016212463379
CiteSeer,0.5,1,0.8,6,0.008000016212463379
CiteSeer,0.5,1,0.8,7,0.033000022172927856
CiteSeer,0.5,1,0.8,8,0.008000016212463379
CiteSeer,0.5,1,0.8,9,0.033000022172927856
CiteSeer,0.5,1,0.8,10,0.008000016212463379
CiteSeer,0.5,1,0.9,0,-0.0020000040531158447
CiteSeer,0.5,1,0.9,1,0.03100001811981201
CiteSeer,0.5,1,0.9,2,0.03100001811981201
CiteSeer,0.5,1,0.9,3,0.033000022172927856
CiteSeer,0.5,1,0.9,4,0.008000016212463379
CiteSeer,0.5,1,0.9,5,0.008000016212463379
CiteSeer,0.5,1,0.9,6,0.033000022172927856
CiteSeer,0.5,1,0.9,7,0.008000016212463379
CiteSeer,0.5,1,0.9,8,0.033000022172927856
CiteSeer,0.5,1,0.9,9,0.033000022172927856
CiteSeer,0.5,1,0.9,10,0.008000016212463379
CiteSeer,0.5,2,0.0,0,0.04899999499320984
CiteSeer,0.5,2,0.0,1,0.07799997925758362
CiteSeer,0.5,2,0.0,2,0.08000001311302185
CiteSeer,0.5,2,0.0,3,0.08100000023841858
CiteSeer,0.5,2,0.0,4,0.04800000786781311
CiteSeer,0.5,2,0.0,5,0.05699998140335083
CiteSeer,0.5,2,0.0,6,0.09000000357627869
CiteSeer,0.5,2,0.0,7,0.10300001502037048
CiteSeer,0.5,2,0.0,8,0.08299997448921204
CiteSeer,0.5,2,0.0,9,0.06700000166893005
CiteSeer,0.5,2,0.0,10,0.046999990940093994
CiteSeer,0.5,2,0.1,0,0.10700002312660217
CiteSeer,0.5,2,0.1,1,-0.009000003337860107
CiteSeer,0.5,2,0.1,2,0.019999980926513672
CiteSeer,0.5,2,0.1,3,0.018000006675720215
CiteSeer,0.5,2,0.1,4,0.0990000069141388
CiteSeer,0.5,2,0.1,5,0.03700000047683716
CiteSeer,0.5,2,0.1,6,0.02899998426437378
CiteSeer,0.5,2,0.1,7,-0.013000011444091797
CiteSeer,0.5,2,0.1,8,0.01199999451637268
CiteSeer,0.5,2,0.1,9,-0.0020000040531158447
CiteSeer,0.5,2,0.1,10,-0.01199999451637268
CiteSeer,0.5,2,0.2,0,0.03799998760223389
CiteSeer,0.5,2,0.2,1,0.0009999871253967285
CiteSeer,0.5,2,0.2,2,0.034999996423721313
CiteSeer,0.5,2,0.2,3,-0.013999998569488525
CiteSeer,0.5,2,0.2,4,-0.02799999713897705
CiteSeer,0.5,2,0.2,5,-0.023000001907348633
CiteSeer,0.5,2,0.2,6,0.009000003337860107
CiteSeer,0.5,2,0.2,7,-0.0020000040531158447
CiteSeer,0.5,2,0.2,8,-0.01600000262260437
CiteSeer,0.5,2,0.2,9,-0.008000016212463379
CiteSeer,0.5,2,0.2,10,-0.004999995231628418
CiteSeer,0.5,2,0.3,0,0.020999997854232788
CiteSeer,0.5,2,0.3,1,0.041999995708465576
CiteSeer,0.5,2,0.3,2,0.025999993085861206
CiteSeer,0.5,2,0.3,3,0.009000003337860107
CiteSeer,0.5,2,0.3,4,0.023000001907348633
CiteSeer,0.5,2,0.3,5,0.018999993801116943
CiteSeer,0.5,2,0.3,6,0.006999999284744263
CiteSeer,0.5,2,0.3,7,-0.0020000040531158447
CiteSeer,0.5,2,0.3,8,0.018999993801116943
CiteSeer,0.5,2,0.3,9,0.018999993801116943
CiteSeer,0.5,2,0.3,10,0.018999993801116943
CiteSeer,0.5,2,0.4,0,0.03999999165534973
CiteSeer,0.5,2,0.4,1,0.034000009298324585
CiteSeer,0.5,2,0.4,2,-0.029000014066696167
CiteSeer,0.5,2,0.4,3,-0.004999995231628418
CiteSeer,0.5,2,0.4,4,-0.0020000040531158447
CiteSeer,0.5,2,0.4,5,0.018999993801116943
CiteSeer,0.5,2,0.4,6,0.018999993801116943
CiteSeer,0.5,2,0.4,7,0.018999993801116943
CiteSeer,0.5,2,0.4,8,0.018999993801116943
CiteSeer,0.5,2,0.4,9,0.018999993801116943
CiteSeer,0.5,2,0.4,10,0.018999993801116943
CiteSeer,0.5,2,0.5,0,0.02899998426437378
CiteSeer,0.5,2,0.5,1,0.020999997854232788
CiteSeer,0.5,2,0.5,2,-0.0010000169277191162
CiteSeer,0.5,2,0.5,3,0.018999993801116943
CiteSeer,0.5,2,0.5,4,0.007999986410140991
CiteSeer,0.5,2,0.5,5,0.007999986410140991
CiteSeer,0.5,2,0.5,6,0.007999986410140991
CiteSeer,0.5,2,0.5,7,0.007999986410140991
CiteSeer,0.5,2,0.5,8,0.020999997854232788
CiteSeer,0.5,2,0.5,9,0.007999986410140991
CiteSeer,0.5,2,0.5,10,0.020999997854232788
CiteSeer,0.5,2,0.6,0,0.021999984979629517
CiteSeer,0.5,2,0.6,1,-0.011000007390975952
CiteSeer,0.5,2,0.6,2,-0.004999995231628418
CiteSeer,0.5,2,0.6,3,0.007999986410140991
CiteSeer,0.5,2,0.6,4,0.020999997854232788
CiteSeer,0.5,2,0.6,5,0.020999997854232788
CiteSeer,0.5,2,0.6,6,0.020999997854232788
CiteSeer,0.5,2,0.6,7,0.020999997854232788
CiteSeer,0.5,2,0.6,8,0.007999986410140991
CiteSeer,0.5,2,0.6,9,0.007999986410140991
CiteSeer,0.5,2,0.6,10,0.007999986410140991
CiteSeer,0.5,2,0.7,0,0.007999986410140991
CiteSeer,0.5,2,0.7,1,-0.004999995231628418
CiteSeer,0.5,2,0.7,2,0.020999997854232788
CiteSeer,0.5,2,0.7,3,0.020999997854232788
CiteSeer,0.5,2,0.7,4,0.007999986410140991
CiteSeer,0.5,2,0.7,5,0.007999986410140991
CiteSeer,0.5,2,0.7,6,0.020999997854232788
CiteSeer,0.5,2,0.7,7,0.007999986410140991
CiteSeer,0.5,2,0.7,8,0.020999997854232788
CiteSeer,0.5,2,0.7,9,0.007999986410140991
CiteSeer,0.5,2,0.7,10,0.020999997854232788
CiteSeer,0.5,2,0.8,0,-0.009000003337860107
CiteSeer,0.5,2,0.8,1,0.018999993801116943
CiteSeer,0.5,2,0.8,2,0.007999986410140991
CiteSeer,0.5,2,0.8,3,0.007999986410140991
CiteSeer,0.5,2,0.8,4,0.007999986410140991
CiteSeer,0.5,2,0.8,5,0.007999986410140991
CiteSeer,0.5,2,0.8,6,0.007999986410140991
CiteSeer,0.5,2,0.8,7,0.007999986410140991
CiteSeer,0.5,2,0.8,8,0.007999986410140991
CiteSeer,0.5,2,0.8,9,0.007999986410140991
CiteSeer,0.5,2,0.8,10,0.007999986410140991
CiteSeer,0.5,2,0.9,0,0.046000003814697266
CiteSeer,0.5,2,0.9,1,0.018999993801116943
CiteSeer,0.5,2,0.9,2,0.007999986410140991
CiteSeer,0.5,2,0.9,3,0.007999986410140991
CiteSeer,0.5,2,0.9,4,0.007999986410140991
CiteSeer,0.5,2,0.9,5,0.007999986410140991
CiteSeer,0.5,2,0.9,6,0.007999986410140991
CiteSeer,0.5,2,0.9,7,0.007999986410140991
CiteSeer,0.5,2,0.9,8,0.007999986410140991
CiteSeer,0.5,2,0.9,9,0.007999986410140991
CiteSeer,0.5,2,0.9,10,0.007999986410140991
CiteSeer,0.5,3,0.0,0,0.05500000715255737
CiteSeer,0.5,3,0.0,1,0.062000006437301636
CiteSeer,0.5,3,0.0,2,0.06000000238418579
CiteSeer,0.5,3,0.0,3,0.05900001525878906
CiteSeer,0.5,3,0.0,4,0.05600002408027649
CiteSeer,0.5,3,0.0,5,0.05700001120567322
CiteSeer,0.5,3,0.0,6,0.06799998879432678
CiteSeer,0.5,3,0.0,7,0.10600003600120544
CiteSeer,0.5,3,0.0,8,0.04800000786781311
CiteSeer,0.5,3,0.0,9,0.03700000047683716
CiteSeer,0.5,3,0.0,10,0.08800002932548523
CiteSeer,0.5,3,0.1,0,0.04399999976158142
CiteSeer,0.5,3,0.1,1,0.05700001120567322
CiteSeer,0.5,3,0.1,2,0.06499999761581421
CiteSeer,0.5,3,0.1,3,0.057999998331069946
CiteSeer,0.5,3,0.1,4,0.026000022888183594
CiteSeer,0.5,3,0.1,5,0.023000001907348633
CiteSeer,0.5,3,0.1,6,0.034999996423721313
CiteSeer,0.5,3,0.1,7,0.06400001049041748
CiteSeer,0.5,3,0.1,8,0.009000003337860107
CiteSeer,0.5,3,0.1,9,0.05300000309944153
CiteSeer,0.5,3,0.1,10,-0.004999995231628418
CiteSeer,0.5,3,0.2,0,0.0780000388622284
CiteSeer,0.5,3,0.2,1,0.06400001049041748
CiteSeer,0.5,3,0.2,2,0.04399999976158142
CiteSeer,0.5,3,0.2,3,0.04300001263618469
CiteSeer,0.5,3,0.2,4,0.023000001907348633
CiteSeer,0.5,3,0.2,5,0.0020000040531158447
CiteSeer,0.5,3,0.2,6,0.03200000524520874
CiteSeer,0.5,3,0.2,7,0.02000001072883606
CiteSeer,0.5,3,0.2,8,0.027000010013580322
CiteSeer,0.5,3,0.2,9,0.02400001883506775
CiteSeer,0.5,3,0.2,10,0.013000011444091797
CiteSeer,0.5,3,0.3,0,0.057999998331069946
CiteSeer,0.5,3,0.3,1,0.04800000786781311
CiteSeer,0.5,3,0.3,2,0.026000022888183594
CiteSeer,0.5,3,0.3,3,0.03200000524520874
CiteSeer,0.5,3,0.3,4,0.013000011444091797
CiteSeer,0.5,3,0.3,5,0.009000003337860107
CiteSeer,0.5,3,0.3,6,0.029000014066696167
CiteSeer,0.5,3,0.3,7,0.01900002360343933
CiteSeer,0.5,3,0.3,8,0.01600000262260437
CiteSeer,0.5,3,0.3,9,0.01600000262260437
CiteSeer,0.5,3,0.3,10,0.01600000262260437
CiteSeer,0.5,3,0.4,0,0.034999996423721313
CiteSeer,0.5,3,0.4,1,0.04900002479553223
CiteSeer,0.5,3,0.4,2,0.033000022172927856
CiteSeer,0.5,3,0.4,3,0.01900002360343933
CiteSeer,0.5,3,0.4,4,0.013999998569488525
CiteSeer,0.5,3,0.4,5,0.013999998569488525
CiteSeer,0.5,3,0.4,6,0.013999998569488525
CiteSeer,0.5,3,0.4,7,0.01600000262260437
CiteSeer,0.5,3,0.4,8,0.013999998569488525
CiteSeer,0.5,3,0.4,9,0.01600000262260437
CiteSeer,0.5,3,0.4,10,0.013999998569488525
CiteSeer,0.5,3,0.5,0,0.054000020027160645
CiteSeer,0.5,3,0.5,1,0.034000009298324585
CiteSeer,0.5,3,0.5,2,0.027000010013580322
CiteSeer,0.5,3,0.5,3,0.013999998569488525
CiteSeer,0.5,3,0.5,4,0.027000010013580322
CiteSeer,0.5,3,0.5,5,0.013999998569488525
CiteSeer,0.5,3,0.5,6,0.013999998569488525
CiteSeer,0.5,3,0.5,7,0.01600000262260437
CiteSeer,0.5,3,0.5,8,0.013999998569488525
CiteSeer,0.5,3,0.5,9,0.013999998569488525
CiteSeer,0.5,3,0.5,10,0.013999998569488525
CiteSeer,0.5,3,0.6,0,0.057999998331069946
CiteSeer,0.5,3,0.6,1,0.04000002145767212
CiteSeer,0.5,3,0.6,2,0.013999998569488525
CiteSeer,0.5,3,0.6,3,0.013999998569488525
CiteSeer,0.5,3,0.6,4,0.013999998569488525
CiteSeer,0.5,3,0.6,5,0.013999998569488525
CiteSeer,0.5,3,0.6,6,0.013999998569488525
CiteSeer,0.5,3,0.6,7,0.013999998569488525
CiteSeer,0.5,3,0.6,8,0.013999998569488525
CiteSeer,0.5,3,0.6,9,0.013999998569488525
CiteSeer,0.5,3,0.6,10,0.013999998569488525
CiteSeer,0.5,3,0.7,0,0.050999999046325684
CiteSeer,0.5,3,0.7,1,0.034000009298324585
CiteSeer,0.5,3,0.7,2,0.013999998569488525
CiteSeer,0.5,3,0.7,3,0.013999998569488525
CiteSeer,0.5,3,0.7,4,0.013999998569488525
CiteSeer,0.5,3,0.7,5,0.013999998569488525
CiteSeer,0.5,3,0.7,6,0.013999998569488525
CiteSeer,0.5,3,0.7,7,0.013999998569488525
CiteSeer,0.5,3,0.7,8,0.013999998569488525
CiteSeer,0.5,3,0.7,9,0.013999998569488525
CiteSeer,0.5,3,0.7,10,0.013999998569488525
CiteSeer,0.5,3,0.8,0,0.046000003814697266
CiteSeer,0.5,3,0.8,1,0.015000015497207642
CiteSeer,0.5,3,0.8,2,0.013999998569488525
CiteSeer,0.5,3,0.8,3,0.013999998569488525
CiteSeer,0.5,3,0.8,4,0.013999998569488525
CiteSeer,0.5,3,0.8,5,0.013999998569488525
CiteSeer,0.5,3,0.8,6,0.013999998569488525
CiteSeer,0.5,3,0.8,7,0.013999998569488525
CiteSeer,0.5,3,0.8,8,0.013999998569488525
CiteSeer,0.5,3,0.8,9,0.013999998569488525
CiteSeer,0.5,3,0.8,10,0.013999998569488525
CiteSeer,0.5,3,0.9,0,0.04100000858306885
CiteSeer,0.5,3,0.9,1,0.015000015497207642
CiteSeer,0.5,3,0.9,2,0.013999998569488525
CiteSeer,0.5,3,0.9,3,0.013999998569488525
CiteSeer,0.5,3,0.9,4,0.013999998569488525
CiteSeer,0.5,3,0.9,5,0.013999998569488525
CiteSeer,0.5,3,0.9,6,0.013999998569488525
CiteSeer,0.5,3,0.9,7,0.013999998569488525
CiteSeer,0.5,3,0.9,8,0.013999998569488525
CiteSeer,0.5,3,0.9,9,0.013999998569488525
CiteSeer,0.5,3,0.9,10,0.013999998569488525
CiteSeer,0.5,4,0.0,0,0.04000002145767212
CiteSeer,0.5,4,0.0,1,-0.0059999823570251465
CiteSeer,0.5,4,0.0,2,0.03100001811981201
CiteSeer,0.5,4,0.0,3,0.04100000858306885
CiteSeer,0.5,4,0.0,4,0.03700000047683716
CiteSeer,0.5,4,0.0,5,0.06400001049041748
CiteSeer,0.5,4,0.0,6,0.04400002956390381
CiteSeer,0.5,4,0.0,7,-0.006999999284744263
CiteSeer,0.5,4,0.0,8,0.05199998617172241
CiteSeer,0.5,4,0.0,9,-0.0009999871253967285
CiteSeer,0.5,4,0.0,10,0.03900003433227539
CiteSeer,0.5,4,0.1,0,0.0010000169277191162
CiteSeer,0.5,4,0.1,1,0.08399999141693115
CiteSeer,0.5,4,0.1,2,0.03600001335144043
CiteSeer,0.5,4,0.1,3,0.041999995708465576
CiteSeer,0.5,4,0.1,4,0.06200003623962402
CiteSeer,0.5,4,0.1,5,0.005000025033950806
CiteSeer,0.5,4,0.1,6,0.013999998569488525
CiteSeer,0.5,4,0.1,7,0.06600004434585571
CiteSeer,0.5,4,0.1,8,0.03400003910064697
CiteSeer,0.5,4,0.1,9,0.04300004243850708
CiteSeer,0.5,4,0.1,10,0.04000002145767212
CiteSeer,0.5,4,0.2,0,0.03799998760223389
CiteSeer,0.5,4,0.2,1,0.04900002479553223
CiteSeer,0.5,4,0.2,2,0.0010000169277191162
CiteSeer,0.5,4,0.2,3,0.02399998903274536
CiteSeer,0.5,4,0.2,4,0.018000006675720215
CiteSeer,0.5,4,0.2,5,0.023000001907348633
CiteSeer,0.5,4,0.2,6,0.030000030994415283
CiteSeer,0.5,4,0.2,7,0.025000035762786865
CiteSeer,0.5,4,0.2,8,0.013000011444091797
CiteSeer,0.5,4,0.2,9,0.013999998569488525
CiteSeer,0.5,4,0.2,10,0.02899998426437378
CiteSeer,0.5,4,0.3,0,0.017000019550323486
CiteSeer,0.5,4,0.3,1,0.02399998903274536
CiteSeer,0.5,4,0.3,2,0.02399998903274536
CiteSeer,0.5,4,0.3,3,0.009000003337860107
CiteSeer,0.5,4,0.3,4,0.013999998569488525
CiteSeer,0.5,4,0.3,5,0.02000001072883606
CiteSeer,0.5,4,0.3,6,0.02799999713897705
CiteSeer,0.5,4,0.3,7,0.01900002360343933
CiteSeer,0.5,4,0.3,8,0.01900002360343933
CiteSeer,0.5,4,0.3,9,0.01900002360343933
CiteSeer,0.5,4,0.3,10,0.006999999284744263
CiteSeer,0.5,4,0.4,0,0.04000002145767212
CiteSeer,0.5,4,0.4,1,0.02799999713897705
CiteSeer,0.5,4,0.4,2,0.003000020980834961
CiteSeer,0.5,4,0.4,3,0.02000001072883606
CiteSeer,0.5,4,0.4,4,0.02399998903274536
CiteSeer,0.5,4,0.4,5,0.017000019550323486
CiteSeer,0.5,4,0.4,6,0.01900002360343933
CiteSeer,0.5,4,0.4,7,0.01900002360343933
CiteSeer,0.5,4,0.4,8,0.01900002360343933
CiteSeer,0.5,4,0.4,9,0.01900002360343933
CiteSeer,0.5,4,0.4,10,0.01900002360343933
CiteSeer,0.5,4,0.5,0,0.050999999046325684
CiteSeer,0.5,4,0.5,1,0.027000010013580322
CiteSeer,0.5,4,0.5,2,0.02000001072883606
CiteSeer,0.5,4,0.5,3,0.01900002360343933
CiteSeer,0.5,4,0.5,4,0.02399998903274536
CiteSeer,0.5,4,0.5,5,0.01900002360343933
CiteSeer,0.5,4,0.5,6,0.01900002360343933
CiteSeer,0.5,4,0.5,7,0.01900002360343933
CiteSeer,0.5,4,0.5,8,0.01900002360343933
CiteSeer,0.5,4,0.5,9,0.01900002360343933
CiteSeer,0.5,4,0.5,10,0.01900002360343933
CiteSeer,0.5,4,0.6,0,0.07300001382827759
CiteSeer,0.5,4,0.6,1,0.026000022888183594
CiteSeer,0.5,4,0.6,2,0.025000035762786865
CiteSeer,0.5,4,0.6,3,0.02399998903274536
CiteSeer,0.5,4,0.6,4,0.01900002360343933
CiteSeer,0.5,4,0.6,5,0.01900002360343933
CiteSeer,0.5,4,0.6,6,0.01900002360343933
CiteSeer,0.5,4,0.6,7,0.01900002360343933
CiteSeer,0.5,4,0.6,8,0.01900002360343933
CiteSeer,0.5,4,0.6,9,0.01900002360343933
CiteSeer,0.5,4,0.6,10,0.01900002360343933
CiteSeer,0.5,4,0.7,0,0.04000002145767212
CiteSeer,0.5,4,0.7,1,0.026000022888183594
CiteSeer,0.5,4,0.7,2,0.013999998569488525
CiteSeer,0.5,4,0.7,3,0.01900002360343933
CiteSeer,0.5,4,0.7,4,0.01900002360343933
CiteSeer,0.5,4,0.7,5,0.01900002360343933
CiteSeer,0.5,4,0.7,6,0.01900002360343933
CiteSeer,0.5,4,0.7,7,0.01900002360343933
CiteSeer,0.5,4,0.7,8,0.01900002360343933
CiteSeer,0.5,4,0.7,9,0.01900002360343933
CiteSeer,0.5,4,0.7,10,0.01900002360343933
CiteSeer,0.5,4,0.8,0,0.017000019550323486
CiteSeer,0.5,4,0.8,1,0.02000001072883606
CiteSeer,0.5,4,0.8,2,0.01900002360343933
CiteSeer,0.5,4,0.8,3,0.01900002360343933
CiteSeer,0.5,4,0.8,4,0.01900002360343933
CiteSeer,0.5,4,0.8,5,0.01900002360343933
CiteSeer,0.5,4,0.8,6,0.01900002360343933
CiteSeer,0.5,4,0.8,7,0.01900002360343933
CiteSeer,0.5,4,0.8,8,0.01900002360343933
CiteSeer,0.5,4,0.8,9,0.01900002360343933
CiteSeer,0.5,4,0.8,10,0.01900002360343933
CiteSeer,0.5,4,0.9,0,0.023000001907348633
CiteSeer,0.5,4,0.9,1,0.02399998903274536
CiteSeer,0.5,4,0.9,2,0.01900002360343933
CiteSeer,0.5,4,0.9,3,0.01900002360343933
CiteSeer,0.5,4,0.9,4,0.01900002360343933
CiteSeer,0.5,4,0.9,5,0.01900002360343933
CiteSeer,0.5,4,0.9,6,0.01900002360343933
CiteSeer,0.5,4,0.9,7,0.01900002360343933
CiteSeer,0.5,4,0.9,8,0.01900002360343933
CiteSeer,0.5,4,0.9,9,0.01900002360343933
CiteSeer,0.5,4,0.9,10,0.01900002360343933
CiteSeer,0.5,5,0.0,0,0.009000003337860107
CiteSeer,0.5,5,0.0,1,-0.0040000081062316895
CiteSeer,0.5,5,0.0,2,0.07600000500679016
CiteSeer,0.5,5,0.0,3,0.020999997854232788
CiteSeer,0.5,5,0.0,4,-0.013999998569488525
CiteSeer,0.5,5,0.0,5,0.05399999022483826
CiteSeer,0.5,5,0.0,6,0.018000006675720215
CiteSeer,0.5,5,0.0,7,0.018999993801116943
CiteSeer,0.5,5,0.0,8,-0.034000009298324585
CiteSeer,0.5,5,0.0,9,0.0040000081062316895
CiteSeer,0.5,5,0.0,10,0.01600000262260437
CiteSeer,0.5,5,0.1,0,0.020999997854232788
CiteSeer,0.5,5,0.1,1,0.07199999690055847
CiteSeer,0.5,5,0.1,2,0.025999993085861206
CiteSeer,0.5,5,0.1,3,0.05300000309944153
CiteSeer,0.5,5,0.1,4,0.02399998903274536
CiteSeer,0.5,5,0.1,5,-0.03299999237060547
CiteSeer,0.5,5,0.1,6,-0.006000012159347534
CiteSeer,0.5,5,0.1,7,0.046000003814697266
CiteSeer,0.5,5,0.1,8,0.029000014066696167
CiteSeer,0.5,5,0.1,9,-0.006999999284744263
CiteSeer,0.5,5,0.1,10,-0.009999990463256836
CiteSeer,0.5,5,0.2,0,0.013000011444091797
CiteSeer,0.5,5,0.2,1,0.02799999713897705
CiteSeer,0.5,5,0.2,2,0.014999985694885254
CiteSeer,0.5,5,0.2,3,0.013999998569488525
CiteSeer,0.5,5,0.2,4,0.006000012159347534
CiteSeer,0.5,5,0.2,5,0.013000011444091797
CiteSeer,0.5,5,0.2,6,-0.020999997854232788
CiteSeer,0.5,5,0.2,7,-0.027000010013580322
CiteSeer,0.5,5,0.2,8,-0.013999998569488525
CiteSeer,0.5,5,0.2,9,-0.0169999897480011
CiteSeer,0.5,5,0.2,10,-0.009000003337860107
CiteSeer,0.5,5,0.3,0,0.014999985694885254
CiteSeer,0.5,5,0.3,1,0.034000009298324585
CiteSeer,0.5,5,0.3,2,0.007999986410140991
CiteSeer,0.5,5,0.3,3,-0.01199999451637268
CiteSeer,0.5,5,0.3,4,-0.011000007390975952
CiteSeer,0.5,5,0.3,5,-0.022000014781951904
CiteSeer,0.5,5,0.3,6,0.004999995231628418
CiteSeer,0.5,5,0.3,7,-0.0029999911785125732
CiteSeer,0.5,5,0.3,8,-0.0029999911785125732
CiteSeer,0.5,5,0.3,9,0.004999995231628418
CiteSeer,0.5,5,0.3,10,0.004999995231628418
CiteSeer,0.5,5,0.4,0,0.0559999942779541
CiteSeer,0.5,5,0.4,1,0.03799998760223389
CiteSeer,0.5,5,0.4,2,-0.008000016212463379
CiteSeer,0.5,5,0.4,3,-0.029000014066696167
CiteSeer,0.5,5,0.4,4,0.004999995231628418
CiteSeer,0.5,5,0.4,5,0.004999995231628418
CiteSeer,0.5,5,0.4,6,0.004999995231628418
CiteSeer,0.5,5,0.4,7,-0.013000011444091797
CiteSeer,0.5,5,0.4,8,0.004999995231628418
CiteSeer,0.5,5,0.4,9,0.004999995231628418
CiteSeer,0.5,5,0.4,10,-0.013000011444091797
CiteSeer,0.5,5,0.5,0,0.06799998879432678
CiteSeer,0.5,5,0.5,1,-0.018000006675720215
CiteSeer,0.5,5,0.5,2,-0.025000005960464478
CiteSeer,0.5,5,0.5,3,-0.013000011444091797
CiteSeer,0.5,5,0.5,4,-0.013000011444091797
CiteSeer,0.5,5,0.5,5,0.004999995231628418
CiteSeer,0.5,5,0.5,6,0.0020000040531158447
CiteSeer,0.5,5,0.5,7,-0.023000001907348633
CiteSeer,0.5,5,0.5,8,0.01199999451637268
CiteSeer,0.5,5,0.5,9,-0.023000001907348633
CiteSeer,0.5,5,0.5,10,0.006999999284744263
CiteSeer,0.5,5,0.6,0,0.014999985694885254
CiteSeer,0.5,5,0.6,1,-0.02799999713897705
CiteSeer,0.5,5,0.6,2,0.004999995231628418
CiteSeer,0.5,5,0.6,3,-0.013000011444091797
CiteSeer,0.5,5,0.6,4,0.01199999451637268
CiteSeer,0.5,5,0.6,5,0.0020000040531158447
CiteSeer,0.5,5,0.6,6,0.0020000040531158447
CiteSeer,0.5,5,0.6,7,0.0020000040531158447
CiteSeer,0.5,5,0.6,8,-0.023000001907348633
CiteSeer,0.5,5,0.6,9,0.0020000040531158447
CiteSeer,0.5,5,0.6,10,0.0020000040531158447
CiteSeer,0.5,5,0.7,0,0.014999985694885254
CiteSeer,0.5,5,0.7,1,-0.018999993801116943
CiteSeer,0.5,5,0.7,2,-0.009000003337860107
CiteSeer,0.5,5,0.7,3,-0.023000001907348633
CiteSeer,0.5,5,0.7,4,-0.023000001907348633
CiteSeer,0.5,5,0.7,5,0.0020000040531158447
CiteSeer,0.5,5,0.7,6,0.0020000040531158447
CiteSeer,0.5,5,0.7,7,0.0020000040531158447
CiteSeer,0.5,5,0.7,8,0.0020000040531158447
CiteSeer,0.5,5,0.7,9,0.0020000040531158447
CiteSeer,0.5,5,0.7,10,0.0020000040531158447
CiteSeer,0.5,5,0.8,0,0.018999993801116943
CiteSeer,0.5,5,0.8,1,-0.0029999911785125732
CiteSeer,0.5,5,0.8,2,-0.023000001907348633
CiteSeer,0.5,5,0.8,3,0.0020000040531158447
CiteSeer,0.5,5,0.8,4,0.0020000040531158447
CiteSeer,0.5,5,0.8,5,0.0020000040531158447
CiteSeer,0.5,5,0.8,6,0.0020000040531158447
CiteSeer,0.5,5,0.8,7,0.0020000040531158447
CiteSeer,0.5,5,0.8,8,0.0020000040531158447
CiteSeer,0.5,5,0.8,9,0.0020000040531158447
CiteSeer,0.5,5,0.8,10,0.0020000040531158447
CiteSeer,0.5,5,0.9,0,-0.030999988317489624
CiteSeer,0.5,5,0.9,1,-0.013000011444091797
CiteSeer,0.5,5,0.9,2,-0.013000011444091797
CiteSeer,0.5,5,0.9,3,0.0020000040531158447
CiteSeer,0.5,5,0.9,4,0.0020000040531158447
CiteSeer,0.5,5,0.9,5,0.0020000040531158447
CiteSeer,0.5,5,0.9,6,0.0020000040531158447
CiteSeer,0.5,5,0.9,7,0.0020000040531158447
CiteSeer,0.5,5,0.9,8,0.0020000040531158447
CiteSeer,0.5,5,0.9,9,0.0020000040531158447
CiteSeer,0.5,5,0.9,10,0.0020000040531158447
CiteSeer,0.5,6,0.0,0,0.033000022172927856
CiteSeer,0.5,6,0.0,1,0.010000020265579224
CiteSeer,0.5,6,0.0,2,0.015000015497207642
CiteSeer,0.5,6,0.0,3,0.03700000047683716
CiteSeer,0.5,6,0.0,4,-0.02399998903274536
CiteSeer,0.5,6,0.0,5,0.041000038385391235
CiteSeer,0.5,6,0.0,6,0.04399999976158142
CiteSeer,0.5,6,0.0,7,-0.0009999871253967285
CiteSeer,0.5,6,0.0,8,0.010000020265579224
CiteSeer,0.5,6,0.0,9,-0.004999995231628418
CiteSeer,0.5,6,0.0,10,0.09800001978874207
CiteSeer,0.5,6,0.1,0,0.04899999499320984
CiteSeer,0.5,6,0.1,1,0.008000016212463379
CiteSeer,0.5,6,0.1,2,-0.015999972820281982
CiteSeer,0.5,6,0.1,3,0.026000022888183594
CiteSeer,0.5,6,0.1,4,-0.0059999823570251465
CiteSeer,0.5,6,0.1,5,-0.02399998903274536
CiteSeer,0.5,6,0.1,6,-0.020999997854232788
CiteSeer,0.5,6,0.1,7,-0.01199999451637268
CiteSeer,0.5,6,0.1,8,0.017000019550323486
CiteSeer,0.5,6,0.1,9,0.02400001883506775
CiteSeer,0.5,6,0.1,10,-0.01299998164176941
CiteSeer,0.5,6,0.2,0,0.05500003695487976
CiteSeer,0.5,6,0.2,1,-0.01199999451637268
CiteSeer,0.5,6,0.2,2,-0.001999974250793457
CiteSeer,0.5,6,0.2,3,-0.014999985694885254
CiteSeer,0.5,6,0.2,4,0.017000019550323486
CiteSeer,0.5,6,0.2,5,0.003000020980834961
CiteSeer,0.5,6,0.2,6,0.017000019550323486
CiteSeer,0.5,6,0.2,7,-0.001999974250793457
CiteSeer,0.5,6,0.2,8,-0.003999978303909302
CiteSeer,0.5,6,0.2,9,-0.0059999823570251465
CiteSeer,0.5,6,0.2,10,-0.001999974250793457
CiteSeer,0.5,6,0.3,0,-0.02399998903274536
CiteSeer,0.5,6,0.3,1,-0.018999993801116943
CiteSeer,0.5,6,0.3,2,-0.007999986410140991
CiteSeer,0.5,6,0.3,3,0.0
CiteSeer,0.5,6,0.3,4,0.0040000081062316895
CiteSeer,0.5,6,0.3,5,0.005000025033950806
CiteSeer,0.5,6,0.3,6,0.005000025033950806
CiteSeer,0.5,6,0.3,7,0.005000025033950806
CiteSeer,0.5,6,0.3,8,0.005000025033950806
CiteSeer,0.5,6,0.3,9,0.005000025033950806
CiteSeer,0.5,6,0.3,10,0.005000025033950806
CiteSeer,0.5,6,0.4,0,-0.01199999451637268
CiteSeer,0.5,6,0.4,1,0.0
CiteSeer,0.5,6,0.4,2,0.0020000040531158447
CiteSeer,0.5,6,0.4,3,-0.004999995231628418
CiteSeer,0.5,6,0.4,4,0.005000025033950806
CiteSeer,0.5,6,0.4,5,0.0020000040531158447
CiteSeer,0.5,6,0.4,6,0.005000025033950806
CiteSeer,0.5,6,0.4,7,0.0020000040531158447
CiteSeer,0.5,6,0.4,8,0.005000025033950806
CiteSeer,0.5,6,0.4,9,0.0020000040531158447
CiteSeer,0.5,6,0.4,10,0.005000025033950806
CiteSeer,0.5,6,0.5,0,-0.018999993801116943
CiteSeer,0.5,6,0.5,1,-0.009999990463256836
CiteSeer,0.5,6,0.5,2,0.006000012159347534
CiteSeer,0.5,6,0.5,3,0.0020000040531158447
CiteSeer,0.5,6,0.5,4,0.005000025033950806
CiteSeer,0.5,6,0.5,5,0.005000025033950806
CiteSeer,0.5,6,0.5,6,-0.017999976873397827
CiteSeer,0.5,6,0.5,7,-0.009999990463256836
CiteSeer,0.5,6,0.5,8,0.003000020980834961
CiteSeer,0.5,6,0.5,9,-0.009999990463256836
CiteSeer,0.5,6,0.5,10,-0.017999976873397827
CiteSeer,0.5,6,0.6,0,0.01900002360343933
CiteSeer,0.5,6,0.6,1,-0.00899997353553772
CiteSeer,0.5,6,0.6,2,-0.010999977588653564
CiteSeer,0.5,6,0.6,3,-0.0009999871253967285
CiteSeer,0.5,6,0.6,4,-0.009999990463256836
CiteSeer,0.5,6,0.6,5,-0.0009999871253967285
CiteSeer,0.5,6,0.6,6,-0.0009999871253967285
CiteSeer,0.5,6,0.6,7,-0.009999990463256836
CiteSeer,0.5,6,0.6,8,-0.017999976873397827
CiteSeer,0.5,6,0.6,9,-0.009999990463256836
CiteSeer,0.5,6,0.6,10,-0.009999990463256836
CiteSeer,0.5,6,0.7,0,0.04899999499320984
CiteSeer,0.5,6,0.7,1,-0.00899997353553772
CiteSeer,0.5,6,0.7,2,0.0020000040531158447
CiteSeer,0.5,6,0.7,3,-0.0009999871253967285
CiteSeer,0.5,6,0.7,4,-0.0009999871253967285
CiteSeer,0.5,6,0.7,5,-0.009999990463256836
CiteSeer,0.5,6,0.7,6,-0.009999990463256836
CiteSeer,0.5,6,0.7,7,-0.009999990463256836
CiteSeer,0.5,6,0.7,8,-0.009999990463256836
CiteSeer,0.5,6,0.7,9,-0.0009999871253967285
CiteSeer,0.5,6,0.7,10,-0.0009999871253967285
CiteSeer,0.5,6,0.8,0,-0.014999985694885254
CiteSeer,0.5,6,0.8,1,0.010000020265579224
CiteSeer,0.5,6,0.8,2,-0.009999990463256836
CiteSeer,0.5,6,0.8,3,-0.0009999871253967285
CiteSeer,0.5,6,0.8,4,-0.009999990463256836
CiteSeer,0.5,6,0.8,5,-0.0009999871253967285
CiteSeer,0.5,6,0.8,6,-0.009999990463256836
CiteSeer,0.5,6,0.8,7,-0.009999990463256836
CiteSeer,0.5,6,0.8,8,-0.009999990463256836
CiteSeer,0.5,6,0.8,9,-0.0009999871253967285
CiteSeer,0.5,6,0.8,10,-0.009999990463256836
CiteSeer,0.5,6,0.9,0,0.003000020980834961
CiteSeer,0.5,6,0.9,1,0.0020000040531158447
CiteSeer,0.5,6,0.9,2,-0.009999990463256836
CiteSeer,0.5,6,0.9,3,-0.0009999871253967285
CiteSeer,0.5,6,0.9,4,-0.009999990463256836
CiteSeer,0.5,6,0.9,5,-0.009999990463256836
CiteSeer,0.5,6,0.9,6,-0.009999990463256836
CiteSeer,0.5,6,0.9,7,-0.009999990463256836
CiteSeer,0.5,6,0.9,8,-0.009999990463256836
CiteSeer,0.5,6,0.9,9,-0.009999990463256836
CiteSeer,0.5,6,0.9,10,-0.0009999871253967285
CiteSeer,0.5,7,0.0,0,0.029000014066696167
CiteSeer,0.5,7,0.0,1,0.057999998331069946
CiteSeer,0.5,7,0.0,2,0.13500002026557922
CiteSeer,0.5,7,0.0,3,0.029000014066696167
CiteSeer,0.5,7,0.0,4,0.06499999761581421
CiteSeer,0.5,7,0.0,5,0.13600000739097595
CiteSeer,0.5,7,0.0,6,0.12400001287460327
CiteSeer,0.5,7,0.0,7,0.078000009059906
CiteSeer,0.5,7,0.0,8,0.0010000169277191162
CiteSeer,0.5,7,0.0,9,0.14400002360343933
CiteSeer,0.5,7,0.0,10,-0.018999993801116943
CiteSeer,0.5,7,0.1,0,0.04899999499320984
CiteSeer,0.5,7,0.1,1,0.085999995470047
CiteSeer,0.5,7,0.1,2,0.07100000977516174
CiteSeer,0.5,7,0.1,3,0.013999998569488525
CiteSeer,0.5,7,0.1,4,0.009000003337860107
CiteSeer,0.5,7,0.1,5,0.06000000238418579
CiteSeer,0.5,7,0.1,6,0.04399999976158142
CiteSeer,0.5,7,0.1,7,0.05500000715255737
CiteSeer,0.5,7,0.1,8,0.041999995708465576
CiteSeer,0.5,7,0.1,9,0.046000003814697266
CiteSeer,0.5,7,0.1,10,0.027000010013580322
CiteSeer,0.5,7,0.2,0,0.05300000309944153
CiteSeer,0.5,7,0.2,1,0.03100001811981201
CiteSeer,0.5,7,0.2,2,0.025999993085861206
CiteSeer,0.5,7,0.2,3,0.04300001263618469
CiteSeer,0.5,7,0.2,4,0.018000006675720215
CiteSeer,0.5,7,0.2,5,0.018000006675720215
CiteSeer,0.5,7,0.2,6,0.006000012159347534
CiteSeer,0.5,7,0.2,7,0.0010000169277191162
CiteSeer,0.5,7,0.2,8,0.0020000040531158447
CiteSeer,0.5,7,0.2,9,0.009000003337860107
CiteSeer,0.5,7,0.2,10,0.0020000040531158447
CiteSeer,0.5,7,0.3,0,0.057999998331069946
CiteSeer,0.5,7,0.3,1,0.034000009298324585
CiteSeer,0.5,7,0.3,2,0.025999993085861206
CiteSeer,0.5,7,0.3,3,-0.0020000040531158447
CiteSeer,0.5,7,0.3,4,0.013000011444091797
CiteSeer,0.5,7,0.3,5,0.009999990463256836
CiteSeer,0.5,7,0.3,6,0.006000012159347534
CiteSeer,0.5,7,0.3,7,0.006000012159347534
CiteSeer,0.5,7,0.3,8,0.006000012159347534
CiteSeer,0.5,7,0.3,9,0.006000012159347534
CiteSeer,0.5,7,0.3,10,0.006000012159347534
CiteSeer,0.5,7,0.4,0,0.054000020027160645
CiteSeer,0.5,7,0.4,1,0.03200000524520874
CiteSeer,0.5,7,0.4,2,-0.006999999284744263
CiteSeer,0.5,7,0.4,3,0.0020000040531158447
CiteSeer,0.5,7,0.4,4,0.006000012159347534
CiteSeer,0.5,7,0.4,5,0.006000012159347534
CiteSeer,0.5,7,0.4,6,0.006000012159347534
CiteSeer,0.5,7,0.4,7,0.008000016212463379
CiteSeer,0.5,7,0.4,8,0.008000016212463379
CiteSeer,0.5,7,0.4,9,0.008000016212463379
CiteSeer,0.5,7,0.4,10,0.008000016212463379
CiteSeer,0.5,7,0.5,0,0.05500000715255737
CiteSeer,0.5,7,0.5,1,0.04300001263618469
CiteSeer,0.5,7,0.5,2,0.009000003337860107
CiteSeer,0.5,7,0.5,3,0.008000016212463379
CiteSeer,0.5,7,0.5,4,0.008000016212463379
CiteSeer,0.5,7,0.5,5,0.008000016212463379
CiteSeer,0.5,7,0.5,6,0.011000007390975952
CiteSeer,0.5,7,0.5,7,0.01600000262260437
CiteSeer,0.5,7,0.5,8,0.011000007390975952
CiteSeer,0.5,7,0.5,9,0.01600000262260437
CiteSeer,0.5,7,0.5,10,0.01600000262260437
CiteSeer,0.5,7,0.6,0,0.0559999942779541
CiteSeer,0.5,7,0.6,1,0.011000007390975952
CiteSeer,0.5,7,0.6,2,0.023000001907348633
CiteSeer,0.5,7,0.6,3,0.008000016212463379
CiteSeer,0.5,7,0.6,4,0.01600000262260437
CiteSeer,0.5,7,0.6,5,0.01600000262260437
CiteSeer,0.5,7,0.6,6,0.01600000262260437
CiteSeer,0.5,7,0.6,7,0.011000007390975952
CiteSeer,0.5,7,0.6,8,0.011000007390975952
CiteSeer,0.5,7,0.6,9,0.011000007390975952
CiteSeer,0.5,7,0.6,10,-0.004999995231628418
CiteSeer,0.5,7,0.7,0,0.04700002074241638
CiteSeer,0.5,7,0.7,1,0.009000003337860107
CiteSeer,0.5,7,0.7,2,0.008000016212463379
CiteSeer,0.5,7,0.7,3,0.01600000262260437
CiteSeer,0.5,7,0.7,4,0.011000007390975952
CiteSeer,0.5,7,0.7,5,0.011000007390975952
CiteSeer,0.5,7,0.7,6,0.01600000262260437
CiteSeer,0.5,7,0.7,7,0.011000007390975952
CiteSeer,0.5,7,0.7,8,0.011000007390975952
CiteSeer,0.5,7,0.7,9,0.011000007390975952
CiteSeer,0.5,7,0.7,10,0.011000007390975952
CiteSeer,0.5,7,0.8,0,0.05300000309944153
CiteSeer,0.5,7,0.8,1,0.009000003337860107
CiteSeer,0.5,7,0.8,2,0.01600000262260437
CiteSeer,0.5,7,0.8,3,0.011000007390975952
CiteSeer,0.5,7,0.8,4,0.011000007390975952
CiteSeer,0.5,7,0.8,5,0.011000007390975952
CiteSeer,0.5,7,0.8,6,0.011000007390975952
CiteSeer,0.5,7,0.8,7,0.011000007390975952
CiteSeer,0.5,7,0.8,8,0.011000007390975952
CiteSeer,0.5,7,0.8,9,0.011000007390975952
CiteSeer,0.5,7,0.8,10,0.011000007390975952
CiteSeer,0.5,7,0.9,0,0.034999996423721313
CiteSeer,0.5,7,0.9,1,0.009999990463256836
CiteSeer,0.5,7,0.9,2,0.011000007390975952
CiteSeer,0.5,7,0.9,3,0.011000007390975952
CiteSeer,0.5,7,0.9,4,0.011000007390975952
CiteSeer,0.5,7,0.9,5,0.011000007390975952
CiteSeer,0.5,7,0.9,6,0.011000007390975952
CiteSeer,0.5,7,0.9,7,0.01600000262260437
CiteSeer,0.5,7,0.9,8,0.011000007390975952
CiteSeer,0.5,7,0.9,9,0.011000007390975952
CiteSeer,0.5,7,0.9,10,0.01600000262260437
CiteSeer,0.5,8,0.0,0,0.03199997544288635
CiteSeer,0.5,8,0.0,1,0.01600000262260437
CiteSeer,0.5,8,0.0,2,0.034000009298324585
CiteSeer,0.5,8,0.0,3,0.011000007390975952
CiteSeer,0.5,8,0.0,4,0.01299998164176941
CiteSeer,0.5,8,0.0,5,0.026999980211257935
CiteSeer,0.5,8,0.0,6,0.02300003170967102
CiteSeer,0.5,8,0.0,7,0.010000020265579224
CiteSeer,0.5,8,0.0,8,0.04800000786781311
CiteSeer,0.5,8,0.0,9,0.057999998331069946
CiteSeer,0.5,8,0.0,10,0.03599998354911804
CiteSeer,0.5,8,0.1,0,0.006000012159347534
CiteSeer,0.5,8,0.1,1,0.025999993085861206
CiteSeer,0.5,8,0.1,2,-0.0029999911785125732
CiteSeer,0.5,8,0.1,3,0.02300003170967102
CiteSeer,0.5,8,0.1,4,0.011000007390975952
CiteSeer,0.5,8,0.1,5,-0.018000006675720215
CiteSeer,0.5,8,0.1,6,-0.0029999911785125732
CiteSeer,0.5,8,0.1,7,0.0009999871253967285
CiteSeer,0.5,8,0.1,8,-0.014999985694885254
CiteSeer,0.5,8,0.1,9,-0.018999993801116943
CiteSeer,0.5,8,0.1,10,-0.013000011444091797
CiteSeer,0.5,8,0.2,0,0.0020000040531158447
CiteSeer,0.5,8,0.2,1,-0.02000001072883606
CiteSeer,0.5,8,0.2,2,0.0020000040531158447
CiteSeer,0.5,8,0.2,3,-0.03299999237060547
CiteSeer,0.5,8,0.2,4,-0.03999999165534973
CiteSeer,0.5,8,0.2,5,-0.021999984979629517
CiteSeer,0.5,8,0.2,6,-0.034999996423721313
CiteSeer,0.5,8,0.2,7,0.01900002360343933
CiteSeer,0.5,8,0.2,8,-0.025000005960464478
CiteSeer,0.5,8,0.2,9,-0.04300001263618469
CiteSeer,0.5,8,0.2,10,-0.025000005960464478
CiteSeer,0.5,8,0.3,0,0.015000015497207642
CiteSeer,0.5,8,0.3,1,-0.0169999897480011
CiteSeer,0.5,8,0.3,2,-0.046999990940093994
CiteSeer,0.5,8,0.3,3,-0.03799998760223389
CiteSeer,0.5,8,0.3,4,-0.03799998760223389
CiteSeer,0.5,8,0.3,5,-0.04300001263618469
CiteSeer,0.5,8,0.3,6,-0.039000004529953
CiteSeer,0.5,8,0.3,7,-0.03200000524520874
CiteSeer,0.5,8,0.3,8,-0.013000011444091797
CiteSeer,0.5,8,0.3,9,-0.03200000524520874
CiteSeer,0.5,8,0.3,10,-0.03200000524520874
CiteSeer,0.5,8,0.4,0,-0.0040000081062316895
CiteSeer,0.5,8,0.4,1,-0.04899999499320984
CiteSeer,0.5,8,0.4,2,-0.03799998760223389
CiteSeer,0.5,8,0.4,3,-0.034000009298324585
CiteSeer,0.5,8,0.4,4,-0.03600001335144043
CiteSeer,0.5,8,0.4,5,-0.03200000524520874
CiteSeer,0.5,8,0.4,6,-0.03600001335144043
CiteSeer,0.5,8,0.4,7,-0.03600001335144043
CiteSeer,0.5,8,0.4,8,-0.03600001335144043
CiteSeer,0.5,8,0.4,9,-0.03600001335144043
CiteSeer,0.5,8,0.4,10,-0.03600001335144043
CiteSeer,0.5,8,0.5,0,-0.0029999911785125732
CiteSeer,0.5,8,0.5,1,-0.039000004529953
CiteSeer,0.5,8,0.5,2,-0.03799998760223389
CiteSeer,0.5,8,0.5,3,-0.03600001335144043
CiteSeer,0.5,8,0.5,4,-0.03600001335144043
CiteSeer,0.5,8,0.5,5,-0.03200000524520874
CiteSeer,0.5,8,0.5,6,-0.03200000524520874
CiteSeer,0.5,8,0.5,7,-0.03200000524520874
CiteSeer,0.5,8,0.5,8,-0.03200000524520874
CiteSeer,0.5,8,0.5,9,-0.03200000524520874
CiteSeer,0.5,8,0.5,10,-0.03200000524520874
CiteSeer,0.5,8,0.6,0,-0.004999995231628418
CiteSeer,0.5,8,0.6,1,-0.03999999165534973
CiteSeer,0.5,8,0.6,2,-0.039000004529953
CiteSeer,0.5,8,0.6,3,-0.03600001335144043
CiteSeer,0.5,8,0.6,4,0.007999986410140991
CiteSeer,0.5,8,0.6,5,0.007999986410140991
CiteSeer,0.5,8,0.6,6,0.007999986410140991
CiteSeer,0.5,8,0.6,7,-0.03200000524520874
CiteSeer,0.5,8,0.6,8,-0.03200000524520874
CiteSeer,0.5,8,0.6,9,0.007999986410140991
CiteSeer,0.5,8,0.6,10,0.007999986410140991
CiteSeer,0.5,8,0.7,0,-0.009999990463256836
CiteSeer,0.5,8,0.7,1,-0.034000009298324585
CiteSeer,0.5,8,0.7,2,-0.03600001335144043
CiteSeer,0.5,8,0.7,3,-0.03200000524520874
CiteSeer,0.5,8,0.7,4,0.007999986410140991
CiteSeer,0.5,8,0.7,5,0.007999986410140991
CiteSeer,0.5,8,0.7,6,0.007999986410140991
CiteSeer,0.5,8,0.7,7,-0.03200000524520874
CiteSeer,0.5,8,0.7,8,0.007999986410140991
CiteSeer,0.5,8,0.7,9,-0.03200000524520874
CiteSeer,0.5,8,0.7,10,0.007999986410140991
CiteSeer,0.5,8,0.8,0,0.011000007390975952
CiteSeer,0.5,8,0.8,1,-0.034000009298324585
CiteSeer,0.5,8,0.8,2,-0.03600001335144043
CiteSeer,0.5,8,0.8,3,0.007999986410140991
CiteSeer,0.5,8,0.8,4,0.007999986410140991
CiteSeer,0.5,8,0.8,5,-0.03200000524520874
CiteSeer,0.5,8,0.8,6,0.007999986410140991
CiteSeer,0.5,8,0.8,7,0.007999986410140991
CiteSeer,0.5,8,0.8,8,0.007999986410140991
CiteSeer,0.5,8,0.8,9,0.007999986410140991
CiteSeer,0.5,8,0.8,10,0.007999986410140991
CiteSeer,0.5,8,0.9,0,-0.025999993085861206
CiteSeer,0.5,8,0.9,1,0.005000025033950806
CiteSeer,0.5,8,0.9,2,0.007999986410140991
CiteSeer,0.5,8,0.9,3,-0.03200000524520874
CiteSeer,0.5,8,0.9,4,0.007999986410140991
CiteSeer,0.5,8,0.9,5,0.007999986410140991
CiteSeer,0.5,8,0.9,6,0.01900002360343933
CiteSeer,0.5,8,0.9,7,0.007999986410140991
CiteSeer,0.5,8,0.9,8,0.007999986410140991
CiteSeer,0.5,8,0.9,9,0.007999986410140991
CiteSeer,0.5,8,0.9,10,-0.03200000524520874
CiteSeer,0.5,9,0.0,0,-0.0040000081062316895
CiteSeer,0.5,9,0.0,1,-0.034000009298324585
CiteSeer,0.5,9,0.0,2,0.023000001907348633
CiteSeer,0.5,9,0.0,3,0.01600000262260437
CiteSeer,0.5,9,0.0,4,0.015000015497207642
CiteSeer,0.5,9,0.0,5,0.06400001049041748
CiteSeer,0.5,9,0.0,6,-0.03599998354911804
CiteSeer,0.5,9,0.0,7,0.05300000309944153
CiteSeer,0.5,9,0.0,8,0.03200000524520874
CiteSeer,0.5,9,0.0,9,0.015000015497207642
CiteSeer,0.5,9,0.0,10,-0.050999999046325684
CiteSeer,0.5,9,0.1,0,0.006999999284744263
CiteSeer,0.5,9,0.1,1,0.008000016212463379
CiteSeer,0.5,9,0.1,2,0.015000015497207642
CiteSeer,0.5,9,0.1,3,0.015000015497207642
CiteSeer,0.5,9,0.1,4,-0.019999980926513672
CiteSeer,0.5,9,0.1,5,-0.0690000057220459
CiteSeer,0.5,9,0.1,6,-0.018000006675720215
CiteSeer,0.5,9,0.1,7,0.022000014781951904
CiteSeer,0.5,9,0.1,8,-0.018000006675720215
CiteSeer,0.5,9,0.1,9,-0.04499998688697815
CiteSeer,0.5,9,0.1,10,-0.03799998760223389
CiteSeer,0.5,9,0.2,0,0.018000006675720215
CiteSeer,0.5,9,0.2,1,-0.04399999976158142
CiteSeer,0.5,9,0.2,2,-0.034999996423721313
CiteSeer,0.5,9,0.2,3,-0.04800000786781311
CiteSeer,0.5,9,0.2,4,-0.030000001192092896
CiteSeer,0.5,9,0.2,5,0.003000020980834961
CiteSeer,0.5,9,0.2,6,-0.018000006675720215
CiteSeer,0.5,9,0.2,7,-0.011000007390975952
CiteSeer,0.5,9,0.2,8,-0.006999999284744263
CiteSeer,0.5,9,0.2,9,-0.0029999911785125732
CiteSeer,0.5,9,0.2,10,-0.0040000081062316895
CiteSeer,0.5,9,0.3,0,-0.039000004529953
CiteSeer,0.5,9,0.3,1,0.008000016212463379
CiteSeer,0.5,9,0.3,2,-0.01299998164176941
CiteSeer,0.5,9,0.3,3,-0.013999998569488525
CiteSeer,0.5,9,0.3,4,-0.0029999911785125732
CiteSeer,0.5,9,0.3,5,-0.004999995231628418
CiteSeer,0.5,9,0.3,6,-0.009999990463256836
CiteSeer,0.5,9,0.3,7,-0.009999990463256836
CiteSeer,0.5,9,0.3,8,-0.0029999911785125732
CiteSeer,0.5,9,0.3,9,-0.014999985694885254
CiteSeer,0.5,9,0.3,10,-0.009999990463256836
CiteSeer,0.5,9,0.4,0,-0.0169999897480011
CiteSeer,0.5,9,0.4,1,-0.0029999911785125732
CiteSeer,0.5,9,0.4,2,-0.06099998950958252
CiteSeer,0.5,9,0.4,3,-0.004999995231628418
CiteSeer,0.5,9,0.4,4,-0.009999990463256836
CiteSeer,0.5,9,0.4,5,-0.009999990463256836
CiteSeer,0.5,9,0.4,6,-0.0020000040531158447
CiteSeer,0.5,9,0.4,7,-0.011000007390975952
CiteSeer,0.5,9,0.4,8,-0.062000006437301636
CiteSeer,0.5,9,0.4,9,-0.011000007390975952
CiteSeer,0.5,9,0.4,10,-0.062000006437301636
CiteSeer,0.5,9,0.5,0,-0.004999995231628418
CiteSeer,0.5,9,0.5,1,-0.014999985694885254
CiteSeer,0.5,9,0.5,2,-0.013999998569488525
CiteSeer,0.5,9,0.5,3,-0.014999985694885254
CiteSeer,0.5,9,0.5,4,-0.01199999451637268
CiteSeer,0.5,9,0.5,5,-0.062000006437301636
CiteSeer,0.5,9,0.5,6,-0.062000006437301636
CiteSeer,0.5,9,0.5,7,-0.062000006437301636
CiteSeer,0.5,9,0.5,8,-0.062000006437301636
CiteSeer,0.5,9,0.5,9,-0.062000006437301636
CiteSeer,0.5,9,0.5,10,-0.062000006437301636
CiteSeer,0.5,9,0.6,0,-0.04100000858306885
CiteSeer,0.5,9,0.6,1,-0.03799998760223389
CiteSeer,0.5,9,0.6,2,-0.014999985694885254
CiteSeer,0.5,9,0.6,3,-0.01199999451637268
CiteSeer,0.5,9,0.6,4,-0.062000006437301636
CiteSeer,0.5,9,0.6,5,-0.062000006437301636
CiteSeer,0.5,9,0.6,6,-0.062000006437301636
CiteSeer,0.5,9,0.6,7,-0.062000006437301636
CiteSeer,0.5,9,0.6,8,-0.062000006437301636
CiteSeer,0.5,9,0.6,9,-0.062000006437301636
CiteSeer,0.5,9,0.6,10,-0.062000006437301636
CiteSeer,0.5,9,0.7,0,-0.04499998688697815
CiteSeer,0.5,9,0.7,1,-0.011000007390975952
CiteSeer,0.5,9,0.7,2,-0.014999985694885254
CiteSeer,0.5,9,0.7,3,-0.062000006437301636
CiteSeer,0.5,9,0.7,4,-0.062000006437301636
CiteSeer,0.5,9,0.7,5,-0.062000006437301636
CiteSeer,0.5,9,0.7,6,-0.062000006437301636
CiteSeer,0.5,9,0.7,7,-0.062000006437301636
CiteSeer,0.5,9,0.7,8,-0.062000006437301636
CiteSeer,0.5,9,0.7,9,-0.062000006437301636
CiteSeer,0.5,9,0.7,10,-0.062000006437301636
CiteSeer,0.5,9,0.8,0,-0.058999985456466675
CiteSeer,0.5,9,0.8,1,-0.0169999897480011
CiteSeer,0.5,9,0.8,2,-0.01199999451637268
CiteSeer,0.5,9,0.8,3,-0.062000006437301636
CiteSeer,0.5,9,0.8,4,-0.062000006437301636
CiteSeer,0.5,9,0.8,5,-0.062000006437301636
CiteSeer,0.5,9,0.8,6,-0.062000006437301636
CiteSeer,0.5,9,0.8,7,-0.062000006437301636
CiteSeer,0.5,9,0.8,8,-0.062000006437301636
CiteSeer,0.5,9,0.8,9,-0.062000006437301636
CiteSeer,0.5,9,0.8,10,-0.062000006437301636
CiteSeer,0.5,9,0.9,0,-0.011000007390975952
CiteSeer,0.5,9,0.9,1,-0.014999985694885254
CiteSeer,0.5,9,0.9,2,-0.062000006437301636
CiteSeer,0.5,9,0.9,3,-0.062000006437301636
CiteSeer,0.5,9,0.9,4,-0.062000006437301636
CiteSeer,0.5,9,0.9,5,-0.062000006437301636
CiteSeer,0.5,9,0.9,6,-0.062000006437301636
CiteSeer,0.5,9,0.9,7,-0.062000006437301636
CiteSeer,0.5,9,0.9,8,-0.062000006437301636
CiteSeer,0.5,9,0.9,9,-0.062000006437301636
CiteSeer,0.5,9,0.9,10,-0.062000006437301636
